state,year,governor_klarner,governor_ballotpedia,governor_agree,senate_klarner,senate_ballotpedia,senate_agree,house_klarner,house_ballotpedia,house_agree,trifecta_klarner,trifecta_ballotpedia,trifecta_agree,flag_klarner,flag_ballotpedia
AK,1992,Other,Other,True,Split,Split,True,Democratic,Democratic,True,Divided,Divided,True,"klarner codes: govparty_c=0.5, sen_cont_alt=0.5, hs_cont_alt=1; governor not of a major party; senate: neither party held a majority of seats or control was shared (klarner 0.5)","ballotpedia codes: governor=I, senate=S, house=D; governor not of a major party (ballotpedia I); senate: tied, power-sharing agreement or bipartisan coalition (ballotpedia S)"
AK,1993,Other,Other,True,Republican,Republican,True,Split,Democratic,False,Divided,Divided,True,"klarner codes: govparty_c=0.5, sen_cont_alt=0, hs_cont_alt=0.5; governor not of a major party; house: neither party held a majority of seats or control was shared (klarner 0.5)","ballotpedia codes: governor=I, senate=R, house=D; governor not of a major party (ballotpedia I)"
AK,1994,Other,Republican,False,Republican,Republican,True,Split,Democratic,False,Divided,Divided,True,"klarner codes: govparty_c=0.5, sen_cont_alt=0, hs_cont_alt=0.5; governor not of a major party; house: neither party held a majority of seats or control was shared (klarner 0.5)","ballotpedia codes: governor=R, senate=R, house=D"
AK,1995,Democratic,Democratic,True,Republican,Republican,True,Republican,Republican,True,Divided,Divided,True,"klarner codes: govparty_c=1, sen_cont_alt=0, hs_cont_alt=0","ballotpedia codes: governor=D, senate=R, house=R"
AK,1996,Democratic,Democratic,True,Republican,Republican,True,Republican,Republican,True,Divided,Divided,True,"klarner codes: govparty_c=1, sen_cont_alt=0, hs_cont_alt=0","ballotpedia codes: governor=D, senate=R, house=R"
AK,1997,Democratic,Democratic,True,Republican,Republican,True,Republican,Republican,True,Divided,Divided,True,"klarner codes: govparty_c=1, sen_cont_alt=0, hs_cont_alt=0","ballotpedia codes: governor=D, senate=R, house=R"
AK,1998,Democratic,Democratic,True,Republican,Republican,True,Republican,Republican,True,Divided,Divided,True,"klarner codes: govparty_c=1, sen_cont_alt=0, hs_cont_alt=0","ballotpedia codes: governor=D, senate=R, house=R"
AK,1999,Democratic,Democratic,True,Republican,Republican,True,Republican,Republican,True,Divided,Divided,True,"klarner codes: govparty_c=1, sen_cont_alt=0, hs_cont_alt=0","ballotpedia codes: governor=D, senate=R, house=R"
AK,2000,Democratic,Democratic,True,Republican,Republican,True,Republican,Republican,True,Divided,Divided,True,"klarner codes: govparty_c=1, sen_cont_alt=0, hs_cont_alt=0","ballotpedia codes: governor=D, senate=R, house=R"
AK,2001,Democratic,Democratic,True,Republican,Republican,True,Republican,Republican,True,Divided,Divided,True,"klarner codes: govparty_c=1, sen_cont_alt=0, hs_cont_alt=0","ballotpedia codes: governor=D, senate=R, house=R"
AK,2002,Democratic,Democratic,True,Republican,Republican,True,Republican,Republican,True,Divided,Divided,True,"klarner codes: govparty_c=1, sen_cont_alt=0, hs_cont_alt=0","ballotpedia codes: governor=D, senate=R, house=R"
AK,2003,Republican,Republican,True,Republican,Republican,True,Republican,Republican,True,Republican,Republican,True,"klarner codes: govparty_c=0, sen_cont_alt=0, hs_cont_alt=0","ballotpedia codes: governor=R, senate=R, house=R"
AK,2004,Republican,Republican,True,Republican,Republican,True,Republican,Republican,True,Republican,Republican,True,"klarner codes: govparty_c=0, sen_cont_alt=0, hs_cont_alt=0","ballotpedia codes: governor=R, senate=R, house=R"
AK,2005,Republican,Republican,True,Republican,Republican,True,Republican,Republican,True,Republican,Republican,True,"klarner codes: govparty_c=0, sen_cont_alt=0, hs_cont_alt=0","ballotpedia codes: governor=R, senate=R, house=R"
AK,2006,Republican,Republican,True,Republican,Republican,True,Republican,Republican,True,Republican,Republican,True,"klarner codes: govparty_c=0, sen_cont_alt=0, hs_cont_alt=0","ballotpedia codes: governor=R, senate=R, house=R"
AK,2007,Republican,Republican,True,Republican,Democratic,False,Republican,Republican,True,Republican,Divided,False,"klarner codes: govparty_c=0, sen_cont_alt=0, hs_cont_alt=0","ballotpedia codes: governor=R, senate=D, house=R"
AK,2008,Republican,Republican,True,Republican,Democratic,False,Republican,Republican,True,Republican,Divided,False,"klarner codes: govparty_c=0, sen_cont_alt=0, hs_cont_alt=0","ballotpedia codes: governor=R, senate=D, house=R"
AK,2009,Republican,Republican,True,Split,Democratic,False,Republican,Republican,True,Divided,Divided,True,"klarner codes: govparty_c=0, sen_cont_alt=0.5, hs_cont_alt=0; senate: neither party held a majority of seats or control was shared (klarner 0.5)","ballotpedia codes: governor=R, senate=D, house=R"
AK,2010,Republican,Republican,True,Split,Democratic,False,Republican,Republican,True,Divided,Divided,True,"klarner codes: govparty_c=0, sen_cont_alt=0.5, hs_cont_alt=0; senate: neither party held a majority of seats or control was shared (klarner 0.5)","ballotpedia codes: governor=R, senate=D, house=R"
AK,2011,Republican,Republican,True,Split,Democratic,False,Republican,Republican,True,Divided,Divided,True,"klarner codes: govparty_c=0, sen_cont_alt=0.5, hs_cont_alt=0; senate: neither party held a majority of seats or control was shared (klarner 0.5)","ballotpedia codes: governor=R, senate=D, house=R"
AL,1992,Republican,Republican,True,Democratic,Democratic,True,Democratic,Democratic,True,Divided,Divided,True,"klarner codes: govparty_c=0, sen_cont_alt=1, hs_cont_alt=1","ballotpedia codes: governor=R, senate=D, house=D"
AL,1993,Democratic,Democratic,True,Democratic,Democratic,True,Democratic,Democratic,True,Democratic,Democratic,True,"klarner codes: govparty_c=1, sen_cont_alt=1, hs_cont_alt=1","ballotpedia codes: governor=D, senate=D, house=D"
AL,1994,Democratic,Democratic,True,Democratic,Democratic,True,Democratic,Democratic,True,Democratic,Democratic,True,"klarner codes: govparty_c=1, sen_cont_alt=1, hs_cont_alt=1","ballotpedia codes: governor=D, senate=D, house=D"
AL,1995,Republican,Republican,True,Democratic,Democratic,True,Democratic,Democratic,True,Divided,Divided,True,"klarner codes: govparty_c=0, sen_cont_alt=1, hs_cont_alt=1","ballotpedia codes: governor=R, senate=D, house=D"
AL,1996,Republican,Republican,True,Democratic,Democratic,True,Democratic,Democratic,True,Divided,Divided,True,"klarner codes: govparty_c=0, sen_cont_alt=1, hs_cont_alt=1","ballotpedia codes: governor=R, senate=D, house=D"
AL,1997,Republican,Republican,True,Democratic,Democratic,True,Democratic,Democratic,True,Divided,Divided,True,"klarner codes: govparty_c=0, sen_cont_alt=1, hs_cont_alt=1","ballotpedia codes: governor=R, senate=D, house=D"
AL,1998,Republican,Republican,True,Democratic,Democratic,True,Democratic,Democratic,True,Divided,Divided,True,"klarner codes: govparty_c=0, sen_cont_alt=1, hs_cont_alt=1","ballotpedia codes: governor=R, senate=D, house=D"
AL,1999,Democratic,Democratic,True,Democratic,Democratic,True,Democratic,Democratic,True,Democratic,Democratic,True,"klarner codes: govparty_c=1, sen_cont_alt=1, hs_cont_alt=1","ballotpedia codes: governor=D, senate=D, house=D"
AL,2000,Democratic,Democratic,True,Democratic,Democratic,True,Democratic,Democratic,True,Democratic,Democratic,True,"klarner codes: govparty_c=1, sen_cont_alt=1, hs_cont_alt=1","ballotpedia codes: governor=D, senate=D, house=D"
AL,2001,Democratic,Democratic,True,Democratic,Democratic,True,Democratic,Democratic,True,Democratic,Democratic,True,"klarner codes: govparty_c=1, sen_cont_alt=1, hs_cont_alt=1","ballotpedia codes: governor=D, senate=D, house=D"
AL,2002,Democratic,Democratic,True,Democratic,Democratic,True,Democratic,Democratic,True,Democratic,Democratic,True,"klarner codes: govparty_c=1, sen_cont_alt=1, hs_cont_alt=1","ballotpedia codes: governor=D, senate=D, house=D"
AL,2003,Republican,Republican,True,Democratic,Democratic,True,Democratic,Democratic,True,Divided,Divided,True,"klarner codes: govparty_c=0, sen_cont_alt=1, hs_cont_alt=1","ballotpedia codes: governor=R, senate=D, house=D"
AL,2004,Republican,Republican,True,Democratic,Democratic,True,Democratic,Democratic,True,Divided,Divided,True,"klarner codes: govparty_c=0, sen_cont_alt=1, hs_cont_alt=1","ballotpedia codes: governor=R, senate=D, house=D"
AL,2005,Republican,Republican,True,Democratic,Democratic,True,Democratic,Democratic,True,Divided,Divided,True,"klarner codes: govparty_c=0, sen_cont_alt=1, hs_cont_alt=1","ballotpedia codes: governor=R, senate=D, house=D"
AL,2006,Republican,Republican,True,Democratic,Democratic,True,Democratic,Democratic,True,Divided,Divided,True,"klarner codes: govparty_c=0, sen_cont_alt=1, hs_cont_alt=1","ballotpedia codes: governor=R, senate=D, house=D"
AL,2007,Republican,Republican,True,Democratic,Democratic,True,Democratic,Democratic,True,Divided,Divided,True,"klarner codes: govparty_c=0, sen_cont_alt=1, hs_cont_alt=1","ballotpedia codes: governor=R, senate=D, house=D"
AL,2008,Republican,Republican,True,Democratic,Democratic,True,Democratic,Democratic,True,Divided,Divided,True,"klarner codes: govparty_c=0, sen_cont_alt=1, hs_cont_alt=1","ballotpedia codes: governor=R, senate=D, house=D"
AL,2009,Republican,Republican,True,Democratic,Democratic,True,Democratic,Democratic,True,Divided,Divided,True,"klarner codes: govparty_c=0, sen_cont_alt=1, hs_cont_alt=1","ballotpedia codes: governor=R, senate=D, house=D"
AL,2010,Republican,Republican,True,Democratic,Democratic,True,Democratic,Democratic,True,Divided,Divided,True,"klarner codes: govparty_c=0, sen_cont_alt=1, hs_cont_alt=1","ballotpedia codes: governor=R, senate=D, house=D"
AL,2011,Republican,Republican,True,Republican,Republican,True,Republican,Republican,True,Republican,Republican,True,"klarner codes: govparty_c=0, sen_cont_alt=0, hs_cont_alt=0","ballotpedia codes: governor=R, senate=R, house=R"
AR,1992,Democratic,Democratic,True,Democratic,Democratic,True,Democratic,Democratic,True,Democratic,Democratic,True,"klarner codes: govparty_c=1, sen_cont_alt=1, hs_cont_alt=1","ballotpedia codes: governor=D, senate=D, house=D"
AR,1993,Democratic,Democratic,True,Democratic,Democratic,True,Democratic,Democratic,True,Democratic,Democratic,True,"klarner codes: govparty_c=1, sen_cont_alt=1, hs_cont_alt=1","ballotpedia codes: governor=D, senate=D, house=D"
AR,1994,Democratic,Democratic,True,Democratic,Democratic,True,Democratic,Democratic,True,Democratic,Democratic,True,"klarner codes: govparty_c=1, sen_cont_alt=1, hs_cont_alt=1","ballotpedia codes: governor=D, senate=D, house=D"
AR,1995,Democratic,Democratic,True,Democratic,Democratic,True,Democratic,Democratic,True,Democratic,Democratic,True,"klarner codes: govparty_c=1, sen_cont_alt=1, hs_cont_alt=1","ballotpedia codes: governor=D, senate=D, house=D"
AR,1996,Republican,Democratic,False,Democratic,Democratic,True,Democratic,Democratic,True,Divided,Democratic,False,"klarner codes: govparty_c=0, sen_cont_alt=1, hs_cont_alt=1","ballotpedia codes: governor=D, senate=D, house=D"
AR,1997,Republican,Republican,True,Democratic,Democratic,True,Democratic,Democratic,True,Divided,Divided,True,"klarner codes: govparty_c=0, sen_cont_alt=1, hs_cont_alt=1","ballotpedia codes: governor=R, senate=D, house=D"
AR,1998,Republican,Republican,True,Democratic,Democratic,True,Democratic,Democratic,True,Divided,Divided,True,"klarner codes: govparty_c=0, sen_cont_alt=1, hs_cont_alt=1","ballotpedia codes: governor=R, senate=D, house=D"
AR,1999,Republican,Republican,True,Democratic,Democratic,True,Democratic,Democratic,True,Divided,Divided,True,"klarner codes: govparty_c=0, sen_cont_alt=1, hs_cont_alt=1","ballotpedia codes: governor=R, senate=D, house=D"
AR,2000,Republican,Republican,True,Democratic,Democratic,True,Democratic,Democratic,True,Divided,Divided,True,"klarner codes: govparty_c=0, sen_cont_alt=1, hs_cont_alt=1","ballotpedia codes: governor=R, senate=D, house=D"
AR,2001,Republican,Republican,True,Democratic,Democratic,True,Democratic,Democratic,True,Divided,Divided,True,"klarner codes: govparty_c=0, sen_cont_alt=1, hs_cont_alt=1","ballotpedia codes: governor=R, senate=D, house=D"
AR,2002,Republican,Republican,True,Democratic,Democratic,True,Democratic,Democratic,True,Divided,Divided,True,"klarner codes: govparty_c=0, sen_cont_alt=1, hs_cont_alt=1","ballotpedia codes: governor=R, senate=D, house=D"
AR,2003,Republican,Republican,True,Democratic,Democratic,True,Democratic,Democratic,True,Divided,Divided,True,"klarner codes: govparty_c=0, sen_cont_alt=1, hs_cont_alt=1","ballotpedia codes: governor=R, senate=D, house=D"
AR,2004,Republican,Republican,True,Democratic,Democratic,True,Democratic,Democratic,True,Divided,Divided,True,"klarner codes: govparty_c=0, sen_cont_alt=1, hs_cont_alt=1","ballotpedia codes: governor=R, senate=D, house=D"
AR,2005,Republican,Republican,True,Democratic,Democratic,True,Democratic,Democratic,True,Divided,Divided,True,"klarner codes: govparty_c=0, sen_cont_alt=1, hs_cont_alt=1","ballotpedia codes: governor=R, senate=D, house=D"
AR,2006,Republican,Republican,True,Democratic,Democratic,True,Democratic,Democratic,True,Divided,Divided,True,"klarner codes: govparty_c=0, sen_cont_alt=1, hs_cont_alt=1","ballotpedia codes: governor=R, senate=D, house=D"
AR,2007,Democratic,Democratic,True,Democratic,Democratic,True,Democratic,Democratic,True,Democratic,Democratic,True,"klarner codes: govparty_c=1, sen_cont_alt=1, hs_cont_alt=1","ballotpedia codes: governor=D, senate=D, house=D"
AR,2008,Democratic,Democratic,True,Democratic,Democratic,True,Democratic,Democratic,True,Democratic,Democratic,True,"klarner codes: govparty_c=1, sen_cont_alt=1, hs_cont_alt=1","ballotpedia codes: governor=D, senate=D, house=D"
AR,2009,Democratic,Democratic,True,Democratic,Democratic,True,Democratic,Democratic,True,Democratic,Democratic,True,"klarner codes: govparty_c=1, sen_cont_alt=1, hs_cont_alt=1","ballotpedia codes: governor=D, senate=D, house=D"
AR,2010,Democratic,Democratic,True,Democratic,Democratic,True,Democratic,Democratic,True,Democratic,Democratic,True,"klarner codes: govparty_c=1, sen_cont_alt=1, hs_cont_alt=1","ballotpedia codes: governor=D, senate=D, house=D"
AR,2011,Democratic,Democratic,True,Democratic,Democratic,True,Democratic,Democratic,True,Democratic,Democratic,True,"klarner codes: govparty_c=1, sen_cont_alt=1, hs_cont_alt=1","ballotpedia codes: governor=D, senate=D, house=D"
AZ,1992,Republican,Republican,True,Democratic,Republican,False,Republican,Republican,True,Divided,Republican,False,"klarner codes: govparty_c=0, sen_cont_alt=1, hs_cont_alt=0","ballotpedia codes: governor=R, senate=R, house=R"
AZ,1993,Republican,Republican,True,Republican,Republican,True,Republican,Republican,True,Republican,Republican,True,"klarner codes: govparty_c=0, sen_cont_alt=0, hs_cont_alt=0","ballotpedia codes: governor=R, senate=R, house=R"
AZ,1994,Republican,Republican,True,Republican,Republican,True,Republican,Republican,True,Republican,Republican,True,"klarner codes: govparty_c=0, sen_cont_alt=0, hs_cont_alt=0","ballotpedia codes: governor=R, senate=R, house=R"
AZ,1995,Republican,Republican,True,Republican,Republican,True,Republican,Republican,True,Republican,Republican,True,"klarner codes: govparty_c=0, sen_cont_alt=0, hs_cont_alt=0","ballotpedia codes: governor=R, senate=R, house=R"
AZ,1996,Republican,Republican,True,Republican,Republican,True,Republican,Republican,True,Republican,Republican,True,"klarner codes: govparty_c=0, sen_cont_alt=0, hs_cont_alt=0","ballotpedia codes: governor=R, senate=R, house=R"
AZ,1997,Republican,Republican,True,Republican,Republican,True,Republican,Republican,True,Republican,Republican,True,"klarner codes: govparty_c=0, sen_cont_alt=0, hs_cont_alt=0","ballotpedia codes: governor=R, senate=R, house=R"
AZ,1998,Republican,Republican,True,Republican,Republican,True,Republican,Republican,True,Republican,Republican,True,"klarner codes: govparty_c=0, sen_cont_alt=0, hs_cont_alt=0","ballotpedia codes: governor=R, senate=R, house=R"
AZ,1999,Republican,Republican,True,Republican,Republican,True,Republican,Republican,True,Republican,Republican,True,"klarner codes: govparty_c=0, sen_cont_alt=0, hs_cont_alt=0","ballotpedia codes: governor=R, senate=R, house=R"
AZ,2000,Republican,Republican,True,Republican,Republican,True,Republican,Republican,True,Republican,Republican,True,"klarner codes: govparty_c=0, sen_cont_alt=0, hs_cont_alt=0","ballotpedia codes: governor=R, senate=R, house=R"
AZ,2001,Republican,Republican,True,Split,Split,True,Republican,Republican,True,Divided,Divided,True,"klarner codes: govparty_c=0, sen_cont_alt=0.5, hs_cont_alt=0; senate: neither party held a majority of seats or control was shared (klarner 0.5)","ballotpedia codes: governor=R, senate=S, house=R; senate: tied, power-sharing agreement or bipartisan coalition (ballotpedia S)"
AZ,2002,Republican,Republican,True,Split,Split,True,Republican,Republican,True,Divided,Divided,True,"klarner codes: govparty_c=0, sen_cont_alt=0.5, hs_cont_alt=0; senate: neither party held a majority of seats or control was shared (klarner 0.5)","ballotpedia codes: governor=R, senate=S, house=R; senate: tied, power-sharing agreement or bipartisan coalition (ballotpedia S)"
AZ,2003,Democratic,Democratic,True,Republican,Republican,True,Republican,Republican,True,Divided,Divided,True,"klarner codes: govparty_c=1, sen_cont_alt=0, hs_cont_alt=0","ballotpedia codes: governor=D, senate=R, house=R"
AZ,2004,Democratic,Democratic,True,Republican,Republican,True,Republican,Republican,True,Divided,Divided,True,"klarner codes: govparty_c=1, sen_cont_alt=0, hs_cont_alt=0","ballotpedia codes: governor=D, senate=R, house=R"
AZ,2005,Democratic,Democratic,True,Republican,Republican,True,Republican,Republican,True,Divided,Divided,True,"klarner codes: govparty_c=1, sen_cont_alt=0, hs_cont_alt=0","ballotpedia codes: governor=D, senate=R, house=R"
AZ,2006,Democratic,Democratic,True,Republican,Republican,True,Republican,Republican,True,Divided,Divided,True,"klarner codes: govparty_c=1, sen_cont_alt=0, hs_cont_alt=0","ballotpedia codes: governor=D, senate=R, house=R"
AZ,2007,Democratic,Democratic,True,Republican,Republican,True,Republican,Republican,True,Divided,Divided,True,"klarner codes: govparty_c=1, sen_cont_alt=0, hs_cont_alt=0","ballotpedia codes: governor=D, senate=R, house=R"
AZ,2008,Democratic,Democratic,True,Republican,Republican,True,Republican,Republican,True,Divided,Divided,True,"klarner codes: govparty_c=1, sen_cont_alt=0, hs_cont_alt=0","ballotpedia codes: governor=D, senate=R, house=R"
AZ,2009,Republican,Republican,True,Republican,Republican,True,Republican,Republican,True,Republican,Republican,True,"klarner codes: govparty_c=0, sen_cont_alt=0, hs_cont_alt=0","ballotpedia codes: governor=R, senate=R, house=R"
AZ,2010,Republican,Republican,True,Republican,Republican,True,Republican,Republican,True,Republican,Republican,True,"klarner codes: govparty_c=0, sen_cont_alt=0, hs_cont_alt=0","ballotpedia codes: governor=R, senate=R, house=R"
AZ,2011,Republican,Republican,True,Republican,Republican,True,Republican,Republican,True,Republican,Republican,True,"klarner codes: govparty_c=0, sen_cont_alt=0, hs_cont_alt=0","ballotpedia codes: governor=R, senate=R, house=R"
CA,1992,Republican,Republican,True,Democratic,Democratic,True,Democratic,Democratic,True,Divided,Divided,True,"klarner codes: govparty_c=0, sen_cont_alt=1, hs_cont_alt=1","ballotpedia codes: governor=R, senate=D, house=D"
CA,1993,Republican,Republican,True,Democratic,Democratic,True,Democratic,Democratic,True,Divided,Divided,True,"klarner codes: govparty_c=0, sen_cont_alt=1, hs_cont_alt=1","ballotpedia codes: governor=R, senate=D, house=D"
CA,1994,Republican,Republican,True,Democratic,Democratic,True,Democratic,Democratic,True,Divided,Divided,True,"klarner codes: govparty_c=0, sen_cont_alt=1, hs_cont_alt=1","ballotpedia codes: governor=R, senate=D, house=D"
CA,1995,Republican,Republican,True,Democratic,Democratic,True,Split,Split,True,Divided,Divided,True,"klarner codes: govparty_c=0, sen_cont_alt=1, hs_cont_alt=0.5; house: neither party held a majority of seats or control was shared (klarner 0.5)","ballotpedia codes: governor=R, senate=D, house=S; house: tied, power-sharing agreement or bipartisan coalition (ballotpedia S)"
CA,1996,Republican,Republican,True,Democratic,Democratic,True,Republican,Republican,True,Divided,Divided,True,"klarner codes: govparty_c=0, sen_cont_alt=1, hs_cont_alt=0","ballotpedia codes: governor=R, senate=D, house=R"
CA,1997,Republican,Republican,True,Democratic,Democratic,True,Democratic,Democratic,True,Divided,Divided,True,"klarner codes: govparty_c=0, sen_cont_alt=1, hs_cont_alt=1","ballotpedia codes: governor=R, senate=D, house=D"
CA,1998,Republican,Republican,True,Democratic,Democratic,True,Democratic,Democratic,True,Divided,Divided,True,"klarner codes: govparty_c=0, sen_cont_alt=1, hs_cont_alt=1","ballotpedia codes: governor=R, senate=D, house=D"
CA,1999,Democratic,Democratic,True,Democratic,Democratic,True,Democratic,Democratic,True,Democratic,Democratic,True,"klarner codes: govparty_c=1, sen_cont_alt=1, hs_cont_alt=1","ballotpedia codes: governor=D, senate=D, house=D"
CA,2000,Democratic,Democratic,True,Democratic,Democratic,True,Democratic,Democratic,True,Democratic,Democratic,True,"klarner codes: govparty_c=1, sen_cont_alt=1, hs_cont_alt=1","ballotpedia codes: governor=D, senate=D, house=D"
CA,2001,Democratic,Democratic,True,Democratic,Democratic,True,Democratic,Democratic,True,Democratic,Democratic,True,"klarner codes: govparty_c=1, sen_cont_alt=1, hs_cont_alt=1","ballotpedia codes: governor=D, senate=D, house=D"
CA,2002,Democratic,Democratic,True,Democratic,Democratic,True,Democratic,Democratic,True,Democratic,Democratic,True,"klarner codes: govparty_c=1, sen_cont_alt=1, hs_cont_alt=1","ballotpedia codes: governor=D, senate=D, house=D"
CA,2003,Democratic,Democratic,True,Democratic,Democratic,True,Democratic,Democratic,True,Democratic,Democratic,True,"klarner codes: govparty_c=1, sen_cont_alt=1, hs_cont_alt=1","ballotpedia codes: governor=D, senate=D, house=D"
CA,2004,Republican,Republican,True,Democratic,Democratic,True,Democratic,Democratic,True,Divided,Divided,True,"klarner codes: govparty_c=0, sen_cont_alt=1, hs_cont_alt=1","ballotpedia codes: governor=R, senate=D, house=D"
CA,2005,Republican,Republican,True,Democratic,Democratic,True,Democratic,Democratic,True,Divided,Divided,True,"klarner codes: govparty_c=0, sen_cont_alt=1, hs_cont_alt=1","ballotpedia codes: governor=R, senate=D, house=D"
CA,2006,Republican,Republican,True,Democratic,Democratic,True,Democratic,Democratic,True,Divided,Divided,True,"klarner codes: govparty_c=0, sen_cont_alt=1, hs_cont_alt=1","ballotpedia codes: governor=R, senate=D, house=D"
CA,2007,Republican,Republican,True,Democratic,Democratic,True,Democratic,Democratic,True,Divided,Divided,True,"klarner codes: govparty_c=0, sen_cont_alt=1, hs_cont_alt=1","ballotpedia codes: governor=R, senate=D, house=D"
CA,2008,Republican,Republican,True,Democratic,Democratic,True,Democratic,Democratic,True,Divided,Divided,True,"klarner codes: govparty_c=0, sen_cont_alt=1, hs_cont_alt=1","ballotpedia codes: governor=R, senate=D, house=D"
CA,2009,Republican,Republican,True,Democratic,Democratic,True,Democratic,Democratic,True,Divided,Divided,True,"klarner codes: govparty_c=0, sen_cont_alt=1, hs_cont_alt=1","ballotpedia codes: governor=R, senate=D, house=D"
CA,2010,Republican,Republican,True,Democratic,Democratic,True,Democratic,Democratic,True,Divided,Divided,True,"klarner codes: govparty_c=0, sen_cont_alt=1, hs_cont_alt=1","ballotpedia codes: governor=R, senate=D, house=D"
CA,2011,Democratic,Democratic,True,Democratic,Democratic,True,Democratic,Democratic,True,Democratic,Democratic,True,"klarner codes: govparty_c=1, sen_cont_alt=1, hs_cont_alt=1","ballotpedia codes: governor=D, senate=D, house=D"
CO,1992,Democratic,Democratic,True,Republican,Republican,True,Republican,Republican,True,Divided,Divided,True,"klarner codes: govparty_c=1, sen_cont_alt=0, hs_cont_alt=0","ballotpedia codes: governor=D, senate=R, house=R"
CO,1993,Democratic,Democratic,True,Republican,Republican,True,Republican,Republican,True,Divided,Divided,True,"klarner codes: govparty_c=1, sen_cont_alt=0, hs_cont_alt=0","ballotpedia codes: governor=D, senate=R, house=R"
CO,1994,Democratic,Democratic,True,Republican,Republican,True,Republican,Republican,True,Divided,Divided,True,"klarner codes: govparty_c=1, sen_cont_alt=0, hs_cont_alt=0","ballotpedia codes: governor=D, senate=R, house=R"
CO,1995,Democratic,Democratic,True,Republican,Republican,True,Republican,Republican,True,Divided,Divided,True,"klarner codes: govparty_c=1, sen_cont_alt=0, hs_cont_alt=0","ballotpedia codes: governor=D, senate=R, house=R"
CO,1996,Democratic,Democratic,True,Republican,Republican,True,Republican,Republican,True,Divided,Divided,True,"klarner codes: govparty_c=1, sen_cont_alt=0, hs_cont_alt=0","ballotpedia codes: governor=D, senate=R, house=R"
CO,1997,Democratic,Democratic,True,Republican,Republican,True,Republican,Republican,True,Divided,Divided,True,"klarner codes: govparty_c=1, sen_cont_alt=0, hs_cont_alt=0","ballotpedia codes: governor=D, senate=R, house=R"
CO,1998,Democratic,Democratic,True,Republican,Republican,True,Republican,Republican,True,Divided,Divided,True,"klarner codes: govparty_c=1, sen_cont_alt=0, hs_cont_alt=0","ballotpedia codes: governor=D, senate=R, house=R"
CO,1999,Republican,Republican,True,Republican,Republican,True,Republican,Republican,True,Republican,Republican,True,"klarner codes: govparty_c=0, sen_cont_alt=0, hs_cont_alt=0","ballotpedia codes: governor=R, senate=R, house=R"
CO,2000,Republican,Republican,True,Republican,Republican,True,Republican,Republican,True,Republican,Republican,True,"klarner codes: govparty_c=0, sen_cont_alt=0, hs_cont_alt=0","ballotpedia codes: governor=R, senate=R, house=R"
CO,2001,Republican,Republican,True,Democratic,Democratic,True,Republican,Republican,True,Divided,Divided,True,"klarner codes: govparty_c=0, sen_cont_alt=1, hs_cont_alt=0","ballotpedia codes: governor=R, senate=D, house=R"
CO,2002,Republican,Republican,True,Democratic,Democratic,True,Republican,Republican,True,Divided,Divided,True,"klarner codes: govparty_c=0, sen_cont_alt=1, hs_cont_alt=0","ballotpedia codes: governor=R, senate=D, house=R"
CO,2003,Republican,Republican,True,Republican,Republican,True,Republican,Republican,True,Republican,Republican,True,"klarner codes: govparty_c=0, sen_cont_alt=0, hs_cont_alt=0","ballotpedia codes: governor=R, senate=R, house=R"
CO,2004,Republican,Republican,True,Republican,Republican,True,Republican,Republican,True,Republican,Republican,True,"klarner codes: govparty_c=0, sen_cont_alt=0, hs_cont_alt=0","ballotpedia codes: governor=R, senate=R, house=R"
CO,2005,Republican,Republican,True,Democratic,Democratic,True,Democratic,Democratic,True,Divided,Divided,True,"klarner codes: govparty_c=0, sen_cont_alt=1, hs_cont_alt=1","ballotpedia codes: governor=R, senate=D, house=D"
CO,2006,Republican,Republican,True,Democratic,Democratic,True,Democratic,Democratic,True,Divided,Divided,True,"klarner codes: govparty_c=0, sen_cont_alt=1, hs_cont_alt=1","ballotpedia codes: governor=R, senate=D, house=D"
CO,2007,Democratic,Democratic,True,Democratic,Democratic,True,Democratic,Democratic,True,Democratic,Democratic,True,"klarner codes: govparty_c=1, sen_cont_alt=1, hs_cont_alt=1","ballotpedia codes: governor=D, senate=D, house=D"
CO,2008,Democratic,Democratic,True,Democratic,Democratic,True,Democratic,Democratic,True,Democratic,Democratic,True,"klarner codes: govparty_c=1, sen_cont_alt=1, hs_cont_alt=1","ballotpedia codes: governor=D, senate=D, house=D"
CO,2009,Democratic,Democratic,True,Democratic,Democratic,True,Democratic,Democratic,True,Democratic,Democratic,True,"klarner codes: govparty_c=1, sen_cont_alt=1, hs_cont_alt=1","ballotpedia codes: governor=D, senate=D, house=D"
CO,2010,Democratic,Democratic,True,Democratic,Democratic,True,Democratic,Democratic,True,Democratic,Democratic,True,"klarner codes: govparty_c=1, sen_cont_alt=1, hs_cont_alt=1","ballotpedia codes: governor=D, senate=D, house=D"
CO,2011,Democratic,Democratic,True,Democratic,Democratic,True,Republican,Republican,True,Divided,Divided,True,"klarner codes: govparty_c=1, sen_cont_alt=1, hs_cont_alt=0","ballotpedia codes: governor=D, senate=D, house=R"
CT,1992,Other,Other,True,Democratic,Democratic,True,Democratic,Democratic,True,Divided,Divided,True,"klarner codes: govparty_c=0.5, sen_cont_alt=1, hs_cont_alt=1; governor not of a major party","ballotpedia codes: governor=I, senate=D, house=D; governor not of a major party (ballotpedia I)"
CT,1993,Other,Other,True,Democratic,Democratic,True,Democratic,Democratic,True,Divided,Divided,True,"klarner codes: govparty_c=0.5, sen_cont_alt=1, hs_cont_alt=1; governor not of a major party","ballotpedia codes: governor=I, senate=D, house=D; governor not of a major party (ballotpedia I)"
CT,1994,Other,Other,True,Democratic,Democratic,True,Democratic,Democratic,True,Divided,Divided,True,"klarner codes: govparty_c=0.5, sen_cont_alt=1, hs_cont_alt=1; governor not of a major party","ballotpedia codes: governor=I, senate=D, house=D; governor not of a major party (ballotpedia I)"
CT,1995,Republican,Republican,True,Republican,Republican,True,Democratic,Democratic,True,Divided,Divided,True,"klarner codes: govparty_c=0, sen_cont_alt=0, hs_cont_alt=1","ballotpedia codes: governor=R, senate=R, house=D"
CT,1996,Republican,Republican,True,Republican,Republican,True,Democratic,Democratic,True,Divided,Divided,True,"klarner codes: govparty_c=0, sen_cont_alt=0, hs_cont_alt=1","ballotpedia codes: governor=R, senate=R, house=D"
CT,1997,Republican,Republican,True,Democratic,Democratic,True,Democratic,Democratic,True,Divided,Divided,True,"klarner codes: govparty_c=0, sen_cont_alt=1, hs_cont_alt=1","ballotpedia codes: governor=R, senate=D, house=D"
CT,1998,Republican,Republican,True,Democratic,Democratic,True,Democratic,Democratic,True,Divided,Divided,True,"klarner codes: govparty_c=0, sen_cont_alt=1, hs_cont_alt=1","ballotpedia codes: governor=R, senate=D, house=D"
CT,1999,Republican,Republican,True,Democratic,Democratic,True,Democratic,Democratic,True,Divided,Divided,True,"klarner codes: govparty_c=0, sen_cont_alt=1, hs_cont_alt=1","ballotpedia codes: governor=R, senate=D, house=D"
CT,2000,Republican,Republican,True,Democratic,Democratic,True,Democratic,Democratic,True,Divided,Divided,True,"klarner codes: govparty_c=0, sen_cont_alt=1, hs_cont_alt=1","ballotpedia codes: governor=R, senate=D, house=D"
CT,2001,Republican,Republican,True,Democratic,Democratic,True,Democratic,Democratic,True,Divided,Divided,True,"klarner codes: govparty_c=0, sen_cont_alt=1, hs_cont_alt=1","ballotpedia codes: governor=R, senate=D, house=D"
CT,2002,Republican,Republican,True,Democratic,Democratic,True,Democratic,Democratic,True,Divided,Divided,True,"klarner codes: govparty_c=0, sen_cont_alt=1, hs_cont_alt=1","ballotpedia codes: governor=R, senate=D, house=D"
CT,2003,Republican,Republican,True,Democratic,Democratic,True,Democratic,Democratic,True,Divided,Divided,True,"klarner codes: govparty_c=0, sen_cont_alt=1, hs_cont_alt=1","ballotpedia codes: governor=R, senate=D, house=D"
CT,2004,Republican,Republican,True,Democratic,Democratic,True,Democratic,Democratic,True,Divided,Divided,True,"klarner codes: govparty_c=0, sen_cont_alt=1, hs_cont_alt=1","ballotpedia codes: governor=R, senate=D, house=D"
CT,2005,Republican,Republican,True,Democratic,Democratic,True,Democratic,Democratic,True,Divided,Divided,True,"klarner codes: govparty_c=0, sen_cont_alt=1, hs_cont_alt=1","ballotpedia codes: governor=R, senate=D, house=D"
CT,2006,Republican,Republican,True,Democratic,Democratic,True,Democratic,Democratic,True,Divided,Divided,True,"klarner codes: govparty_c=0, sen_cont_alt=1, hs_cont_alt=1","ballotpedia codes: governor=R, senate=D, house=D"
CT,2007,Republican,Republican,True,Democratic,Democratic,True,Democratic,Democratic,True,Divided,Divided,True,"klarner codes: govparty_c=0, sen_cont_alt=1, hs_cont_alt=1","ballotpedia codes: governor=R, senate=D, house=D"
CT,2008,Republican,Republican,True,Democratic,Democratic,True,Democratic,Democratic,True,Divided,Divided,True,"klarner codes: govparty_c=0, sen_cont_alt=1, hs_cont_alt=1","ballotpedia codes: governor=R, senate=D, house=D"
CT,2009,Republican,Republican,True,Democratic,Democratic,True,Democratic,Democratic,True,Divided,Divided,True,"klarner codes: govparty_c=0, sen_cont_alt=1, hs_cont_alt=1","ballotpedia codes: governor=R, senate=D, house=D"
CT,2010,Republican,Republican,True,Democratic,Democratic,True,Democratic,Democratic,True,Divided,Divided,True,"klarner codes: govparty_c=0, sen_cont_alt=1, hs_cont_alt=1","ballotpedia codes: governor=R, senate=D, house=D"
CT,2011,Democratic,Democratic,True,Democratic,Democratic,True,Democratic,Democratic,True,Democratic,Democratic,True,"klarner codes: govparty_c=1, sen_cont_alt=1, hs_cont_alt=1","ballotpedia codes: governor=D, senate=D, house=D"
DE,1992,Republican,Republican,True,Democratic,Democratic,True,Republican,Republican,True,Divided,Divided,True,"klarner codes: govparty_c=0, sen_cont_alt=1, hs_cont_alt=0","ballotpedia codes: governor=R, senate=D, house=R"
DE,1993,Democratic,Democratic,True,Democratic,Democratic,True,Republican,Republican,True,Divided,Divided,True,"klarner codes: govparty_c=1, sen_cont_alt=1, hs_cont_alt=0","ballotpedia codes: governor=D, senate=D, house=R"
DE,1994,Democratic,Democratic,True,Democratic,Democratic,True,Republican,Republican,True,Divided,Divided,True,"klarner codes: govparty_c=1, sen_cont_alt=1, hs_cont_alt=0","ballotpedia codes: governor=D, senate=D, house=R"
DE,1995,Democratic,Democratic,True,Democratic,Democratic,True,Republican,Republican,True,Divided,Divided,True,"klarner codes: govparty_c=1, sen_cont_alt=1, hs_cont_alt=0","ballotpedia codes: governor=D, senate=D, house=R"
DE,1996,Democratic,Democratic,True,Democratic,Democratic,True,Republican,Republican,True,Divided,Divided,True,"klarner codes: govparty_c=1, sen_cont_alt=1, hs_cont_alt=0","ballotpedia codes: governor=D, senate=D, house=R"
DE,1997,Democratic,Democratic,True,Democratic,Democratic,True,Republican,Republican,True,Divided,Divided,True,"klarner codes: govparty_c=1, sen_cont_alt=1, hs_cont_alt=0","ballotpedia codes: governor=D, senate=D, house=R"
DE,1998,Democratic,Democratic,True,Democratic,Democratic,True,Republican,Republican,True,Divided,Divided,True,"klarner codes: govparty_c=1, sen_cont_alt=1, hs_cont_alt=0","ballotpedia codes: governor=D, senate=D, house=R"
DE,1999,Democratic,Democratic,True,Democratic,Democratic,True,Republican,Republican,True,Divided,Divided,True,"klarner codes: govparty_c=1, sen_cont_alt=1, hs_cont_alt=0","ballotpedia codes: governor=D, senate=D, house=R"
DE,2000,Democratic,Democratic,True,Democratic,Democratic,True,Republican,Republican,True,Divided,Divided,True,"klarner codes: govparty_c=1, sen_cont_alt=1, hs_cont_alt=0","ballotpedia codes: governor=D, senate=D, house=R"
DE,2001,Democratic,Democratic,True,Democratic,Democratic,True,Republican,Republican,True,Divided,Divided,True,"klarner codes: govparty_c=1, sen_cont_alt=1, hs_cont_alt=0","ballotpedia codes: governor=D, senate=D, house=R"
DE,2002,Democratic,Democratic,True,Democratic,Democratic,True,Republican,Republican,True,Divided,Divided,True,"klarner codes: govparty_c=1, sen_cont_alt=1, hs_cont_alt=0","ballotpedia codes: governor=D, senate=D, house=R"
DE,2003,Democratic,Democratic,True,Democratic,Democratic,True,Republican,Republican,True,Divided,Divided,True,"klarner codes: govparty_c=1, sen_cont_alt=1, hs_cont_alt=0","ballotpedia codes: governor=D, senate=D, house=R"
DE,2004,Democratic,Democratic,True,Democratic,Democratic,True,Republican,Republican,True,Divided,Divided,True,"klarner codes: govparty_c=1, sen_cont_alt=1, hs_cont_alt=0","ballotpedia codes: governor=D, senate=D, house=R"
DE,2005,Democratic,Democratic,True,Democratic,Democratic,True,Republican,Republican,True,Divided,Divided,True,"klarner codes: govparty_c=1, sen_cont_alt=1, hs_cont_alt=0","ballotpedia codes: governor=D, senate=D, house=R"
DE,2006,Democratic,Democratic,True,Democratic,Democratic,True,Republican,Republican,True,Divided,Divided,True,"klarner codes: govparty_c=1, sen_cont_alt=1, hs_cont_alt=0","ballotpedia codes: governor=D, senate=D, house=R"
DE,2007,Democratic,Democratic,True,Democratic,Democratic,True,Republican,Republican,True,Divided,Divided,True,"klarner codes: govparty_c=1, sen_cont_alt=1, hs_cont_alt=0","ballotpedia codes: governor=D, senate=D, house=R"
DE,2008,Democratic,Democratic,True,Democratic,Democratic,True,Republican,Republican,True,Divided,Divided,True,"klarner codes: govparty_c=1, sen_cont_alt=1, hs_cont_alt=0","ballotpedia codes: governor=D, senate=D, house=R"
DE,2009,Democratic,Democratic,True,Democratic,Democratic,True,Democratic,Democratic,True,Democratic,Democratic,True,"klarner codes: govparty_c=1, sen_cont_alt=1, hs_cont_alt=1","ballotpedia codes: governor=D, senate=D, house=D"
DE,2010,Democratic,Democratic,True,Democratic,Democratic,True,Democratic,Democratic,True,Democratic,Democratic,True,"klarner codes: govparty_c=1, sen_cont_alt=1, hs_cont_alt=1","ballotpedia codes: governor=D, senate=D, house=D"
DE,2011,Democratic,Democratic,True,Democratic,Democratic,True,Democratic,Democratic,True,Democratic,Democratic,True,"klarner codes: govparty_c=1, sen_cont_alt=1, hs_cont_alt=1","ballotpedia codes: governor=D, senate=D, house=D"
FL,1992,Democratic,Democratic,True,Democratic,Democratic,True,Democratic,Democratic,True,Democratic,Democratic,True,"klarner codes: govparty_c=1, sen_cont_alt=1, hs_cont_alt=1","ballotpedia codes: governor=D, senate=D, house=D"
FL,1993,Democratic,Democratic,True,Split,Split,True,Democratic,Democratic,True,Divided,Divided,True,"klarner codes: govparty_c=1, sen_cont_alt=0.5, hs_cont_alt=1; senate: neither party held a majority of seats or control was shared (klarner 0.5)","ballotpedia codes: governor=D, senate=S, house=D; senate: tied, power-sharing agreement or bipartisan coalition (ballotpedia S)"
FL,1994,Democratic,Democratic,True,Split,Split,True,Democratic,Democratic,True,Divided,Divided,True,"klarner codes: govparty_c=1, sen_cont_alt=0.5, hs_cont_alt=1; senate: neither party held a majority of seats or control was shared (klarner 0.5)","ballotpedia codes: governor=D, senate=S, house=D; senate: tied, power-sharing agreement or bipartisan coalition (ballotpedia S)"
FL,1995,Democratic,Democratic,True,Republican,Republican,True,Democratic,Democratic,True,Divided,Divided,True,"klarner codes: govparty_c=1, sen_cont_alt=0, hs_cont_alt=1","ballotpedia codes: governor=D, senate=R, house=D"
FL,1996,Democratic,Democratic,True,Republican,Republican,True,Democratic,Democratic,True,Divided,Divided,True,"klarner codes: govparty_c=1, sen_cont_alt=0, hs_cont_alt=1","ballotpedia codes: governor=D, senate=R, house=D"
FL,1997,Democratic,Democratic,True,Republican,Republican,True,Republican,Republican,True,Divided,Divided,True,"klarner codes: govparty_c=1, sen_cont_alt=0, hs_cont_alt=0","ballotpedia codes: governor=D, senate=R, house=R"
FL,1998,Democratic,Democratic,True,Republican,Republican,True,Republican,Republican,True,Divided,Divided,True,"klarner codes: govparty_c=1, sen_cont_alt=0, hs_cont_alt=0","ballotpedia codes: governor=D, senate=R, house=R"
FL,1999,Republican,Republican,True,Republican,Republican,True,Republican,Republican,True,Republican,Republican,True,"klarner codes: govparty_c=0, sen_cont_alt=0, hs_cont_alt=0","ballotpedia codes: governor=R, senate=R, house=R"
FL,2000,Republican,Republican,True,Republican,Republican,True,Republican,Republican,True,Republican,Republican,True,"klarner codes: govparty_c=0, sen_cont_alt=0, hs_cont_alt=0","ballotpedia codes: governor=R, senate=R, house=R"
FL,2001,Republican,Republican,True,Republican,Republican,True,Republican,Republican,True,Republican,Republican,True,"klarner codes: govparty_c=0, sen_cont_alt=0, hs_cont_alt=0","ballotpedia codes: governor=R, senate=R, house=R"
FL,2002,Republican,Republican,True,Republican,Republican,True,Republican,Republican,True,Republican,Republican,True,"klarner codes: govparty_c=0, sen_cont_alt=0, hs_cont_alt=0","ballotpedia codes: governor=R, senate=R, house=R"
FL,2003,Republican,Republican,True,Republican,Republican,True,Republican,Republican,True,Republican,Republican,True,"klarner codes: govparty_c=0, sen_cont_alt=0, hs_cont_alt=0","ballotpedia codes: governor=R, senate=R, house=R"
FL,2004,Republican,Republican,True,Republican,Republican,True,Republican,Republican,True,Republican,Republican,True,"klarner codes: govparty_c=0, sen_cont_alt=0, hs_cont_alt=0","ballotpedia codes: governor=R, senate=R, house=R"
FL,2005,Republican,Republican,True,Republican,Republican,True,Republican,Republican,True,Republican,Republican,True,"klarner codes: govparty_c=0, sen_cont_alt=0, hs_cont_alt=0","ballotpedia codes: governor=R, senate=R, house=R"
FL,2006,Republican,Republican,True,Republican,Republican,True,Republican,Republican,True,Republican,Republican,True,"klarner codes: govparty_c=0, sen_cont_alt=0, hs_cont_alt=0","ballotpedia codes: governor=R, senate=R, house=R"
FL,2007,Republican,Republican,True,Republican,Republican,True,Republican,Republican,True,Republican,Republican,True,"klarner codes: govparty_c=0, sen_cont_alt=0, hs_cont_alt=0","ballotpedia codes: governor=R, senate=R, house=R"
FL,2008,Republican,Republican,True,Republican,Republican,True,Republican,Republican,True,Republican,Republican,True,"klarner codes: govparty_c=0, sen_cont_alt=0, hs_cont_alt=0","ballotpedia codes: governor=R, senate=R, house=R"
FL,2009,Republican,Republican,True,Republican,Republican,True,Republican,Republican,True,Republican,Republican,True,"klarner codes: govparty_c=0, sen_cont_alt=0, hs_cont_alt=0","ballotpedia codes: governor=R, senate=R, house=R"
FL,2010,Republican,Other,False,Republican,Republican,True,Republican,Republican,True,Republican,Divided,False,"klarner codes: govparty_c=0, sen_cont_alt=0, hs_cont_alt=0","ballotpedia codes: governor=I, senate=R, house=R; governor not of a major party (ballotpedia I)"
FL,2011,Republican,Republican,True,Republican,Republican,True,Republican,Republican,True,Republican,Republican,True,"klarner codes: govparty_c=0, sen_cont_alt=0, hs_cont_alt=0","ballotpedia codes: governor=R, senate=R, house=R"
GA,1992,Democratic,Democratic,True,Democratic,Democratic,True,Democratic,Democratic,True,Democratic,Democratic,True,"klarner codes: govparty_c=1, sen_cont_alt=1, hs_cont_alt=1","ballotpedia codes: governor=D, senate=D, house=D"
GA,1993,Democratic,Democratic,True,Democratic,Democratic,True,Democratic,Democratic,True,Democratic,Democratic,True,"klarner codes: govparty_c=1, sen_cont_alt=1, hs_cont_alt=1","ballotpedia codes: governor=D, senate=D, house=D"
GA,1994,Democratic,Democratic,True,Democratic,Democratic,True,Democratic,Democratic,True,Democratic,Democratic,True,"klarner codes: govparty_c=1, sen_cont_alt=1, hs_cont_alt=1","ballotpedia codes: governor=D, senate=D, house=D"
GA,1995,Democratic,Democratic,True,Democratic,Democratic,True,Democratic,Democratic,True,Democratic,Democratic,True,"klarner codes: govparty_c=1, sen_cont_alt=1, hs_cont_alt=1","ballotpedia codes: governor=D, senate=D, house=D"
GA,1996,Democratic,Democratic,True,Democratic,Democratic,True,Democratic,Democratic,True,Democratic,Democratic,True,"klarner codes: govparty_c=1, sen_cont_alt=1, hs_cont_alt=1","ballotpedia codes: governor=D, senate=D, house=D"
GA,1997,Democratic,Democratic,True,Democratic,Democratic,True,Democratic,Democratic,True,Democratic,Democratic,True,"klarner codes: govparty_c=1, sen_cont_alt=1, hs_cont_alt=1","ballotpedia codes: governor=D, senate=D, house=D"
GA,1998,Democratic,Democratic,True,Democratic,Democratic,True,Democratic,Democratic,True,Democratic,Democratic,True,"klarner codes: govparty_c=1, sen_cont_alt=1, hs_cont_alt=1","ballotpedia codes: governor=D, senate=D, house=D"
GA,1999,Democratic,Democratic,True,Democratic,Democratic,True,Democratic,Democratic,True,Democratic,Democratic,True,"klarner codes: govparty_c=1, sen_cont_alt=1, hs_cont_alt=1","ballotpedia codes: governor=D, senate=D, house=D"
GA,2000,Democratic,Democratic,True,Democratic,Democratic,True,Democratic,Democratic,True,Democratic,Democratic,True,"klarner codes: govparty_c=1, sen_cont_alt=1, hs_cont_alt=1","ballotpedia codes: governor=D, senate=D, house=D"
GA,2001,Democratic,Democratic,True,Democratic,Democratic,True,Democratic,Democratic,True,Democratic,Democratic,True,"klarner codes: govparty_c=1, sen_cont_alt=1, hs_cont_alt=1","ballotpedia codes: governor=D, senate=D, house=D"
GA,2002,Democratic,Democratic,True,Democratic,Democratic,True,Democratic,Democratic,True,Democratic,Democratic,True,"klarner codes: govparty_c=1, sen_cont_alt=1, hs_cont_alt=1","ballotpedia codes: governor=D, senate=D, house=D"
GA,2003,Republican,Republican,True,Republican,Republican,True,Democratic,Democratic,True,Divided,Divided,True,"klarner codes: govparty_c=0, sen_cont_alt=0, hs_cont_alt=1","ballotpedia codes: governor=R, senate=R, house=D"
GA,2004,Republican,Republican,True,Republican,Republican,True,Democratic,Democratic,True,Divided,Divided,True,"klarner codes: govparty_c=0, sen_cont_alt=0, hs_cont_alt=1","ballotpedia codes: governor=R, senate=R, house=D"
GA,2005,Republican,Republican,True,Republican,Republican,True,Republican,Republican,True,Republican,Republican,True,"klarner codes: govparty_c=0, sen_cont_alt=0, hs_cont_alt=0","ballotpedia codes: governor=R, senate=R, house=R"
GA,2006,Republican,Republican,True,Republican,Republican,True,Republican,Republican,True,Republican,Republican,True,"klarner codes: govparty_c=0, sen_cont_alt=0, hs_cont_alt=0","ballotpedia codes: governor=R, senate=R, house=R"
GA,2007,Republican,Republican,True,Republican,Republican,True,Republican,Republican,True,Republican,Republican,True,"klarner codes: govparty_c=0, sen_cont_alt=0, hs_cont_alt=0","ballotpedia codes: governor=R, senate=R, house=R"
GA,2008,Republican,Republican,True,Republican,Republican,True,Republican,Republican,True,Republican,Republican,True,"klarner codes: govparty_c=0, sen_cont_alt=0, hs_cont_alt=0","ballotpedia codes: governor=R, senate=R, house=R"
GA,2009,Republican,Republican,True,Republican,Republican,True,Republican,Republican,True,Republican,Republican,True,"klarner codes: govparty_c=0, sen_cont_alt=0, hs_cont_alt=0","ballotpedia codes: governor=R, senate=R, house=R"
GA,2010,Republican,Republican,True,Republican,Republican,True,Republican,Republican,True,Republican,Republican,True,"klarner codes: govparty_c=0, sen_cont_alt=0, hs_cont_alt=0","ballotpedia codes: governor=R, senate=R, house=R"
GA,2011,Republican,Republican,True,Republican,Republican,True,Republican,Republican,True,Republican,Republican,True,"klarner codes: govparty_c=0, sen_cont_alt=0, hs_cont_alt=0","ballotpedia codes: governor=R, senate=R, house=R"
HI,1992,Democratic,Democratic,True,Democratic,Democratic,True,Democratic,Democratic,True,Democratic,Democratic,True,"klarner codes: govparty_c=1, sen_cont_alt=1, hs_cont_alt=1","ballotpedia codes: governor=D, senate=D, house=D"
HI,1993,Democratic,Democratic,True,Democratic,Democratic,True,Democratic,Democratic,True,Democratic,Democratic,True,"klarner codes: govparty_c=1, sen_cont_alt=1, hs_cont_alt=1","ballotpedia codes: governor=D, senate=D, house=D"
HI,1994,Democratic,Democratic,True,Democratic,Democratic,True,Democratic,Democratic,True,Democratic,Democratic,True,"klarner codes: govparty_c=1, sen_cont_alt=1, hs_cont_alt=1","ballotpedia codes: governor=D, senate=D, house=D"
HI,1995,Democratic,Democratic,True,Democratic,Democratic,True,Democratic,Democratic,True,Democratic,Democratic,True,"klarner codes: govparty_c=1, sen_cont_alt=1, hs_cont_alt=1","ballotpedia codes: governor=D, senate=D, house=D"
HI,1996,Democratic,Democratic,True,Democratic,Democratic,True,Democratic,Democratic,True,Democratic,Democratic,True,"klarner codes: govparty_c=1, sen_cont_alt=1, hs_cont_alt=1","ballotpedia codes: governor=D, senate=D, house=D"
HI,1997,Democratic,Democratic,True,Democratic,Democratic,True,Democratic,Democratic,True,Democratic,Democratic,True,"klarner codes: govparty_c=1, sen_cont_alt=1, hs_cont_alt=1","ballotpedia codes: governor=D, senate=D, house=D"
HI,1998,Democratic,Democratic,True,Democratic,Democratic,True,Democratic,Democratic,True,Democratic,Democratic,True,"klarner codes: govparty_c=1, sen_cont_alt=1, hs_cont_alt=1","ballotpedia codes: governor=D, senate=D, house=D"
HI,1999,Democratic,Democratic,True,Democratic,Democratic,True,Democratic,Democratic,True,Democratic,Democratic,True,"klarner codes: govparty_c=1, sen_cont_alt=1, hs_cont_alt=1","ballotpedia codes: governor=D, senate=D, house=D"
HI,2000,Democratic,Democratic,True,Democratic,Democratic,True,Democratic,Democratic,True,Democratic,Democratic,True,"klarner codes: govparty_c=1, sen_cont_alt=1, hs_cont_alt=1","ballotpedia codes: governor=D, senate=D, house=D"
HI,2001,Democratic,Democratic,True,Democratic,Democratic,True,Democratic,Democratic,True,Democratic,Democratic,True,"klarner codes: govparty_c=1, sen_cont_alt=1, hs_cont_alt=1","ballotpedia codes: governor=D, senate=D, house=D"
HI,2002,Democratic,Democratic,True,Democratic,Democratic,True,Democratic,Democratic,True,Democratic,Democratic,True,"klarner codes: govparty_c=1, sen_cont_alt=1, hs_cont_alt=1","ballotpedia codes: governor=D, senate=D, house=D"
HI,2003,Republican,Republican,True,Democratic,Democratic,True,Democratic,Democratic,True,Divided,Divided,True,"klarner codes: govparty_c=0, sen_cont_alt=1, hs_cont_alt=1","ballotpedia codes: governor=R, senate=D, house=D"
HI,2004,Republican,Republican,True,Democratic,Democratic,True,Democratic,Democratic,True,Divided,Divided,True,"klarner codes: govparty_c=0, sen_cont_alt=1, hs_cont_alt=1","ballotpedia codes: governor=R, senate=D, house=D"
HI,2005,Republican,Republican,True,Democratic,Democratic,True,Democratic,Democratic,True,Divided,Divided,True,"klarner codes: govparty_c=0, sen_cont_alt=1, hs_cont_alt=1","ballotpedia codes: governor=R, senate=D, house=D"
HI,2006,Republican,Republican,True,Democratic,Democratic,True,Democratic,Democratic,True,Divided,Divided,True,"klarner codes: govparty_c=0, sen_cont_alt=1, hs_cont_alt=1","ballotpedia codes: governor=R, senate=D, house=D"
HI,2007,Republican,Republican,True,Democratic,Democratic,True,Democratic,Democratic,True,Divided,Divided,True,"klarner codes: govparty_c=0, sen_cont_alt=1, hs_cont_alt=1","ballotpedia codes: governor=R, senate=D, house=D"
HI,2008,Republican,Republican,True,Democratic,Democratic,True,Democratic,Democratic,True,Divided,Divided,True,"klarner codes: govparty_c=0, sen_cont_alt=1, hs_cont_alt=1","ballotpedia codes: governor=R, senate=D, house=D"
HI,2009,Republican,Republican,True,Democratic,Democratic,True,Democratic,Democratic,True,Divided,Divided,True,"klarner codes: govparty_c=0, sen_cont_alt=1, hs_cont_alt=1","ballotpedia codes: governor=R, senate=D, house=D"
HI,2010,Republican,Republican,True,Democratic,Democratic,True,Democratic,Democratic,True,Divided,Divided,True,"klarner codes: govparty_c=0, sen_cont_alt=1, hs_cont_alt=1","ballotpedia codes: governor=R, senate=D, house=D"
HI,2011,Democratic,Democratic,True,Democratic,Democratic,True,Democratic,Democratic,True,Democratic,Democratic,True,"klarner codes: govparty_c=1, sen_cont_alt=1, hs_cont_alt=1","ballotpedia codes: governor=D, senate=D, house=D"
IA,1992,Republican,Republican,True,Democratic,Democratic,True,Democratic,Democratic,True,Divided,Divided,True,"klarner codes: govparty_c=0, sen_cont_alt=1, hs_cont_alt=1","ballotpedia codes: governor=R, senate=D, house=D"
IA,1993,Republican,Republican,True,Democratic,Democratic,True,Republican,Republican,True,Divided,Divided,True,"klarner codes: govparty_c=0, sen_cont_alt=1, hs_cont_alt=0","ballotpedia codes: governor=R, senate=D, house=R"
IA,1994,Republican,Republican,True,Democratic,Democratic,True,Republican,Republican,True,Divided,Divided,True,"klarner codes: govparty_c=0, sen_cont_alt=1, hs_cont_alt=0","ballotpedia codes: governor=R, senate=D, house=R"
IA,1995,Republican,Republican,True,Democratic,Democratic,True,Republican,Republican,True,Divided,Divided,True,"klarner codes: govparty_c=0, sen_cont_alt=1, hs_cont_alt=0","ballotpedia codes: governor=R, senate=D, house=R"
IA,1996,Republican,Republican,True,Democratic,Democratic,True,Republican,Republican,True,Divided,Divided,True,"klarner codes: govparty_c=0, sen_cont_alt=1, hs_cont_alt=0","ballotpedia codes: governor=R, senate=D, house=R"
IA,1997,Republican,Republican,True,Republican,Republican,True,Republican,Republican,True,Republican,Republican,True,"klarner codes: govparty_c=0, sen_cont_alt=0, hs_cont_alt=0","ballotpedia codes: governor=R, senate=R, house=R"
IA,1998,Republican,Republican,True,Republican,Republican,True,Republican,Republican,True,Republican,Republican,True,"klarner codes: govparty_c=0, sen_cont_alt=0, hs_cont_alt=0","ballotpedia codes: governor=R, senate=R, house=R"
IA,1999,Democratic,Democratic,True,Republican,Republican,True,Republican,Republican,True,Divided,Divided,True,"klarner codes: govparty_c=1, sen_cont_alt=0, hs_cont_alt=0","ballotpedia codes: governor=D, senate=R, house=R"
IA,2000,Democratic,Democratic,True,Republican,Republican,True,Republican,Republican,True,Divided,Divided,True,"klarner codes: govparty_c=1, sen_cont_alt=0, hs_cont_alt=0","ballotpedia codes: governor=D, senate=R, house=R"
IA,2001,Democratic,Democratic,True,Republican,Republican,True,Republican,Republican,True,Divided,Divided,True,"klarner codes: govparty_c=1, sen_cont_alt=0, hs_cont_alt=0","ballotpedia codes: governor=D, senate=R, house=R"
IA,2002,Democratic,Democratic,True,Republican,Republican,True,Republican,Republican,True,Divided,Divided,True,"klarner codes: govparty_c=1, sen_cont_alt=0, hs_cont_alt=0","ballotpedia codes: governor=D, senate=R, house=R"
IA,2003,Democratic,Democratic,True,Republican,Republican,True,Republican,Republican,True,Divided,Divided,True,"klarner codes: govparty_c=1, sen_cont_alt=0, hs_cont_alt=0","ballotpedia codes: governor=D, senate=R, house=R"
IA,2004,Democratic,Democratic,True,Republican,Republican,True,Republican,Republican,True,Divided,Divided,True,"klarner codes: govparty_c=1, sen_cont_alt=0, hs_cont_alt=0","ballotpedia codes: governor=D, senate=R, house=R"
IA,2005,Democratic,Democratic,True,Split,Split,True,Republican,Republican,True,Divided,Divided,True,"klarner codes: govparty_c=1, sen_cont_alt=0.5, hs_cont_alt=0; senate: neither party held a majority of seats or control was shared (klarner 0.5)","ballotpedia codes: governor=D, senate=S, house=R; senate: tied, power-sharing agreement or bipartisan coalition (ballotpedia S)"
IA,2006,Democratic,Democratic,True,Split,Split,True,Republican,Republican,True,Divided,Divided,True,"klarner codes: govparty_c=1, sen_cont_alt=0.5, hs_cont_alt=0; senate: neither party held a majority of seats or control was shared (klarner 0.5)","ballotpedia codes: governor=D, senate=S, house=R; senate: tied, power-sharing agreement or bipartisan coalition (ballotpedia S)"
IA,2007,Democratic,Democratic,True,Democratic,Democratic,True,Democratic,Democratic,True,Democratic,Democratic,True,"klarner codes: govparty_c=1, sen_cont_alt=1, hs_cont_alt=1","ballotpedia codes: governor=D, senate=D, house=D"
IA,2008,Democratic,Democratic,True,Democratic,Democratic,True,Democratic,Democratic,True,Democratic,Democratic,True,"klarner codes: govparty_c=1, sen_cont_alt=1, hs_cont_alt=1","ballotpedia codes: governor=D, senate=D, house=D"
IA,2009,Democratic,Democratic,True,Democratic,Democratic,True,Democratic,Democratic,True,Democratic,Democratic,True,"klarner codes: govparty_c=1, sen_cont_alt=1, hs_cont_alt=1","ballotpedia codes: governor=D, senate=D, house=D"
IA,2010,Democratic,Democratic,True,Democratic,Democratic,True,Democratic,Democratic,True,Democratic,Democratic,True,"klarner codes: govparty_c=1, sen_cont_alt=1, hs_cont_alt=1","ballotpedia codes: governor=D, senate=D, house=D"
IA,2011,Republican,Republican,True,Democratic,Democratic,True,Republican,Republican,True,Divided,Divided,True,"klarner codes: govparty_c=0, sen_cont_alt=1, hs_cont_alt=0","ballotpedia codes: governor=R, senate=D, house=R"
ID,1992,Democratic,Democratic,True,Republican,Republican,True,Republican,Republican,True,Divided,Divided,True,"klarner codes: govparty_c=1, sen_cont_alt=0, hs_cont_alt=0","ballotpedia codes: governor=D, senate=R, house=R"
ID,1993,Democratic,Democratic,True,Republican,Republican,True,Republican,Republican,True,Divided,Divided,True,"klarner codes: govparty_c=1, sen_cont_alt=0, hs_cont_alt=0","ballotpedia codes: governor=D, senate=R, house=R"
ID,1994,Democratic,Democratic,True,Republican,Republican,True,Republican,Republican,True,Divided,Divided,True,"klarner codes: govparty_c=1, sen_cont_alt=0, hs_cont_alt=0","ballotpedia codes: governor=D, senate=R, house=R"
ID,1995,Republican,Republican,True,Republican,Republican,True,Republican,Republican,True,Republican,Republican,True,"klarner codes: govparty_c=0, sen_cont_alt=0, hs_cont_alt=0","ballotpedia codes: governor=R, senate=R, house=R"
ID,1996,Republican,Republican,True,Republican,Republican,True,Republican,Republican,True,Republican,Republican,True,"klarner codes: govparty_c=0, sen_cont_alt=0, hs_cont_alt=0","ballotpedia codes: governor=R, senate=R, house=R"
ID,1997,Republican,Republican,True,Republican,Republican,True,Republican,Republican,True,Republican,Republican,True,"klarner codes: govparty_c=0, sen_cont_alt=0, hs_cont_alt=0","ballotpedia codes: governor=R, senate=R, house=R"
ID,1998,Republican,Republican,True,Republican,Republican,True,Republican,Republican,True,Republican,Republican,True,"klarner codes: govparty_c=0, sen_cont_alt=0, hs_cont_alt=0","ballotpedia codes: governor=R, senate=R, house=R"
ID,1999,Republican,Republican,True,Republican,Republican,True,Republican,Republican,True,Republican,Republican,True,"klarner codes: govparty_c=0, sen_cont_alt=0, hs_cont_alt=0","ballotpedia codes: governor=R, senate=R, house=R"
ID,2000,Republican,Republican,True,Republican,Republican,True,Republican,Republican,True,Republican,Republican,True,"klarner codes: govparty_c=0, sen_cont_alt=0, hs_cont_alt=0","ballotpedia codes: governor=R, senate=R, house=R"
ID,2001,Republican,Republican,True,Republican,Republican,True,Republican,Republican,True,Republican,Republican,True,"klarner codes: govparty_c=0, sen_cont_alt=0, hs_cont_alt=0","ballotpedia codes: governor=R, senate=R, house=R"
ID,2002,Republican,Republican,True,Republican,Republican,True,Republican,Republican,True,Republican,Republican,True,"klarner codes: govparty_c=0, sen_cont_alt=0, hs_cont_alt=0","ballotpedia codes: governor=R, senate=R, house=R"
ID,2003,Republican,Republican,True,Republican,Republican,True,Republican,Republican,True,Republican,Republican,True,"klarner codes: govparty_c=0, sen_cont_alt=0, hs_cont_alt=0","ballotpedia codes: governor=R, senate=R, house=R"
ID,2004,Republican,Republican,True,Republican,Republican,True,Republican,Republican,True,Republican,Republican,True,"klarner codes: govparty_c=0, sen_cont_alt=0, hs_cont_alt=0","ballotpedia codes: governor=R, senate=R, house=R"
ID,2005,Republican,Republican,True,Republican,Republican,True,Republican,Republican,True,Republican,Republican,True,"klarner codes: govparty_c=0, sen_cont_alt=0, hs_cont_alt=0","ballotpedia codes: governor=R, senate=R, house=R"
ID,2006,Republican,Republican,True,Republican,Republican,True,Republican,Republican,True,Republican,Republican,True,"klarner codes: govparty_c=0, sen_cont_alt=0, hs_cont_alt=0","ballotpedia codes: governor=R, senate=R, house=R"
ID,2007,Republican,Republican,True,Republican,Republican,True,Republican,Republican,True,Republican,Republican,True,"klarner codes: govparty_c=0, sen_cont_alt=0, hs_cont_alt=0","ballotpedia codes: governor=R, senate=R, house=R"
ID,2008,Republican,Republican,True,Republican,Republican,True,Republican,Republican,True,Republican,Republican,True,"klarner codes: govparty_c=0, sen_cont_alt=0, hs_cont_alt=0","ballotpedia codes: governor=R, senate=R, house=R"
ID,2009,Republican,Republican,True,Republican,Republican,True,Republican,Republican,True,Republican,Republican,True,"klarner codes: govparty_c=0, sen_cont_alt=0, hs_cont_alt=0","ballotpedia codes: governor=R, senate=R, house=R"
ID,2010,Republican,Republican,True,Republican,Republican,True,Republican,Republican,True,Republican,Republican,True,"klarner codes: govparty_c=0, sen_cont_alt=0, hs_cont_alt=0","ballotpedia codes: governor=R, senate=R, house=R"
ID,2011,Republican,Republican,True,Republican,Republican,True,Republican,Republican,True,Republican,Republican,True,"klarner codes: govparty_c=0, sen_cont_alt=0, hs_cont_alt=0","ballotpedia codes: governor=R, senate=R, house=R"
IL,1992,Republican,Republican,True,Democratic,Democratic,True,Democratic,Democratic,True,Divided,Divided,True,"klarner codes: govparty_c=0, sen_cont_alt=1, hs_cont_alt=1","ballotpedia codes: governor=R, senate=D, house=D"
IL,1993,Republican,Republican,True,Republican,Republican,True,Democratic,Democratic,True,Divided,Divided,True,"klarner codes: govparty_c=0, sen_cont_alt=0, hs_cont_alt=1","ballotpedia codes: governor=R, senate=R, house=D"
IL,1994,Republican,Republican,True,Republican,Republican,True,Democratic,Democratic,True,Divided,Divided,True,"klarner codes: govparty_c=0, sen_cont_alt=0, hs_cont_alt=1","ballotpedia codes: governor=R, senate=R, house=D"
IL,1995,Republican,Republican,True,Republican,Republican,True,Republican,Republican,True,Republican,Republican,True,"klarner codes: govparty_c=0, sen_cont_alt=0, hs_cont_alt=0","ballotpedia codes: governor=R, senate=R, house=R"
IL,1996,Republican,Republican,True,Republican,Republican,True,Republican,Republican,True,Republican,Republican,True,"klarner codes: govparty_c=0, sen_cont_alt=0, hs_cont_alt=0","ballotpedia codes: governor=R, senate=R, house=R"
IL,1997,Republican,Republican,True,Republican,Republican,True,Democratic,Democratic,True,Divided,Divided,True,"klarner codes: govparty_c=0, sen_cont_alt=0, hs_cont_alt=1","ballotpedia codes: governor=R, senate=R, house=D"
IL,1998,Republican,Republican,True,Republican,Republican,True,Democratic,Democratic,True,Divided,Divided,True,"klarner codes: govparty_c=0, sen_cont_alt=0, hs_cont_alt=1","ballotpedia codes: governor=R, senate=R, house=D"
IL,1999,Republican,Republican,True,Republican,Republican,True,Democratic,Democratic,True,Divided,Divided,True,"klarner codes: govparty_c=0, sen_cont_alt=0, hs_cont_alt=1","ballotpedia codes: governor=R, senate=R, house=D"
IL,2000,Republican,Republican,True,Republican,Republican,True,Democratic,Democratic,True,Divided,Divided,True,"klarner codes: govparty_c=0, sen_cont_alt=0, hs_cont_alt=1","ballotpedia codes: governor=R, senate=R, house=D"
IL,2001,Republican,Republican,True,Republican,Republican,True,Democratic,Democratic,True,Divided,Divided,True,"klarner codes: govparty_c=0, sen_cont_alt=0, hs_cont_alt=1","ballotpedia codes: governor=R, senate=R, house=D"
IL,2002,Republican,Republican,True,Republican,Republican,True,Democratic,Democratic,True,Divided,Divided,True,"klarner codes: govparty_c=0, sen_cont_alt=0, hs_cont_alt=1","ballotpedia codes: governor=R, senate=R, house=D"
IL,2003,Democratic,Democratic,True,Democratic,Democratic,True,Democratic,Democratic,True,Democratic,Democratic,True,"klarner codes: govparty_c=1, sen_cont_alt=1, hs_cont_alt=1","ballotpedia codes: governor=D, senate=D, house=D"
IL,2004,Democratic,Democratic,True,Democratic,Democratic,True,Democratic,Democratic,True,Democratic,Democratic,True,"klarner codes: govparty_c=1, sen_cont_alt=1, hs_cont_alt=1","ballotpedia codes: governor=D, senate=D, house=D"
IL,2005,Democratic,Democratic,True,Democratic,Democratic,True,Democratic,Democratic,True,Democratic,Democratic,True,"klarner codes: govparty_c=1, sen_cont_alt=1, hs_cont_alt=1","ballotpedia codes: governor=D, senate=D, house=D"
IL,2006,Democratic,Democratic,True,Democratic,Democratic,True,Democratic,Democratic,True,Democratic,Democratic,True,"klarner codes: govparty_c=1, sen_cont_alt=1, hs_cont_alt=1","ballotpedia codes: governor=D, senate=D, house=D"
IL,2007,Democratic,Democratic,True,Democratic,Democratic,True,Democratic,Democratic,True,Democratic,Democratic,True,"klarner codes: govparty_c=1, sen_cont_alt=1, hs_cont_alt=1","ballotpedia codes: governor=D, senate=D, house=D"
IL,2008,Democratic,Democratic,True,Democratic,Democratic,True,Democratic,Democratic,True,Democratic,Democratic,True,"klarner codes: govparty_c=1, sen_cont_alt=1, hs_cont_alt=1","ballotpedia codes: governor=D, senate=D, house=D"
IL,2009,Democratic,Democratic,True,Democratic,Democratic,True,Democratic,Democratic,True,Democratic,Democratic,True,"klarner codes: govparty_c=1, sen_cont_alt=1, hs_cont_alt=1","ballotpedia codes: governor=D, senate=D, house=D"
IL,2010,Democratic,Democratic,True,Democratic,Democratic,True,Democratic,Democratic,True,Democratic,Democratic,True,"klarner codes: govparty_c=1, sen_cont_alt=1, hs_cont_alt=1","ballotpedia codes: governor=D, senate=D, house=D"
IL,2011,Democratic,Democratic,True,Democratic,Democratic,True,Democratic,Democratic,True,Democratic,Democratic,True,"klarner codes: govparty_c=1, sen_cont_alt=1, hs_cont_alt=1","ballotpedia codes: governor=D, senate=D, house=D"
IN,1992,Democratic,Democratic,True,Republican,Republican,True,Democratic,Democratic,True,Divided,Divided,True,"klarner codes: govparty_c=1, sen_cont_alt=0, hs_cont_alt=1","ballotpedia codes: governor=D, senate=R, house=D"
IN,1993,Democratic,Democratic,True,Republican,Republican,True,Democratic,Democratic,True,Divided,Divided,True,"klarner codes: govparty_c=1, sen_cont_alt=0, hs_cont_alt=1","ballotpedia codes: governor=D, senate=R, house=D"
IN,1994,Democratic,Democratic,True,Republican,Republican,True,Democratic,Democratic,True,Divided,Divided,True,"klarner codes: govparty_c=1, sen_cont_alt=0, hs_cont_alt=1","ballotpedia codes: governor=D, senate=R, house=D"
IN,1995,Democratic,Democratic,True,Republican,Republican,True,Republican,Republican,True,Divided,Divided,True,"klarner codes: govparty_c=1, sen_cont_alt=0, hs_cont_alt=0","ballotpedia codes: governor=D, senate=R, house=R"
IN,1996,Democratic,Democratic,True,Republican,Republican,True,Republican,Republican,True,Divided,Divided,True,"klarner codes: govparty_c=1, sen_cont_alt=0, hs_cont_alt=0","ballotpedia codes: governor=D, senate=R, house=R"
IN,1997,Democratic,Democratic,True,Republican,Republican,True,Democratic,Democratic,True,Divided,Divided,True,"klarner codes: govparty_c=1, sen_cont_alt=0, hs_cont_alt=1","ballotpedia codes: governor=D, senate=R, house=D"
IN,1998,Democratic,Democratic,True,Republican,Republican,True,Democratic,Democratic,True,Divided,Divided,True,"klarner codes: govparty_c=1, sen_cont_alt=0, hs_cont_alt=1","ballotpedia codes: governor=D, senate=R, house=D"
IN,1999,Democratic,Democratic,True,Republican,Republican,True,Democratic,Democratic,True,Divided,Divided,True,"klarner codes: govparty_c=1, sen_cont_alt=0, hs_cont_alt=1","ballotpedia codes: governor=D, senate=R, house=D"
IN,2000,Democratic,Democratic,True,Republican,Republican,True,Democratic,Democratic,True,Divided,Divided,True,"klarner codes: govparty_c=1, sen_cont_alt=0, hs_cont_alt=1","ballotpedia codes: governor=D, senate=R, house=D"
IN,2001,Democratic,Democratic,True,Republican,Republican,True,Democratic,Democratic,True,Divided,Divided,True,"klarner codes: govparty_c=1, sen_cont_alt=0, hs_cont_alt=1","ballotpedia codes: governor=D, senate=R, house=D"
IN,2002,Democratic,Democratic,True,Republican,Republican,True,Democratic,Democratic,True,Divided,Divided,True,"klarner codes: govparty_c=1, sen_cont_alt=0, hs_cont_alt=1","ballotpedia codes: governor=D, senate=R, house=D"
IN,2003,Democratic,Democratic,True,Republican,Republican,True,Democratic,Democratic,True,Divided,Divided,True,"klarner codes: govparty_c=1, sen_cont_alt=0, hs_cont_alt=1","ballotpedia codes: governor=D, senate=R, house=D"
IN,2004,Democratic,Democratic,True,Republican,Republican,True,Democratic,Democratic,True,Divided,Divided,True,"klarner codes: govparty_c=1, sen_cont_alt=0, hs_cont_alt=1","ballotpedia codes: governor=D, senate=R, house=D"
IN,2005,Republican,Republican,True,Republican,Republican,True,Republican,Republican,True,Republican,Republican,True,"klarner codes: govparty_c=0, sen_cont_alt=0, hs_cont_alt=0","ballotpedia codes: governor=R, senate=R, house=R"
IN,2006,Republican,Republican,True,Republican,Republican,True,Republican,Republican,True,Republican,Republican,True,"klarner codes: govparty_c=0, sen_cont_alt=0, hs_cont_alt=0","ballotpedia codes: governor=R, senate=R, house=R"
IN,2007,Republican,Republican,True,Republican,Republican,True,Democratic,Democratic,True,Divided,Divided,True,"klarner codes: govparty_c=0, sen_cont_alt=0, hs_cont_alt=1","ballotpedia codes: governor=R, senate=R, house=D"
IN,2008,Republican,Republican,True,Republican,Republican,True,Democratic,Democratic,True,Divided,Divided,True,"klarner codes: govparty_c=0, sen_cont_alt=0, hs_cont_alt=1","ballotpedia codes: governor=R, senate=R, house=D"
IN,2009,Republican,Republican,True,Republican,Republican,True,Democratic,Democratic,True,Divided,Divided,True,"klarner codes: govparty_c=0, sen_cont_alt=0, hs_cont_alt=1","ballotpedia codes: governor=R, senate=R, house=D"
IN,2010,Republican,Republican,True,Republican,Republican,True,Democratic,Democratic,True,Divided,Divided,True,"klarner codes: govparty_c=0, sen_cont_alt=0, hs_cont_alt=1","ballotpedia codes: governor=R, senate=R, house=D"
IN,2011,Republican,Republican,True,Republican,Republican,True,Republican,Republican,True,Republican,Republican,True,"klarner codes: govparty_c=0, sen_cont_alt=0, hs_cont_alt=0","ballotpedia codes: governor=R, senate=R, house=R"
KS,1992,Democratic,Democratic,True,Republican,Republican,True,Democratic,Democratic,True,Divided,Divided,True,"klarner codes: govparty_c=1, sen_cont_alt=0, hs_cont_alt=1","ballotpedia codes: governor=D, senate=R, house=D"
KS,1993,Democratic,Democratic,True,Republican,Republican,True,Republican,Republican,True,Divided,Divided,True,"klarner codes: govparty_c=1, sen_cont_alt=0, hs_cont_alt=0","ballotpedia codes: governor=D, senate=R, house=R"
KS,1994,Democratic,Democratic,True,Republican,Republican,True,Republican,Republican,True,Divided,Divided,True,"klarner codes: govparty_c=1, sen_cont_alt=0, hs_cont_alt=0","ballotpedia codes: governor=D, senate=R, house=R"
KS,1995,Republican,Republican,True,Republican,Republican,True,Republican,Republican,True,Republican,Republican,True,"klarner codes: govparty_c=0, sen_cont_alt=0, hs_cont_alt=0","ballotpedia codes: governor=R, senate=R, house=R"
KS,1996,Republican,Republican,True,Republican,Republican,True,Republican,Republican,True,Republican,Republican,True,"klarner codes: govparty_c=0, sen_cont_alt=0, hs_cont_alt=0","ballotpedia codes: governor=R, senate=R, house=R"
KS,1997,Republican,Republican,True,Republican,Republican,True,Republican,Republican,True,Republican,Republican,True,"klarner codes: govparty_c=0, sen_cont_alt=0, hs_cont_alt=0","ballotpedia codes: governor=R, senate=R, house=R"
KS,1998,Republican,Republican,True,Republican,Republican,True,Republican,Republican,True,Republican,Republican,True,"klarner codes: govparty_c=0, sen_cont_alt=0, hs_cont_alt=0","ballotpedia codes: governor=R, senate=R, house=R"
KS,1999,Republican,Republican,True,Republican,Republican,True,Republican,Republican,True,Republican,Republican,True,"klarner codes: govparty_c=0, sen_cont_alt=0, hs_cont_alt=0","ballotpedia codes: governor=R, senate=R, house=R"
KS,2000,Republican,Republican,True,Republican,Republican,True,Republican,Republican,True,Republican,Republican,True,"klarner codes: govparty_c=0, sen_cont_alt=0, hs_cont_alt=0","ballotpedia codes: governor=R, senate=R, house=R"
KS,2001,Republican,Republican,True,Republican,Republican,True,Republican,Republican,True,Republican,Republican,True,"klarner codes: govparty_c=0, sen_cont_alt=0, hs_cont_alt=0","ballotpedia codes: governor=R, senate=R, house=R"
KS,2002,Republican,Republican,True,Republican,Republican,True,Republican,Republican,True,Republican,Republican,True,"klarner codes: govparty_c=0, sen_cont_alt=0, hs_cont_alt=0","ballotpedia codes: governor=R, senate=R, house=R"
KS,2003,Democratic,Democratic,True,Republican,Republican,True,Republican,Republican,True,Divided,Divided,True,"klarner codes: govparty_c=1, sen_cont_alt=0, hs_cont_alt=0","ballotpedia codes: governor=D, senate=R, house=R"
KS,2004,Democratic,Democratic,True,Republican,Republican,True,Republican,Republican,True,Divided,Divided,True,"klarner codes: govparty_c=1, sen_cont_alt=0, hs_cont_alt=0","ballotpedia codes: governor=D, senate=R, house=R"
KS,2005,Democratic,Democratic,True,Republican,Republican,True,Republican,Republican,True,Divided,Divided,True,"klarner codes: govparty_c=1, sen_cont_alt=0, hs_cont_alt=0","ballotpedia codes: governor=D, senate=R, house=R"
KS,2006,Democratic,Democratic,True,Republican,Republican,True,Republican,Republican,True,Divided,Divided,True,"klarner codes: govparty_c=1, sen_cont_alt=0, hs_cont_alt=0","ballotpedia codes: governor=D, senate=R, house=R"
KS,2007,Democratic,Democratic,True,Republican,Republican,True,Republican,Republican,True,Divided,Divided,True,"klarner codes: govparty_c=1, sen_cont_alt=0, hs_cont_alt=0","ballotpedia codes: governor=D, senate=R, house=R"
KS,2008,Democratic,Democratic,True,Republican,Republican,True,Republican,Republican,True,Divided,Divided,True,"klarner codes: govparty_c=1, sen_cont_alt=0, hs_cont_alt=0","ballotpedia codes: governor=D, senate=R, house=R"
KS,2009,Democratic,Democratic,True,Republican,Republican,True,Republican,Republican,True,Divided,Divided,True,"klarner codes: govparty_c=1, sen_cont_alt=0, hs_cont_alt=0","ballotpedia codes: governor=D, senate=R, house=R"
KS,2010,Democratic,Democratic,True,Republican,Republican,True,Republican,Republican,True,Divided,Divided,True,"klarner codes: govparty_c=1, sen_cont_alt=0, hs_cont_alt=0","ballotpedia codes: governor=D, senate=R, house=R"
KS,2011,Republican,Republican,True,Republican,Republican,True,Republican,Republican,True,Republican,Republican,True,"klarner codes: govparty_c=0, sen_cont_alt=0, hs_cont_alt=0","ballotpedia codes: governor=R, senate=R, house=R"
KY,1992,Democratic,Democratic,True,Democratic,Democratic,True,Democratic,Democratic,True,Democratic,Democratic,True,"klarner codes: govparty_c=1, sen_cont_alt=1, hs_cont_alt=1","ballotpedia codes: governor=D, senate=D, house=D"
KY,1993,Democratic,Democratic,True,Democratic,Democratic,True,Democratic,Democratic,True,Democratic,Democratic,True,"klarner codes: govparty_c=1, sen_cont_alt=1, hs_cont_alt=1","ballotpedia codes: governor=D, senate=D, house=D"
KY,1994,Democratic,Democratic,True,Democratic,Democratic,True,Democratic,Democratic,True,Democratic,Democratic,True,"klarner codes: govparty_c=1, sen_cont_alt=1, hs_cont_alt=1","ballotpedia codes: governor=D, senate=D, house=D"
KY,1995,Democratic,Democratic,True,Democratic,Democratic,True,Democratic,Democratic,True,Democratic,Democratic,True,"klarner codes: govparty_c=1, sen_cont_alt=1, hs_cont_alt=1","ballotpedia codes: governor=D, senate=D, house=D"
KY,1996,Democratic,Democratic,True,Democratic,Democratic,True,Democratic,Democratic,True,Democratic,Democratic,True,"klarner codes: govparty_c=1, sen_cont_alt=1, hs_cont_alt=1","ballotpedia codes: governor=D, senate=D, house=D"
KY,1997,Democratic,Democratic,True,Democratic,Democratic,True,Democratic,Democratic,True,Democratic,Democratic,True,"klarner codes: govparty_c=1, sen_cont_alt=1, hs_cont_alt=1","ballotpedia codes: governor=D, senate=D, house=D"
KY,1998,Democratic,Democratic,True,Democratic,Democratic,True,Democratic,Democratic,True,Democratic,Democratic,True,"klarner codes: govparty_c=1, sen_cont_alt=1, hs_cont_alt=1","ballotpedia codes: governor=D, senate=D, house=D"
KY,1999,Democratic,Democratic,True,Democratic,Democratic,True,Democratic,Democratic,True,Democratic,Democratic,True,"klarner codes: govparty_c=1, sen_cont_alt=1, hs_cont_alt=1","ballotpedia codes: governor=D, senate=D, house=D"
KY,2000,Democratic,Democratic,True,Republican,Republican,True,Democratic,Democratic,True,Divided,Divided,True,"klarner codes: govparty_c=1, sen_cont_alt=0, hs_cont_alt=1","ballotpedia codes: governor=D, senate=R, house=D"
KY,2001,Democratic,Democratic,True,Republican,Republican,True,Democratic,Democratic,True,Divided,Divided,True,"klarner codes: govparty_c=1, sen_cont_alt=0, hs_cont_alt=1","ballotpedia codes: governor=D, senate=R, house=D"
KY,2002,Democratic,Democratic,True,Republican,Republican,True,Democratic,Democratic,True,Divided,Divided,True,"klarner codes: govparty_c=1, sen_cont_alt=0, hs_cont_alt=1","ballotpedia codes: governor=D, senate=R, house=D"
KY,2003,Democratic,Democratic,True,Republican,Republican,True,Democratic,Democratic,True,Divided,Divided,True,"klarner codes: govparty_c=1, sen_cont_alt=0, hs_cont_alt=1","ballotpedia codes: governor=D, senate=R, house=D"
KY,2004,Republican,Republican,True,Republican,Republican,True,Democratic,Democratic,True,Divided,Divided,True,"klarner codes: govparty_c=0, sen_cont_alt=0, hs_cont_alt=1","ballotpedia codes: governor=R, senate=R, house=D"
KY,2005,Republican,Republican,True,Republican,Republican,True,Democratic,Democratic,True,Divided,Divided,True,"klarner codes: govparty_c=0, sen_cont_alt=0, hs_cont_alt=1","ballotpedia codes: governor=R, senate=R, house=D"
KY,2006,Republican,Republican,True,Republican,Republican,True,Democratic,Democratic,True,Divided,Divided,True,"klarner codes: govparty_c=0, sen_cont_alt=0, hs_cont_alt=1","ballotpedia codes: governor=R, senate=R, house=D"
KY,2007,Republican,Republican,True,Republican,Republican,True,Democratic,Democratic,True,Divided,Divided,True,"klarner codes: govparty_c=0, sen_cont_alt=0, hs_cont_alt=1","ballotpedia codes: governor=R, senate=R, house=D"
KY,2008,Democratic,Democratic,True,Republican,Republican,True,Democratic,Democratic,True,Divided,Divided,True,"klarner codes: govparty_c=1, sen_cont_alt=0, hs_cont_alt=1","ballotpedia codes: governor=D, senate=R, house=D"
KY,2009,Democratic,Democratic,True,Republican,Republican,True,Democratic,Democratic,True,Divided,Divided,True,"klarner codes: govparty_c=1, sen_cont_alt=0, hs_cont_alt=1","ballotpedia codes: governor=D, senate=R, house=D"
KY,2010,Democratic,Democratic,True,Republican,Republican,True,Democratic,Democratic,True,Divided,Divided,True,"klarner codes: govparty_c=1, sen_cont_alt=0, hs_cont_alt=1","ballotpedia codes: governor=D, senate=R, house=D"
KY,2011,Democratic,Democratic,True,Republican,Republican,True,Democratic,Democratic,True,Divided,Divided,True,"klarner codes: govparty_c=1, sen_cont_alt=0, hs_cont_alt=1","ballotpedia codes: governor=D, senate=R, house=D"
LA,1992,Democratic,Democratic,True,Democratic,Democratic,True,Democratic,Democratic,True,Democratic,Democratic,True,"klarner codes: govparty_c=1, sen_cont_alt=1, hs_cont_alt=1","ballotpedia codes: governor=D, senate=D, house=D"
LA,1993,Democratic,Democratic,True,Democratic,Democratic,True,Democratic,Democratic,True,Democratic,Democratic,True,"klarner codes: govparty_c=1, sen_cont_alt=1, hs_cont_alt=1","ballotpedia codes: governor=D, senate=D, house=D"
LA,1994,Democratic,Democratic,True,Democratic,Democratic,True,Democratic,Democratic,True,Democratic,Democratic,True,"klarner codes: govparty_c=1, sen_cont_alt=1, hs_cont_alt=1","ballotpedia codes: governor=D, senate=D, house=D"
LA,1995,Democratic,Democratic,True,Democratic,Democratic,True,Democratic,Democratic,True,Democratic,Democratic,True,"klarner codes: govparty_c=1, sen_cont_alt=1, hs_cont_alt=1","ballotpedia codes: governor=D, senate=D, house=D"
LA,1996,Republican,Republican,True,Democratic,Democratic,True,Democratic,Democratic,True,Divided,Divided,True,"klarner codes: govparty_c=0, sen_cont_alt=1, hs_cont_alt=1","ballotpedia codes: governor=R, senate=D, house=D"
LA,1997,Republican,Republican,True,Democratic,Democratic,True,Democratic,Democratic,True,Divided,Divided,True,"klarner codes: govparty_c=0, sen_cont_alt=1, hs_cont_alt=1","ballotpedia codes: governor=R, senate=D, house=D"
LA,1998,Republican,Republican,True,Democratic,Democratic,True,Democratic,Democratic,True,Divided,Divided,True,"klarner codes: govparty_c=0, sen_cont_alt=1, hs_cont_alt=1","ballotpedia codes: governor=R, senate=D, house=D"
LA,1999,Republican,Republican,True,Democratic,Democratic,True,Democratic,Democratic,True,Divided,Divided,True,"klarner codes: govparty_c=0, sen_cont_alt=1, hs_cont_alt=1","ballotpedia codes: governor=R, senate=D, house=D"
LA,2000,Republican,Republican,True,Democratic,Democratic,True,Democratic,Democratic,True,Divided,Divided,True,"klarner codes: govparty_c=0, sen_cont_alt=1, hs_cont_alt=1","ballotpedia codes: governor=R, senate=D, house=D"
LA,2001,Republican,Republican,True,Democratic,Democratic,True,Democratic,Democratic,True,Divided,Divided,True,"klarner codes: govparty_c=0, sen_cont_alt=1, hs_cont_alt=1","ballotpedia codes: governor=R, senate=D, house=D"
LA,2002,Republican,Republican,True,Democratic,Democratic,True,Democratic,Democratic,True,Divided,Divided,True,"klarner codes: govparty_c=0, sen_cont_alt=1, hs_cont_alt=1","ballotpedia codes: governor=R, senate=D, house=D"
LA,2003,Republican,Republican,True,Democratic,Democratic,True,Democratic,Democratic,True,Divided,Divided,True,"klarner codes: govparty_c=0, sen_cont_alt=1, hs_cont_alt=1","ballotpedia codes: governor=R, senate=D, house=D"
LA,2004,Democratic,Democratic,True,Democratic,Democratic,True,Democratic,Democratic,True,Democratic,Democratic,True,"klarner codes: govparty_c=1, sen_cont_alt=1, hs_cont_alt=1","ballotpedia codes: governor=D, senate=D, house=D"
LA,2005,Democratic,Democratic,True,Democratic,Democratic,True,Democratic,Democratic,True,Democratic,Democratic,True,"klarner codes: govparty_c=1, sen_cont_alt=1, hs_cont_alt=1","ballotpedia codes: governor=D, senate=D, house=D"
LA,2006,Democratic,Democratic,True,Democratic,Democratic,True,Democratic,Democratic,True,Democratic,Democratic,True,"klarner codes: govparty_c=1, sen_cont_alt=1, hs_cont_alt=1","ballotpedia codes: governor=D, senate=D, house=D"
LA,2007,Democratic,Democratic,True,Democratic,Democratic,True,Democratic,Democratic,True,Democratic,Democratic,True,"klarner codes: govparty_c=1, sen_cont_alt=1, hs_cont_alt=1","ballotpedia codes: governor=D, senate=D, house=D"
LA,2008,Republican,Republican,True,Democratic,Democratic,True,Democratic,Democratic,True,Divided,Divided,True,"klarner codes: govparty_c=0, sen_cont_alt=1, hs_cont_alt=1","ballotpedia codes: governor=R, senate=D, house=D"
LA,2009,Republican,Republican,True,Democratic,Democratic,True,Democratic,Democratic,True,Divided,Divided,True,"klarner codes: govparty_c=0, sen_cont_alt=1, hs_cont_alt=1","ballotpedia codes: governor=R, senate=D, house=D"
LA,2010,Republican,Republican,True,Democratic,Democratic,True,Split,Democratic,False,Divided,Divided,True,"klarner codes: govparty_c=0, sen_cont_alt=1, hs_cont_alt=0.5; house: neither party held a majority of seats or control was shared (klarner 0.5)","ballotpedia codes: governor=R, senate=D, house=D"
LA,2011,Republican,Republican,True,Democratic,Republican,False,Republican,Republican,True,Divided,Republican,False,"klarner codes: govparty_c=0, sen_cont_alt=1, hs_cont_alt=0","ballotpedia codes: governor=R, senate=R, house=R"
MA,1992,Republican,Republican,True,Democratic,Democratic,True,Democratic,Democratic,True,Divided,Divided,True,"klarner codes: govparty_c=0, sen_cont_alt=1, hs_cont_alt=1","ballotpedia codes: governor=R, senate=D, house=D"
MA,1993,Republican,Republican,True,Democratic,Democratic,True,Democratic,Democratic,True,Divided,Divided,True,"klarner codes: govparty_c=0, sen_cont_alt=1, hs_cont_alt=1","ballotpedia codes: governor=R, senate=D, house=D"
MA,1994,Republican,Republican,True,Democratic,Democratic,True,Democratic,Democratic,True,Divided,Divided,True,"klarner codes: govparty_c=0, sen_cont_alt=1, hs_cont_alt=1","ballotpedia codes: governor=R, senate=D, house=D"
MA,1995,Republican,Republican,True,Democratic,Democratic,True,Democratic,Democratic,True,Divided,Divided,True,"klarner codes: govparty_c=0, sen_cont_alt=1, hs_cont_alt=1","ballotpedia codes: governor=R, senate=D, house=D"
MA,1996,Republican,Republican,True,Democratic,Democratic,True,Democratic,Democratic,True,Divided,Divided,True,"klarner codes: govparty_c=0, sen_cont_alt=1, hs_cont_alt=1","ballotpedia codes: governor=R, senate=D, house=D"
MA,1997,Republican,Republican,True,Democratic,Democratic,True,Democratic,Democratic,True,Divided,Divided,True,"klarner codes: govparty_c=0, sen_cont_alt=1, hs_cont_alt=1","ballotpedia codes: governor=R, senate=D, house=D"
MA,1998,Republican,Republican,True,Democratic,Democratic,True,Democratic,Democratic,True,Divided,Divided,True,"klarner codes: govparty_c=0, sen_cont_alt=1, hs_cont_alt=1","ballotpedia codes: governor=R, senate=D, house=D"
MA,1999,Republican,Republican,True,Democratic,Democratic,True,Democratic,Democratic,True,Divided,Divided,True,"klarner codes: govparty_c=0, sen_cont_alt=1, hs_cont_alt=1","ballotpedia codes: governor=R, senate=D, house=D"
MA,2000,Republican,Republican,True,Democratic,Democratic,True,Democratic,Democratic,True,Divided,Divided,True,"klarner codes: govparty_c=0, sen_cont_alt=1, hs_cont_alt=1","ballotpedia codes: governor=R, senate=D, house=D"
MA,2001,Republican,Republican,True,Democratic,Democratic,True,Democratic,Democratic,True,Divided,Divided,True,"klarner codes: govparty_c=0, sen_cont_alt=1, hs_cont_alt=1","ballotpedia codes: governor=R, senate=D, house=D"
MA,2002,Republican,Republican,True,Democratic,Democratic,True,Democratic,Democratic,True,Divided,Divided,True,"klarner codes: govparty_c=0, sen_cont_alt=1, hs_cont_alt=1","ballotpedia codes: governor=R, senate=D, house=D"
MA,2003,Republican,Republican,True,Democratic,Democratic,True,Democratic,Democratic,True,Divided,Divided,True,"klarner codes: govparty_c=0, sen_cont_alt=1, hs_cont_alt=1","ballotpedia codes: governor=R, senate=D, house=D"
MA,2004,Republican,Republican,True,Democratic,Democratic,True,Democratic,Democratic,True,Divided,Divided,True,"klarner codes: govparty_c=0, sen_cont_alt=1, hs_cont_alt=1","ballotpedia codes: governor=R, senate=D, house=D"
MA,2005,Republican,Republican,True,Democratic,Democratic,True,Democratic,Democratic,True,Divided,Divided,True,"klarner codes: govparty_c=0, sen_cont_alt=1, hs_cont_alt=1","ballotpedia codes: governor=R, senate=D, house=D"
MA,2006,Republican,Republican,True,Democratic,Democratic,True,Democratic,Democratic,True,Divided,Divided,True,"klarner codes: govparty_c=0, sen_cont_alt=1, hs_cont_alt=1","ballotpedia codes: governor=R, senate=D, house=D"
MA,2007,Democratic,Democratic,True,Democratic,Democratic,True,Democratic,Democratic,True,Democratic,Democratic,True,"klarner codes: govparty_c=1, sen_cont_alt=1, hs_cont_alt=1","ballotpedia codes: governor=D, senate=D, house=D"
MA,2008,Democratic,Democratic,True,Democratic,Democratic,True,Democratic,Democratic,True,Democratic,Democratic,True,"klarner codes: govparty_c=1, sen_cont_alt=1, hs_cont_alt=1","ballotpedia codes: governor=D, senate=D, house=D"
MA,2009,Democratic,Democratic,True,Democratic,Democratic,True,Democratic,Democratic,True,Democratic,Democratic,True,"klarner codes: govparty_c=1, sen_cont_alt=1, hs_cont_alt=1","ballotpedia codes: governor=D, senate=D, house=D"
MA,2010,Democratic,Democratic,True,Democratic,Democratic,True,Democratic,Democratic,True,Democratic,Democratic,True,"klarner codes: govparty_c=1, sen_cont_alt=1, hs_cont_alt=1","ballotpedia codes: governor=D, senate=D, house=D"
MA,2011,Democratic,Democratic,True,Democratic,Democratic,True,Democratic,Democratic,True,Democratic,Democratic,True,"klarner codes: govparty_c=1, sen_cont_alt=1, hs_cont_alt=1","ballotpedia codes: governor=D, senate=D, house=D"
MD,1992,Democratic,Democratic,True,Democratic,Democratic,True,Democratic,Democratic,True,Democratic,Democratic,True,"klarner codes: govparty_c=1, sen_cont_alt=1, hs_cont_alt=1","ballotpedia codes: governor=D, senate=D, house=D"
MD,1993,Democratic,Democratic,True,Democratic,Democratic,True,Democratic,Democratic,True,Democratic,Democratic,True,"klarner codes: govparty_c=1, sen_cont_alt=1, hs_cont_alt=1","ballotpedia codes: governor=D, senate=D, house=D"
MD,1994,Democratic,Democratic,True,Democratic,Democratic,True,Democratic,Democratic,True,Democratic,Democratic,True,"klarner codes: govparty_c=1, sen_cont_alt=1, hs_cont_alt=1","ballotpedia codes: governor=D, senate=D, house=D"
MD,1995,Democratic,Democratic,True,Democratic,Democratic,True,Democratic,Democratic,True,Democratic,Democratic,True,"klarner codes: govparty_c=1, sen_cont_alt=1, hs_cont_alt=1","ballotpedia codes: governor=D, senate=D, house=D"
MD,1996,Democratic,Democratic,True,Democratic,Democratic,True,Democratic,Democratic,True,Democratic,Democratic,True,"klarner codes: govparty_c=1, sen_cont_alt=1, hs_cont_alt=1","ballotpedia codes: governor=D, senate=D, house=D"
MD,1997,Democratic,Democratic,True,Democratic,Democratic,True,Democratic,Democratic,True,Democratic,Democratic,True,"klarner codes: govparty_c=1, sen_cont_alt=1, hs_cont_alt=1","ballotpedia codes: governor=D, senate=D, house=D"
MD,1998,Democratic,Democratic,True,Democratic,Democratic,True,Democratic,Democratic,True,Democratic,Democratic,True,"klarner codes: govparty_c=1, sen_cont_alt=1, hs_cont_alt=1","ballotpedia codes: governor=D, senate=D, house=D"
MD,1999,Democratic,Democratic,True,Democratic,Democratic,True,Democratic,Democratic,True,Democratic,Democratic,True,"klarner codes: govparty_c=1, sen_cont_alt=1, hs_cont_alt=1","ballotpedia codes: governor=D, senate=D, house=D"
MD,2000,Democratic,Democratic,True,Democratic,Democratic,True,Democratic,Democratic,True,Democratic,Democratic,True,"klarner codes: govparty_c=1, sen_cont_alt=1, hs_cont_alt=1","ballotpedia codes: governor=D, senate=D, house=D"
MD,2001,Democratic,Democratic,True,Democratic,Democratic,True,Democratic,Democratic,True,Democratic,Democratic,True,"klarner codes: govparty_c=1, sen_cont_alt=1, hs_cont_alt=1","ballotpedia codes: governor=D, senate=D, house=D"
MD,2002,Democratic,Democratic,True,Democratic,Democratic,True,Democratic,Democratic,True,Democratic,Democratic,True,"klarner codes: govparty_c=1, sen_cont_alt=1, hs_cont_alt=1","ballotpedia codes: governor=D, senate=D, house=D"
MD,2003,Republican,Republican,True,Democratic,Democratic,True,Democratic,Democratic,True,Divided,Divided,True,"klarner codes: govparty_c=0, sen_cont_alt=1, hs_cont_alt=1","ballotpedia codes: governor=R, senate=D, house=D"
MD,2004,Republican,Republican,True,Democratic,Democratic,True,Democratic,Democratic,True,Divided,Divided,True,"klarner codes: govparty_c=0, sen_cont_alt=1, hs_cont_alt=1","ballotpedia codes: governor=R, senate=D, house=D"
MD,2005,Republican,Republican,True,Democratic,Democratic,True,Democratic,Democratic,True,Divided,Divided,True,"klarner codes: govparty_c=0, sen_cont_alt=1, hs_cont_alt=1","ballotpedia codes: governor=R, senate=D, house=D"
MD,2006,Republican,Republican,True,Democratic,Democratic,True,Democratic,Democratic,True,Divided,Divided,True,"klarner codes: govparty_c=0, sen_cont_alt=1, hs_cont_alt=1","ballotpedia codes: governor=R, senate=D, house=D"
MD,2007,Democratic,Democratic,True,Democratic,Democratic,True,Democratic,Democratic,True,Democratic,Democratic,True,"klarner codes: govparty_c=1, sen_cont_alt=1, hs_cont_alt=1","ballotpedia codes: governor=D, senate=D, house=D"
MD,2008,Democratic,Democratic,True,Democratic,Democratic,True,Democratic,Democratic,True,Democratic,Democratic,True,"klarner codes: govparty_c=1, sen_cont_alt=1, hs_cont_alt=1","ballotpedia codes: governor=D, senate=D, house=D"
MD,2009,Democratic,Democratic,True,Democratic,Democratic,True,Democratic,Democratic,True,Democratic,Democratic,True,"klarner codes: govparty_c=1, sen_cont_alt=1, hs_cont_alt=1","ballotpedia codes: governor=D, senate=D, house=D"
MD,2010,Democratic,Democratic,True,Democratic,Democratic,True,Democratic,Democratic,True,Democratic,Democratic,True,"klarner codes: govparty_c=1, sen_cont_alt=1, hs_cont_alt=1","ballotpedia codes: governor=D, senate=D, house=D"
MD,2011,Democratic,Democratic,True,Democratic,Democratic,True,Democratic,Democratic,True,Democratic,Democratic,True,"klarner codes: govparty_c=1, sen_cont_alt=1, hs_cont_alt=1","ballotpedia codes: governor=D, senate=D, house=D"
ME,1992,Republican,Republican,True,Democratic,Democratic,True,Democratic,Democratic,True,Divided,Divided,True,"klarner codes: govparty_c=0, sen_cont_alt=1, hs_cont_alt=1","ballotpedia codes: governor=R, senate=D, house=D"
ME,1993,Republican,Republican,True,Democratic,Democratic,True,Democratic,Democratic,True,Divided,Divided,True,"klarner codes: govparty_c=0, sen_cont_alt=1, hs_cont_alt=1","ballotpedia codes: governor=R, senate=D, house=D"
ME,1994,Republican,Republican,True,Democratic,Democratic,True,Democratic,Democratic,True,Divided,Divided,True,"klarner codes: govparty_c=0, sen_cont_alt=1, hs_cont_alt=1","ballotpedia codes: governor=R, senate=D, house=D"
ME,1995,Other,Other,True,Republican,Republican,True,Democratic,Democratic,True,Divided,Divided,True,"klarner codes: govparty_c=0.5, sen_cont_alt=0, hs_cont_alt=1; governor not of a major party","ballotpedia codes: governor=I, senate=R, house=D; governor not of a major party (ballotpedia I)"
ME,1996,Other,Other,True,Republican,Republican,True,Split,Democratic,False,Divided,Divided,True,"klarner codes: govparty_c=0.5, sen_cont_alt=0, hs_cont_alt=0.5; governor not of a major party; house: neither party held a majority of seats or control was shared (klarner 0.5)","ballotpedia codes: governor=I, senate=R, house=D; governor not of a major party (ballotpedia I)"
ME,1997,Other,Other,True,Democratic,Democratic,True,Democratic,Democratic,True,Divided,Divided,True,"klarner codes: govparty_c=0.5, sen_cont_alt=1, hs_cont_alt=1; governor not of a major party","ballotpedia codes: governor=I, senate=D, house=D; governor not of a major party (ballotpedia I)"
ME,1998,Other,Other,True,Democratic,Democratic,True,Democratic,Democratic,True,Divided,Divided,True,"klarner codes: govparty_c=0.5, sen_cont_alt=1, hs_cont_alt=1; governor not of a major party","ballotpedia codes: governor=I, senate=D, house=D; governor not of a major party (ballotpedia I)"
ME,1999,Other,Other,True,Democratic,Democratic,True,Democratic,Democratic,True,Divided,Divided,True,"klarner codes: govparty_c=0.5, sen_cont_alt=1, hs_cont_alt=1; governor not of a major party","ballotpedia codes: governor=I, senate=D, house=D; governor not of a major party (ballotpedia I)"
ME,2000,Other,Other,True,Democratic,Democratic,True,Democratic,Democratic,True,Divided,Divided,True,"klarner codes: govparty_c=0.5, sen_cont_alt=1, hs_cont_alt=1; governor not of a major party","ballotpedia codes: governor=I, senate=D, house=D; governor not of a major party (ballotpedia I)"
ME,2001,Other,Other,True,Split,Split,True,Democratic,Democratic,True,Divided,Divided,True,"klarner codes: govparty_c=0.5, sen_cont_alt=0.5, hs_cont_alt=1; governor not of a major party; senate: neither party held a majority of seats or control was shared (klarner 0.5)","ballotpedia codes: governor=I, senate=S, house=D; governor not of a major party (ballotpedia I); senate: tied, power-sharing agreement or bipartisan coalition (ballotpedia S)"
ME,2002,Other,Other,True,Split,Split,True,Democratic,Democratic,True,Divided,Divided,True,"klarner codes: govparty_c=0.5, sen_cont_alt=0.5, hs_cont_alt=1; governor not of a major party; senate: neither party held a majority of seats or control was shared (klarner 0.5)","ballotpedia codes: governor=I, senate=S, house=D; governor not of a major party (ballotpedia I); senate: tied, power-sharing agreement or bipartisan coalition (ballotpedia S)"
ME,2003,Democratic,Democratic,True,Democratic,Democratic,True,Democratic,Democratic,True,Democratic,Democratic,True,"klarner codes: govparty_c=1, sen_cont_alt=1, hs_cont_alt=1","ballotpedia codes: governor=D, senate=D, house=D"
ME,2004,Democratic,Democratic,True,Democratic,Democratic,True,Democratic,Democratic,True,Democratic,Democratic,True,"klarner codes: govparty_c=1, sen_cont_alt=1, hs_cont_alt=1","ballotpedia codes: governor=D, senate=D, house=D"
ME,2005,Democratic,Democratic,True,Democratic,Democratic,True,Democratic,Democratic,True,Democratic,Democratic,True,"klarner codes: govparty_c=1, sen_cont_alt=1, hs_cont_alt=1","ballotpedia codes: governor=D, senate=D, house=D"
ME,2006,Democratic,Democratic,True,Democratic,Democratic,True,Democratic,Democratic,True,Democratic,Democratic,True,"klarner codes: govparty_c=1, sen_cont_alt=1, hs_cont_alt=1","ballotpedia codes: governor=D, senate=D, house=D"
ME,2007,Democratic,Democratic,True,Democratic,Democratic,True,Democratic,Democratic,True,Democratic,Democratic,True,"klarner codes: govparty_c=1, sen_cont_alt=1, hs_cont_alt=1","ballotpedia codes: governor=D, senate=D, house=D"
ME,2008,Democratic,Democratic,True,Democratic,Democratic,True,Democratic,Democratic,True,Democratic,Democratic,True,"klarner codes: govparty_c=1, sen_cont_alt=1, hs_cont_alt=1","ballotpedia codes: governor=D, senate=D, house=D"
ME,2009,Democratic,Democratic,True,Democratic,Democratic,True,Democratic,Democratic,True,Democratic,Democratic,True,"klarner codes: govparty_c=1, sen_cont_alt=1, hs_cont_alt=1","ballotpedia codes: governor=D, senate=D, house=D"
ME,2010,Democratic,Democratic,True,Democratic,Democratic,True,Democratic,Democratic,True,Democratic,Democratic,True,"klarner codes: govparty_c=1, sen_cont_alt=1, hs_cont_alt=1","ballotpedia codes: governor=D, senate=D, house=D"
ME,2011,Republican,Republican,True,Republican,Republican,True,Republican,Republican,True,Republican,Republican,True,"klarner codes: govparty_c=0, sen_cont_alt=0, hs_cont_alt=0","ballotpedia codes: governor=R, senate=R, house=R"
MI,1992,Republican,Republican,True,Republican,Republican,True,Democratic,Democratic,True,Divided,Divided,True,"klarner codes: govparty_c=0, sen_cont_alt=0, hs_cont_alt=1","ballotpedia codes: governor=R, senate=R, house=D"
MI,1993,Republican,Republican,True,Republican,Republican,True,Split,Split,True,Divided,Divided,True,"klarner codes: govparty_c=0, sen_cont_alt=0, hs_cont_alt=0.5; house: neither party held a majority of seats or control was shared (klarner 0.5)","ballotpedia codes: governor=R, senate=R, house=S; house: tied, power-sharing agreement or bipartisan coalition (ballotpedia S)"
MI,1994,Republican,Republican,True,Republican,Republican,True,Split,Split,True,Divided,Divided,True,"klarner codes: govparty_c=0, sen_cont_alt=0, hs_cont_alt=0.5; house: neither party held a majority of seats or control was shared (klarner 0.5)","ballotpedia codes: governor=R, senate=R, house=S; house: tied, power-sharing agreement or bipartisan coalition (ballotpedia S)"
MI,1995,Republican,Republican,True,Republican,Republican,True,Republican,Republican,True,Republican,Republican,True,"klarner codes: govparty_c=0, sen_cont_alt=0, hs_cont_alt=0","ballotpedia codes: governor=R, senate=R, house=R"
MI,1996,Republican,Republican,True,Republican,Republican,True,Republican,Republican,True,Republican,Republican,True,"klarner codes: govparty_c=0, sen_cont_alt=0, hs_cont_alt=0","ballotpedia codes: governor=R, senate=R, house=R"
MI,1997,Republican,Republican,True,Republican,Republican,True,Democratic,Democratic,True,Divided,Divided,True,"klarner codes: govparty_c=0, sen_cont_alt=0, hs_cont_alt=1","ballotpedia codes: governor=R, senate=R, house=D"
MI,1998,Republican,Republican,True,Republican,Republican,True,Democratic,Democratic,True,Divided,Divided,True,"klarner codes: govparty_c=0, sen_cont_alt=0, hs_cont_alt=1","ballotpedia codes: governor=R, senate=R, house=D"
MI,1999,Republican,Republican,True,Republican,Republican,True,Republican,Republican,True,Republican,Republican,True,"klarner codes: govparty_c=0, sen_cont_alt=0, hs_cont_alt=0","ballotpedia codes: governor=R, senate=R, house=R"
MI,2000,Republican,Republican,True,Republican,Republican,True,Republican,Republican,True,Republican,Republican,True,"klarner codes: govparty_c=0, sen_cont_alt=0, hs_cont_alt=0","ballotpedia codes: governor=R, senate=R, house=R"
MI,2001,Republican,Republican,True,Republican,Republican,True,Republican,Republican,True,Republican,Republican,True,"klarner codes: govparty_c=0, sen_cont_alt=0, hs_cont_alt=0","ballotpedia codes: governor=R, senate=R, house=R"
MI,2002,Republican,Republican,True,Republican,Republican,True,Republican,Republican,True,Republican,Republican,True,"klarner codes: govparty_c=0, sen_cont_alt=0, hs_cont_alt=0","ballotpedia codes: governor=R, senate=R, house=R"
MI,2003,Democratic,Democratic,True,Republican,Republican,True,Republican,Republican,True,Divided,Divided,True,"klarner codes: govparty_c=1, sen_cont_alt=0, hs_cont_alt=0","ballotpedia codes: governor=D, senate=R, house=R"
MI,2004,Democratic,Democratic,True,Republican,Republican,True,Republican,Republican,True,Divided,Divided,True,"klarner codes: govparty_c=1, sen_cont_alt=0, hs_cont_alt=0","ballotpedia codes: governor=D, senate=R, house=R"
MI,2005,Democratic,Democratic,True,Republican,Republican,True,Republican,Republican,True,Divided,Divided,True,"klarner codes: govparty_c=1, sen_cont_alt=0, hs_cont_alt=0","ballotpedia codes: governor=D, senate=R, house=R"
MI,2006,Democratic,Democratic,True,Republican,Republican,True,Republican,Republican,True,Divided,Divided,True,"klarner codes: govparty_c=1, sen_cont_alt=0, hs_cont_alt=0","ballotpedia codes: governor=D, senate=R, house=R"
MI,2007,Democratic,Democratic,True,Republican,Republican,True,Democratic,Democratic,True,Divided,Divided,True,"klarner codes: govparty_c=1, sen_cont_alt=0, hs_cont_alt=1","ballotpedia codes: governor=D, senate=R, house=D"
MI,2008,Democratic,Democratic,True,Republican,Republican,True,Democratic,Democratic,True,Divided,Divided,True,"klarner codes: govparty_c=1, sen_cont_alt=0, hs_cont_alt=1","ballotpedia codes: governor=D, senate=R, house=D"
MI,2009,Democratic,Democratic,True,Republican,Republican,True,Democratic,Democratic,True,Divided,Divided,True,"klarner codes: govparty_c=1, sen_cont_alt=0, hs_cont_alt=1","ballotpedia codes: governor=D, senate=R, house=D"
MI,2010,Democratic,Democratic,True,Republican,Republican,True,Democratic,Democratic,True,Divided,Divided,True,"klarner codes: govparty_c=1, sen_cont_alt=0, hs_cont_alt=1","ballotpedia codes: governor=D, senate=R, house=D"
MI,2011,Republican,Republican,True,Republican,Republican,True,Republican,Republican,True,Republican,Republican,True,"klarner codes: govparty_c=0, sen_cont_alt=0, hs_cont_alt=0","ballotpedia codes: governor=R, senate=R, house=R"
MN,1992,Republican,Republican,True,Democratic,Democratic,True,Democratic,Democratic,True,Divided,Divided,True,"klarner codes: govparty_c=0, sen_cont_alt=1, hs_cont_alt=1","ballotpedia codes: governor=R, senate=D, house=D"
MN,1993,Republican,Republican,True,Democratic,Democratic,True,Democratic,Democratic,True,Divided,Divided,True,"klarner codes: govparty_c=0, sen_cont_alt=1, hs_cont_alt=1","ballotpedia codes: governor=R, senate=D, house=D"
MN,1994,Republican,Republican,True,Democratic,Democratic,True,Democratic,Democratic,True,Divided,Divided,True,"klarner codes: govparty_c=0, sen_cont_alt=1, hs_cont_alt=1","ballotpedia codes: governor=R, senate=D, house=D"
MN,1995,Republican,Republican,True,Democratic,Democratic,True,Democratic,Democratic,True,Divided,Divided,True,"klarner codes: govparty_c=0, sen_cont_alt=1, hs_cont_alt=1","ballotpedia codes: governor=R, senate=D, house=D"
MN,1996,Republican,Republican,True,Democratic,Democratic,True,Democratic,Democratic,True,Divided,Divided,True,"klarner codes: govparty_c=0, sen_cont_alt=1, hs_cont_alt=1","ballotpedia codes: governor=R, senate=D, house=D"
MN,1997,Republican,Republican,True,Democratic,Democratic,True,Democratic,Democratic,True,Divided,Divided,True,"klarner codes: govparty_c=0, sen_cont_alt=1, hs_cont_alt=1","ballotpedia codes: governor=R, senate=D, house=D"
MN,1998,Republican,Republican,True,Democratic,Democratic,True,Democratic,Democratic,True,Divided,Divided,True,"klarner codes: govparty_c=0, sen_cont_alt=1, hs_cont_alt=1","ballotpedia codes: governor=R, senate=D, house=D"
MN,1999,Other,Other,True,Democratic,Democratic,True,Republican,Republican,True,Divided,Divided,True,"klarner codes: govparty_c=0.5, sen_cont_alt=1, hs_cont_alt=0; governor not of a major party","ballotpedia codes: governor=I, senate=D, house=R; governor not of a major party (ballotpedia I)"
MN,2000,Other,Other,True,Democratic,Democratic,True,Republican,Republican,True,Divided,Divided,True,"klarner codes: govparty_c=0.5, sen_cont_alt=1, hs_cont_alt=0; governor not of a major party","ballotpedia codes: governor=I, senate=D, house=R; governor not of a major party (ballotpedia I)"
MN,2001,Other,Other,True,Democratic,Democratic,True,Republican,Republican,True,Divided,Divided,True,"klarner codes: govparty_c=0.5, sen_cont_alt=1, hs_cont_alt=0; governor not of a major party","ballotpedia codes: governor=I, senate=D, house=R; governor not of a major party (ballotpedia I)"
MN,2002,Other,Other,True,Democratic,Democratic,True,Republican,Republican,True,Divided,Divided,True,"klarner codes: govparty_c=0.5, sen_cont_alt=1, hs_cont_alt=0; governor not of a major party","ballotpedia codes: governor=I, senate=D, house=R; governor not of a major party (ballotpedia I)"
MN,2003,Republican,Republican,True,Democratic,Democratic,True,Republican,Republican,True,Divided,Divided,True,"klarner codes: govparty_c=0, sen_cont_alt=1, hs_cont_alt=0","ballotpedia codes: governor=R, senate=D, house=R"
MN,2004,Republican,Republican,True,Democratic,Democratic,True,Republican,Republican,True,Divided,Divided,True,"klarner codes: govparty_c=0, sen_cont_alt=1, hs_cont_alt=0","ballotpedia codes: governor=R, senate=D, house=R"
MN,2005,Republican,Republican,True,Democratic,Democratic,True,Republican,Republican,True,Divided,Divided,True,"klarner codes: govparty_c=0, sen_cont_alt=1, hs_cont_alt=0","ballotpedia codes: governor=R, senate=D, house=R"
MN,2006,Republican,Republican,True,Democratic,Democratic,True,Republican,Republican,True,Divided,Divided,True,"klarner codes: govparty_c=0, sen_cont_alt=1, hs_cont_alt=0","ballotpedia codes: governor=R, senate=D, house=R"
MN,2007,Republican,Republican,True,Democratic,Democratic,True,Democratic,Democratic,True,Divided,Divided,True,"klarner codes: govparty_c=0, sen_cont_alt=1, hs_cont_alt=1","ballotpedia codes: governor=R, senate=D, house=D"
MN,2008,Republican,Republican,True,Democratic,Democratic,True,Democratic,Democratic,True,Divided,Divided,True,"klarner codes: govparty_c=0, sen_cont_alt=1, hs_cont_alt=1","ballotpedia codes: governor=R, senate=D, house=D"
MN,2009,Republican,Republican,True,Democratic,Democratic,True,Democratic,Democratic,True,Divided,Divided,True,"klarner codes: govparty_c=0, sen_cont_alt=1, hs_cont_alt=1","ballotpedia codes: governor=R, senate=D, house=D"
MN,2010,Republican,Republican,True,Democratic,Democratic,True,Democratic,Democratic,True,Divided,Divided,True,"klarner codes: govparty_c=0, sen_cont_alt=1, hs_cont_alt=1","ballotpedia codes: governor=R, senate=D, house=D"
MN,2011,Democratic,Democratic,True,Republican,Republican,True,Republican,Republican,True,Divided,Divided,True,"klarner codes: govparty_c=1, sen_cont_alt=0, hs_cont_alt=0","ballotpedia codes: governor=D, senate=R, house=R"
MO,1992,Republican,Republican,True,Democratic,Democratic,True,Democratic,Democratic,True,Divided,Divided,True,"klarner codes: govparty_c=0, sen_cont_alt=1, hs_cont_alt=1","ballotpedia codes: governor=R, senate=D, house=D"
MO,1993,Democratic,Democratic,True,Democratic,Democratic,True,Democratic,Democratic,True,Democratic,Democratic,True,"klarner codes: govparty_c=1, sen_cont_alt=1, hs_cont_alt=1","ballotpedia codes: governor=D, senate=D, house=D"
MO,1994,Democratic,Democratic,True,Democratic,Democratic,True,Democratic,Democratic,True,Democratic,Democratic,True,"klarner codes: govparty_c=1, sen_cont_alt=1, hs_cont_alt=1","ballotpedia codes: governor=D, senate=D, house=D"
MO,1995,Democratic,Democratic,True,Democratic,Democratic,True,Democratic,Democratic,True,Democratic,Democratic,True,"klarner codes: govparty_c=1, sen_cont_alt=1, hs_cont_alt=1","ballotpedia codes: governor=D, senate=D, house=D"
MO,1996,Democratic,Democratic,True,Democratic,Democratic,True,Democratic,Democratic,True,Democratic,Democratic,True,"klarner codes: govparty_c=1, sen_cont_alt=1, hs_cont_alt=1","ballotpedia codes: governor=D, senate=D, house=D"
MO,1997,Democratic,Democratic,True,Democratic,Democratic,True,Democratic,Democratic,True,Democratic,Democratic,True,"klarner codes: govparty_c=1, sen_cont_alt=1, hs_cont_alt=1","ballotpedia codes: governor=D, senate=D, house=D"
MO,1998,Democratic,Democratic,True,Democratic,Democratic,True,Democratic,Democratic,True,Democratic,Democratic,True,"klarner codes: govparty_c=1, sen_cont_alt=1, hs_cont_alt=1","ballotpedia codes: governor=D, senate=D, house=D"
MO,1999,Democratic,Democratic,True,Democratic,Democratic,True,Democratic,Democratic,True,Democratic,Democratic,True,"klarner codes: govparty_c=1, sen_cont_alt=1, hs_cont_alt=1","ballotpedia codes: governor=D, senate=D, house=D"
MO,2000,Democratic,Democratic,True,Democratic,Democratic,True,Democratic,Democratic,True,Democratic,Democratic,True,"klarner codes: govparty_c=1, sen_cont_alt=1, hs_cont_alt=1","ballotpedia codes: governor=D, senate=D, house=D"
MO,2001,Democratic,Democratic,True,Republican,Republican,True,Democratic,Democratic,True,Divided,Divided,True,"klarner codes: govparty_c=1, sen_cont_alt=0, hs_cont_alt=1","ballotpedia codes: governor=D, senate=R, house=D"
MO,2002,Democratic,Democratic,True,Republican,Republican,True,Democratic,Democratic,True,Divided,Divided,True,"klarner codes: govparty_c=1, sen_cont_alt=0, hs_cont_alt=1","ballotpedia codes: governor=D, senate=R, house=D"
MO,2003,Democratic,Democratic,True,Republican,Republican,True,Republican,Republican,True,Divided,Divided,True,"klarner codes: govparty_c=1, sen_cont_alt=0, hs_cont_alt=0","ballotpedia codes: governor=D, senate=R, house=R"
MO,2004,Democratic,Democratic,True,Republican,Republican,True,Republican,Republican,True,Divided,Divided,True,"klarner codes: govparty_c=1, sen_cont_alt=0, hs_cont_alt=0","ballotpedia codes: governor=D, senate=R, house=R"
MO,2005,Republican,Republican,True,Republican,Republican,True,Republican,Republican,True,Republican,Republican,True,"klarner codes: govparty_c=0, sen_cont_alt=0, hs_cont_alt=0","ballotpedia codes: governor=R, senate=R, house=R"
MO,2006,Republican,Republican,True,Republican,Republican,True,Republican,Republican,True,Republican,Republican,True,"klarner codes: govparty_c=0, sen_cont_alt=0, hs_cont_alt=0","ballotpedia codes: governor=R, senate=R, house=R"
MO,2007,Republican,Republican,True,Republican,Republican,True,Republican,Republican,True,Republican,Republican,True,"klarner codes: govparty_c=0, sen_cont_alt=0, hs_cont_alt=0","ballotpedia codes: governor=R, senate=R, house=R"
MO,2008,Republican,Republican,True,Republican,Republican,True,Republican,Republican,True,Republican,Republican,True,"klarner codes: govparty_c=0, sen_cont_alt=0, hs_cont_alt=0","ballotpedia codes: governor=R, senate=R, house=R"
MO,2009,Democratic,Democratic,True,Republican,Republican,True,Republican,Republican,True,Divided,Divided,True,"klarner codes: govparty_c=1, sen_cont_alt=0, hs_cont_alt=0","ballotpedia codes: governor=D, senate=R, house=R"
MO,2010,Democratic,Democratic,True,Republican,Republican,True,Republican,Republican,True,Divided,Divided,True,"klarner codes: govparty_c=1, sen_cont_alt=0, hs_cont_alt=0","ballotpedia codes: governor=D, senate=R, house=R"
MO,2011,Democratic,Democratic,True,Republican,Republican,True,Republican,Republican,True,Divided,Divided,True,"klarner codes: govparty_c=1, sen_cont_alt=0, hs_cont_alt=0","ballotpedia codes: governor=D, senate=R, house=R"
MS,1992,Republican,Republican,True,Democratic,Democratic,True,Democratic,Democratic,True,Divided,Divided,True,"klarner codes: govparty_c=0, sen_cont_alt=1, hs_cont_alt=1","ballotpedia codes: governor=R, senate=D, house=D"
MS,1993,Republican,Republican,True,Democratic,Democratic,True,Democratic,Democratic,True,Divided,Divided,True,"klarner codes: govparty_c=0, sen_cont_alt=1, hs_cont_alt=1","ballotpedia codes: governor=R, senate=D, house=D"
MS,1994,Republican,Republican,True,Democratic,Democratic,True,Democratic,Democratic,True,Divided,Divided,True,"klarner codes: govparty_c=0, sen_cont_alt=1, hs_cont_alt=1","ballotpedia codes: governor=R, senate=D, house=D"
MS,1995,Republican,Republican,True,Democratic,Democratic,True,Democratic,Democratic,True,Divided,Divided,True,"klarner codes: govparty_c=0, sen_cont_alt=1, hs_cont_alt=1","ballotpedia codes: governor=R, senate=D, house=D"
MS,1996,Republican,Republican,True,Democratic,Democratic,True,Democratic,Democratic,True,Divided,Divided,True,"klarner codes: govparty_c=0, sen_cont_alt=1, hs_cont_alt=1","ballotpedia codes: governor=R, senate=D, house=D"
MS,1997,Republican,Republican,True,Democratic,Democratic,True,Democratic,Democratic,True,Divided,Divided,True,"klarner codes: govparty_c=0, sen_cont_alt=1, hs_cont_alt=1","ballotpedia codes: governor=R, senate=D, house=D"
MS,1998,Republican,Republican,True,Democratic,Democratic,True,Democratic,Democratic,True,Divided,Divided,True,"klarner codes: govparty_c=0, sen_cont_alt=1, hs_cont_alt=1","ballotpedia codes: governor=R, senate=D, house=D"
MS,1999,Republican,Republican,True,Democratic,Democratic,True,Democratic,Democratic,True,Divided,Divided,True,"klarner codes: govparty_c=0, sen_cont_alt=1, hs_cont_alt=1","ballotpedia codes: governor=R, senate=D, house=D"
MS,2000,Democratic,Democratic,True,Democratic,Democratic,True,Democratic,Democratic,True,Democratic,Democratic,True,"klarner codes: govparty_c=1, sen_cont_alt=1, hs_cont_alt=1","ballotpedia codes: governor=D, senate=D, house=D"
MS,2001,Democratic,Democratic,True,Democratic,Democratic,True,Democratic,Democratic,True,Democratic,Democratic,True,"klarner codes: govparty_c=1, sen_cont_alt=1, hs_cont_alt=1","ballotpedia codes: governor=D, senate=D, house=D"
MS,2002,Democratic,Democratic,True,Democratic,Democratic,True,Democratic,Democratic,True,Democratic,Democratic,True,"klarner codes: govparty_c=1, sen_cont_alt=1, hs_cont_alt=1","ballotpedia codes: governor=D, senate=D, house=D"
MS,2003,Democratic,Democratic,True,Democratic,Democratic,True,Democratic,Democratic,True,Democratic,Democratic,True,"klarner codes: govparty_c=1, sen_cont_alt=1, hs_cont_alt=1","ballotpedia codes: governor=D, senate=D, house=D"
MS,2004,Republican,Republican,True,Democratic,Democratic,True,Democratic,Democratic,True,Divided,Divided,True,"klarner codes: govparty_c=0, sen_cont_alt=1, hs_cont_alt=1","ballotpedia codes: governor=R, senate=D, house=D"
MS,2005,Republican,Republican,True,Democratic,Democratic,True,Democratic,Democratic,True,Divided,Divided,True,"klarner codes: govparty_c=0, sen_cont_alt=1, hs_cont_alt=1","ballotpedia codes: governor=R, senate=D, house=D"
MS,2006,Republican,Republican,True,Democratic,Democratic,True,Democratic,Democratic,True,Divided,Divided,True,"klarner codes: govparty_c=0, sen_cont_alt=1, hs_cont_alt=1","ballotpedia codes: governor=R, senate=D, house=D"
MS,2007,Republican,Republican,True,Split,Republican,False,Democratic,Democratic,True,Divided,Divided,True,"klarner codes: govparty_c=0, sen_cont_alt=0.5, hs_cont_alt=1; senate: neither party held a majority of seats or control was shared (klarner 0.5)","ballotpedia codes: governor=R, senate=R [1], house=D; senate footnote [1]: Republicans gained a majority in 2007 when two Democratic state senators switched their party affiliation. Democrats regained the majority as a result of the 2007 elections."
MS,2008,Republican,Republican,True,Democratic,Democratic,True,Democratic,Democratic,True,Divided,Divided,True,"klarner codes: govparty_c=0, sen_cont_alt=1, hs_cont_alt=1","ballotpedia codes: governor=R, senate=D, house=D"
MS,2009,Republican,Republican,True,Democratic,Democratic,True,Democratic,Democratic,True,Divided,Divided,True,"klarner codes: govparty_c=0, sen_cont_alt=1, hs_cont_alt=1","ballotpedia codes: governor=R, senate=D, house=D"
MS,2010,Republican,Republican,True,Democratic,Democratic,True,Democratic,Democratic,True,Divided,Divided,True,"klarner codes: govparty_c=0, sen_cont_alt=1, hs_cont_alt=1","ballotpedia codes: governor=R, senate=D, house=D"
MS,2011,Republican,Republican,True,Democratic,Republican,False,Democratic,Democratic,True,Divided,Divided,True,"klarner codes: govparty_c=0, sen_cont_alt=1, hs_cont_alt=1","ballotpedia codes: governor=R, senate=R, house=D"
MT,1992,Republican,Republican,True,Democratic,Democratic,True,Democratic,Democratic,True,Divided,Divided,True,"klarner codes: govparty_c=0, sen_cont_alt=1, hs_cont_alt=1","ballotpedia codes: governor=R, senate=D, house=D"
MT,1993,Republican,Republican,True,Democratic,Democratic,True,Republican,Republican,True,Divided,Divided,True,"klarner codes: govparty_c=0, sen_cont_alt=1, hs_cont_alt=0","ballotpedia codes: governor=R, senate=D, house=R"
MT,1994,Republican,Republican,True,Democratic,Democratic,True,Republican,Republican,True,Divided,Divided,True,"klarner codes: govparty_c=0, sen_cont_alt=1, hs_cont_alt=0","ballotpedia codes: governor=R, senate=D, house=R"
MT,1995,Republican,Republican,True,Republican,Republican,True,Republican,Republican,True,Republican,Republican,True,"klarner codes: govparty_c=0, sen_cont_alt=0, hs_cont_alt=0","ballotpedia codes: governor=R, senate=R, house=R"
MT,1996,Republican,Republican,True,Republican,Republican,True,Republican,Republican,True,Republican,Republican,True,"klarner codes: govparty_c=0, sen_cont_alt=0, hs_cont_alt=0","ballotpedia codes: governor=R, senate=R, house=R"
MT,1997,Republican,Republican,True,Republican,Republican,True,Republican,Republican,True,Republican,Republican,True,"klarner codes: govparty_c=0, sen_cont_alt=0, hs_cont_alt=0","ballotpedia codes: governor=R, senate=R, house=R"
MT,1998,Republican,Republican,True,Republican,Republican,True,Republican,Republican,True,Republican,Republican,True,"klarner codes: govparty_c=0, sen_cont_alt=0, hs_cont_alt=0","ballotpedia codes: governor=R, senate=R, house=R"
MT,1999,Republican,Republican,True,Republican,Republican,True,Republican,Republican,True,Republican,Republican,True,"klarner codes: govparty_c=0, sen_cont_alt=0, hs_cont_alt=0","ballotpedia codes: governor=R, senate=R, house=R"
MT,2000,Republican,Republican,True,Republican,Republican,True,Republican,Republican,True,Republican,Republican,True,"klarner codes: govparty_c=0, sen_cont_alt=0, hs_cont_alt=0","ballotpedia codes: governor=R, senate=R, house=R"
MT,2001,Republican,Republican,True,Republican,Republican,True,Republican,Republican,True,Republican,Republican,True,"klarner codes: govparty_c=0, sen_cont_alt=0, hs_cont_alt=0","ballotpedia codes: governor=R, senate=R, house=R"
MT,2002,Republican,Republican,True,Republican,Republican,True,Republican,Republican,True,Republican,Republican,True,"klarner codes: govparty_c=0, sen_cont_alt=0, hs_cont_alt=0","ballotpedia codes: governor=R, senate=R, house=R"
MT,2003,Republican,Republican,True,Republican,Republican,True,Republican,Republican,True,Republican,Republican,True,"klarner codes: govparty_c=0, sen_cont_alt=0, hs_cont_alt=0","ballotpedia codes: governor=R, senate=R, house=R"
MT,2004,Republican,Republican,True,Republican,Republican,True,Republican,Republican,True,Republican,Republican,True,"klarner codes: govparty_c=0, sen_cont_alt=0, hs_cont_alt=0","ballotpedia codes: governor=R, senate=R, house=R"
MT,2005,Democratic,Democratic,True,Democratic,Democratic,True,Split,Split,True,Divided,Divided,True,"klarner codes: govparty_c=1, sen_cont_alt=1, hs_cont_alt=0.5; house: neither party held a majority of seats or control was shared (klarner 0.5)","ballotpedia codes: governor=D, senate=D, house=S; house: tied, power-sharing agreement or bipartisan coalition (ballotpedia S)"
MT,2006,Democratic,Democratic,True,Democratic,Democratic,True,Split,Split,True,Divided,Divided,True,"klarner codes: govparty_c=1, sen_cont_alt=1, hs_cont_alt=0.5; house: neither party held a majority of seats or control was shared (klarner 0.5)","ballotpedia codes: governor=D, senate=D, house=S; house: tied, power-sharing agreement or bipartisan coalition (ballotpedia S)"
MT,2007,Democratic,Democratic,True,Democratic,Democratic,True,Republican,Republican,True,Divided,Divided,True,"klarner codes: govparty_c=1, sen_cont_alt=1, hs_cont_alt=0","ballotpedia codes: governor=D, senate=D, house=R"
MT,2008,Democratic,Democratic,True,Democratic,Democratic,True,Republican,Republican,True,Divided,Divided,True,"klarner codes: govparty_c=1, sen_cont_alt=1, hs_cont_alt=0","ballotpedia codes: governor=D, senate=D, house=R"
MT,2009,Democratic,Democratic,True,Republican,Republican,True,Democratic,Split,False,Divided,Divided,True,"klarner codes: govparty_c=1, sen_cont_alt=0, hs_cont_alt=1","ballotpedia codes: governor=D, senate=R, house=S; house: tied, power-sharing agreement or bipartisan coalition (ballotpedia S)"
MT,2010,Democratic,Democratic,True,Republican,Republican,True,Split,Split,True,Divided,Divided,True,"klarner codes: govparty_c=1, sen_cont_alt=0, hs_cont_alt=0.5; house: neither party held a majority of seats or control was shared (klarner 0.5)","ballotpedia codes: governor=D, senate=R, house=S; house: tied, power-sharing agreement or bipartisan coalition (ballotpedia S)"
MT,2011,Democratic,Democratic,True,Republican,Republican,True,Republican,Republican,True,Divided,Divided,True,"klarner codes: govparty_c=1, sen_cont_alt=0, hs_cont_alt=0","ballotpedia codes: governor=D, senate=R, house=R"
NC,1992,Republican,Republican,True,Democratic,Democratic,True,Democratic,Democratic,True,Divided,Divided,True,"klarner codes: govparty_c=0, sen_cont_alt=1, hs_cont_alt=1","ballotpedia codes: governor=R, senate=D, house=D"
NC,1993,Democratic,Democratic,True,Democratic,Democratic,True,Democratic,Democratic,True,Democratic,Democratic,True,"klarner codes: govparty_c=1, sen_cont_alt=1, hs_cont_alt=1","ballotpedia codes: governor=D, senate=D, house=D"
NC,1994,Democratic,Democratic,True,Democratic,Democratic,True,Democratic,Democratic,True,Democratic,Democratic,True,"klarner codes: govparty_c=1, sen_cont_alt=1, hs_cont_alt=1","ballotpedia codes: governor=D, senate=D, house=D"
NC,1995,Democratic,Democratic,True,Democratic,Democratic,True,Republican,Republican,True,Divided,Divided,True,"klarner codes: govparty_c=1, sen_cont_alt=1, hs_cont_alt=0","ballotpedia codes: governor=D, senate=D, house=R"
NC,1996,Democratic,Democratic,True,Democratic,Democratic,True,Republican,Republican,True,Divided,Divided,True,"klarner codes: govparty_c=1, sen_cont_alt=1, hs_cont_alt=0","ballotpedia codes: governor=D, senate=D, house=R"
NC,1997,Democratic,Democratic,True,Democratic,Democratic,True,Republican,Republican,True,Divided,Divided,True,"klarner codes: govparty_c=1, sen_cont_alt=1, hs_cont_alt=0","ballotpedia codes: governor=D, senate=D, house=R"
NC,1998,Democratic,Democratic,True,Democratic,Democratic,True,Republican,Republican,True,Divided,Divided,True,"klarner codes: govparty_c=1, sen_cont_alt=1, hs_cont_alt=0","ballotpedia codes: governor=D, senate=D, house=R"
NC,1999,Democratic,Democratic,True,Democratic,Democratic,True,Democratic,Democratic,True,Democratic,Democratic,True,"klarner codes: govparty_c=1, sen_cont_alt=1, hs_cont_alt=1","ballotpedia codes: governor=D, senate=D, house=D"
NC,2000,Democratic,Democratic,True,Democratic,Democratic,True,Democratic,Democratic,True,Democratic,Democratic,True,"klarner codes: govparty_c=1, sen_cont_alt=1, hs_cont_alt=1","ballotpedia codes: governor=D, senate=D, house=D"
NC,2001,Democratic,Democratic,True,Democratic,Democratic,True,Democratic,Democratic,True,Democratic,Democratic,True,"klarner codes: govparty_c=1, sen_cont_alt=1, hs_cont_alt=1","ballotpedia codes: governor=D, senate=D, house=D"
NC,2002,Democratic,Democratic,True,Democratic,Democratic,True,Democratic,Democratic,True,Democratic,Democratic,True,"klarner codes: govparty_c=1, sen_cont_alt=1, hs_cont_alt=1","ballotpedia codes: governor=D, senate=D, house=D"
NC,2003,Democratic,Democratic,True,Democratic,Democratic,True,Split,Democratic,False,Divided,Democratic,False,"klarner codes: govparty_c=1, sen_cont_alt=1, hs_cont_alt=0.5; house: neither party held a majority of seats or control was shared (klarner 0.5)","ballotpedia codes: governor=D, senate=D, house=D"
NC,2004,Democratic,Democratic,True,Democratic,Democratic,True,Split,Democratic,False,Divided,Democratic,False,"klarner codes: govparty_c=1, sen_cont_alt=1, hs_cont_alt=0.5; house: neither party held a majority of seats or control was shared (klarner 0.5)","ballotpedia codes: governor=D, senate=D, house=D"
NC,2005,Democratic,Democratic,True,Democratic,Democratic,True,Democratic,Democratic,True,Democratic,Democratic,True,"klarner codes: govparty_c=1, sen_cont_alt=1, hs_cont_alt=1","ballotpedia codes: governor=D, senate=D, house=D"
NC,2006,Democratic,Democratic,True,Democratic,Democratic,True,Democratic,Democratic,True,Democratic,Democratic,True,"klarner codes: govparty_c=1, sen_cont_alt=1, hs_cont_alt=1","ballotpedia codes: governor=D, senate=D, house=D"
NC,2007,Democratic,Democratic,True,Democratic,Democratic,True,Democratic,Democratic,True,Democratic,Democratic,True,"klarner codes: govparty_c=1, sen_cont_alt=1, hs_cont_alt=1","ballotpedia codes: governor=D, senate=D, house=D"
NC,2008,Democratic,Democratic,True,Democratic,Democratic,True,Democratic,Democratic,True,Democratic,Democratic,True,"klarner codes: govparty_c=1, sen_cont_alt=1, hs_cont_alt=1","ballotpedia codes: governor=D, senate=D, house=D"
NC,2009,Democratic,Democratic,True,Democratic,Democratic,True,Democratic,Democratic,True,Democratic,Democratic,True,"klarner codes: govparty_c=1, sen_cont_alt=1, hs_cont_alt=1","ballotpedia codes: governor=D, senate=D, house=D"
NC,2010,Democratic,Democratic,True,Democratic,Democratic,True,Democratic,Democratic,True,Democratic,Democratic,True,"klarner codes: govparty_c=1, sen_cont_alt=1, hs_cont_alt=1","ballotpedia codes: governor=D, senate=D, house=D"
NC,2011,Democratic,Democratic,True,Republican,Republican,True,Republican,Republican,True,Divided,Divided,True,"klarner codes: govparty_c=1, sen_cont_alt=0, hs_cont_alt=0","ballotpedia codes: governor=D, senate=R, house=R"
ND,1992,Democratic,Democratic,True,Democratic,Democratic,True,Republican,Republican,True,Divided,Divided,True,"klarner codes: govparty_c=1, sen_cont_alt=1, hs_cont_alt=0","ballotpedia codes: governor=D, senate=D, house=R"
ND,1993,Republican,Republican,True,Democratic,Democratic,True,Republican,Republican,True,Divided,Divided,True,"klarner codes: govparty_c=0, sen_cont_alt=1, hs_cont_alt=0","ballotpedia codes: governor=R, senate=D, house=R"
ND,1994,Republican,Republican,True,Democratic,Democratic,True,Republican,Republican,True,Divided,Divided,True,"klarner codes: govparty_c=0, sen_cont_alt=1, hs_cont_alt=0","ballotpedia codes: governor=R, senate=D, house=R"
ND,1995,Republican,Republican,True,Republican,Republican,True,Republican,Republican,True,Republican,Republican,True,"klarner codes: govparty_c=0, sen_cont_alt=0, hs_cont_alt=0","ballotpedia codes: governor=R, senate=R, house=R"
ND,1996,Republican,Republican,True,Republican,Republican,True,Republican,Republican,True,Republican,Republican,True,"klarner codes: govparty_c=0, sen_cont_alt=0, hs_cont_alt=0","ballotpedia codes: governor=R, senate=R, house=R"
ND,1997,Republican,Republican,True,Republican,Republican,True,Republican,Republican,True,Republican,Republican,True,"klarner codes: govparty_c=0, sen_cont_alt=0, hs_cont_alt=0","ballotpedia codes: governor=R, senate=R, house=R"
ND,1998,Republican,Republican,True,Republican,Republican,True,Republican,Republican,True,Republican,Republican,True,"klarner codes: govparty_c=0, sen_cont_alt=0, hs_cont_alt=0","ballotpedia codes: governor=R, senate=R, house=R"
ND,1999,Republican,Republican,True,Republican,Republican,True,Republican,Republican,True,Republican,Republican,True,"klarner codes: govparty_c=0, sen_cont_alt=0, hs_cont_alt=0","ballotpedia codes: governor=R, senate=R, house=R"
ND,2000,Republican,Republican,True,Republican,Republican,True,Republican,Republican,True,Republican,Republican,True,"klarner codes: govparty_c=0, sen_cont_alt=0, hs_cont_alt=0","ballotpedia codes: governor=R, senate=R, house=R"
ND,2001,Republican,Republican,True,Republican,Republican,True,Republican,Republican,True,Republican,Republican,True,"klarner codes: govparty_c=0, sen_cont_alt=0, hs_cont_alt=0","ballotpedia codes: governor=R, senate=R, house=R"
ND,2002,Republican,Republican,True,Republican,Republican,True,Republican,Republican,True,Republican,Republican,True,"klarner codes: govparty_c=0, sen_cont_alt=0, hs_cont_alt=0","ballotpedia codes: governor=R, senate=R, house=R"
ND,2003,Republican,Republican,True,Republican,Republican,True,Republican,Republican,True,Republican,Republican,True,"klarner codes: govparty_c=0, sen_cont_alt=0, hs_cont_alt=0","ballotpedia codes: governor=R, senate=R, house=R"
ND,2004,Republican,Republican,True,Republican,Republican,True,Republican,Republican,True,Republican,Republican,True,"klarner codes: govparty_c=0, sen_cont_alt=0, hs_cont_alt=0","ballotpedia codes: governor=R, senate=R, house=R"
ND,2005,Republican,Republican,True,Republican,Republican,True,Republican,Republican,True,Republican,Republican,True,"klarner codes: govparty_c=0, sen_cont_alt=0, hs_cont_alt=0","ballotpedia codes: governor=R, senate=R, house=R"
ND,2006,Republican,Republican,True,Republican,Republican,True,Republican,Republican,True,Republican,Republican,True,"klarner codes: govparty_c=0, sen_cont_alt=0, hs_cont_alt=0","ballotpedia codes: governor=R, senate=R, house=R"
ND,2007,Republican,Republican,True,Republican,Republican,True,Republican,Republican,True,Republican,Republican,True,"klarner codes: govparty_c=0, sen_cont_alt=0, hs_cont_alt=0","ballotpedia codes: governor=R, senate=R, house=R"
ND,2008,Republican,Republican,True,Republican,Republican,True,Republican,Republican,True,Republican,Republican,True,"klarner codes: govparty_c=0, sen_cont_alt=0, hs_cont_alt=0","ballotpedia codes: governor=R, senate=R, house=R"
ND,2009,Republican,Republican,True,Republican,Republican,True,Republican,Republican,True,Republican,Republican,True,"klarner codes: govparty_c=0, sen_cont_alt=0, hs_cont_alt=0","ballotpedia codes: governor=R, senate=R, house=R"
ND,2010,Republican,Republican,True,Republican,Republican,True,Republican,Republican,True,Republican,Republican,True,"klarner codes: govparty_c=0, sen_cont_alt=0, hs_cont_alt=0","ballotpedia codes: governor=R, senate=R, house=R"
ND,2011,Republican,Republican,True,Republican,Republican,True,Republican,Republican,True,Republican,Republican,True,"klarner codes: govparty_c=0, sen_cont_alt=0, hs_cont_alt=0","ballotpedia codes: governor=R, senate=R, house=R"
NE,1992,Democratic,Democratic,True,Nonpartisan,Nonpartisan,True,,,True,Nonpartisan legislature,Nonpartisan legislature,True,"klarner codes: govparty_c=1, sen_cont_alt=missing, hs_cont_alt=missing; legislators elected without party labels (klarner partisan_elections=0); one chamber only; it is reported under senate","ballotpedia codes: governor=D, senate=-, house=none; one chamber only, elected without party labels; it is reported under senate"
NE,1993,Democratic,Democratic,True,Nonpartisan,Nonpartisan,True,,,True,Nonpartisan legislature,Nonpartisan legislature,True,"klarner codes: govparty_c=1, sen_cont_alt=missing, hs_cont_alt=missing; legislators elected without party labels (klarner partisan_elections=0); one chamber only; it is reported under senate","ballotpedia codes: governor=D, senate=-, house=none; one chamber only, elected without party labels; it is reported under senate"
NE,1994,Democratic,Democratic,True,Nonpartisan,Nonpartisan,True,,,True,Nonpartisan legislature,Nonpartisan legislature,True,"klarner codes: govparty_c=1, sen_cont_alt=missing, hs_cont_alt=missing; legislators elected without party labels (klarner partisan_elections=0); one chamber only; it is reported under senate","ballotpedia codes: governor=D, senate=-, house=none; one chamber only, elected without party labels; it is reported under senate"
NE,1995,Democratic,Democratic,True,Nonpartisan,Nonpartisan,True,,,True,Nonpartisan legislature,Nonpartisan legislature,True,"klarner codes: govparty_c=1, sen_cont_alt=missing, hs_cont_alt=missing; legislators elected without party labels (klarner partisan_elections=0); one chamber only; it is reported under senate","ballotpedia codes: governor=D, senate=-, house=none; one chamber only, elected without party labels; it is reported under senate"
NE,1996,Democratic,Democratic,True,Nonpartisan,Nonpartisan,True,,,True,Nonpartisan legislature,Nonpartisan legislature,True,"klarner codes: govparty_c=1, sen_cont_alt=missing, hs_cont_alt=missing; legislators elected without party labels (klarner partisan_elections=0); one chamber only; it is reported under senate","ballotpedia codes: governor=D, senate=-, house=none; one chamber only, elected without party labels; it is reported under senate"
NE,1997,Democratic,Democratic,True,Nonpartisan,Nonpartisan,True,,,True,Nonpartisan legislature,Nonpartisan legislature,True,"klarner codes: govparty_c=1, sen_cont_alt=missing, hs_cont_alt=missing; legislators elected without party labels (klarner partisan_elections=0); one chamber only; it is reported under senate","ballotpedia codes: governor=D, senate=-, house=none; one chamber only, elected without party labels; it is reported under senate"
NE,1998,Democratic,Democratic,True,Nonpartisan,Nonpartisan,True,,,True,Nonpartisan legislature,Nonpartisan legislature,True,"klarner codes: govparty_c=1, sen_cont_alt=missing, hs_cont_alt=missing; legislators elected without party labels (klarner partisan_elections=0); one chamber only; it is reported under senate","ballotpedia codes: governor=D, senate=-, house=none; one chamber only, elected without party labels; it is reported under senate"
NE,1999,Republican,Republican,True,Nonpartisan,Nonpartisan,True,,,True,Nonpartisan legislature,Nonpartisan legislature,True,"klarner codes: govparty_c=0, sen_cont_alt=missing, hs_cont_alt=missing; legislators elected without party labels (klarner partisan_elections=0); one chamber only; it is reported under senate","ballotpedia codes: governor=R, senate=-, house=none; one chamber only, elected without party labels; it is reported under senate"
NE,2000,Republican,Republican,True,Nonpartisan,Nonpartisan,True,,,True,Nonpartisan legislature,Nonpartisan legislature,True,"klarner codes: govparty_c=0, sen_cont_alt=missing, hs_cont_alt=missing; legislators elected without party labels (klarner partisan_elections=0); one chamber only; it is reported under senate","ballotpedia codes: governor=R, senate=-, house=none; one chamber only, elected without party labels; it is reported under senate"
NE,2001,Republican,Republican,True,Nonpartisan,Nonpartisan,True,,,True,Nonpartisan legislature,Nonpartisan legislature,True,"klarner codes: govparty_c=0, sen_cont_alt=missing, hs_cont_alt=missing; legislators elected without party labels (klarner partisan_elections=0); one chamber only; it is reported under senate","ballotpedia codes: governor=R, senate=-, house=none; one chamber only, elected without party labels; it is reported under senate"
NE,2002,Republican,Republican,True,Nonpartisan,Nonpartisan,True,,,True,Nonpartisan legislature,Nonpartisan legislature,True,"klarner codes: govparty_c=0, sen_cont_alt=missing, hs_cont_alt=missing; legislators elected without party labels (klarner partisan_elections=0); one chamber only; it is reported under senate","ballotpedia codes: governor=R, senate=-, house=none; one chamber only, elected without party labels; it is reported under senate"
NE,2003,Republican,Republican,True,Nonpartisan,Nonpartisan,True,,,True,Nonpartisan legislature,Nonpartisan legislature,True,"klarner codes: govparty_c=0, sen_cont_alt=missing, hs_cont_alt=missing; legislators elected without party labels (klarner partisan_elections=0); one chamber only; it is reported under senate","ballotpedia codes: governor=R, senate=-, house=none; one chamber only, elected without party labels; it is reported under senate"
NE,2004,Republican,Republican,True,Nonpartisan,Nonpartisan,True,,,True,Nonpartisan legislature,Nonpartisan legislature,True,"klarner codes: govparty_c=0, sen_cont_alt=missing, hs_cont_alt=missing; legislators elected without party labels (klarner partisan_elections=0); one chamber only; it is reported under senate","ballotpedia codes: governor=R, senate=-, house=none; one chamber only, elected without party labels; it is reported under senate"
NE,2005,Republican,Republican,True,Nonpartisan,Nonpartisan,True,,,True,Nonpartisan legislature,Nonpartisan legislature,True,"klarner codes: govparty_c=0, sen_cont_alt=missing, hs_cont_alt=missing; legislators elected without party labels (klarner partisan_elections=0); one chamber only; it is reported under senate","ballotpedia codes: governor=R, senate=-, house=none; one chamber only, elected without party labels; it is reported under senate"
NE,2006,Republican,Republican,True,Nonpartisan,Nonpartisan,True,,,True,Nonpartisan legislature,Nonpartisan legislature,True,"klarner codes: govparty_c=0, sen_cont_alt=missing, hs_cont_alt=missing; legislators elected without party labels (klarner partisan_elections=0); one chamber only; it is reported under senate","ballotpedia codes: governor=R, senate=-, house=none; one chamber only, elected without party labels; it is reported under senate"
NE,2007,Republican,Republican,True,Nonpartisan,Nonpartisan,True,,,True,Nonpartisan legislature,Nonpartisan legislature,True,"klarner codes: govparty_c=0, sen_cont_alt=missing, hs_cont_alt=missing; legislators elected without party labels (klarner partisan_elections=0); one chamber only; it is reported under senate","ballotpedia codes: governor=R, senate=-, house=none; one chamber only, elected without party labels; it is reported under senate"
NE,2008,Republican,Republican,True,Nonpartisan,Nonpartisan,True,,,True,Nonpartisan legislature,Nonpartisan legislature,True,"klarner codes: govparty_c=0, sen_cont_alt=missing, hs_cont_alt=missing; legislators elected without party labels (klarner partisan_elections=0); one chamber only; it is reported under senate","ballotpedia codes: governor=R, senate=-, house=none; one chamber only, elected without party labels; it is reported under senate"
NE,2009,Republican,Republican,True,Nonpartisan,Nonpartisan,True,,,True,Nonpartisan legislature,Nonpartisan legislature,True,"klarner codes: govparty_c=0, sen_cont_alt=missing, hs_cont_alt=missing; legislators elected without party labels (klarner partisan_elections=0); one chamber only; it is reported under senate","ballotpedia codes: governor=R, senate=-, house=none; one chamber only, elected without party labels; it is reported under senate"
NE,2010,Republican,Republican,True,Nonpartisan,Nonpartisan,True,,,True,Nonpartisan legislature,Nonpartisan legislature,True,"klarner codes: govparty_c=0, sen_cont_alt=missing, hs_cont_alt=missing; legislators elected without party labels (klarner partisan_elections=0); one chamber only; it is reported under senate","ballotpedia codes: governor=R, senate=-, house=none; one chamber only, elected without party labels; it is reported under senate"
NE,2011,Republican,Republican,True,Nonpartisan,Nonpartisan,True,,,True,Nonpartisan legislature,Nonpartisan legislature,True,"klarner codes: govparty_c=0, sen_cont_alt=missing, hs_cont_alt=missing; legislators elected without party labels (klarner partisan_elections=0); one chamber only; it is reported under senate","ballotpedia codes: governor=R, senate=-, house=none; one chamber only, elected without party labels; it is reported under senate"
NH,1992,Republican,Republican,True,Republican,Republican,True,Republican,Republican,True,Republican,Republican,True,"klarner codes: govparty_c=0, sen_cont_alt=0, hs_cont_alt=0","ballotpedia codes: governor=R, senate=R, house=R"
NH,1993,Republican,Republican,True,Republican,Republican,True,Republican,Republican,True,Republican,Republican,True,"klarner codes: govparty_c=0, sen_cont_alt=0, hs_cont_alt=0","ballotpedia codes: governor=R, senate=R, house=R"
NH,1994,Republican,Republican,True,Republican,Republican,True,Republican,Republican,True,Republican,Republican,True,"klarner codes: govparty_c=0, sen_cont_alt=0, hs_cont_alt=0","ballotpedia codes: governor=R, senate=R, house=R"
NH,1995,Republican,Republican,True,Republican,Republican,True,Republican,Republican,True,Republican,Republican,True,"klarner codes: govparty_c=0, sen_cont_alt=0, hs_cont_alt=0","ballotpedia codes: governor=R, senate=R, house=R"
NH,1996,Republican,Republican,True,Republican,Republican,True,Republican,Republican,True,Republican,Republican,True,"klarner codes: govparty_c=0, sen_cont_alt=0, hs_cont_alt=0","ballotpedia codes: governor=R, senate=R, house=R"
NH,1997,Democratic,Democratic,True,Republican,Republican,True,Republican,Republican,True,Divided,Divided,True,"klarner codes: govparty_c=1, sen_cont_alt=0, hs_cont_alt=0","ballotpedia codes: governor=D, senate=R, house=R"
NH,1998,Democratic,Democratic,True,Republican,Republican,True,Republican,Republican,True,Divided,Divided,True,"klarner codes: govparty_c=1, sen_cont_alt=0, hs_cont_alt=0","ballotpedia codes: governor=D, senate=R, house=R"
NH,1999,Democratic,Democratic,True,Democratic,Democratic,True,Republican,Republican,True,Divided,Divided,True,"klarner codes: govparty_c=1, sen_cont_alt=1, hs_cont_alt=0","ballotpedia codes: governor=D, senate=D, house=R"
NH,2000,Democratic,Democratic,True,Split,Split,True,Republican,Republican,True,Divided,Divided,True,"klarner codes: govparty_c=1, sen_cont_alt=0.5, hs_cont_alt=0; senate: neither party held a majority of seats or control was shared (klarner 0.5)","ballotpedia codes: governor=D, senate=S, house=R; senate: tied, power-sharing agreement or bipartisan coalition (ballotpedia S)"
NH,2001,Democratic,Democratic,True,Republican,Republican,True,Republican,Republican,True,Divided,Divided,True,"klarner codes: govparty_c=1, sen_cont_alt=0, hs_cont_alt=0","ballotpedia codes: governor=D, senate=R, house=R"
NH,2002,Democratic,Democratic,True,Republican,Republican,True,Republican,Republican,True,Divided,Divided,True,"klarner codes: govparty_c=1, sen_cont_alt=0, hs_cont_alt=0","ballotpedia codes: governor=D, senate=R, house=R"
NH,2003,Republican,Republican,True,Republican,Republican,True,Republican,Republican,True,Republican,Republican,True,"klarner codes: govparty_c=0, sen_cont_alt=0, hs_cont_alt=0","ballotpedia codes: governor=R, senate=R, house=R"
NH,2004,Republican,Republican,True,Republican,Republican,True,Republican,Republican,True,Republican,Republican,True,"klarner codes: govparty_c=0, sen_cont_alt=0, hs_cont_alt=0","ballotpedia codes: governor=R, senate=R, house=R"
NH,2005,Democratic,Democratic,True,Republican,Republican,True,Republican,Republican,True,Divided,Divided,True,"klarner codes: govparty_c=1, sen_cont_alt=0, hs_cont_alt=0","ballotpedia codes: governor=D, senate=R, house=R"
NH,2006,Democratic,Democratic,True,Republican,Republican,True,Republican,Republican,True,Divided,Divided,True,"klarner codes: govparty_c=1, sen_cont_alt=0, hs_cont_alt=0","ballotpedia codes: governor=D, senate=R, house=R"
NH,2007,Democratic,Democratic,True,Democratic,Democratic,True,Democratic,Democratic,True,Democratic,Democratic,True,"klarner codes: govparty_c=1, sen_cont_alt=1, hs_cont_alt=1","ballotpedia codes: governor=D, senate=D, house=D"
NH,2008,Democratic,Democratic,True,Democratic,Democratic,True,Democratic,Democratic,True,Democratic,Democratic,True,"klarner codes: govparty_c=1, sen_cont_alt=1, hs_cont_alt=1","ballotpedia codes: governor=D, senate=D, house=D"
NH,2009,Democratic,Democratic,True,Democratic,Democratic,True,Democratic,Democratic,True,Democratic,Democratic,True,"klarner codes: govparty_c=1, sen_cont_alt=1, hs_cont_alt=1","ballotpedia codes: governor=D, senate=D, house=D"
NH,2010,Democratic,Democratic,True,Democratic,Democratic,True,Democratic,Democratic,True,Democratic,Democratic,True,"klarner codes: govparty_c=1, sen_cont_alt=1, hs_cont_alt=1","ballotpedia codes: governor=D, senate=D, house=D"
NH,2011,Democratic,Democratic,True,Republican,Republican,True,Republican,Republican,True,Divided,Divided,True,"klarner codes: govparty_c=1, sen_cont_alt=0, hs_cont_alt=0","ballotpedia codes: governor=D, senate=R, house=R"
NJ,1992,Democratic,Democratic,True,Republican,Republican,True,Republican,Republican,True,Divided,Divided,True,"klarner codes: govparty_c=1, sen_cont_alt=0, hs_cont_alt=0","ballotpedia codes: governor=D, senate=R, house=R"
NJ,1993,Democratic,Democratic,True,Republican,Republican,True,Republican,Republican,True,Divided,Divided,True,"klarner codes: govparty_c=1, sen_cont_alt=0, hs_cont_alt=0","ballotpedia codes: governor=D, senate=R, house=R"
NJ,1994,Republican,Republican,True,Republican,Republican,True,Republican,Republican,True,Republican,Republican,True,"klarner codes: govparty_c=0, sen_cont_alt=0, hs_cont_alt=0","ballotpedia codes: governor=R, senate=R, house=R"
NJ,1995,Republican,Republican,True,Republican,Republican,True,Republican,Republican,True,Republican,Republican,True,"klarner codes: govparty_c=0, sen_cont_alt=0, hs_cont_alt=0","ballotpedia codes: governor=R, senate=R, house=R"
NJ,1996,Republican,Republican,True,Republican,Republican,True,Republican,Republican,True,Republican,Republican,True,"klarner codes: govparty_c=0, sen_cont_alt=0, hs_cont_alt=0","ballotpedia codes: governor=R, senate=R, house=R"
NJ,1997,Republican,Republican,True,Republican,Republican,True,Republican,Republican,True,Republican,Republican,True,"klarner codes: govparty_c=0, sen_cont_alt=0, hs_cont_alt=0","ballotpedia codes: governor=R, senate=R, house=R"
NJ,1998,Republican,Republican,True,Republican,Republican,True,Republican,Republican,True,Republican,Republican,True,"klarner codes: govparty_c=0, sen_cont_alt=0, hs_cont_alt=0","ballotpedia codes: governor=R, senate=R, house=R"
NJ,1999,Republican,Republican,True,Republican,Republican,True,Republican,Republican,True,Republican,Republican,True,"klarner codes: govparty_c=0, sen_cont_alt=0, hs_cont_alt=0","ballotpedia codes: governor=R, senate=R, house=R"
NJ,2000,Republican,Republican,True,Republican,Republican,True,Republican,Republican,True,Republican,Republican,True,"klarner codes: govparty_c=0, sen_cont_alt=0, hs_cont_alt=0","ballotpedia codes: governor=R, senate=R, house=R"
NJ,2001,Republican,Republican,True,Republican,Republican,True,Republican,Republican,True,Republican,Republican,True,"klarner codes: govparty_c=0, sen_cont_alt=0, hs_cont_alt=0","ballotpedia codes: governor=R, senate=R, house=R"
NJ,2002,Democratic,Democratic,True,Split,Split,True,Democratic,Democratic,True,Divided,Divided,True,"klarner codes: govparty_c=1, sen_cont_alt=0.5, hs_cont_alt=1; senate: neither party held a majority of seats or control was shared (klarner 0.5)","ballotpedia codes: governor=D, senate=S, house=D; senate: tied, power-sharing agreement or bipartisan coalition (ballotpedia S)"
NJ,2003,Democratic,Democratic,True,Split,Split,True,Democratic,Democratic,True,Divided,Divided,True,"klarner codes: govparty_c=1, sen_cont_alt=0.5, hs_cont_alt=1; senate: neither party held a majority of seats or control was shared (klarner 0.5)","ballotpedia codes: governor=D, senate=S, house=D; senate: tied, power-sharing agreement or bipartisan coalition (ballotpedia S)"
NJ,2004,Democratic,Democratic,True,Democratic,Democratic,True,Democratic,Democratic,True,Democratic,Democratic,True,"klarner codes: govparty_c=1, sen_cont_alt=1, hs_cont_alt=1","ballotpedia codes: governor=D, senate=D, house=D"
NJ,2005,Democratic,Democratic,True,Democratic,Democratic,True,Democratic,Democratic,True,Democratic,Democratic,True,"klarner codes: govparty_c=1, sen_cont_alt=1, hs_cont_alt=1","ballotpedia codes: governor=D, senate=D, house=D"
NJ,2006,Democratic,Democratic,True,Democratic,Democratic,True,Democratic,Democratic,True,Democratic,Democratic,True,"klarner codes: govparty_c=1, sen_cont_alt=1, hs_cont_alt=1","ballotpedia codes: governor=D, senate=D, house=D"
NJ,2007,Democratic,Democratic,True,Democratic,Democratic,True,Democratic,Democratic,True,Democratic,Democratic,True,"klarner codes: govparty_c=1, sen_cont_alt=1, hs_cont_alt=1","ballotpedia codes: governor=D, senate=D, house=D"
NJ,2008,Democratic,Democratic,True,Democratic,Democratic,True,Democratic,Democratic,True,Democratic,Democratic,True,"klarner codes: govparty_c=1, sen_cont_alt=1, hs_cont_alt=1","ballotpedia codes: governor=D, senate=D, house=D"
NJ,2009,Democratic,Democratic,True,Democratic,Democratic,True,Democratic,Democratic,True,Democratic,Democratic,True,"klarner codes: govparty_c=1, sen_cont_alt=1, hs_cont_alt=1","ballotpedia codes: governor=D, senate=D, house=D"
NJ,2010,Republican,Republican,True,Democratic,Democratic,True,Democratic,Democratic,True,Divided,Divided,True,"klarner codes: govparty_c=0, sen_cont_alt=1, hs_cont_alt=1","ballotpedia codes: governor=R, senate=D, house=D"
NJ,2011,Republican,Republican,True,Democratic,Democratic,True,Democratic,Democratic,True,Divided,Divided,True,"klarner codes: govparty_c=0, sen_cont_alt=1, hs_cont_alt=1","ballotpedia codes: governor=R, senate=D, house=D"
NM,1992,Democratic,Democratic,True,Democratic,Democratic,True,Democratic,Democratic,True,Democratic,Democratic,True,"klarner codes: govparty_c=1, sen_cont_alt=1, hs_cont_alt=1","ballotpedia codes: governor=D, senate=D, house=D"
NM,1993,Democratic,Democratic,True,Democratic,Democratic,True,Democratic,Democratic,True,Democratic,Democratic,True,"klarner codes: govparty_c=1, sen_cont_alt=1, hs_cont_alt=1","ballotpedia codes: governor=D, senate=D, house=D"
NM,1994,Democratic,Democratic,True,Democratic,Democratic,True,Democratic,Democratic,True,Democratic,Democratic,True,"klarner codes: govparty_c=1, sen_cont_alt=1, hs_cont_alt=1","ballotpedia codes: governor=D, senate=D, house=D"
NM,1995,Republican,Republican,True,Democratic,Democratic,True,Democratic,Democratic,True,Divided,Divided,True,"klarner codes: govparty_c=0, sen_cont_alt=1, hs_cont_alt=1","ballotpedia codes: governor=R, senate=D, house=D"
NM,1996,Republican,Republican,True,Democratic,Democratic,True,Democratic,Democratic,True,Divided,Divided,True,"klarner codes: govparty_c=0, sen_cont_alt=1, hs_cont_alt=1","ballotpedia codes: governor=R, senate=D, house=D"
NM,1997,Republican,Republican,True,Democratic,Democratic,True,Democratic,Democratic,True,Divided,Divided,True,"klarner codes: govparty_c=0, sen_cont_alt=1, hs_cont_alt=1","ballotpedia codes: governor=R, senate=D, house=D"
NM,1998,Republican,Republican,True,Democratic,Democratic,True,Democratic,Democratic,True,Divided,Divided,True,"klarner codes: govparty_c=0, sen_cont_alt=1, hs_cont_alt=1","ballotpedia codes: governor=R, senate=D, house=D"
NM,1999,Republican,Republican,True,Democratic,Democratic,True,Democratic,Democratic,True,Divided,Divided,True,"klarner codes: govparty_c=0, sen_cont_alt=1, hs_cont_alt=1","ballotpedia codes: governor=R, senate=D, house=D"
NM,2000,Republican,Republican,True,Democratic,Democratic,True,Democratic,Democratic,True,Divided,Divided,True,"klarner codes: govparty_c=0, sen_cont_alt=1, hs_cont_alt=1","ballotpedia codes: governor=R, senate=D, house=D"
NM,2001,Republican,Republican,True,Democratic,Democratic,True,Democratic,Democratic,True,Divided,Divided,True,"klarner codes: govparty_c=0, sen_cont_alt=1, hs_cont_alt=1","ballotpedia codes: governor=R, senate=D, house=D"
NM,2002,Republican,Republican,True,Democratic,Democratic,True,Democratic,Democratic,True,Divided,Divided,True,"klarner codes: govparty_c=0, sen_cont_alt=1, hs_cont_alt=1","ballotpedia codes: governor=R, senate=D, house=D"
NM,2003,Democratic,Democratic,True,Democratic,Democratic,True,Democratic,Democratic,True,Democratic,Democratic,True,"klarner codes: govparty_c=1, sen_cont_alt=1, hs_cont_alt=1","ballotpedia codes: governor=D, senate=D, house=D"
NM,2004,Democratic,Democratic,True,Democratic,Democratic,True,Democratic,Democratic,True,Democratic,Democratic,True,"klarner codes: govparty_c=1, sen_cont_alt=1, hs_cont_alt=1","ballotpedia codes: governor=D, senate=D, house=D"
NM,2005,Democratic,Democratic,True,Democratic,Democratic,True,Democratic,Democratic,True,Democratic,Democratic,True,"klarner codes: govparty_c=1, sen_cont_alt=1, hs_cont_alt=1","ballotpedia codes: governor=D, senate=D, house=D"
NM,2006,Democratic,Democratic,True,Democratic,Democratic,True,Democratic,Democratic,True,Democratic,Democratic,True,"klarner codes: govparty_c=1, sen_cont_alt=1, hs_cont_alt=1","ballotpedia codes: governor=D, senate=D, house=D"
NM,2007,Democratic,Democratic,True,Democratic,Democratic,True,Democratic,Democratic,True,Democratic,Democratic,True,"klarner codes: govparty_c=1, sen_cont_alt=1, hs_cont_alt=1","ballotpedia codes: governor=D, senate=D, house=D"
NM,2008,Democratic,Democratic,True,Democratic,Democratic,True,Democratic,Democratic,True,Democratic,Democratic,True,"klarner codes: govparty_c=1, sen_cont_alt=1, hs_cont_alt=1","ballotpedia codes: governor=D, senate=D, house=D"
NM,2009,Democratic,Democratic,True,Democratic,Democratic,True,Democratic,Democratic,True,Democratic,Democratic,True,"klarner codes: govparty_c=1, sen_cont_alt=1, hs_cont_alt=1","ballotpedia codes: governor=D, senate=D, house=D"
NM,2010,Democratic,Democratic,True,Democratic,Democratic,True,Democratic,Democratic,True,Democratic,Democratic,True,"klarner codes: govparty_c=1, sen_cont_alt=1, hs_cont_alt=1","ballotpedia codes: governor=D, senate=D, house=D"
NM,2011,Republican,Republican,True,Democratic,Democratic,True,Democratic,Democratic,True,Divided,Divided,True,"klarner codes: govparty_c=0, sen_cont_alt=1, hs_cont_alt=1","ballotpedia codes: governor=R, senate=D, house=D"
NV,1992,Democratic,Democratic,True,Democratic,Democratic,True,Democratic,Democratic,True,Democratic,Democratic,True,"klarner codes: govparty_c=1, sen_cont_alt=1, hs_cont_alt=1","ballotpedia codes: governor=D, senate=D, house=D"
NV,1993,Democratic,Democratic,True,Republican,Republican,True,Democratic,Democratic,True,Divided,Divided,True,"klarner codes: govparty_c=1, sen_cont_alt=0, hs_cont_alt=1","ballotpedia codes: governor=D, senate=R, house=D"
NV,1994,Democratic,Democratic,True,Republican,Republican,True,Democratic,Democratic,True,Divided,Divided,True,"klarner codes: govparty_c=1, sen_cont_alt=0, hs_cont_alt=1","ballotpedia codes: governor=D, senate=R, house=D"
NV,1995,Democratic,Democratic,True,Republican,Republican,True,Split,Split,True,Divided,Divided,True,"klarner codes: govparty_c=1, sen_cont_alt=0, hs_cont_alt=0.5; house: neither party held a majority of seats or control was shared (klarner 0.5)","ballotpedia codes: governor=D, senate=R, house=S; house: tied, power-sharing agreement or bipartisan coalition (ballotpedia S)"
NV,1996,Democratic,Democratic,True,Republican,Republican,True,Split,Split,True,Divided,Divided,True,"klarner codes: govparty_c=1, sen_cont_alt=0, hs_cont_alt=0.5; house: neither party held a majority of seats or control was shared (klarner 0.5)","ballotpedia codes: governor=D, senate=R, house=S; house: tied, power-sharing agreement or bipartisan coalition (ballotpedia S)"
NV,1997,Democratic,Democratic,True,Republican,Republican,True,Democratic,Democratic,True,Divided,Divided,True,"klarner codes: govparty_c=1, sen_cont_alt=0, hs_cont_alt=1","ballotpedia codes: governor=D, senate=R, house=D"
NV,1998,Democratic,Democratic,True,Republican,Republican,True,Democratic,Democratic,True,Divided,Divided,True,"klarner codes: govparty_c=1, sen_cont_alt=0, hs_cont_alt=1","ballotpedia codes: governor=D, senate=R, house=D"
NV,1999,Republican,Republican,True,Republican,Republican,True,Democratic,Democratic,True,Divided,Divided,True,"klarner codes: govparty_c=0, sen_cont_alt=0, hs_cont_alt=1","ballotpedia codes: governor=R, senate=R, house=D"
NV,2000,Republican,Republican,True,Republican,Republican,True,Democratic,Democratic,True,Divided,Divided,True,"klarner codes: govparty_c=0, sen_cont_alt=0, hs_cont_alt=1","ballotpedia codes: governor=R, senate=R, house=D"
NV,2001,Republican,Republican,True,Republican,Republican,True,Democratic,Democratic,True,Divided,Divided,True,"klarner codes: govparty_c=0, sen_cont_alt=0, hs_cont_alt=1","ballotpedia codes: governor=R, senate=R, house=D"
NV,2002,Republican,Republican,True,Republican,Republican,True,Democratic,Democratic,True,Divided,Divided,True,"klarner codes: govparty_c=0, sen_cont_alt=0, hs_cont_alt=1","ballotpedia codes: governor=R, senate=R, house=D"
NV,2003,Republican,Republican,True,Republican,Republican,True,Democratic,Democratic,True,Divided,Divided,True,"klarner codes: govparty_c=0, sen_cont_alt=0, hs_cont_alt=1","ballotpedia codes: governor=R, senate=R, house=D"
NV,2004,Republican,Republican,True,Republican,Republican,True,Democratic,Democratic,True,Divided,Divided,True,"klarner codes: govparty_c=0, sen_cont_alt=0, hs_cont_alt=1","ballotpedia codes: governor=R, senate=R, house=D"
NV,2005,Republican,Republican,True,Republican,Republican,True,Democratic,Democratic,True,Divided,Divided,True,"klarner codes: govparty_c=0, sen_cont_alt=0, hs_cont_alt=1","ballotpedia codes: governor=R, senate=R, house=D"
NV,2006,Republican,Republican,True,Republican,Republican,True,Democratic,Democratic,True,Divided,Divided,True,"klarner codes: govparty_c=0, sen_cont_alt=0, hs_cont_alt=1","ballotpedia codes: governor=R, senate=R, house=D"
NV,2007,Republican,Republican,True,Republican,Republican,True,Democratic,Democratic,True,Divided,Divided,True,"klarner codes: govparty_c=0, sen_cont_alt=0, hs_cont_alt=1","ballotpedia codes: governor=R, senate=R, house=D"
NV,2008,Republican,Republican,True,Republican,Republican,True,Democratic,Democratic,True,Divided,Divided,True,"klarner codes: govparty_c=0, sen_cont_alt=0, hs_cont_alt=1","ballotpedia codes: governor=R, senate=R, house=D"
NV,2009,Republican,Republican,True,Democratic,Democratic,True,Democratic,Democratic,True,Divided,Divided,True,"klarner codes: govparty_c=0, sen_cont_alt=1, hs_cont_alt=1","ballotpedia codes: governor=R, senate=D, house=D"
NV,2010,Republican,Republican,True,Democratic,Democratic,True,Democratic,Democratic,True,Divided,Divided,True,"klarner codes: govparty_c=0, sen_cont_alt=1, hs_cont_alt=1","ballotpedia codes: governor=R, senate=D, house=D"
NV,2011,Republican,Republican,True,Democratic,Democratic,True,Democratic,Democratic,True,Divided,Divided,True,"klarner codes: govparty_c=0, sen_cont_alt=1, hs_cont_alt=1","ballotpedia codes: governor=R, senate=D, house=D"
NY,1992,Democratic,Democratic,True,Republican,Republican,True,Democratic,Democratic,True,Divided,Divided,True,"klarner codes: govparty_c=1, sen_cont_alt=0, hs_cont_alt=1","ballotpedia codes: governor=D, senate=R, house=D"
NY,1993,Democratic,Democratic,True,Republican,Republican,True,Democratic,Democratic,True,Divided,Divided,True,"klarner codes: govparty_c=1, sen_cont_alt=0, hs_cont_alt=1","ballotpedia codes: governor=D, senate=R, house=D"
NY,1994,Democratic,Democratic,True,Republican,Republican,True,Democratic,Democratic,True,Divided,Divided,True,"klarner codes: govparty_c=1, sen_cont_alt=0, hs_cont_alt=1","ballotpedia codes: governor=D, senate=R, house=D"
NY,1995,Republican,Republican,True,Republican,Republican,True,Democratic,Democratic,True,Divided,Divided,True,"klarner codes: govparty_c=0, sen_cont_alt=0, hs_cont_alt=1","ballotpedia codes: governor=R, senate=R, house=D"
NY,1996,Republican,Republican,True,Republican,Republican,True,Democratic,Democratic,True,Divided,Divided,True,"klarner codes: govparty_c=0, sen_cont_alt=0, hs_cont_alt=1","ballotpedia codes: governor=R, senate=R, house=D"
NY,1997,Republican,Republican,True,Republican,Republican,True,Democratic,Democratic,True,Divided,Divided,True,"klarner codes: govparty_c=0, sen_cont_alt=0, hs_cont_alt=1","ballotpedia codes: governor=R, senate=R, house=D"
NY,1998,Republican,Republican,True,Republican,Republican,True,Democratic,Democratic,True,Divided,Divided,True,"klarner codes: govparty_c=0, sen_cont_alt=0, hs_cont_alt=1","ballotpedia codes: governor=R, senate=R, house=D"
NY,1999,Republican,Republican,True,Republican,Republican,True,Democratic,Democratic,True,Divided,Divided,True,"klarner codes: govparty_c=0, sen_cont_alt=0, hs_cont_alt=1","ballotpedia codes: governor=R, senate=R, house=D"
NY,2000,Republican,Republican,True,Republican,Republican,True,Democratic,Democratic,True,Divided,Divided,True,"klarner codes: govparty_c=0, sen_cont_alt=0, hs_cont_alt=1","ballotpedia codes: governor=R, senate=R, house=D"
NY,2001,Republican,Republican,True,Republican,Republican,True,Democratic,Democratic,True,Divided,Divided,True,"klarner codes: govparty_c=0, sen_cont_alt=0, hs_cont_alt=1","ballotpedia codes: governor=R, senate=R, house=D"
NY,2002,Republican,Republican,True,Republican,Republican,True,Democratic,Democratic,True,Divided,Divided,True,"klarner codes: govparty_c=0, sen_cont_alt=0, hs_cont_alt=1","ballotpedia codes: governor=R, senate=R, house=D"
NY,2003,Republican,Republican,True,Republican,Republican,True,Democratic,Democratic,True,Divided,Divided,True,"klarner codes: govparty_c=0, sen_cont_alt=0, hs_cont_alt=1","ballotpedia codes: governor=R, senate=R, house=D"
NY,2004,Republican,Republican,True,Republican,Republican,True,Democratic,Democratic,True,Divided,Divided,True,"klarner codes: govparty_c=0, sen_cont_alt=0, hs_cont_alt=1","ballotpedia codes: governor=R, senate=R, house=D"
NY,2005,Republican,Republican,True,Republican,Republican,True,Democratic,Democratic,True,Divided,Divided,True,"klarner codes: govparty_c=0, sen_cont_alt=0, hs_cont_alt=1","ballotpedia codes: governor=R, senate=R, house=D"
NY,2006,Republican,Republican,True,Republican,Republican,True,Democratic,Democratic,True,Divided,Divided,True,"klarner codes: govparty_c=0, sen_cont_alt=0, hs_cont_alt=1","ballotpedia codes: governor=R, senate=R, house=D"
NY,2007,Democratic,Democratic,True,Republican,Republican,True,Democratic,Democratic,True,Divided,Divided,True,"klarner codes: govparty_c=1, sen_cont_alt=0, hs_cont_alt=1","ballotpedia codes: governor=D, senate=R, house=D"
NY,2008,Democratic,Democratic,True,Republican,Republican,True,Democratic,Democratic,True,Divided,Divided,True,"klarner codes: govparty_c=1, sen_cont_alt=0, hs_cont_alt=1","ballotpedia codes: governor=D, senate=R, house=D"
NY,2009,Democratic,Democratic,True,Democratic,Democratic,True,Democratic,Democratic,True,Democratic,Democratic,True,"klarner codes: govparty_c=1, sen_cont_alt=1, hs_cont_alt=1","ballotpedia codes: governor=D, senate=D, house=D"
NY,2010,Democratic,Democratic,True,Democratic,Democratic,True,Democratic,Democratic,True,Democratic,Democratic,True,"klarner codes: govparty_c=1, sen_cont_alt=1, hs_cont_alt=1","ballotpedia codes: governor=D, senate=D, house=D"
NY,2011,Democratic,Democratic,True,Republican,Republican,True,Democratic,Democratic,True,Divided,Divided,True,"klarner codes: govparty_c=1, sen_cont_alt=0, hs_cont_alt=1","ballotpedia codes: governor=D, senate=R, house=D"
OH,1992,Republican,Republican,True,Republican,Republican,True,Democratic,Democratic,True,Divided,Divided,True,"klarner codes: govparty_c=0, sen_cont_alt=0, hs_cont_alt=1","ballotpedia codes: governor=R, senate=R, house=D"
OH,1993,Republican,Republican,True,Republican,Republican,True,Democratic,Democratic,True,Divided,Divided,True,"klarner codes: govparty_c=0, sen_cont_alt=0, hs_cont_alt=1","ballotpedia codes: governor=R, senate=R, house=D"
OH,1994,Republican,Republican,True,Republican,Republican,True,Democratic,Democratic,True,Divided,Divided,True,"klarner codes: govparty_c=0, sen_cont_alt=0, hs_cont_alt=1","ballotpedia codes: governor=R, senate=R, house=D"
OH,1995,Republican,Republican,True,Republican,Republican,True,Republican,Republican,True,Republican,Republican,True,"klarner codes: govparty_c=0, sen_cont_alt=0, hs_cont_alt=0","ballotpedia codes: governor=R, senate=R, house=R"
OH,1996,Republican,Republican,True,Republican,Republican,True,Republican,Republican,True,Republican,Republican,True,"klarner codes: govparty_c=0, sen_cont_alt=0, hs_cont_alt=0","ballotpedia codes: governor=R, senate=R, house=R"
OH,1997,Republican,Republican,True,Republican,Republican,True,Republican,Republican,True,Republican,Republican,True,"klarner codes: govparty_c=0, sen_cont_alt=0, hs_cont_alt=0","ballotpedia codes: governor=R, senate=R, house=R"
OH,1998,Republican,Republican,True,Republican,Republican,True,Republican,Republican,True,Republican,Republican,True,"klarner codes: govparty_c=0, sen_cont_alt=0, hs_cont_alt=0","ballotpedia codes: governor=R, senate=R, house=R"
OH,1999,Republican,Republican,True,Republican,Republican,True,Republican,Republican,True,Republican,Republican,True,"klarner codes: govparty_c=0, sen_cont_alt=0, hs_cont_alt=0","ballotpedia codes: governor=R, senate=R, house=R"
OH,2000,Republican,Republican,True,Republican,Republican,True,Republican,Republican,True,Republican,Republican,True,"klarner codes: govparty_c=0, sen_cont_alt=0, hs_cont_alt=0","ballotpedia codes: governor=R, senate=R, house=R"
OH,2001,Republican,Republican,True,Republican,Republican,True,Republican,Republican,True,Republican,Republican,True,"klarner codes: govparty_c=0, sen_cont_alt=0, hs_cont_alt=0","ballotpedia codes: governor=R, senate=R, house=R"
OH,2002,Republican,Republican,True,Republican,Republican,True,Republican,Republican,True,Republican,Republican,True,"klarner codes: govparty_c=0, sen_cont_alt=0, hs_cont_alt=0","ballotpedia codes: governor=R, senate=R, house=R"
OH,2003,Republican,Republican,True,Republican,Republican,True,Republican,Republican,True,Republican,Republican,True,"klarner codes: govparty_c=0, sen_cont_alt=0, hs_cont_alt=0","ballotpedia codes: governor=R, senate=R, house=R"
OH,2004,Republican,Republican,True,Republican,Republican,True,Republican,Republican,True,Republican,Republican,True,"klarner codes: govparty_c=0, sen_cont_alt=0, hs_cont_alt=0","ballotpedia codes: governor=R, senate=R, house=R"
OH,2005,Republican,Republican,True,Republican,Republican,True,Republican,Republican,True,Republican,Republican,True,"klarner codes: govparty_c=0, sen_cont_alt=0, hs_cont_alt=0","ballotpedia codes: governor=R, senate=R, house=R"
OH,2006,Republican,Republican,True,Republican,Republican,True,Republican,Republican,True,Republican,Republican,True,"klarner codes: govparty_c=0, sen_cont_alt=0, hs_cont_alt=0","ballotpedia codes: governor=R, senate=R, house=R"
OH,2007,Democratic,Democratic,True,Republican,Republican,True,Republican,Republican,True,Divided,Divided,True,"klarner codes: govparty_c=1, sen_cont_alt=0, hs_cont_alt=0","ballotpedia codes: governor=D, senate=R, house=R"
OH,2008,Democratic,Democratic,True,Republican,Republican,True,Republican,Republican,True,Divided,Divided,True,"klarner codes: govparty_c=1, sen_cont_alt=0, hs_cont_alt=0","ballotpedia codes: governor=D, senate=R, house=R"
OH,2009,Democratic,Democratic,True,Republican,Republican,True,Democratic,Democratic,True,Divided,Divided,True,"klarner codes: govparty_c=1, sen_cont_alt=0, hs_cont_alt=1","ballotpedia codes: governor=D, senate=R, house=D"
OH,2010,Democratic,Democratic,True,Republican,Republican,True,Democratic,Democratic,True,Divided,Divided,True,"klarner codes: govparty_c=1, sen_cont_alt=0, hs_cont_alt=1","ballotpedia codes: governor=D, senate=R, house=D"
OH,2011,Republican,Republican,True,Republican,Republican,True,Republican,Republican,True,Republican,Republican,True,"klarner codes: govparty_c=0, sen_cont_alt=0, hs_cont_alt=0","ballotpedia codes: governor=R, senate=R, house=R"
OK,1992,Democratic,Democratic,True,Democratic,Democratic,True,Democratic,Democratic,True,Democratic,Democratic,True,"klarner codes: govparty_c=1, sen_cont_alt=1, hs_cont_alt=1","ballotpedia codes: governor=D, senate=D, house=D"
OK,1993,Democratic,Democratic,True,Democratic,Democratic,True,Democratic,Democratic,True,Democratic,Democratic,True,"klarner codes: govparty_c=1, sen_cont_alt=1, hs_cont_alt=1","ballotpedia codes: governor=D, senate=D, house=D"
OK,1994,Democratic,Democratic,True,Democratic,Democratic,True,Democratic,Democratic,True,Democratic,Democratic,True,"klarner codes: govparty_c=1, sen_cont_alt=1, hs_cont_alt=1","ballotpedia codes: governor=D, senate=D, house=D"
OK,1995,Republican,Republican,True,Democratic,Democratic,True,Democratic,Democratic,True,Divided,Divided,True,"klarner codes: govparty_c=0, sen_cont_alt=1, hs_cont_alt=1","ballotpedia codes: governor=R, senate=D, house=D"
OK,1996,Republican,Republican,True,Democratic,Democratic,True,Democratic,Democratic,True,Divided,Divided,True,"klarner codes: govparty_c=0, sen_cont_alt=1, hs_cont_alt=1","ballotpedia codes: governor=R, senate=D, house=D"
OK,1997,Republican,Republican,True,Democratic,Democratic,True,Democratic,Democratic,True,Divided,Divided,True,"klarner codes: govparty_c=0, sen_cont_alt=1, hs_cont_alt=1","ballotpedia codes: governor=R, senate=D, house=D"
OK,1998,Republican,Republican,True,Democratic,Democratic,True,Democratic,Democratic,True,Divided,Divided,True,"klarner codes: govparty_c=0, sen_cont_alt=1, hs_cont_alt=1","ballotpedia codes: governor=R, senate=D, house=D"
OK,1999,Republican,Republican,True,Democratic,Democratic,True,Democratic,Democratic,True,Divided,Divided,True,"klarner codes: govparty_c=0, sen_cont_alt=1, hs_cont_alt=1","ballotpedia codes: governor=R, senate=D, house=D"
OK,2000,Republican,Republican,True,Democratic,Democratic,True,Democratic,Democratic,True,Divided,Divided,True,"klarner codes: govparty_c=0, sen_cont_alt=1, hs_cont_alt=1","ballotpedia codes: governor=R, senate=D, house=D"
OK,2001,Republican,Republican,True,Democratic,Democratic,True,Democratic,Democratic,True,Divided,Divided,True,"klarner codes: govparty_c=0, sen_cont_alt=1, hs_cont_alt=1","ballotpedia codes: governor=R, senate=D, house=D"
OK,2002,Republican,Republican,True,Democratic,Democratic,True,Democratic,Democratic,True,Divided,Divided,True,"klarner codes: govparty_c=0, sen_cont_alt=1, hs_cont_alt=1","ballotpedia codes: governor=R, senate=D, house=D"
OK,2003,Democratic,Democratic,True,Democratic,Democratic,True,Democratic,Democratic,True,Democratic,Democratic,True,"klarner codes: govparty_c=1, sen_cont_alt=1, hs_cont_alt=1","ballotpedia codes: governor=D, senate=D, house=D"
OK,2004,Democratic,Democratic,True,Democratic,Democratic,True,Democratic,Democratic,True,Democratic,Democratic,True,"klarner codes: govparty_c=1, sen_cont_alt=1, hs_cont_alt=1","ballotpedia codes: governor=D, senate=D, house=D"
OK,2005,Democratic,Democratic,True,Democratic,Democratic,True,Republican,Republican,True,Divided,Divided,True,"klarner codes: govparty_c=1, sen_cont_alt=1, hs_cont_alt=0","ballotpedia codes: governor=D, senate=D, house=R"
OK,2006,Democratic,Democratic,True,Democratic,Democratic,True,Republican,Republican,True,Divided,Divided,True,"klarner codes: govparty_c=1, sen_cont_alt=1, hs_cont_alt=0","ballotpedia codes: governor=D, senate=D, house=R"
OK,2007,Democratic,Democratic,True,Split,Split,True,Republican,Republican,True,Divided,Divided,True,"klarner codes: govparty_c=1, sen_cont_alt=0.5, hs_cont_alt=0; senate: neither party held a majority of seats or control was shared (klarner 0.5)","ballotpedia codes: governor=D, senate=S, house=R; senate: tied, power-sharing agreement or bipartisan coalition (ballotpedia S)"
OK,2008,Democratic,Democratic,True,Split,Split,True,Republican,Republican,True,Divided,Divided,True,"klarner codes: govparty_c=1, sen_cont_alt=0.5, hs_cont_alt=0; senate: neither party held a majority of seats or control was shared (klarner 0.5)","ballotpedia codes: governor=D, senate=S, house=R; senate: tied, power-sharing agreement or bipartisan coalition (ballotpedia S)"
OK,2009,Democratic,Democratic,True,Republican,Republican,True,Republican,Republican,True,Divided,Divided,True,"klarner codes: govparty_c=1, sen_cont_alt=0, hs_cont_alt=0","ballotpedia codes: governor=D, senate=R, house=R"
OK,2010,Democratic,Democratic,True,Republican,Republican,True,Republican,Republican,True,Divided,Divided,True,"klarner codes: govparty_c=1, sen_cont_alt=0, hs_cont_alt=0","ballotpedia codes: governor=D, senate=R, house=R"
OK,2011,Republican,Republican,True,Republican,Republican,True,Republican,Republican,True,Republican,Republican,True,"klarner codes: govparty_c=0, sen_cont_alt=0, hs_cont_alt=0","ballotpedia codes: governor=R, senate=R, house=R"
OR,1992,Democratic,Democratic,True,Democratic,Democratic,True,Republican,Republican,True,Divided,Divided,True,"klarner codes: govparty_c=1, sen_cont_alt=1, hs_cont_alt=0","ballotpedia codes: governor=D, senate=D, house=R"
OR,1993,Democratic,Democratic,True,Democratic,Democratic,True,Republican,Republican,True,Divided,Divided,True,"klarner codes: govparty_c=1, sen_cont_alt=1, hs_cont_alt=0","ballotpedia codes: governor=D, senate=D, house=R"
OR,1994,Democratic,Democratic,True,Democratic,Democratic,True,Republican,Republican,True,Divided,Divided,True,"klarner codes: govparty_c=1, sen_cont_alt=1, hs_cont_alt=0","ballotpedia codes: governor=D, senate=D, house=R"
OR,1995,Democratic,Democratic,True,Republican,Republican,True,Republican,Republican,True,Divided,Divided,True,"klarner codes: govparty_c=1, sen_cont_alt=0, hs_cont_alt=0","ballotpedia codes: governor=D, senate=R, house=R"
OR,1996,Democratic,Democratic,True,Republican,Republican,True,Republican,Republican,True,Divided,Divided,True,"klarner codes: govparty_c=1, sen_cont_alt=0, hs_cont_alt=0","ballotpedia codes: governor=D, senate=R, house=R"
OR,1997,Democratic,Democratic,True,Republican,Republican,True,Republican,Republican,True,Divided,Divided,True,"klarner codes: govparty_c=1, sen_cont_alt=0, hs_cont_alt=0","ballotpedia codes: governor=D, senate=R, house=R"
OR,1998,Democratic,Democratic,True,Republican,Republican,True,Republican,Republican,True,Divided,Divided,True,"klarner codes: govparty_c=1, sen_cont_alt=0, hs_cont_alt=0","ballotpedia codes: governor=D, senate=R, house=R"
OR,1999,Democratic,Democratic,True,Republican,Republican,True,Republican,Republican,True,Divided,Divided,True,"klarner codes: govparty_c=1, sen_cont_alt=0, hs_cont_alt=0","ballotpedia codes: governor=D, senate=R, house=R"
OR,2000,Democratic,Democratic,True,Republican,Republican,True,Republican,Republican,True,Divided,Divided,True,"klarner codes: govparty_c=1, sen_cont_alt=0, hs_cont_alt=0","ballotpedia codes: governor=D, senate=R, house=R"
OR,2001,Democratic,Democratic,True,Republican,Republican,True,Republican,Republican,True,Divided,Divided,True,"klarner codes: govparty_c=1, sen_cont_alt=0, hs_cont_alt=0","ballotpedia codes: governor=D, senate=R, house=R"
OR,2002,Democratic,Democratic,True,Republican,Republican,True,Republican,Republican,True,Divided,Divided,True,"klarner codes: govparty_c=1, sen_cont_alt=0, hs_cont_alt=0","ballotpedia codes: governor=D, senate=R, house=R"
OR,2003,Democratic,Democratic,True,Split,Split,True,Republican,Republican,True,Divided,Divided,True,"klarner codes: govparty_c=1, sen_cont_alt=0.5, hs_cont_alt=0; senate: neither party held a majority of seats or control was shared (klarner 0.5)","ballotpedia codes: governor=D, senate=S, house=R; senate: tied, power-sharing agreement or bipartisan coalition (ballotpedia S)"
OR,2004,Democratic,Democratic,True,Split,Split,True,Republican,Republican,True,Divided,Divided,True,"klarner codes: govparty_c=1, sen_cont_alt=0.5, hs_cont_alt=0; senate: neither party held a majority of seats or control was shared (klarner 0.5)","ballotpedia codes: governor=D, senate=S, house=R; senate: tied, power-sharing agreement or bipartisan coalition (ballotpedia S)"
OR,2005,Democratic,Democratic,True,Democratic,Democratic,True,Republican,Republican,True,Divided,Divided,True,"klarner codes: govparty_c=1, sen_cont_alt=1, hs_cont_alt=0","ballotpedia codes: governor=D, senate=D, house=R"
OR,2006,Democratic,Democratic,True,Democratic,Democratic,True,Republican,Republican,True,Divided,Divided,True,"klarner codes: govparty_c=1, sen_cont_alt=1, hs_cont_alt=0","ballotpedia codes: governor=D, senate=D, house=R"
OR,2007,Democratic,Democratic,True,Democratic,Democratic,True,Democratic,Democratic,True,Democratic,Democratic,True,"klarner codes: govparty_c=1, sen_cont_alt=1, hs_cont_alt=1","ballotpedia codes: governor=D, senate=D, house=D"
OR,2008,Democratic,Democratic,True,Democratic,Democratic,True,Democratic,Democratic,True,Democratic,Democratic,True,"klarner codes: govparty_c=1, sen_cont_alt=1, hs_cont_alt=1","ballotpedia codes: governor=D, senate=D, house=D"
OR,2009,Democratic,Democratic,True,Democratic,Democratic,True,Democratic,Democratic,True,Democratic,Democratic,True,"klarner codes: govparty_c=1, sen_cont_alt=1, hs_cont_alt=1","ballotpedia codes: governor=D, senate=D, house=D"
OR,2010,Democratic,Democratic,True,Democratic,Democratic,True,Democratic,Democratic,True,Democratic,Democratic,True,"klarner codes: govparty_c=1, sen_cont_alt=1, hs_cont_alt=1","ballotpedia codes: governor=D, senate=D, house=D"
OR,2011,Democratic,Democratic,True,Democratic,Democratic,True,Split,Split,True,Divided,Divided,True,"klarner codes: govparty_c=1, sen_cont_alt=1, hs_cont_alt=0.5; house: neither party held a majority of seats or control was shared (klarner 0.5)","ballotpedia codes: governor=D, senate=D, house=S; house: tied, power-sharing agreement or bipartisan coalition (ballotpedia S)"
PA,1992,Democratic,Democratic,True,Republican,Republican,True,Democratic,Democratic,True,Divided,Divided,True,"klarner codes: govparty_c=1, sen_cont_alt=0, hs_cont_alt=1","ballotpedia codes: governor=D, senate=R, house=D"
PA,1993,Democratic,Democratic,True,Democratic,Democratic,True,Democratic,Democratic,True,Democratic,Democratic,True,"klarner codes: govparty_c=1, sen_cont_alt=1, hs_cont_alt=1","ballotpedia codes: governor=D, senate=D, house=D"
PA,1994,Democratic,Democratic,True,Republican,Republican,True,Democratic,Democratic,True,Divided,Divided,True,"klarner codes: govparty_c=1, sen_cont_alt=0, hs_cont_alt=1","ballotpedia codes: governor=D, senate=R, house=D"
PA,1995,Republican,Republican,True,Republican,Republican,True,Republican,Republican,True,Republican,Republican,True,"klarner codes: govparty_c=0, sen_cont_alt=0, hs_cont_alt=0","ballotpedia codes: governor=R, senate=R, house=R"
PA,1996,Republican,Republican,True,Republican,Republican,True,Republican,Republican,True,Republican,Republican,True,"klarner codes: govparty_c=0, sen_cont_alt=0, hs_cont_alt=0","ballotpedia codes: governor=R, senate=R, house=R"
PA,1997,Republican,Republican,True,Republican,Republican,True,Republican,Republican,True,Republican,Republican,True,"klarner codes: govparty_c=0, sen_cont_alt=0, hs_cont_alt=0","ballotpedia codes: governor=R, senate=R, house=R"
PA,1998,Republican,Republican,True,Republican,Republican,True,Republican,Republican,True,Republican,Republican,True,"klarner codes: govparty_c=0, sen_cont_alt=0, hs_cont_alt=0","ballotpedia codes: governor=R, senate=R, house=R"
PA,1999,Republican,Republican,True,Republican,Republican,True,Republican,Republican,True,Republican,Republican,True,"klarner codes: govparty_c=0, sen_cont_alt=0, hs_cont_alt=0","ballotpedia codes: governor=R, senate=R, house=R"
PA,2000,Republican,Republican,True,Republican,Republican,True,Republican,Republican,True,Republican,Republican,True,"klarner codes: govparty_c=0, sen_cont_alt=0, hs_cont_alt=0","ballotpedia codes: governor=R, senate=R, house=R"
PA,2001,Republican,Republican,True,Republican,Republican,True,Republican,Republican,True,Republican,Republican,True,"klarner codes: govparty_c=0, sen_cont_alt=0, hs_cont_alt=0","ballotpedia codes: governor=R, senate=R, house=R"
PA,2002,Republican,Republican,True,Republican,Republican,True,Republican,Republican,True,Republican,Republican,True,"klarner codes: govparty_c=0, sen_cont_alt=0, hs_cont_alt=0","ballotpedia codes: governor=R, senate=R, house=R"
PA,2003,Democratic,Democratic,True,Republican,Republican,True,Republican,Republican,True,Divided,Divided,True,"klarner codes: govparty_c=1, sen_cont_alt=0, hs_cont_alt=0","ballotpedia codes: governor=D, senate=R, house=R"
PA,2004,Democratic,Democratic,True,Republican,Republican,True,Republican,Republican,True,Divided,Divided,True,"klarner codes: govparty_c=1, sen_cont_alt=0, hs_cont_alt=0","ballotpedia codes: governor=D, senate=R, house=R"
PA,2005,Democratic,Democratic,True,Republican,Republican,True,Republican,Republican,True,Divided,Divided,True,"klarner codes: govparty_c=1, sen_cont_alt=0, hs_cont_alt=0","ballotpedia codes: governor=D, senate=R, house=R"
PA,2006,Democratic,Democratic,True,Republican,Republican,True,Republican,Republican,True,Divided,Divided,True,"klarner codes: govparty_c=1, sen_cont_alt=0, hs_cont_alt=0","ballotpedia codes: governor=D, senate=R, house=R"
PA,2007,Democratic,Democratic,True,Republican,Republican,True,Democratic,Democratic,True,Divided,Divided,True,"klarner codes: govparty_c=1, sen_cont_alt=0, hs_cont_alt=1","ballotpedia codes: governor=D, senate=R, house=D"
PA,2008,Democratic,Democratic,True,Republican,Republican,True,Democratic,Democratic,True,Divided,Divided,True,"klarner codes: govparty_c=1, sen_cont_alt=0, hs_cont_alt=1","ballotpedia codes: governor=D, senate=R, house=D"
PA,2009,Democratic,Democratic,True,Republican,Republican,True,Democratic,Democratic,True,Divided,Divided,True,"klarner codes: govparty_c=1, sen_cont_alt=0, hs_cont_alt=1","ballotpedia codes: governor=D, senate=R, house=D"
PA,2010,Democratic,Democratic,True,Republican,Republican,True,Democratic,Democratic,True,Divided,Divided,True,"klarner codes: govparty_c=1, sen_cont_alt=0, hs_cont_alt=1","ballotpedia codes: governor=D, senate=R, house=D"
PA,2011,Republican,Republican,True,Republican,Republican,True,Republican,Republican,True,Republican,Republican,True,"klarner codes: govparty_c=0, sen_cont_alt=0, hs_cont_alt=0","ballotpedia codes: governor=R, senate=R, house=R"
RI,1992,Democratic,Democratic,True,Democratic,Democratic,True,Democratic,Democratic,True,Democratic,Democratic,True,"klarner codes: govparty_c=1, sen_cont_alt=1, hs_cont_alt=1","ballotpedia codes: governor=D, senate=D, house=D"
RI,1993,Democratic,Democratic,True,Democratic,Democratic,True,Democratic,Democratic,True,Democratic,Democratic,True,"klarner codes: govparty_c=1, sen_cont_alt=1, hs_cont_alt=1","ballotpedia codes: governor=D, senate=D, house=D"
RI,1994,Democratic,Democratic,True,Democratic,Democratic,True,Democratic,Democratic,True,Democratic,Democratic,True,"klarner codes: govparty_c=1, sen_cont_alt=1, hs_cont_alt=1","ballotpedia codes: governor=D, senate=D, house=D"
RI,1995,Republican,Republican,True,Democratic,Democratic,True,Democratic,Democratic,True,Divided,Divided,True,"klarner codes: govparty_c=0, sen_cont_alt=1, hs_cont_alt=1","ballotpedia codes: governor=R, senate=D, house=D"
RI,1996,Republican,Republican,True,Democratic,Democratic,True,Democratic,Democratic,True,Divided,Divided,True,"klarner codes: govparty_c=0, sen_cont_alt=1, hs_cont_alt=1","ballotpedia codes: governor=R, senate=D, house=D"
RI,1997,Republican,Republican,True,Democratic,Democratic,True,Democratic,Democratic,True,Divided,Divided,True,"klarner codes: govparty_c=0, sen_cont_alt=1, hs_cont_alt=1","ballotpedia codes: governor=R, senate=D, house=D"
RI,1998,Republican,Republican,True,Democratic,Democratic,True,Democratic,Democratic,True,Divided,Divided,True,"klarner codes: govparty_c=0, sen_cont_alt=1, hs_cont_alt=1","ballotpedia codes: governor=R, senate=D, house=D"
RI,1999,Republican,Republican,True,Democratic,Democratic,True,Democratic,Democratic,True,Divided,Divided,True,"klarner codes: govparty_c=0, sen_cont_alt=1, hs_cont_alt=1","ballotpedia codes: governor=R, senate=D, house=D"
RI,2000,Republican,Republican,True,Democratic,Democratic,True,Democratic,Democratic,True,Divided,Divided,True,"klarner codes: govparty_c=0, sen_cont_alt=1, hs_cont_alt=1","ballotpedia codes: governor=R, senate=D, house=D"
RI,2001,Republican,Republican,True,Democratic,Democratic,True,Democratic,Democratic,True,Divided,Divided,True,"klarner codes: govparty_c=0, sen_cont_alt=1, hs_cont_alt=1","ballotpedia codes: governor=R, senate=D, house=D"
RI,2002,Republican,Republican,True,Democratic,Democratic,True,Democratic,Democratic,True,Divided,Divided,True,"klarner codes: govparty_c=0, sen_cont_alt=1, hs_cont_alt=1","ballotpedia codes: governor=R, senate=D, house=D"
RI,2003,Republican,Republican,True,Democratic,Democratic,True,Democratic,Democratic,True,Divided,Divided,True,"klarner codes: govparty_c=0, sen_cont_alt=1, hs_cont_alt=1","ballotpedia codes: governor=R, senate=D, house=D"
RI,2004,Republican,Republican,True,Democratic,Democratic,True,Democratic,Democratic,True,Divided,Divided,True,"klarner codes: govparty_c=0, sen_cont_alt=1, hs_cont_alt=1","ballotpedia codes: governor=R, senate=D, house=D"
RI,2005,Republican,Republican,True,Democratic,Democratic,True,Democratic,Democratic,True,Divided,Divided,True,"klarner codes: govparty_c=0, sen_cont_alt=1, hs_cont_alt=1","ballotpedia codes: governor=R, senate=D, house=D"
RI,2006,Republican,Republican,True,Democratic,Democratic,True,Democratic,Democratic,True,Divided,Divided,True,"klarner codes: govparty_c=0, sen_cont_alt=1, hs_cont_alt=1","ballotpedia codes: governor=R, senate=D, house=D"
RI,2007,Republican,Republican,True,Democratic,Democratic,True,Democratic,Democratic,True,Divided,Divided,True,"klarner codes: govparty_c=0, sen_cont_alt=1, hs_cont_alt=1","ballotpedia codes: governor=R, senate=D, house=D"
RI,2008,Republican,Republican,True,Democratic,Democratic,True,Democratic,Democratic,True,Divided,Divided,True,"klarner codes: govparty_c=0, sen_cont_alt=1, hs_cont_alt=1","ballotpedia codes: governor=R, senate=D, house=D"
RI,2009,Republican,Republican,True,Democratic,Democratic,True,Democratic,Democratic,True,Divided,Divided,True,"klarner codes: govparty_c=0, sen_cont_alt=1, hs_cont_alt=1","ballotpedia codes: governor=R, senate=D, house=D"
RI,2010,Republican,Republican,True,Democratic,Democratic,True,Democratic,Democratic,True,Divided,Divided,True,"klarner codes: govparty_c=0, sen_cont_alt=1, hs_cont_alt=1","ballotpedia codes: governor=R, senate=D, house=D"
RI,2011,Other,Other,True,Democratic,Democratic,True,Democratic,Democratic,True,Divided,Divided,True,"klarner codes: govparty_c=0.5, sen_cont_alt=1, hs_cont_alt=1; governor not of a major party","ballotpedia codes: governor=I, senate=D, house=D; governor not of a major party (ballotpedia I)"
SC,1992,Republican,Republican,True,Democratic,Democratic,True,Democratic,Democratic,True,Divided,Divided,True,"klarner codes: govparty_c=0, sen_cont_alt=1, hs_cont_alt=1","ballotpedia codes: governor=R, senate=D, house=D"
SC,1993,Republican,Republican,True,Democratic,Democratic,True,Democratic,Democratic,True,Divided,Divided,True,"klarner codes: govparty_c=0, sen_cont_alt=1, hs_cont_alt=1","ballotpedia codes: governor=R, senate=D, house=D"
SC,1994,Republican,Republican,True,Democratic,Democratic,True,Democratic,Democratic,True,Divided,Divided,True,"klarner codes: govparty_c=0, sen_cont_alt=1, hs_cont_alt=1","ballotpedia codes: governor=R, senate=D, house=D"
SC,1995,Republican,Republican,True,Democratic,Democratic,True,Republican,Republican,True,Divided,Divided,True,"klarner codes: govparty_c=0, sen_cont_alt=1, hs_cont_alt=0","ballotpedia codes: governor=R, senate=D, house=R"
SC,1996,Republican,Republican,True,Democratic,Democratic,True,Republican,Republican,True,Divided,Divided,True,"klarner codes: govparty_c=0, sen_cont_alt=1, hs_cont_alt=0","ballotpedia codes: governor=R, senate=D, house=R"
SC,1997,Republican,Republican,True,Democratic,Democratic,True,Republican,Republican,True,Divided,Divided,True,"klarner codes: govparty_c=0, sen_cont_alt=1, hs_cont_alt=0","ballotpedia codes: governor=R, senate=D, house=R"
SC,1998,Republican,Republican,True,Democratic,Democratic,True,Republican,Republican,True,Divided,Divided,True,"klarner codes: govparty_c=0, sen_cont_alt=1, hs_cont_alt=0","ballotpedia codes: governor=R, senate=D, house=R"
SC,1999,Democratic,Democratic,True,Democratic,Democratic,True,Republican,Republican,True,Divided,Divided,True,"klarner codes: govparty_c=1, sen_cont_alt=1, hs_cont_alt=0","ballotpedia codes: governor=D, senate=D, house=R"
SC,2000,Democratic,Democratic,True,Democratic,Democratic,True,Republican,Republican,True,Divided,Divided,True,"klarner codes: govparty_c=1, sen_cont_alt=1, hs_cont_alt=0","ballotpedia codes: governor=D, senate=D, house=R"
SC,2001,Democratic,Democratic,True,Republican,Republican,True,Republican,Republican,True,Divided,Divided,True,"klarner codes: govparty_c=1, sen_cont_alt=0, hs_cont_alt=0","ballotpedia codes: governor=D, senate=R, house=R"
SC,2002,Democratic,Democratic,True,Republican,Republican,True,Republican,Republican,True,Divided,Divided,True,"klarner codes: govparty_c=1, sen_cont_alt=0, hs_cont_alt=0","ballotpedia codes: governor=D, senate=R, house=R"
SC,2003,Republican,Republican,True,Republican,Republican,True,Republican,Republican,True,Republican,Republican,True,"klarner codes: govparty_c=0, sen_cont_alt=0, hs_cont_alt=0","ballotpedia codes: governor=R, senate=R, house=R"
SC,2004,Republican,Republican,True,Republican,Republican,True,Republican,Republican,True,Republican,Republican,True,"klarner codes: govparty_c=0, sen_cont_alt=0, hs_cont_alt=0","ballotpedia codes: governor=R, senate=R, house=R"
SC,2005,Republican,Republican,True,Republican,Republican,True,Republican,Republican,True,Republican,Republican,True,"klarner codes: govparty_c=0, sen_cont_alt=0, hs_cont_alt=0","ballotpedia codes: governor=R, senate=R, house=R"
SC,2006,Republican,Republican,True,Republican,Republican,True,Republican,Republican,True,Republican,Republican,True,"klarner codes: govparty_c=0, sen_cont_alt=0, hs_cont_alt=0","ballotpedia codes: governor=R, senate=R, house=R"
SC,2007,Republican,Republican,True,Republican,Republican,True,Republican,Republican,True,Republican,Republican,True,"klarner codes: govparty_c=0, sen_cont_alt=0, hs_cont_alt=0","ballotpedia codes: governor=R, senate=R, house=R"
SC,2008,Republican,Republican,True,Republican,Republican,True,Republican,Republican,True,Republican,Republican,True,"klarner codes: govparty_c=0, sen_cont_alt=0, hs_cont_alt=0","ballotpedia codes: governor=R, senate=R, house=R"
SC,2009,Republican,Republican,True,Republican,Republican,True,Republican,Republican,True,Republican,Republican,True,"klarner codes: govparty_c=0, sen_cont_alt=0, hs_cont_alt=0","ballotpedia codes: governor=R, senate=R, house=R"
SC,2010,Republican,Republican,True,Republican,Republican,True,Republican,Republican,True,Republican,Republican,True,"klarner codes: govparty_c=0, sen_cont_alt=0, hs_cont_alt=0","ballotpedia codes: governor=R, senate=R, house=R"
SC,2011,Republican,Republican,True,Republican,Republican,True,Republican,Republican,True,Republican,Republican,True,"klarner codes: govparty_c=0, sen_cont_alt=0, hs_cont_alt=0","ballotpedia codes: governor=R, senate=R, house=R"
SD,1992,Republican,Republican,True,Republican,Republican,True,Republican,Republican,True,Republican,Republican,True,"klarner codes: govparty_c=0, sen_cont_alt=0, hs_cont_alt=0","ballotpedia codes: governor=R, senate=R, house=R"
SD,1993,Republican,Republican,True,Democratic,Democratic,True,Republican,Republican,True,Divided,Divided,True,"klarner codes: govparty_c=0, sen_cont_alt=1, hs_cont_alt=0","ballotpedia codes: governor=R, senate=D, house=R"
SD,1994,Republican,Republican,True,Democratic,Democratic,True,Republican,Republican,True,Divided,Divided,True,"klarner codes: govparty_c=0, sen_cont_alt=1, hs_cont_alt=0","ballotpedia codes: governor=R, senate=D, house=R"
SD,1995,Republican,Republican,True,Republican,Republican,True,Republican,Republican,True,Republican,Republican,True,"klarner codes: govparty_c=0, sen_cont_alt=0, hs_cont_alt=0","ballotpedia codes: governor=R, senate=R, house=R"
SD,1996,Republican,Republican,True,Republican,Republican,True,Republican,Republican,True,Republican,Republican,True,"klarner codes: govparty_c=0, sen_cont_alt=0, hs_cont_alt=0","ballotpedia codes: governor=R, senate=R, house=R"
SD,1997,Republican,Republican,True,Republican,Republican,True,Republican,Republican,True,Republican,Republican,True,"klarner codes: govparty_c=0, sen_cont_alt=0, hs_cont_alt=0","ballotpedia codes: governor=R, senate=R, house=R"
SD,1998,Republican,Republican,True,Republican,Republican,True,Republican,Republican,True,Republican,Republican,True,"klarner codes: govparty_c=0, sen_cont_alt=0, hs_cont_alt=0","ballotpedia codes: governor=R, senate=R, house=R"
SD,1999,Republican,Republican,True,Republican,Republican,True,Republican,Republican,True,Republican,Republican,True,"klarner codes: govparty_c=0, sen_cont_alt=0, hs_cont_alt=0","ballotpedia codes: governor=R, senate=R, house=R"
SD,2000,Republican,Republican,True,Republican,Republican,True,Republican,Republican,True,Republican,Republican,True,"klarner codes: govparty_c=0, sen_cont_alt=0, hs_cont_alt=0","ballotpedia codes: governor=R, senate=R, house=R"
SD,2001,Republican,Republican,True,Republican,Republican,True,Republican,Republican,True,Republican,Republican,True,"klarner codes: govparty_c=0, sen_cont_alt=0, hs_cont_alt=0","ballotpedia codes: governor=R, senate=R, house=R"
SD,2002,Republican,Republican,True,Republican,Republican,True,Republican,Republican,True,Republican,Republican,True,"klarner codes: govparty_c=0, sen_cont_alt=0, hs_cont_alt=0","ballotpedia codes: governor=R, senate=R, house=R"
SD,2003,Republican,Republican,True,Republican,Republican,True,Republican,Republican,True,Republican,Republican,True,"klarner codes: govparty_c=0, sen_cont_alt=0, hs_cont_alt=0","ballotpedia codes: governor=R, senate=R, house=R"
SD,2004,Republican,Republican,True,Republican,Republican,True,Republican,Republican,True,Republican,Republican,True,"klarner codes: govparty_c=0, sen_cont_alt=0, hs_cont_alt=0","ballotpedia codes: governor=R, senate=R, house=R"
SD,2005,Republican,Republican,True,Republican,Republican,True,Republican,Republican,True,Republican,Republican,True,"klarner codes: govparty_c=0, sen_cont_alt=0, hs_cont_alt=0","ballotpedia codes: governor=R, senate=R, house=R"
SD,2006,Republican,Republican,True,Republican,Republican,True,Republican,Republican,True,Republican,Republican,True,"klarner codes: govparty_c=0, sen_cont_alt=0, hs_cont_alt=0","ballotpedia codes: governor=R, senate=R, house=R"
SD,2007,Republican,Republican,True,Republican,Republican,True,Republican,Republican,True,Republican,Republican,True,"klarner codes: govparty_c=0, sen_cont_alt=0, hs_cont_alt=0","ballotpedia codes: governor=R, senate=R, house=R"
SD,2008,Republican,Republican,True,Republican,Republican,True,Republican,Republican,True,Republican,Republican,True,"klarner codes: govparty_c=0, sen_cont_alt=0, hs_cont_alt=0","ballotpedia codes: governor=R, senate=R, house=R"
SD,2009,Republican,Republican,True,Republican,Republican,True,Republican,Republican,True,Republican,Republican,True,"klarner codes: govparty_c=0, sen_cont_alt=0, hs_cont_alt=0","ballotpedia codes: governor=R, senate=R, house=R"
SD,2010,Republican,Republican,True,Republican,Republican,True,Republican,Republican,True,Republican,Republican,True,"klarner codes: govparty_c=0, sen_cont_alt=0, hs_cont_alt=0","ballotpedia codes: governor=R, senate=R, house=R"
SD,2011,Republican,Republican,True,Republican,Republican,True,Republican,Republican,True,Republican,Republican,True,"klarner codes: govparty_c=0, sen_cont_alt=0, hs_cont_alt=0","ballotpedia codes: governor=R, senate=R, house=R"
TN,1992,Democratic,Democratic,True,Democratic,Democratic,True,Democratic,Democratic,True,Democratic,Democratic,True,"klarner codes: govparty_c=1, sen_cont_alt=1, hs_cont_alt=1","ballotpedia codes: governor=D, senate=D, house=D"
TN,1993,Democratic,Democratic,True,Democratic,Democratic,True,Democratic,Democratic,True,Democratic,Democratic,True,"klarner codes: govparty_c=1, sen_cont_alt=1, hs_cont_alt=1","ballotpedia codes: governor=D, senate=D, house=D"
TN,1994,Democratic,Democratic,True,Democratic,Democratic,True,Democratic,Democratic,True,Democratic,Democratic,True,"klarner codes: govparty_c=1, sen_cont_alt=1, hs_cont_alt=1","ballotpedia codes: governor=D, senate=D, house=D"
TN,1995,Republican,Republican,True,Democratic,Democratic,True,Democratic,Democratic,True,Divided,Divided,True,"klarner codes: govparty_c=0, sen_cont_alt=1, hs_cont_alt=1","ballotpedia codes: governor=R, senate=D, house=D"
TN,1996,Republican,Republican,True,Democratic,Republican,False,Democratic,Democratic,True,Divided,Divided,True,"klarner codes: govparty_c=0, sen_cont_alt=1, hs_cont_alt=1","ballotpedia codes: governor=R, senate=R, house=D"
TN,1997,Republican,Republican,True,Democratic,Democratic,True,Democratic,Democratic,True,Divided,Divided,True,"klarner codes: govparty_c=0, sen_cont_alt=1, hs_cont_alt=1","ballotpedia codes: governor=R, senate=D, house=D"
TN,1998,Republican,Republican,True,Democratic,Democratic,True,Democratic,Democratic,True,Divided,Divided,True,"klarner codes: govparty_c=0, sen_cont_alt=1, hs_cont_alt=1","ballotpedia codes: governor=R, senate=D, house=D"
TN,1999,Republican,Republican,True,Democratic,Democratic,True,Democratic,Democratic,True,Divided,Divided,True,"klarner codes: govparty_c=0, sen_cont_alt=1, hs_cont_alt=1","ballotpedia codes: governor=R, senate=D, house=D"
TN,2000,Republican,Republican,True,Democratic,Democratic,True,Democratic,Democratic,True,Divided,Divided,True,"klarner codes: govparty_c=0, sen_cont_alt=1, hs_cont_alt=1","ballotpedia codes: governor=R, senate=D, house=D"
TN,2001,Republican,Republican,True,Democratic,Democratic,True,Democratic,Democratic,True,Divided,Divided,True,"klarner codes: govparty_c=0, sen_cont_alt=1, hs_cont_alt=1","ballotpedia codes: governor=R, senate=D, house=D"
TN,2002,Republican,Republican,True,Democratic,Democratic,True,Democratic,Democratic,True,Divided,Divided,True,"klarner codes: govparty_c=0, sen_cont_alt=1, hs_cont_alt=1","ballotpedia codes: governor=R, senate=D, house=D"
TN,2003,Democratic,Democratic,True,Democratic,Democratic,True,Democratic,Democratic,True,Democratic,Democratic,True,"klarner codes: govparty_c=1, sen_cont_alt=1, hs_cont_alt=1","ballotpedia codes: governor=D, senate=D, house=D"
TN,2004,Democratic,Democratic,True,Democratic,Democratic,True,Democratic,Democratic,True,Democratic,Democratic,True,"klarner codes: govparty_c=1, sen_cont_alt=1, hs_cont_alt=1","ballotpedia codes: governor=D, senate=D, house=D"
TN,2005,Democratic,Democratic,True,Republican,Republican,True,Democratic,Democratic,True,Divided,Divided,True,"klarner codes: govparty_c=1, sen_cont_alt=0, hs_cont_alt=1","ballotpedia codes: governor=D, senate=R, house=D"
TN,2006,Democratic,Democratic,True,Republican,Republican,True,Democratic,Democratic,True,Divided,Divided,True,"klarner codes: govparty_c=1, sen_cont_alt=0, hs_cont_alt=1","ballotpedia codes: governor=D, senate=R, house=D"
TN,2007,Democratic,Democratic,True,Republican,Split,False,Democratic,Democratic,True,Divided,Divided,True,"klarner codes: govparty_c=1, sen_cont_alt=0, hs_cont_alt=1","ballotpedia codes: governor=D, senate=S, house=D; senate: tied, power-sharing agreement or bipartisan coalition (ballotpedia S)"
TN,2008,Democratic,Democratic,True,Republican,Split,False,Democratic,Democratic,True,Divided,Divided,True,"klarner codes: govparty_c=1, sen_cont_alt=0, hs_cont_alt=1","ballotpedia codes: governor=D, senate=S, house=D; senate: tied, power-sharing agreement or bipartisan coalition (ballotpedia S)"
TN,2009,Democratic,Democratic,True,Republican,Republican,True,Republican,Democratic,False,Divided,Divided,True,"klarner codes: govparty_c=1, sen_cont_alt=0, hs_cont_alt=0","ballotpedia codes: governor=D, senate=R, house=D"
TN,2010,Democratic,Democratic,True,Republican,Republican,True,Republican,Republican,True,Divided,Divided,True,"klarner codes: govparty_c=1, sen_cont_alt=0, hs_cont_alt=0","ballotpedia codes: governor=D, senate=R, house=R"
TN,2011,Republican,Republican,True,Republican,Republican,True,Republican,Republican,True,Republican,Republican,True,"klarner codes: govparty_c=0, sen_cont_alt=0, hs_cont_alt=0","ballotpedia codes: governor=R, senate=R, house=R"
TX,1992,Democratic,Democratic,True,Democratic,Democratic,True,Democratic,Democratic,True,Democratic,Democratic,True,"klarner codes: govparty_c=1, sen_cont_alt=1, hs_cont_alt=1","ballotpedia codes: governor=D, senate=D, house=D"
TX,1993,Democratic,Democratic,True,Democratic,Democratic,True,Democratic,Democratic,True,Democratic,Democratic,True,"klarner codes: govparty_c=1, sen_cont_alt=1, hs_cont_alt=1","ballotpedia codes: governor=D, senate=D, house=D"
TX,1994,Democratic,Democratic,True,Democratic,Democratic,True,Democratic,Democratic,True,Democratic,Democratic,True,"klarner codes: govparty_c=1, sen_cont_alt=1, hs_cont_alt=1","ballotpedia codes: governor=D, senate=D, house=D"
TX,1995,Republican,Republican,True,Democratic,Democratic,True,Democratic,Democratic,True,Divided,Divided,True,"klarner codes: govparty_c=0, sen_cont_alt=1, hs_cont_alt=1","ballotpedia codes: governor=R, senate=D, house=D"
TX,1996,Republican,Republican,True,Democratic,Democratic,True,Democratic,Democratic,True,Divided,Divided,True,"klarner codes: govparty_c=0, sen_cont_alt=1, hs_cont_alt=1","ballotpedia codes: governor=R, senate=D, house=D"
TX,1997,Republican,Republican,True,Republican,Republican,True,Democratic,Democratic,True,Divided,Divided,True,"klarner codes: govparty_c=0, sen_cont_alt=0, hs_cont_alt=1","ballotpedia codes: governor=R, senate=R, house=D"
TX,1998,Republican,Republican,True,Republican,Republican,True,Democratic,Democratic,True,Divided,Divided,True,"klarner codes: govparty_c=0, sen_cont_alt=0, hs_cont_alt=1","ballotpedia codes: governor=R, senate=R, house=D"
TX,1999,Republican,Republican,True,Republican,Republican,True,Democratic,Democratic,True,Divided,Divided,True,"klarner codes: govparty_c=0, sen_cont_alt=0, hs_cont_alt=1","ballotpedia codes: governor=R, senate=R, house=D"
TX,2000,Republican,Republican,True,Republican,Republican,True,Democratic,Democratic,True,Divided,Divided,True,"klarner codes: govparty_c=0, sen_cont_alt=0, hs_cont_alt=1","ballotpedia codes: governor=R, senate=R, house=D"
TX,2001,Republican,Republican,True,Republican,Republican,True,Democratic,Democratic,True,Divided,Divided,True,"klarner codes: govparty_c=0, sen_cont_alt=0, hs_cont_alt=1","ballotpedia codes: governor=R, senate=R, house=D"
TX,2002,Republican,Republican,True,Republican,Republican,True,Democratic,Democratic,True,Divided,Divided,True,"klarner codes: govparty_c=0, sen_cont_alt=0, hs_cont_alt=1","ballotpedia codes: governor=R, senate=R, house=D"
TX,2003,Republican,Republican,True,Republican,Republican,True,Republican,Republican,True,Republican,Republican,True,"klarner codes: govparty_c=0, sen_cont_alt=0, hs_cont_alt=0","ballotpedia codes: governor=R, senate=R, house=R"
TX,2004,Republican,Republican,True,Republican,Republican,True,Republican,Republican,True,Republican,Republican,True,"klarner codes: govparty_c=0, sen_cont_alt=0, hs_cont_alt=0","ballotpedia codes: governor=R, senate=R, house=R"
TX,2005,Republican,Republican,True,Republican,Republican,True,Republican,Republican,True,Republican,Republican,True,"klarner codes: govparty_c=0, sen_cont_alt=0, hs_cont_alt=0","ballotpedia codes: governor=R, senate=R, house=R"
TX,2006,Republican,Republican,True,Republican,Republican,True,Republican,Republican,True,Republican,Republican,True,"klarner codes: govparty_c=0, sen_cont_alt=0, hs_cont_alt=0","ballotpedia codes: governor=R, senate=R, house=R"
TX,2007,Republican,Republican,True,Republican,Republican,True,Republican,Republican,True,Republican,Republican,True,"klarner codes: govparty_c=0, sen_cont_alt=0, hs_cont_alt=0","ballotpedia codes: governor=R, senate=R, house=R"
TX,2008,Republican,Republican,True,Republican,Republican,True,Republican,Republican,True,Republican,Republican,True,"klarner codes: govparty_c=0, sen_cont_alt=0, hs_cont_alt=0","ballotpedia codes: governor=R, senate=R, house=R"
TX,2009,Republican,Republican,True,Republican,Republican,True,Republican,Republican,True,Republican,Republican,True,"klarner codes: govparty_c=0, sen_cont_alt=0, hs_cont_alt=0","ballotpedia codes: governor=R, senate=R, house=R"
TX,2010,Republican,Republican,True,Republican,Republican,True,Republican,Republican,True,Republican,Republican,True,"klarner codes: govparty_c=0, sen_cont_alt=0, hs_cont_alt=0","ballotpedia codes: governor=R, senate=R, house=R"
TX,2011,Republican,Republican,True,Republican,Republican,True,Republican,Republican,True,Republican,Republican,True,"klarner codes: govparty_c=0, sen_cont_alt=0, hs_cont_alt=0","ballotpedia codes: governor=R, senate=R, house=R"
UT,1992,Republican,Republican,True,Republican,Republican,True,Republican,Republican,True,Republican,Republican,True,"klarner codes: govparty_c=0, sen_cont_alt=0, hs_cont_alt=0","ballotpedia codes: governor=R, senate=R, house=R"
UT,1993,Republican,Republican,True,Republican,Republican,True,Republican,Republican,True,Republican,Republican,True,"klarner codes: govparty_c=0, sen_cont_alt=0, hs_cont_alt=0","ballotpedia codes: governor=R, senate=R, house=R"
UT,1994,Republican,Republican,True,Republican,Republican,True,Republican,Republican,True,Republican,Republican,True,"klarner codes: govparty_c=0, sen_cont_alt=0, hs_cont_alt=0","ballotpedia codes: governor=R, senate=R, house=R"
UT,1995,Republican,Republican,True,Republican,Republican,True,Republican,Republican,True,Republican,Republican,True,"klarner codes: govparty_c=0, sen_cont_alt=0, hs_cont_alt=0","ballotpedia codes: governor=R, senate=R, house=R"
UT,1996,Republican,Republican,True,Republican,Republican,True,Republican,Republican,True,Republican,Republican,True,"klarner codes: govparty_c=0, sen_cont_alt=0, hs_cont_alt=0","ballotpedia codes: governor=R, senate=R, house=R"
UT,1997,Republican,Republican,True,Republican,Republican,True,Republican,Republican,True,Republican,Republican,True,"klarner codes: govparty_c=0, sen_cont_alt=0, hs_cont_alt=0","ballotpedia codes: governor=R, senate=R, house=R"
UT,1998,Republican,Republican,True,Republican,Republican,True,Republican,Republican,True,Republican,Republican,True,"klarner codes: govparty_c=0, sen_cont_alt=0, hs_cont_alt=0","ballotpedia codes: governor=R, senate=R, house=R"
UT,1999,Republican,Republican,True,Republican,Republican,True,Republican,Republican,True,Republican,Republican,True,"klarner codes: govparty_c=0, sen_cont_alt=0, hs_cont_alt=0","ballotpedia codes: governor=R, senate=R, house=R"
UT,2000,Republican,Republican,True,Republican,Republican,True,Republican,Republican,True,Republican,Republican,True,"klarner codes: govparty_c=0, sen_cont_alt=0, hs_cont_alt=0","ballotpedia codes: governor=R, senate=R, house=R"
UT,2001,Republican,Republican,True,Republican,Republican,True,Republican,Republican,True,Republican,Republican,True,"klarner codes: govparty_c=0, sen_cont_alt=0, hs_cont_alt=0","ballotpedia codes: governor=R, senate=R, house=R"
UT,2002,Republican,Republican,True,Republican,Republican,True,Republican,Republican,True,Republican,Republican,True,"klarner codes: govparty_c=0, sen_cont_alt=0, hs_cont_alt=0","ballotpedia codes: governor=R, senate=R, house=R"
UT,2003,Republican,Republican,True,Republican,Republican,True,Republican,Republican,True,Republican,Republican,True,"klarner codes: govparty_c=0, sen_cont_alt=0, hs_cont_alt=0","ballotpedia codes: governor=R, senate=R, house=R"
UT,2004,Republican,Republican,True,Republican,Republican,True,Republican,Republican,True,Republican,Republican,True,"klarner codes: govparty_c=0, sen_cont_alt=0, hs_cont_alt=0","ballotpedia codes: governor=R, senate=R, house=R"
UT,2005,Republican,Republican,True,Republican,Republican,True,Republican,Republican,True,Republican,Republican,True,"klarner codes: govparty_c=0, sen_cont_alt=0, hs_cont_alt=0","ballotpedia codes: governor=R, senate=R, house=R"
UT,2006,Republican,Republican,True,Republican,Republican,True,Republican,Republican,True,Republican,Republican,True,"klarner codes: govparty_c=0, sen_cont_alt=0, hs_cont_alt=0","ballotpedia codes: governor=R, senate=R, house=R"
UT,2007,Republican,Republican,True,Republican,Republican,True,Republican,Republican,True,Republican,Republican,True,"klarner codes: govparty_c=0, sen_cont_alt=0, hs_cont_alt=0","ballotpedia codes: governor=R, senate=R, house=R"
UT,2008,Republican,Republican,True,Republican,Republican,True,Republican,Republican,True,Republican,Republican,True,"klarner codes: govparty_c=0, sen_cont_alt=0, hs_cont_alt=0","ballotpedia codes: governor=R, senate=R, house=R"
UT,2009,Republican,Republican,True,Republican,Republican,True,Republican,Republican,True,Republican,Republican,True,"klarner codes: govparty_c=0, sen_cont_alt=0, hs_cont_alt=0","ballotpedia codes: governor=R, senate=R, house=R"
UT,2010,Republican,Republican,True,Republican,Republican,True,Republican,Republican,True,Republican,Republican,True,"klarner codes: govparty_c=0, sen_cont_alt=0, hs_cont_alt=0","ballotpedia codes: governor=R, senate=R, house=R"
UT,2011,Republican,Republican,True,Republican,Republican,True,Republican,Republican,True,Republican,Republican,True,"klarner codes: govparty_c=0, sen_cont_alt=0, hs_cont_alt=0","ballotpedia codes: governor=R, senate=R, house=R"
VA,1992,Democratic,Democratic,True,Democratic,Democratic,True,Democratic,Democratic,True,Democratic,Democratic,True,"klarner codes: govparty_c=1, sen_cont_alt=1, hs_cont_alt=1","ballotpedia codes: governor=D, senate=D, house=D"
VA,1993,Democratic,Democratic,True,Democratic,Democratic,True,Democratic,Democratic,True,Democratic,Democratic,True,"klarner codes: govparty_c=1, sen_cont_alt=1, hs_cont_alt=1","ballotpedia codes: governor=D, senate=D, house=D"
VA,1994,Republican,Republican,True,Democratic,Democratic,True,Democratic,Democratic,True,Divided,Divided,True,"klarner codes: govparty_c=0, sen_cont_alt=1, hs_cont_alt=1","ballotpedia codes: governor=R, senate=D, house=D"
VA,1995,Republican,Republican,True,Democratic,Democratic,True,Democratic,Democratic,True,Divided,Divided,True,"klarner codes: govparty_c=0, sen_cont_alt=1, hs_cont_alt=1","ballotpedia codes: governor=R, senate=D, house=D"
VA,1996,Republican,Republican,True,Split,Split,True,Democratic,Democratic,True,Divided,Divided,True,"klarner codes: govparty_c=0, sen_cont_alt=0.5, hs_cont_alt=1; senate: neither party held a majority of seats or control was shared (klarner 0.5)","ballotpedia codes: governor=R, senate=S, house=D; senate: tied, power-sharing agreement or bipartisan coalition (ballotpedia S)"
VA,1997,Republican,Republican,True,Split,Split,True,Democratic,Democratic,True,Divided,Divided,True,"klarner codes: govparty_c=0, sen_cont_alt=0.5, hs_cont_alt=1; senate: neither party held a majority of seats or control was shared (klarner 0.5)","ballotpedia codes: governor=R, senate=S, house=D; senate: tied, power-sharing agreement or bipartisan coalition (ballotpedia S)"
VA,1998,Republican,Republican,True,Split,Republican,False,Split,Split,True,Divided,Divided,True,"klarner codes: govparty_c=0, sen_cont_alt=0.5, hs_cont_alt=0.5; senate: neither party held a majority of seats or control was shared (klarner 0.5); house: neither party held a majority of seats or control was shared (klarner 0.5)","ballotpedia codes: governor=R, senate=R, house=S; house: tied, power-sharing agreement or bipartisan coalition (ballotpedia S)"
VA,1999,Republican,Republican,True,Split,Republican,False,Split,Split,True,Divided,Divided,True,"klarner codes: govparty_c=0, sen_cont_alt=0.5, hs_cont_alt=0.5; senate: neither party held a majority of seats or control was shared (klarner 0.5); house: neither party held a majority of seats or control was shared (klarner 0.5)","ballotpedia codes: governor=R, senate=R, house=S; house: tied, power-sharing agreement or bipartisan coalition (ballotpedia S)"
VA,2000,Republican,Republican,True,Republican,Republican,True,Republican,Republican,True,Republican,Republican,True,"klarner codes: govparty_c=0, sen_cont_alt=0, hs_cont_alt=0","ballotpedia codes: governor=R, senate=R, house=R"
VA,2001,Republican,Republican,True,Republican,Republican,True,Republican,Republican,True,Republican,Republican,True,"klarner codes: govparty_c=0, sen_cont_alt=0, hs_cont_alt=0","ballotpedia codes: governor=R, senate=R, house=R"
VA,2002,Democratic,Democratic,True,Republican,Republican,True,Republican,Republican,True,Divided,Divided,True,"klarner codes: govparty_c=1, sen_cont_alt=0, hs_cont_alt=0","ballotpedia codes: governor=D, senate=R, house=R"
VA,2003,Democratic,Democratic,True,Republican,Republican,True,Republican,Republican,True,Divided,Divided,True,"klarner codes: govparty_c=1, sen_cont_alt=0, hs_cont_alt=0","ballotpedia codes: governor=D, senate=R, house=R"
VA,2004,Democratic,Democratic,True,Republican,Republican,True,Republican,Republican,True,Divided,Divided,True,"klarner codes: govparty_c=1, sen_cont_alt=0, hs_cont_alt=0","ballotpedia codes: governor=D, senate=R, house=R"
VA,2005,Democratic,Democratic,True,Republican,Republican,True,Republican,Republican,True,Divided,Divided,True,"klarner codes: govparty_c=1, sen_cont_alt=0, hs_cont_alt=0","ballotpedia codes: governor=D, senate=R, house=R"
VA,2006,Democratic,Democratic,True,Republican,Republican,True,Republican,Republican,True,Divided,Divided,True,"klarner codes: govparty_c=1, sen_cont_alt=0, hs_cont_alt=0","ballotpedia codes: governor=D, senate=R, house=R"
VA,2007,Democratic,Democratic,True,Republican,Republican,True,Republican,Republican,True,Divided,Divided,True,"klarner codes: govparty_c=1, sen_cont_alt=0, hs_cont_alt=0","ballotpedia codes: governor=D, senate=R, house=R"
VA,2008,Democratic,Democratic,True,Democratic,Democratic,True,Republican,Republican,True,Divided,Divided,True,"klarner codes: govparty_c=1, sen_cont_alt=1, hs_cont_alt=0","ballotpedia codes: governor=D, senate=D, house=R"
VA,2009,Democratic,Democratic,True,Democratic,Democratic,True,Republican,Republican,True,Divided,Divided,True,"klarner codes: govparty_c=1, sen_cont_alt=1, hs_cont_alt=0","ballotpedia codes: governor=D, senate=D, house=R"
VA,2010,Democratic,Republican,False,Democratic,Democratic,True,Republican,Republican,True,Divided,Divided,True,"klarner codes: govparty_c=1, sen_cont_alt=1, hs_cont_alt=0","ballotpedia codes: governor=R, senate=D, house=R"
VA,2011,Republican,Republican,True,Democratic,Democratic,True,Republican,Republican,True,Divided,Divided,True,"klarner codes: govparty_c=0, sen_cont_alt=1, hs_cont_alt=0","ballotpedia codes: governor=R, senate=D, house=R"
VT,1992,Democratic,Democratic,True,Split,Democratic,False,Democratic,Republican,False,Divided,Divided,True,"klarner codes: govparty_c=1, sen_cont_alt=0.5, hs_cont_alt=1; senate: neither party held a majority of seats or control was shared (klarner 0.5)","ballotpedia codes: governor=D, senate=D, house=R"
VT,1993,Democratic,Democratic,True,Republican,Republican,True,Democratic,Democratic,True,Divided,Divided,True,"klarner codes: govparty_c=1, sen_cont_alt=0, hs_cont_alt=1","ballotpedia codes: governor=D, senate=R, house=D"
VT,1994,Democratic,Democratic,True,Republican,Republican,True,Democratic,Democratic,True,Divided,Divided,True,"klarner codes: govparty_c=1, sen_cont_alt=0, hs_cont_alt=1","ballotpedia codes: governor=D, senate=R, house=D"
VT,1995,Democratic,Democratic,True,Republican,Republican,True,Democratic,Democratic,True,Divided,Divided,True,"klarner codes: govparty_c=1, sen_cont_alt=0, hs_cont_alt=1","ballotpedia codes: governor=D, senate=R, house=D"
VT,1996,Democratic,Democratic,True,Republican,Republican,True,Democratic,Democratic,True,Divided,Divided,True,"klarner codes: govparty_c=1, sen_cont_alt=0, hs_cont_alt=1","ballotpedia codes: governor=D, senate=R, house=D"
VT,1997,Democratic,Democratic,True,Democratic,Democratic,True,Democratic,Democratic,True,Democratic,Democratic,True,"klarner codes: govparty_c=1, sen_cont_alt=1, hs_cont_alt=1","ballotpedia codes: governor=D, senate=D, house=D"
VT,1998,Democratic,Democratic,True,Democratic,Democratic,True,Democratic,Democratic,True,Democratic,Democratic,True,"klarner codes: govparty_c=1, sen_cont_alt=1, hs_cont_alt=1","ballotpedia codes: governor=D, senate=D, house=D"
VT,1999,Democratic,Democratic,True,Democratic,Democratic,True,Democratic,Democratic,True,Democratic,Democratic,True,"klarner codes: govparty_c=1, sen_cont_alt=1, hs_cont_alt=1","ballotpedia codes: governor=D, senate=D, house=D"
VT,2000,Democratic,Democratic,True,Democratic,Democratic,True,Democratic,Democratic,True,Democratic,Democratic,True,"klarner codes: govparty_c=1, sen_cont_alt=1, hs_cont_alt=1","ballotpedia codes: governor=D, senate=D, house=D"
VT,2001,Democratic,Democratic,True,Democratic,Democratic,True,Republican,Republican,True,Divided,Divided,True,"klarner codes: govparty_c=1, sen_cont_alt=1, hs_cont_alt=0","ballotpedia codes: governor=D, senate=D, house=R"
VT,2002,Democratic,Democratic,True,Democratic,Democratic,True,Republican,Republican,True,Divided,Divided,True,"klarner codes: govparty_c=1, sen_cont_alt=1, hs_cont_alt=0","ballotpedia codes: governor=D, senate=D, house=R"
VT,2003,Republican,Republican,True,Democratic,Democratic,True,Republican,Republican,True,Divided,Divided,True,"klarner codes: govparty_c=0, sen_cont_alt=1, hs_cont_alt=0","ballotpedia codes: governor=R, senate=D, house=R"
VT,2004,Republican,Republican,True,Democratic,Democratic,True,Republican,Republican,True,Divided,Divided,True,"klarner codes: govparty_c=0, sen_cont_alt=1, hs_cont_alt=0","ballotpedia codes: governor=R, senate=D, house=R"
VT,2005,Republican,Republican,True,Democratic,Democratic,True,Democratic,Democratic,True,Divided,Divided,True,"klarner codes: govparty_c=0, sen_cont_alt=1, hs_cont_alt=1","ballotpedia codes: governor=R, senate=D, house=D"
VT,2006,Republican,Republican,True,Democratic,Democratic,True,Democratic,Democratic,True,Divided,Divided,True,"klarner codes: govparty_c=0, sen_cont_alt=1, hs_cont_alt=1","ballotpedia codes: governor=R, senate=D, house=D"
VT,2007,Republican,Republican,True,Democratic,Democratic,True,Democratic,Democratic,True,Divided,Divided,True,"klarner codes: govparty_c=0, sen_cont_alt=1, hs_cont_alt=1","ballotpedia codes: governor=R, senate=D, house=D"
VT,2008,Republican,Republican,True,Democratic,Democratic,True,Democratic,Democratic,True,Divided,Divided,True,"klarner codes: govparty_c=0, sen_cont_alt=1, hs_cont_alt=1","ballotpedia codes: governor=R, senate=D, house=D"
VT,2009,Republican,Republican,True,Democratic,Democratic,True,Democratic,Democratic,True,Divided,Divided,True,"klarner codes: govparty_c=0, sen_cont_alt=1, hs_cont_alt=1","ballotpedia codes: governor=R, senate=D, house=D"
VT,2010,Republican,Republican,True,Democratic,Democratic,True,Democratic,Democratic,True,Divided,Divided,True,"klarner codes: govparty_c=0, sen_cont_alt=1, hs_cont_alt=1","ballotpedia codes: governor=R, senate=D, house=D"
VT,2011,Democratic,Democratic,True,Democratic,Democratic,True,Democratic,Democratic,True,Democratic,Democratic,True,"klarner codes: govparty_c=1, sen_cont_alt=1, hs_cont_alt=1","ballotpedia codes: governor=D, senate=D, house=D"
WA,1992,Democratic,Democratic,True,Republican,Republican,True,Democratic,Democratic,True,Divided,Divided,True,"klarner codes: govparty_c=1, sen_cont_alt=0, hs_cont_alt=1","ballotpedia codes: governor=D, senate=R, house=D"
WA,1993,Democratic,Democratic,True,Democratic,Democratic,True,Democratic,Democratic,True,Democratic,Democratic,True,"klarner codes: govparty_c=1, sen_cont_alt=1, hs_cont_alt=1","ballotpedia codes: governor=D, senate=D, house=D"
WA,1994,Democratic,Democratic,True,Democratic,Democratic,True,Democratic,Democratic,True,Democratic,Democratic,True,"klarner codes: govparty_c=1, sen_cont_alt=1, hs_cont_alt=1","ballotpedia codes: governor=D, senate=D, house=D"
WA,1995,Democratic,Democratic,True,Democratic,Democratic,True,Republican,Republican,True,Divided,Divided,True,"klarner codes: govparty_c=1, sen_cont_alt=1, hs_cont_alt=0","ballotpedia codes: governor=D, senate=D, house=R"
WA,1996,Democratic,Democratic,True,Democratic,Democratic,True,Republican,Republican,True,Divided,Divided,True,"klarner codes: govparty_c=1, sen_cont_alt=1, hs_cont_alt=0","ballotpedia codes: governor=D, senate=D, house=R"
WA,1997,Democratic,Democratic,True,Republican,Republican,True,Republican,Republican,True,Divided,Divided,True,"klarner codes: govparty_c=1, sen_cont_alt=0, hs_cont_alt=0","ballotpedia codes: governor=D, senate=R, house=R"
WA,1998,Democratic,Democratic,True,Republican,Republican,True,Republican,Republican,True,Divided,Divided,True,"klarner codes: govparty_c=1, sen_cont_alt=0, hs_cont_alt=0","ballotpedia codes: governor=D, senate=R, house=R"
WA,1999,Democratic,Democratic,True,Democratic,Democratic,True,Split,Split,True,Divided,Divided,True,"klarner codes: govparty_c=1, sen_cont_alt=1, hs_cont_alt=0.5; house: neither party held a majority of seats or control was shared (klarner 0.5)","ballotpedia codes: governor=D, senate=D, house=S; house: tied, power-sharing agreement or bipartisan coalition (ballotpedia S)"
WA,2000,Democratic,Democratic,True,Democratic,Democratic,True,Split,Split,True,Divided,Divided,True,"klarner codes: govparty_c=1, sen_cont_alt=1, hs_cont_alt=0.5; house: neither party held a majority of seats or control was shared (klarner 0.5)","ballotpedia codes: governor=D, senate=D, house=S; house: tied, power-sharing agreement or bipartisan coalition (ballotpedia S)"
WA,2001,Democratic,Democratic,True,Democratic,Democratic,True,Split,Split,True,Divided,Divided,True,"klarner codes: govparty_c=1, sen_cont_alt=1, hs_cont_alt=0.5; house: neither party held a majority of seats or control was shared (klarner 0.5)","ballotpedia codes: governor=D, senate=D, house=S; house: tied, power-sharing agreement or bipartisan coalition (ballotpedia S)"
WA,2002,Democratic,Democratic,True,Democratic,Democratic,True,Democratic,Democratic,True,Democratic,Democratic,True,"klarner codes: govparty_c=1, sen_cont_alt=1, hs_cont_alt=1","ballotpedia codes: governor=D, senate=D, house=D"
WA,2003,Democratic,Democratic,True,Republican,Republican,True,Democratic,Democratic,True,Divided,Divided,True,"klarner codes: govparty_c=1, sen_cont_alt=0, hs_cont_alt=1","ballotpedia codes: governor=D, senate=R, house=D"
WA,2004,Democratic,Democratic,True,Republican,Republican,True,Democratic,Democratic,True,Divided,Divided,True,"klarner codes: govparty_c=1, sen_cont_alt=0, hs_cont_alt=1","ballotpedia codes: governor=D, senate=R, house=D"
WA,2005,Democratic,Democratic,True,Democratic,Democratic,True,Democratic,Democratic,True,Democratic,Democratic,True,"klarner codes: govparty_c=1, sen_cont_alt=1, hs_cont_alt=1","ballotpedia codes: governor=D, senate=D, house=D"
WA,2006,Democratic,Democratic,True,Democratic,Democratic,True,Democratic,Democratic,True,Democratic,Democratic,True,"klarner codes: govparty_c=1, sen_cont_alt=1, hs_cont_alt=1","ballotpedia codes: governor=D, senate=D, house=D"
WA,2007,Democratic,Democratic,True,Democratic,Democratic,True,Democratic,Democratic,True,Democratic,Democratic,True,"klarner codes: govparty_c=1, sen_cont_alt=1, hs_cont_alt=1","ballotpedia codes: governor=D, senate=D, house=D"
WA,2008,Democratic,Democratic,True,Democratic,Democratic,True,Democratic,Democratic,True,Democratic,Democratic,True,"klarner codes: govparty_c=1, sen_cont_alt=1, hs_cont_alt=1","ballotpedia codes: governor=D, senate=D, house=D"
WA,2009,Democratic,Democratic,True,Democratic,Democratic,True,Democratic,Democratic,True,Democratic,Democratic,True,"klarner codes: govparty_c=1, sen_cont_alt=1, hs_cont_alt=1","ballotpedia codes: governor=D, senate=D, house=D"
WA,2010,Democratic,Democratic,True,Democratic,Democratic,True,Democratic,Democratic,True,Democratic,Democratic,True,"klarner codes: govparty_c=1, sen_cont_alt=1, hs_cont_alt=1","ballotpedia codes: governor=D, senate=D, house=D"
WA,2011,Democratic,Democratic,True,Democratic,Democratic,True,Democratic,Democratic,True,Democratic,Democratic,True,"klarner codes: govparty_c=1, sen_cont_alt=1, hs_cont_alt=1","ballotpedia codes: governor=D, senate=D, house=D"
WI,1992,Republican,Republican,True,Democratic,Democratic,True,Democratic,Democratic,True,Divided,Divided,True,"klarner codes: govparty_c=0, sen_cont_alt=1, hs_cont_alt=1","ballotpedia codes: governor=R, senate=D, house=D"
WI,1993,Republican,Republican,True,Republican,Republican,True,Democratic,Democratic,True,Divided,Divided,True,"klarner codes: govparty_c=0, sen_cont_alt=0, hs_cont_alt=1","ballotpedia codes: governor=R, senate=R, house=D"
WI,1994,Republican,Republican,True,Republican,Republican,True,Democratic,Democratic,True,Divided,Divided,True,"klarner codes: govparty_c=0, sen_cont_alt=0, hs_cont_alt=1","ballotpedia codes: governor=R, senate=R, house=D"
WI,1995,Republican,Republican,True,Republican,Republican,True,Republican,Republican,True,Republican,Republican,True,"klarner codes: govparty_c=0, sen_cont_alt=0, hs_cont_alt=0","ballotpedia codes: governor=R, senate=R, house=R"
WI,1996,Republican,Republican,True,Republican,Democratic,False,Republican,Republican,True,Republican,Divided,False,"klarner codes: govparty_c=0, sen_cont_alt=0, hs_cont_alt=0","ballotpedia codes: governor=R, senate=D, house=R"
WI,1997,Republican,Republican,True,Democratic,Democratic,True,Republican,Republican,True,Divided,Divided,True,"klarner codes: govparty_c=0, sen_cont_alt=1, hs_cont_alt=0","ballotpedia codes: governor=R, senate=D, house=R"
WI,1998,Republican,Republican,True,Democratic,Republican,False,Republican,Republican,True,Divided,Republican,False,"klarner codes: govparty_c=0, sen_cont_alt=1, hs_cont_alt=0","ballotpedia codes: governor=R, senate=R, house=R"
WI,1999,Republican,Republican,True,Democratic,Democratic,True,Republican,Republican,True,Divided,Divided,True,"klarner codes: govparty_c=0, sen_cont_alt=1, hs_cont_alt=0","ballotpedia codes: governor=R, senate=D, house=R"
WI,2000,Republican,Republican,True,Democratic,Democratic,True,Republican,Republican,True,Divided,Divided,True,"klarner codes: govparty_c=0, sen_cont_alt=1, hs_cont_alt=0","ballotpedia codes: governor=R, senate=D, house=R"
WI,2001,Republican,Republican,True,Democratic,Democratic,True,Republican,Republican,True,Divided,Divided,True,"klarner codes: govparty_c=0, sen_cont_alt=1, hs_cont_alt=0","ballotpedia codes: governor=R, senate=D, house=R"
WI,2002,Republican,Republican,True,Democratic,Democratic,True,Republican,Republican,True,Divided,Divided,True,"klarner codes: govparty_c=0, sen_cont_alt=1, hs_cont_alt=0","ballotpedia codes: governor=R, senate=D, house=R"
WI,2003,Democratic,Democratic,True,Republican,Republican,True,Republican,Republican,True,Divided,Divided,True,"klarner codes: govparty_c=1, sen_cont_alt=0, hs_cont_alt=0","ballotpedia codes: governor=D, senate=R, house=R"
WI,2004,Democratic,Democratic,True,Republican,Republican,True,Republican,Republican,True,Divided,Divided,True,"klarner codes: govparty_c=1, sen_cont_alt=0, hs_cont_alt=0","ballotpedia codes: governor=D, senate=R, house=R"
WI,2005,Democratic,Democratic,True,Republican,Republican,True,Republican,Republican,True,Divided,Divided,True,"klarner codes: govparty_c=1, sen_cont_alt=0, hs_cont_alt=0","ballotpedia codes: governor=D, senate=R, house=R"
WI,2006,Democratic,Democratic,True,Republican,Republican,True,Republican,Republican,True,Divided,Divided,True,"klarner codes: govparty_c=1, sen_cont_alt=0, hs_cont_alt=0","ballotpedia codes: governor=D, senate=R, house=R"
WI,2007,Democratic,Democratic,True,Democratic,Democratic,True,Republican,Republican,True,Divided,Divided,True,"klarner codes: govparty_c=1, sen_cont_alt=1, hs_cont_alt=0","ballotpedia codes: governor=D, senate=D, house=R"
WI,2008,Democratic,Democratic,True,Democratic,Democratic,True,Republican,Republican,True,Divided,Divided,True,"klarner codes: govparty_c=1, sen_cont_alt=1, hs_cont_alt=0","ballotpedia codes: governor=D, senate=D, house=R"
WI,2009,Democratic,Democratic,True,Democratic,Democratic,True,Democratic,Democratic,True,Democratic,Democratic,True,"klarner codes: govparty_c=1, sen_cont_alt=1, hs_cont_alt=1","ballotpedia codes: governor=D, senate=D, house=D"
WI,2010,Democratic,Democratic,True,Democratic,Democratic,True,Democratic,Democratic,True,Democratic,Democratic,True,"klarner codes: govparty_c=1, sen_cont_alt=1, hs_cont_alt=1","ballotpedia codes: governor=D, senate=D, house=D"
WI,2011,Republican,Republican,True,Republican,Republican,True,Republican,Republican,True,Republican,Republican,True,"klarner codes: govparty_c=0, sen_cont_alt=0, hs_cont_alt=0","ballotpedia codes: governor=R, senate=R, house=R"
WV,1992,Democratic,Democratic,True,Democratic,Democratic,True,Democratic,Democratic,True,Democratic,Democratic,True,"klarner codes: govparty_c=1, sen_cont_alt=1, hs_cont_alt=1","ballotpedia codes: governor=D, senate=D, house=D"
WV,1993,Democratic,Democratic,True,Democratic,Democratic,True,Democratic,Democratic,True,Democratic,Democratic,True,"klarner codes: govparty_c=1, sen_cont_alt=1, hs_cont_alt=1","ballotpedia codes: governor=D, senate=D, house=D"
WV,1994,Democratic,Democratic,True,Democratic,Democratic,True,Democratic,Democratic,True,Democratic,Democratic,True,"klarner codes: govparty_c=1, sen_cont_alt=1, hs_cont_alt=1","ballotpedia codes: governor=D, senate=D, house=D"
WV,1995,Democratic,Democratic,True,Democratic,Democratic,True,Democratic,Democratic,True,Democratic,Democratic,True,"klarner codes: govparty_c=1, sen_cont_alt=1, hs_cont_alt=1","ballotpedia codes: governor=D, senate=D, house=D"
WV,1996,Democratic,Democratic,True,Democratic,Democratic,True,Democratic,Democratic,True,Democratic,Democratic,True,"klarner codes: govparty_c=1, sen_cont_alt=1, hs_cont_alt=1","ballotpedia codes: governor=D, senate=D, house=D"
WV,1997,Republican,Republican,True,Democratic,Democratic,True,Democratic,Democratic,True,Divided,Divided,True,"klarner codes: govparty_c=0, sen_cont_alt=1, hs_cont_alt=1","ballotpedia codes: governor=R, senate=D, house=D"
WV,1998,Republican,Republican,True,Democratic,Democratic,True,Democratic,Democratic,True,Divided,Divided,True,"klarner codes: govparty_c=0, sen_cont_alt=1, hs_cont_alt=1","ballotpedia codes: governor=R, senate=D, house=D"
WV,1999,Republican,Republican,True,Democratic,Democratic,True,Democratic,Democratic,True,Divided,Divided,True,"klarner codes: govparty_c=0, sen_cont_alt=1, hs_cont_alt=1","ballotpedia codes: governor=R, senate=D, house=D"
WV,2000,Republican,Republican,True,Democratic,Democratic,True,Democratic,Democratic,True,Divided,Divided,True,"klarner codes: govparty_c=0, sen_cont_alt=1, hs_cont_alt=1","ballotpedia codes: governor=R, senate=D, house=D"
WV,2001,Democratic,Democratic,True,Democratic,Democratic,True,Democratic,Democratic,True,Democratic,Democratic,True,"klarner codes: govparty_c=1, sen_cont_alt=1, hs_cont_alt=1","ballotpedia codes: governor=D, senate=D, house=D"
WV,2002,Democratic,Democratic,True,Democratic,Democratic,True,Democratic,Democratic,True,Democratic,Democratic,True,"klarner codes: govparty_c=1, sen_cont_alt=1, hs_cont_alt=1","ballotpedia codes: governor=D, senate=D, house=D"
WV,2003,Democratic,Democratic,True,Democratic,Democratic,True,Democratic,Democratic,True,Democratic,Democratic,True,"klarner codes: govparty_c=1, sen_cont_alt=1, hs_cont_alt=1","ballotpedia codes: governor=D, senate=D, house=D"
WV,2004,Democratic,Democratic,True,Democratic,Democratic,True,Democratic,Democratic,True,Democratic,Democratic,True,"klarner codes: govparty_c=1, sen_cont_alt=1, hs_cont_alt=1","ballotpedia codes: governor=D, senate=D, house=D"
WV,2005,Democratic,Democratic,True,Democratic,Democratic,True,Democratic,Democratic,True,Democratic,Democratic,True,"klarner codes: govparty_c=1, sen_cont_alt=1, hs_cont_alt=1","ballotpedia codes: governor=D, senate=D, house=D"
WV,2006,Democratic,Democratic,True,Democratic,Democratic,True,Democratic,Democratic,True,Democratic,Democratic,True,"klarner codes: govparty_c=1, sen_cont_alt=1, hs_cont_alt=1","ballotpedia codes: governor=D, senate=D, house=D"
WV,2007,Democratic,Democratic,True,Democratic,Democratic,True,Democratic,Democratic,True,Democratic,Democratic,True,"klarner codes: govparty_c=1, sen_cont_alt=1, hs_cont_alt=1","ballotpedia codes: governor=D, senate=D, house=D"
WV,2008,Democratic,Democratic,True,Democratic,Democratic,True,Democratic,Democratic,True,Democratic,Democratic,True,"klarner codes: govparty_c=1, sen_cont_alt=1, hs_cont_alt=1","ballotpedia codes: governor=D, senate=D, house=D"
WV,2009,Democratic,Democratic,True,Democratic,Democratic,True,Democratic,Democratic,True,Democratic,Democratic,True,"klarner codes: govparty_c=1, sen_cont_alt=1, hs_cont_alt=1","ballotpedia codes: governor=D, senate=D, house=D"
WV,2010,Democratic,Democratic,True,Democratic,Democratic,True,Democratic,Democratic,True,Democratic,Democratic,True,"klarner codes: govparty_c=1, sen_cont_alt=1, hs_cont_alt=1","ballotpedia codes: governor=D, senate=D, house=D"
WV,2011,Democratic,Democratic,True,Democratic,Democratic,True,Democratic,Democratic,True,Democratic,Democratic,True,"klarner codes: govparty_c=1, sen_cont_alt=1, hs_cont_alt=1","ballotpedia codes: governor=D, senate=D, house=D"
WY,1992,Democratic,Democratic,True,Republican,Republican,True,Republican,Republican,True,Divided,Divided,True,"klarner codes: govparty_c=1, sen_cont_alt=0, hs_cont_alt=0","ballotpedia codes: governor=D, senate=R, house=R"
WY,1993,Democratic,Democratic,True,Republican,Republican,True,Republican,Republican,True,Divided,Divided,True,"klarner codes: govparty_c=1, sen_cont_alt=0, hs_cont_alt=0","ballotpedia codes: governor=D, senate=R, house=R"
WY,1994,Democratic,Democratic,True,Republican,Republican,True,Republican,Republican,True,Divided,Divided,True,"klarner codes: govparty_c=1, sen_cont_alt=0, hs_cont_alt=0","ballotpedia codes: governor=D, senate=R, house=R"
WY,1995,Republican,Republican,True,Republican,Republican,True,Republican,Republican,True,Republican,Republican,True,"klarner codes: govparty_c=0, sen_cont_alt=0, hs_cont_alt=0","ballotpedia codes: governor=R, senate=R, house=R"
WY,1996,Republican,Republican,True,Republican,Republican,True,Republican,Republican,True,Republican,Republican,True,"klarner codes: govparty_c=0, sen_cont_alt=0, hs_cont_alt=0","ballotpedia codes: governor=R, senate=R, house=R"
WY,1997,Republican,Republican,True,Republican,Republican,True,Republican,Republican,True,Republican,Republican,True,"klarner codes: govparty_c=0, sen_cont_alt=0, hs_cont_alt=0","ballotpedia codes: governor=R, senate=R, house=R"
WY,1998,Republican,Republican,True,Republican,Republican,True,Republican,Republican,True,Republican,Republican,True,"klarner codes: govparty_c=0, sen_cont_alt=0, hs_cont_alt=0","ballotpedia codes: governor=R, senate=R, house=R"
WY,1999,Republican,Republican,True,Republican,Republican,True,Republican,Republican,True,Republican,Republican,True,"klarner codes: govparty_c=0, sen_cont_alt=0, hs_cont_alt=0","ballotpedia codes: governor=R, senate=R, house=R"
WY,2000,Republican,Republican,True,Republican,Republican,True,Republican,Republican,True,Republican,Republican,True,"klarner codes: govparty_c=0, sen_cont_alt=0, hs_cont_alt=0","ballotpedia codes: governor=R, senate=R, house=R"
WY,2001,Republican,Republican,True,Republican,Republican,True,Republican,Republican,True,Republican,Republican,True,"klarner codes: govparty_c=0, sen_cont_alt=0, hs_cont_alt=0","ballotpedia codes: governor=R, senate=R, house=R"
WY,2002,Republican,Republican,True,Republican,Republican,True,Republican,Republican,True,Republican,Republican,True,"klarner codes: govparty_c=0, sen_cont_alt=0, hs_cont_alt=0","ballotpedia codes: governor=R, senate=R, house=R"
WY,2003,Democratic,Democratic,True,Republican,Republican,True,Republican,Republican,True,Divided,Divided,True,"klarner codes: govparty_c=1, sen_cont_alt=0, hs_cont_alt=0","ballotpedia codes: governor=D, senate=R, house=R"
WY,2004,Democratic,Democratic,True,Republican,Republican,True,Republican,Republican,True,Divided,Divided,True,"klarner codes: govparty_c=1, sen_cont_alt=0, hs_cont_alt=0","ballotpedia codes: governor=D, senate=R, house=R"
WY,2005,Democratic,Democratic,True,Republican,Republican,True,Republican,Republican,True,Divided,Divided,True,"klarner codes: govparty_c=1, sen_cont_alt=0, hs_cont_alt=0","ballotpedia codes: governor=D, senate=R, house=R"
WY,2006,Democratic,Democratic,True,Republican,Republican,True,Republican,Republican,True,Divided,Divided,True,"klarner codes: govparty_c=1, sen_cont_alt=0, hs_cont_alt=0","ballotpedia codes: governor=D, senate=R, house=R"
WY,2007,Democratic,Democratic,True,Republican,Republican,True,Republican,Republican,True,Divided,Divided,True,"klarner codes: govparty_c=1, sen_cont_alt=0, hs_cont_alt=0","ballotpedia codes: governor=D, senate=R, house=R"
WY,2008,Democratic,Democratic,True,Republican,Republican,True,Republican,Republican,True,Divided,Divided,True,"klarner codes: govparty_c=1, sen_cont_alt=0, hs_cont_alt=0","ballotpedia codes: governor=D, senate=R, house=R"
WY,2009,Democratic,Democratic,True,Republican,Republican,True,Republican,Republican,True,Divided,Divided,True,"klarner codes: govparty_c=1, sen_cont_alt=0, hs_cont_alt=0","ballotpedia codes: governor=D, senate=R, house=R"
WY,2010,Democratic,Democratic,True,Republican,Republican,True,Republican,Republican,True,Divided,Divided,True,"klarner codes: govparty_c=1, sen_cont_alt=0, hs_cont_alt=0","ballotpedia codes: governor=D, senate=R, house=R"
WY,2011,Republican,Republican,True,Republican,Republican,True,Republican,Republican,True,Republican,Republican,True,"klarner codes: govparty_c=0, sen_cont_alt=0, hs_cont_alt=0","ballotpedia codes: governor=R, senate=R, house=R"
