fips,st,county,year,pct
04001,AZ,Apache,2018,96.5
04003,AZ,Cochise,2018,95.6
04005,AZ,Coconino,2018,90.2
04007,AZ,Gila,2018,90.9
04009,AZ,Graham,2018,94.5
04011,AZ,Greenlee,2018,93.6
04012,AZ,La Paz,2018,98.1
04013,AZ,Maricopa,2018,93.1
04015,AZ,Mohave,2018,92.1
04017,AZ,Navajo,2018,90.4
04019,AZ,Pima,2018,96.4
04021,AZ,Pinal,2018,93.7
04023,AZ,Santa Cruz,2018,97.0
04025,AZ,Yavapai,2018,81.1
04027,AZ,Yuma,2018,97.0
06001,CA,Alameda,2018,94.9
06005,CA,Amador,2018,91.0
06007,CA,Butte,2018,90.5
06009,CA,Calaveras,2018,83.1
06011,CA,Colusa,2018,93.1
06013,CA,Contra Costa,2018,94.8
06015,CA,Del Norte,2018,85.7
06017,CA,El Dorado,2018,87.0
06019,CA,Fresno,2018,95.5
06021,CA,Glenn,2018,87.0
06023,CA,Humboldt,2018,78.9
06025,CA,Imperial,2018,93.5
06027,CA,Inyo,2018,79.7
06029,CA,Kern,2018,92.9
06031,CA,Kings,2018,94.0
06033,CA,Lake,2018,88.8
06035,CA,Lassen,2018,73.7
06037,CA,Los Angeles,2018,94.2
06039,CA,Madera,2018,94.5
06041,CA,Marin,2018,90.3
06045,CA,Mendocino,2018,85.9
06047,CA,Merced,2018,95.3
06049,CA,Modoc,2018,85.9
06051,CA,Mono,2018,72.6
06053,CA,Monterey,2018,94.9
06055,CA,Napa,2018,89.6
06057,CA,Nevada,2018,74.7
06059,CA,Orange,2018,94.2
06061,CA,Placer,2018,92.2
06063,CA,Plumas,2018,80.1
06065,CA,Riverside,2018,95.9
06067,CA,Sacramento,2018,93.7
06069,CA,San Benito,2018,93.0
06071,CA,San Bernardino,2018,95.5
06073,CA,San Diego,2018,92.5
06075,CA,San Francisco,2018,89.9
06077,CA,San Joaquin,2018,95.3
06079,CA,San Luis Obispo,2018,92.1
06081,CA,San Mateo,2018,93.9
06083,CA,Santa Barbara,2018,92.7
06085,CA,Santa Clara,2018,94.8
06087,CA,Santa Cruz,2018,87.8
06089,CA,Shasta,2018,86.6
06091,CA,Sierra,2018,75.5
06093,CA,Siskiyou,2018,79.8
06095,CA,Solano,2018,96.7
06097,CA,Sonoma,2018,89.7
06099,CA,Stanislaus,2018,94.0
06101,CA,Sutter,2018,76.8
06103,CA,Tehama,2018,89.6
06105,CA,Trinity,2018,28.1
06107,CA,Tulare,2018,97.1
06109,CA,Tuolumne,2018,85.1
06111,CA,Ventura,2018,93.4
06113,CA,Yolo,2018,92.3
06115,CA,Yuba,2018,89.4
08001,CO,Adams,2018,93.6
08003,CO,Alamosa,2018,82.1
08005,CO,Arapahoe,2018,92.0
08007,CO,Archuleta,2018,81.7
08009,CO,Baca,2018,96.7
08011,CO,Bent,2018,100.0
08013,CO,Boulder,2018,81.6
08014,CO,Broomfield,2018,96.2
08015,CO,Chaffee,2018,67.7
08017,CO,Cheyenne,2018,90.3
08019,CO,Clear Creek,2018,83.6
08021,CO,Conejos,2018,86.6
08023,CO,Costilla,2018,88.2
08025,CO,Crowley,2018,94.9
08027,CO,Custer,2018,86.2
08029,CO,Delta,2018,85.0
08031,CO,Denver,2018,90.2
08033,CO,Dolores,2018,82.5
08035,CO,Douglas,2018,90.1
08037,CO,Eagle,2018,92.3
08039,CO,Elbert,2018,83.2
08041,CO,El Paso,2018,83.2
08043,CO,Fremont,2018,88.6
08045,CO,Garfield,2018,87.4
08047,CO,Gilpin,2018,76.7
08049,CO,Grand,2018,86.4
08051,CO,Gunnison,2018,71.4
08053,CO,Hinsdale,2018,40.0
08055,CO,Huerfano,2018,87.0
08057,CO,Jackson,2018,20.0
08059,CO,Jefferson,2018,88.8
08061,CO,Kiowa,2018,100.0
08063,CO,Kit Carson,2018,96.2
08065,CO,Lake,2018,89.7
08067,CO,La Plata,2018,87.9
08069,CO,Larimer,2018,90.1
08071,CO,Las Animas,2018,95.2
08073,CO,Lincoln,2018,94.1
08075,CO,Logan,2018,92.7
08077,CO,Mesa,2018,88.6
08079,CO,Mineral,2018,75.0
08081,CO,Moffat,2018,86.0
08083,CO,Montezuma,2018,96.6
08085,CO,Montrose,2018,85.0
08087,CO,Morgan,2018,90.6
08089,CO,Otero,2018,94.8
08091,CO,Ouray,2018,86.1
08093,CO,Park,2018,81.1
08095,CO,Phillips,2018,84.8
08097,CO,Pitkin,2018,89.4
08099,CO,Prowers,2018,96.5
08101,CO,Pueblo,2018,86.3
08103,CO,Rio Blanco,2018,90.0
08105,CO,Rio Grande,2018,91.1
08107,CO,Routt,2018,87.0
08109,CO,Saguache,2018,89.9
08111,CO,San Juan,2018,80.0
08113,CO,San Miguel,2018,84.1
08115,CO,Sedgwick,2018,100.0
08117,CO,Summit,2018,84.1
08119,CO,Teller,2018,79.2
08121,CO,Washington,2018,81.2
08123,CO,Weld,2018,94.1
08125,CO,Yuma,2018,97.7
09001,CT,Fairfield,2018,96.0
09003,CT,Hartford,2018,96.8
09005,CT,Litchfield,2018,96.4
09007,CT,Middlesex,2018,96.5
09009,CT,New Haven,2018,97.2
09011,CT,New London,2018,96.5
09013,CT,Tolland,2018,96.0
09015,CT,Windham,2018,93.6
12001,FL,Alachua,2018,91.1
12003,FL,Baker,2018,96.7
12005,FL,Bay,2018,96.3
12007,FL,Bradford,2018,98.7
12009,FL,Brevard,2018,96.5
12011,FL,Broward,2018,94.3
12013,FL,Calhoun,2018,97.5
12015,FL,Charlotte,2018,92.9
12017,FL,Citrus,2018,93.6
12019,FL,Clay,2018,94.6
12021,FL,Collier,2018,93.8
12023,FL,Columbia,2018,94.5
12027,FL,De Soto,2018,96.7
12029,FL,Dixie,2018,93.8
12031,FL,Duval,2018,95.1
12033,FL,Escambia,2018,93.8
12035,FL,Flagler,2018,91.9
12037,FL,Franklin,2018,99.2
12039,FL,Gadsden,2018,96.6
12041,FL,Gilchrist,2018,97.8
12043,FL,Glades,2018,98.4
12045,FL,Gulf,2018,98.0
12047,FL,Hamilton,2018,97.3
12049,FL,Hardee,2018,99.1
12051,FL,Hendry,2018,97.5
12053,FL,Hernando,2018,94.7
12055,FL,Highlands,2018,95.5
12057,FL,Hillsborough,2018,94.4
12059,FL,Holmes,2018,98.4
12061,FL,Indian River,2018,96.4
12063,FL,Jackson,2018,96.9
12065,FL,Jefferson,2018,94.6
12067,FL,Lafayette,2018,96.8
12069,FL,Lake,2018,93.9
12071,FL,Lee,2018,94.1
12073,FL,Leon,2018,95.2
12075,FL,Levy,2018,96.1
12077,FL,Liberty,2018,97.0
12079,FL,Madison,2018,97.8
12081,FL,Manatee,2018,93.2
12083,FL,Marion,2018,94.7
12085,FL,Martin,2018,91.3
12086,FL,Miami-Dade,2018,92.8
12087,FL,Monroe,2018,92.1
12089,FL,Nassau,2018,93.1
12091,FL,Okaloosa,2018,96.1
12093,FL,Okeechobee,2018,95.0
12095,FL,Orange,2018,91.1
12097,FL,Osceola,2018,92.9
12099,FL,Palm Beach,2018,93.1
12101,FL,Pasco,2018,94.3
12103,FL,Pinellas,2018,92.3
12105,FL,Polk,2018,95.7
12107,FL,Putnam,2018,94.3
12109,FL,St Johns,2018,93.2
12111,FL,St Lucie,2018,94.4
12113,FL,Santa Rosa,2018,91.7
12115,FL,Sarasota,2018,90.0
12117,FL,Seminole,2018,91.3
12119,FL,Sumter,2018,94.0
12121,FL,Suwannee,2018,95.3
12123,FL,Taylor,2018,98.5
12125,FL,Union,2018,97.5
12127,FL,Volusia,2018,93.2
12129,FL,Wakulla,2018,95.5
12131,FL,Walton,2018,92.2
12133,FL,Washington,2018,96.4
16001,ID,Ada,2018,92.0
16003,ID,Adams,2018,81.0
16005,ID,Bannock,2018,92.0
16007,ID,Bear Lake,2018,99.0
16009,ID,Benewah,2018,86.0
16011,ID,Bingham,2018,91.0
16013,ID,Blaine,2018,86.0
16015,ID,Boise,2018,64.0
16017,ID,Bonner,2018,72.0
16019,ID,Bonneville,2018,94.0
16021,ID,Boundary,2018,58.0
16023,ID,Butte,2018,69.0
16025,ID,Camas,2018,89.0
16027,ID,Canyon,2018,91.0
16029,ID,Caribou,2018,93.0
16031,ID,Cassia,2018,89.0
16033,ID,Clark,2018,90.0
16035,ID,Clearwater,2018,87.0
16037,ID,Custer,2018,81.0
16039,ID,Elmore,2018,95.0
16041,ID,Franklin,2018,89.0
16043,ID,Fremont,2018,88.0
16045,ID,Gem,2018,92.0
16047,ID,Gooding,2018,79.0
16049,ID,Idaho,2018,83.0
16051,ID,Jefferson,2018,93.0
16053,ID,Jerome,2018,94.0
16055,ID,Kootenai,2018,81.0
16057,ID,Latah,2018,86.0
16059,ID,Lemhi,2018,78.0
16061,ID,Lewis,2018,95.0
16063,ID,Lincoln,2018,99.0
16065,ID,Madison,2018,85.0
16067,ID,Minidoka,2018,92.0
16069,ID,Nez Perce,2018,95.0
16071,ID,Oneida,2018,92.0
16073,ID,Owyhee,2018,86.0
16075,ID,Payette,2018,95.0
16077,ID,Power,2018,96.0
16079,ID,Shoshone,2018,65.0
16081,ID,Teton,2018,84.0
16083,ID,Twin Falls,2018,89.0
16085,ID,Valley,2018,85.0
16087,ID,Washington,2018,90.0
17001,IL,Adams,2018,97.3
17003,IL,Alexander,2018,98.6
17005,IL,Bond,2018,99.3
17007,IL,Boone,2018,98.7
17009,IL,Brown,2018,99.2
17011,IL,Bureau,2018,98.1
17013,IL,Calhoun,2018,99.5
17015,IL,Carroll,2018,97.1
17017,IL,Cass,2018,98.7
17019,IL,Champaign,2018,97.9
17021,IL,Christian,2018,98.5
17023,IL,Clark,2018,99.6
17025,IL,Clay,2018,99.0
17027,IL,Clinton,2018,98.6
17029,IL,Coles,2018,98.1
17031,IL,Cook,2018,97.5
17033,IL,Crawford,2018,96.4
17035,IL,Cumberland,2018,97.1
17037,IL,DeKalb,2018,97.5
17039,IL,De Witt,2018,98.4
17041,IL,Douglas,2018,98.1
17043,IL,DuPage,2018,97.0
17045,IL,Edgar,2018,99.0
17047,IL,Edwards,2018,99.6
17049,IL,Effingham,2018,98.8
17051,IL,Fayette,2018,99.2
17053,IL,Ford,2018,98.8
17055,IL,Franklin,2018,98.0
17057,IL,Fulton,2018,98.7
17059,IL,Gallatin,2018,99.3
17061,IL,Greene,2018,99.3
17063,IL,Grundy,2018,97.8
17065,IL,Hamilton,2018,99.5
17067,IL,Hancock,2018,98.8
17069,IL,Hardin,2018,99.5
17071,IL,Henderson,2018,97.8
17073,IL,Henry,2018,98.3
17075,IL,Iroquois,2018,98.2
17077,IL,Jackson,2018,97.6
17079,IL,Jasper,2018,96.1
17081,IL,Jefferson,2018,98.4
17083,IL,Jersey,2018,98.1
17085,IL,Jo Daviess,2018,95.8
17087,IL,Johnson,2018,98.9
17089,IL,Kane,2018,97.2
17091,IL,Kankakee,2018,96.2
17093,IL,Kendall,2018,96.4
17095,IL,Knox,2018,96.9
17097,IL,Lake,2018,97.4
17099,IL,LaSalle,2018,98.1
17101,IL,Lawrence,2018,99.3
17103,IL,Lee,2018,96.9
17105,IL,Livingston,2018,97.8
17107,IL,Logan,2018,98.0
17109,IL,McDonough,2018,97.0
17111,IL,McHenry,2018,97.3
17113,IL,McLean,2018,98.4
17115,IL,Macon,2018,98.3
17117,IL,Macoupin,2018,99.1
17119,IL,Madison,2018,98.0
17121,IL,Marion,2018,99.1
17123,IL,Marshall,2018,99.2
17125,IL,Mason,2018,99.3
17127,IL,Massac,2018,94.6
17129,IL,Menard,2018,98.5
17131,IL,Mercer,2018,97.8
17133,IL,Monroe,2018,99.0
17135,IL,Montgomery,2018,99.2
17137,IL,Morgan,2018,98.8
17139,IL,Moultrie,2018,94.9
17141,IL,Ogle,2018,97.4
17143,IL,Peoria,2018,97.8
17145,IL,Perry,2018,99.5
17147,IL,Piatt,2018,98.8
17149,IL,Pike,2018,99.4
17151,IL,Pope,2018,97.0
17153,IL,Pulaski,2018,93.5
17155,IL,Putnam,2018,97.5
17157,IL,Randolph,2018,99.7
17159,IL,Richland,2018,98.8
17161,IL,Rock Island,2018,97.2
17163,IL,St Clair,2018,97.6
17165,IL,Saline,2018,98.3
17167,IL,Sangamon,2018,98.3
17169,IL,Schuyler,2018,99.5
17171,IL,Scott,2018,100.0
17173,IL,Shelby,2018,98.7
17175,IL,Stark,2018,97.3
17177,IL,Stephenson,2018,97.6
17179,IL,Tazewell,2018,97.5
17181,IL,Union,2018,99.3
17183,IL,Vermilion,2018,96.0
17185,IL,Wabash,2018,97.8
17187,IL,Warren,2018,98.8
17189,IL,Washington,2018,99.0
17191,IL,Wayne,2018,99.2
17193,IL,White,2018,98.6
17195,IL,Whiteside,2018,98.2
17197,IL,Will,2018,97.6
17199,IL,Williamson,2018,98.6
17201,IL,Winnebago,2018,97.5
17203,IL,Woodford,2018,97.6
21001,KY,Adair,2018,100.0
21003,KY,Allen,2018,99.0
21005,KY,Anderson,2018,92.9
21007,KY,Ballard,2018,100.0
21009,KY,Barren,2018,97.3
21011,KY,Bath,2018,80.8
21013,KY,Bell,2018,87.2
21015,KY,Boone,2018,96.2
21017,KY,Bourbon,2018,97.4
21019,KY,Boyd,2018,94.3
21021,KY,Boyle,2018,96.8
21023,KY,Bracken,2018,91.8
21025,KY,Breathitt,2018,91.5
21027,KY,Breckinridge,2018,94.7
21029,KY,Bullitt,2018,94.1
21031,KY,Butler,2018,91.5
21033,KY,Caldwell,2018,96.4
21035,KY,Calloway,2018,97.4
21037,KY,Campbell,2018,97.7
21039,KY,Carlisle,2018,96.6
21041,KY,Carroll,2018,80.7
21043,KY,Carter,2018,97.4
21045,KY,Casey,2018,91.9
21047,KY,Christian,2018,91.4
21049,KY,Clark,2018,95.1
21051,KY,Clay,2018,89.9
21053,KY,Clinton,2018,91.2
21055,KY,Crittenden,2018,79.2
21057,KY,Cumberland,2018,90.5
21059,KY,Daviess,2018,75.9
21063,KY,Elliott,2018,98.7
21065,KY,Estill,2018,86.1
21067,KY,Fayette,2018,96.6
21069,KY,Fleming,2018,98.1
21071,KY,Floyd,2018,97.1
21073,KY,Franklin,2018,96.8
21075,KY,Fulton,2018,100.0
21077,KY,Gallatin,2018,96.3
21079,KY,Garrard,2018,70.0
21081,KY,Grant,2018,97.9
21083,KY,Graves,2018,96.2
21085,KY,Grayson,2018,97.2
21087,KY,Green,2018,95.2
21089,KY,Greenup,2018,95.9
21091,KY,Hancock,2018,99.0
21093,KY,Hardin,2018,84.0
21095,KY,Harlan,2018,84.0
21097,KY,Harrison,2018,96.2
21099,KY,Hart,2018,93.4
21101,KY,Henderson,2018,92.4
21103,KY,Henry,2018,98.8
21105,KY,Hickman,2018,97.8
21107,KY,Hopkins,2018,64.1
21109,KY,Jackson,2018,96.5
21111,KY,Jefferson,2018,90.3
21113,KY,Jessamine,2018,95.0
21115,KY,Johnson,2018,95.3
21117,KY,Kenton,2018,96.6
21119,KY,Knott,2018,85.3
21121,KY,Knox,2018,86.1
21123,KY,Larue,2018,97.5
21125,KY,Laurel,2018,92.2
21127,KY,Lawrence,2018,83.1
21129,KY,Lee,2018,92.1
21131,KY,Leslie,2018,96.1
21133,KY,Letcher,2018,95.7
21135,KY,Lewis,2018,93.6
21137,KY,Lincoln,2018,95.4
21139,KY,Livingston,2018,97.1
21141,KY,Logan,2018,82.7
21143,KY,Lyon,2018,97.9
21145,KY,Mccracken,2018,93.0
21147,KY,McCreary,2018,90.7
21149,KY,Mclean,2018,97.3
21151,KY,Madison,2018,93.8
21153,KY,Magoffin,2018,77.8
21155,KY,Marion,2018,97.3
21157,KY,Marshall,2018,90.2
21159,KY,Martin,2018,90.2
21161,KY,Mason,2018,90.4
21163,KY,Meade,2018,99.0
21165,KY,Menifee,2018,98.4
21167,KY,Mercer,2018,97.3
21169,KY,Metcalfe,2018,78.1
21171,KY,Monroe,2018,95.6
21173,KY,Montgomery,2018,95.0
21175,KY,Morgan,2018,96.5
21177,KY,Muhlenberg,2018,86.8
21179,KY,Nelson,2018,87.7
21183,KY,Ohio,2018,83.9
21185,KY,Oldham,2018,97.6
21187,KY,Owen,2018,99.2
21189,KY,Owsley,2018,97.7
21191,KY,Pendleton,2018,97.2
21193,KY,Perry,2018,85.8
21195,KY,Pike,2018,96.3
21197,KY,Powell,2018,89.1
21199,KY,Pulaski,2018,97.1
21201,KY,Robertson,2018,100.0
21203,KY,Rockcastle,2018,94.3
21205,KY,Rowan,2018,91.0
21207,KY,Russell,2018,97.9
21209,KY,Scott,2018,89.4
21211,KY,Shelby,2018,96.2
21213,KY,Simpson,2018,96.8
21215,KY,Spencer,2018,99.4
21217,KY,Taylor,2018,96.3
21219,KY,Todd,2018,92.7
21221,KY,Trigg,2018,91.6
21223,KY,Trimble,2018,94.1
21225,KY,Union,2018,92.8
21227,KY,Warren,2018,89.3
21229,KY,Washington,2018,89.0
21231,KY,Wayne,2018,98.3
21233,KY,Webster,2018,84.5
21235,KY,Whitley,2018,96.7
21237,KY,Wolfe,2018,81.9
21239,KY,Woodford,2018,97.2
25001,MA,Barnstable,2018,95.4
25003,MA,Berkshire,2018,94.4
25005,MA,Bristol,2018,98.7
25007,MA,Dukes,2018,92.0
25009,MA,Essex,2018,97.8
25011,MA,Franklin,2018,93.1
25013,MA,Hampden,2018,96.2
25015,MA,Hampshire,2018,96.6
25017,MA,Middlesex,2018,98.2
25019,MA,Nantucket,2018,88.5
25021,MA,Norfolk,2018,98.7
25023,MA,Plymouth,2018,96.9
25025,MA,Suffolk,2018,83.7
25027,MA,Worcester,2018,96.3
23001,ME,Androscoggin,2018,95.3
23003,ME,Aroostook,2018,93.7
23005,ME,Cumberland,2018,94.4
23007,ME,Franklin,2018,95.4
23009,ME,Hancock,2018,92.4
23011,ME,Kennebec,2018,94.1
23013,ME,Knox,2018,91.2
23015,ME,Lincoln,2018,92.1
23017,ME,Oxford,2018,94.4
23019,ME,Penobscot,2018,95.8
23021,ME,Piscataquis,2018,95.1
23023,ME,Sagadahoc,2018,91.7
23025,ME,Somerset,2018,91.3
23027,ME,Waldo,2018,93.5
23029,ME,Washington,2018,96.1
23031,ME,York,2018,95.4
27001,MN,Aitkin,2018,81.6
27003,MN,Anoka,2018,95.1
27005,MN,Becker,2018,93.0
27007,MN,Beltrami,2018,91.9
27009,MN,Benton,2018,96.5
27011,MN,Big Stone,2018,93.3
27013,MN,Blue Earth,2018,96.7
27015,MN,Brown,2018,98.8
27017,MN,Carlton,2018,94.7
27019,MN,Carver,2018,93.0
27021,MN,Cass,2018,86.7
27023,MN,Chippewa,2018,95.3
27025,MN,Chisago,2018,95.1
27027,MN,Clay,2018,89.8
27029,MN,Clearwater,2018,86.1
27031,MN,Cook,2018,93.0
27033,MN,Cottonwood,2018,97.1
27035,MN,Crow Wing,2018,92.2
27037,MN,Dakota,2018,94.5
27039,MN,Dodge,2018,98.4
27041,MN,Douglas,2018,95.2
27043,MN,Faribault,2018,95.0
27045,MN,Fillmore,2018,84.8
27047,MN,Freeborn,2018,91.0
27049,MN,Goodhue,2018,97.0
27051,MN,Grant,2018,96.5
27053,MN,Hennepin,2018,90.4
27055,MN,Houston,2018,89.2
27057,MN,Hubbard,2018,93.0
27059,MN,Isanti,2018,87.4
27061,MN,Itasca,2018,95.1
27063,MN,Jackson,2018,95.0
27065,MN,Kanabec,2018,97.1
27067,MN,Kandiyohi,2018,94.5
27069,MN,Kittson,2018,96.2
27071,MN,Koochiching,2018,87.4
27073,MN,Lac qui Parle,2018,100.0
27075,MN,Lake,2018,94.4
27077,MN,Lake of the Woods,2018,100.0
27079,MN,Le Sueur,2018,93.5
27081,MN,Lincoln,2018,90.5
27083,MN,Lyon,2018,94.8
27085,MN,McLeod,2018,93.3
27087,MN,Mahnomen,2018,92.7
27089,MN,Marshall,2018,98.0
27091,MN,Martin,2018,84.9
27093,MN,Meeker,2018,91.7
27095,MN,Mille Lacs,2018,90.1
27097,MN,Morrison,2018,93.2
27099,MN,Mower,2018,95.2
27101,MN,Murray,2018,98.8
27103,MN,Nicollet,2018,95.7
27105,MN,Nobles,2018,90.0
27107,MN,Norman,2018,90.9
27109,MN,Olmsted,2018,95.9
27111,MN,Otter Tail,2018,89.1
27113,MN,Pennington,2018,95.8
27115,MN,Pine,2018,92.9
27117,MN,Pipestone,2018,84.1
27119,MN,Polk,2018,95.4
27121,MN,Pope,2018,92.1
27123,MN,Ramsey,2018,90.2
27125,MN,Red Lake,2018,93.5
27127,MN,Redwood,2018,96.1
27129,MN,Renville,2018,88.3
27131,MN,Rice,2018,94.4
27133,MN,Rock,2018,99.1
27135,MN,Roseau,2018,94.4
27137,MN,St Louis,2018,92.1
27139,MN,Scott,2018,93.7
27141,MN,Sherburne,2018,94.2
27143,MN,Sibley,2018,88.0
27145,MN,Stearns,2018,90.7
27147,MN,Steele,2018,95.2
27149,MN,Stevens,2018,96.8
27151,MN,Swift,2018,92.2
27153,MN,Todd,2018,95.4
27155,MN,Traverse,2018,100.0
27157,MN,Wabasha,2018,96.6
27159,MN,Wadena,2018,87.1
27161,MN,Waseca,2018,97.0
27163,MN,Washington,2018,95.1
27165,MN,Watonwan,2018,99.4
27167,MN,Wilkin,2018,82.6
27169,MN,Winona,2018,94.3
27171,MN,Wright,2018,92.3
27173,MN,Yellow Medicine,2018,96.0
34001,NJ,Atlantic,2018,96.1
34003,NJ,Bergen,2018,96.4
34005,NJ,Burlington,2018,97.6
34007,NJ,Camden,2018,95.4
34009,NJ,Cape May,2018,95.3
34011,NJ,Cumberland,2018,98.2
34013,NJ,Essex,2018,97.2
34015,NJ,Gloucester,2018,98.1
34017,NJ,Hudson,2018,97.3
34019,NJ,Hunterdon,2018,94.5
34021,NJ,Mercer,2018,96.5
34023,NJ,Middlesex,2018,95.4
34025,NJ,Monmouth,2018,93.9
34027,NJ,Morris,2018,95.7
34029,NJ,Ocean,2018,94.0
34031,NJ,Passaic,2018,96.1
34033,NJ,Salem,2018,98.4
34035,NJ,Somerset,2018,96.4
34037,NJ,Sussex,2018,96.4
34039,NJ,Union,2018,96.8
34041,NJ,Warren,2018,95.3
36001,NY,Albany,2018,99.0
36003,NY,Allegany,2018,98.6
36005,NY,Bronx,2018,98.4
36007,NY,Broome,2018,99.0
36009,NY,Cattaraugus,2018,99.3
36011,NY,Cayuga,2018,99.5
36013,NY,Chautauqua,2018,98.8
36015,NY,Chemung,2018,99.4
36017,NY,Chenango,2018,99.4
36019,NY,Clinton,2018,99.5
36021,NY,Columbia,2018,96.4
36023,NY,Cortland,2018,99.0
36025,NY,Delaware,2018,99.1
36027,NY,Dutchess,2018,98.4
36029,NY,Erie,2018,98.5
36031,NY,Essex,2018,98.9
36033,NY,Franklin,2018,98.6
36035,NY,Fulton,2018,99.0
36037,NY,Genesee,2018,98.9
36039,NY,Greene,2018,98.4
36041,NY,Hamilton,2018,99.8
36043,NY,Herkimer,2018,99.2
36045,NY,Jefferson,2018,99.4
36047,NY,Kings,2018,96.8
36049,NY,Lewis,2018,99.0
36051,NY,Livingston,2018,98.8
36053,NY,Madison,2018,99.1
36055,NY,Monroe,2018,99.2
36057,NY,Montgomery,2018,98.9
36059,NY,Nassau,2018,98.9
36061,NY,New York,2018,98.6
36063,NY,Niagara,2018,99.3
36065,NY,Oneida,2018,99.2
36067,NY,Onondaga,2018,99.3
36069,NY,Ontario,2018,99.2
36071,NY,Orange,2018,97.9
36073,NY,Orleans,2018,99.1
36075,NY,Oswego,2018,99.2
36077,NY,Otsego,2018,98.8
36079,NY,Putnam,2018,98.3
36081,NY,Queens,2018,98.4
36083,NY,Rensselaer,2018,99.1
36085,NY,Richmond,2018,98.9
36087,NY,Rockland,2018,93.4
36089,NY,St Lawrence,2018,98.8
36091,NY,Saratoga,2018,99.0
36093,NY,Schenectady,2018,99.1
36095,NY,Schoharie,2018,98.6
36097,NY,Schuyler,2018,99.8
36099,NY,Seneca,2018,97.7
36101,NY,Steuben,2018,99.1
36103,NY,Suffolk,2018,98.5
36105,NY,Sullivan,2018,97.6
36107,NY,Tioga,2018,98.3
36109,NY,Tompkins,2018,97.1
36111,NY,Ulster,2018,96.8
36113,NY,Warren,2018,99.3
36115,NY,Washington,2018,99.2
36117,NY,Wayne,2018,99.5
36119,NY,Westchester,2018,98.9
36121,NY,Wyoming,2018,98.9
36123,NY,Yates,2018,92.0
41001,OR,Baker,2018,91.8
41003,OR,Benton,2018,92.9
41005,OR,Clackamas,2018,91.8
41007,OR,Clatsop,2018,93.5
41009,OR,Columbia,2018,90.6
41011,OR,Coos,2018,94.6
41013,OR,Crook,2018,95.3
41015,OR,Curry,2018,86.5
41017,OR,Deschutes,2018,90.7
41019,OR,Douglas,2018,91.7
41021,OR,Gilliam,2018,95.0
41023,OR,Grant,2018,83.3
41025,OR,Harney,2018,93.5
41027,OR,Hood River,2018,94.4
41029,OR,Jackson,2018,88.9
41031,OR,Jefferson,2018,97.0
41033,OR,Josephine,2018,87.0
41035,OR,Klamath,2018,93.4
41037,OR,Lake,2018,98.7
41039,OR,Lane,2018,93.1
41041,OR,Lincoln,2018,94.7
41043,OR,Linn,2018,94.6
41045,OR,Malheur,2018,97.2
41047,OR,Marion,2018,94.8
41049,OR,Morrow,2018,99.5
41051,OR,Multnomah,2018,94.4
41053,OR,Polk,2018,93.7
41055,OR,Sherman,2018,95.0
41057,OR,Tillamook,2018,94.2
41059,OR,Umatilla,2018,96.0
41061,OR,Union,2018,93.6
41063,OR,Wallowa,2018,73.2
41065,OR,Wasco,2018,95.0
41067,OR,Washington,2018,95.1
41069,OR,Wheeler,2018,100.0
41071,OR,Yamhill,2018,93.4
42001,PA,Adams,2018,96.8
42003,PA,Allegheny,2018,97.7
42005,PA,Armstrong,2018,95.8
42007,PA,Beaver,2018,95.3
42009,PA,Bedford,2018,97.3
42011,PA,Berks,2018,97.4
42013,PA,Blair,2018,97.6
42015,PA,Bradford,2018,96.0
42017,PA,Bucks,2018,96.9
42019,PA,Butler,2018,95.1
42021,PA,Cambria,2018,97.2
42023,PA,Cameron,2018,100.0
42025,PA,Carbon,2018,96.9
42027,PA,Centre,2018,96.9
42029,PA,Chester,2018,96.7
42031,PA,Clarion,2018,96.6
42033,PA,Clearfield,2018,97.4
42035,PA,Clinton,2018,96.5
42037,PA,Columbia,2018,97.7
42039,PA,Crawford,2018,96.9
42041,PA,Cumberland,2018,97.6
42043,PA,Dauphin,2018,94.4
42045,PA,Delaware,2018,97.4
42047,PA,Elk,2018,99.3
42049,PA,Erie,2018,97.3
42051,PA,Fayette,2018,97.0
42053,PA,Forest,2018,100.0
42055,PA,Franklin,2018,97.5
42057,PA,Fulton,2018,97.6
42059,PA,Greene,2018,97.2
42061,PA,Huntingdon,2018,97.0
42063,PA,Indiana,2018,96.5
42065,PA,Jefferson,2018,97.7
42067,PA,Juniata,2018,96.4
42069,PA,Lackawanna,2018,98.0
42071,PA,Lancaster,2018,95.5
42073,PA,Lawrence,2018,95.9
42075,PA,Lebanon,2018,97.2
42077,PA,Lehigh,2018,97.1
42079,PA,Luzerne,2018,97.0
42081,PA,Lycoming,2018,98.1
42083,PA,McKean,2018,97.6
42085,PA,Mercer,2018,97.4
42087,PA,Mifflin,2018,96.7
42089,PA,Monroe,2018,95.1
42091,PA,Montgomery,2018,96.9
42093,PA,Montour,2018,100.0
42095,PA,Northampton,2018,97.7
42097,PA,Northumberland,2018,96.3
42099,PA,Perry,2018,98.2
42101,PA,Philadelphia,2018,95.9
42103,PA,Pike,2018,96.0
42105,PA,Potter,2018,100.0
42107,PA,Schuylkill,2018,98.7
42109,PA,Snyder,2018,95.9
42111,PA,Somerset,2018,97.9
42113,PA,Sullivan,2018,98.0
42115,PA,Susquehanna,2018,93.9
42117,PA,Tioga,2018,95.9
42119,PA,Union,2018,97.7
42121,PA,Venango,2018,97.9
42123,PA,Warren,2018,98.0
42125,PA,Washington,2018,98.0
42127,PA,Wayne,2018,95.8
42129,PA,Westmoreland,2018,95.6
42131,PA,Wyoming,2018,95.6
42133,PA,York,2018,97.2
46003,SD,Aurora,2018,96.0
46005,SD,Beadle,2018,98.0
46007,SD,Bennett,2018,99.0
46009,SD,Bon Homme,2018,95.0
46011,SD,Brookings,2018,96.0
46013,SD,Brown,2018,97.0
46015,SD,Brule,2018,99.0
46019,SD,Butte,2018,95.0
46021,SD,Campbell,2018,100.0
46023,SD,Charles Mix,2018,97.0
46025,SD,Clark,2018,83.0
46027,SD,Clay,2018,96.0
46029,SD,Codington,2018,99.0
46031,SD,Corson,2018,95.0
46033,SD,Custer,2018,93.0
46035,SD,Davison,2018,99.0
46037,SD,Day,2018,99.0
46039,SD,Deuel,2018,100.0
46041,SD,Dewey,2018,96.0
46043,SD,Douglas,2018,81.0
46045,SD,Edmunds,2018,92.0
46047,SD,Fall River,2018,96.0
46049,SD,Faulk,2018,92.0
46051,SD,Grant,2018,97.0
46053,SD,Gregory,2018,94.0
46055,SD,Haakon,2018,91.0
46057,SD,Hamlin,2018,99.0
46059,SD,Hand,2018,100.0
46061,SD,Hanson,2018,100.0
46063,SD,Harding,2018,92.0
46065,SD,Hughes,2018,98.0
46067,SD,Hutchinson,2018,96.0
46069,SD,Hyde,2018,100.0
46071,SD,Jackson,2018,100.0
46073,SD,Jerauld,2018,95.0
46075,SD,Jones,2018,92.0
46077,SD,Kingsbury,2018,100.0
46079,SD,Lake,2018,96.0
46081,SD,Lawrence,2018,94.0
46083,SD,Lincoln,2018,98.0
46085,SD,Lyman,2018,100.0
46087,SD,McCook,2018,94.0
46089,SD,McPherson,2018,86.0
46091,SD,Marshall,2018,96.0
46093,SD,Meade,2018,83.0
46095,SD,Mellette,2018,97.0
46097,SD,Miner,2018,100.0
46099,SD,Minnehaha,2018,95.0
46101,SD,Moody,2018,100.0
46102,SD,Oglala Lakota,2018,95.0
46103,SD,Pennington,2018,97.0
46105,SD,Perkins,2018,97.0
46107,SD,Potter,2018,96.0
46109,SD,Roberts,2018,96.0
46111,SD,Sanborn,2018,87.0
46115,SD,Spink,2018,93.0
46117,SD,Stanley,2018,94.0
46119,SD,Sully,2018,93.0
46121,SD,Todd,2018,97.0
46123,SD,Tripp,2018,85.0
46125,SD,Turner,2018,99.0
46127,SD,Union,2018,100.0
46129,SD,Walworth,2018,95.0
46135,SD,Yankton,2018,99.0
46137,SD,Ziebach,2018,94.0
51001,VA,Accomack,2018,97.5
51003,VA,Albemarle,2018,92.5
51005,VA,Alleghany,2018,97.1
51007,VA,Amelia,2018,97.7
51009,VA,Amherst,2018,97.9
51011,VA,Appomattox,2018,94.2
51013,VA,Arlington,2018,97.4
51015,VA,Augusta,2018,95.4
51017,VA,Bath,2018,100.0
51019,VA,Bedford,2018,94.3
51021,VA,Bland,2018,100.0
51023,VA,Botetourt,2018,97.7
51025,VA,Brunswick,2018,98.5
51027,VA,Buchanan,2018,42.9
51029,VA,Buckingham,2018,99.4
51031,VA,Campbell,2018,94.1
51033,VA,Caroline,2018,96.9
51035,VA,Carroll,2018,96.6
51036,VA,Charles City,2018,70.6
51037,VA,Charlotte,2018,90.8
51041,VA,Chesterfield,2018,88.1
51043,VA,Clarke,2018,97.0
51045,VA,Craig,2018,95.0
51047,VA,Culpeper,2018,94.9
51049,VA,Cumberland,2018,98.8
51051,VA,Dickenson,2018,100.0
51053,VA,Dinwiddie,2018,94.3
51057,VA,Essex,2018,95.8
51059,VA,Fairfax County,2018,89.4
51061,VA,Fauquier,2018,92.5
51063,VA,Floyd,2018,84.9
51065,VA,Fluvanna,2018,95.2
51067,VA,Franklin County,2018,96.3
51069,VA,Frederick,2018,95.2
51071,VA,Giles,2018,97.4
51073,VA,Gloucester,2018,96.5
51075,VA,Goochland,2018,96.4
51077,VA,Grayson,2018,97.8
51081,VA,Greensville,2018,95.9
51083,VA,Halifax,2018,86.9
51085,VA,Hanover,2018,96.5
51087,VA,Henrico,2018,95.0
51089,VA,Henry,2018,97.9
51093,VA,Isle of Wight,2018,98.9
51095,VA,James City,2018,88.9
51097,VA,King and Queen,2018,100.0
51099,VA,King George,2018,95.6
51101,VA,King William,2018,98.0
51103,VA,Lancaster,2018,98.9
51105,VA,Lee,2018,88.9
51107,VA,Loudoun,2018,95.2
51109,VA,Louisa,2018,97.6
51111,VA,Lunenburg,2018,98.3
51113,VA,Madison,2018,95.0
51115,VA,Mathews,2018,98.6
51117,VA,Mecklenburg,2018,99.0
51119,VA,Middlesex,2018,96.7
51121,VA,Montgomery,2018,96.0
51125,VA,Nelson,2018,90.6
51127,VA,New Kent,2018,90.9
51131,VA,Northampton,2018,100.0
51135,VA,Nottoway,2018,92.9
51137,VA,Orange,2018,95.8
51139,VA,Page,2018,95.9
51141,VA,Patrick,2018,98.1
51143,VA,Pittsylvania,2018,95.2
51145,VA,Powhatan,2018,97.5
51147,VA,Prince Edward,2018,97.0
51149,VA,Prince George,2018,95.7
51153,VA,Prince William,2018,96.0
51155,VA,Pulaski,2018,99.1
51157,VA,Rappahannock,2018,98.1
51159,VA,Richmond County,2018,96.6
51161,VA,Roanoke County,2018,97.1
51163,VA,Rockbridge,2018,98.8
51165,VA,Rockingham,2018,94.6
51167,VA,Russell,2018,99.0
51169,VA,Scott,2018,90.6
51171,VA,Shenandoah,2018,96.7
51173,VA,Smyth,2018,98.7
51175,VA,Southampton,2018,97.5
51177,VA,Spotsylvania,2018,91.4
51179,VA,Stafford,2018,95.6
51181,VA,Surry,2018,96.9
51183,VA,Sussex,2018,97.9
51185,VA,Tazewell,2018,93.9
51187,VA,Warren,2018,88.9
51191,VA,Washington,2018,86.4
51193,VA,Westmoreland,2018,93.5
51195,VA,Wise,2018,93.4
51197,VA,Wythe,2018,89.6
51199,VA,York,2018,95.4
51510,VA,Alexandria,2018,96.5
51520,VA,Bristol,2018,94.3
51530,VA,Buena Vista,2018,100.0
51540,VA,Charlottesville,2018,91.5
51550,VA,Chesapeake,2018,95.5
51570,VA,Colonial Heights,2018,96.1
51580,VA,Covington,2018,97.9
51590,VA,Danville,2018,97.6
51610,VA,Falls Church,2018,97.0
51620,VA,Franklin City,2018,97.7
51630,VA,Fredericksburg,2018,89.8
51640,VA,Galax,2018,86.9
51650,VA,Hampton,2018,95.4
51660,VA,Harrisonburg,2018,95.0
51670,VA,Hopewell,2018,96.5
51678,VA,Lexington,2018,98.0
51680,VA,Lynchburg,2018,96.7
51683,VA,Manassas,2018,95.4
51685,VA,Manassas Park,2018,98.1
51690,VA,Martinsville,2018,100.0
51700,VA,Newport News,2018,87.1
51710,VA,Norfolk,2018,91.2
51720,VA,Norton,2018,91.3
51730,VA,Petersburg,2018,81.1
51735,VA,Poquoson,2018,96.5
51740,VA,Portsmouth,2018,96.8
51750,VA,Radford,2018,97.3
51760,VA,Richmond City,2018,91.6
51770,VA,Roanoke City,2018,95.4
51775,VA,Salem,2018,95.9
51790,VA,Staunton,2018,96.4
51800,VA,Suffolk,2018,98.0
51810,VA,Virginia Beach,2018,94.4
51820,VA,Waynesboro,2018,99.6
51830,VA,Williamsburg,2018,94.5
51840,VA,Winchester,2018,98.0
50001,VT,Addison,2018,95.0
50003,VT,Bennington,2018,95.0
50005,VT,Caledonia,2018,95.0
50007,VT,Chittenden,2018,95.0
50011,VT,Franklin,2018,95.0
50015,VT,Lamoille,2018,88.0
50017,VT,Orange,2018,95.0
50019,VT,Orleans,2018,95.0
50021,VT,Rutland,2018,93.0
50023,VT,Washington,2018,90.0
50025,VT,Windham,2018,93.0
50027,VT,Windsor,2018,92.0
04001,AZ,Apache,2019,93.4
04003,AZ,Cochise,2019,95.5
04005,AZ,Coconino,2019,91.0
04007,AZ,Gila,2019,91.4
04009,AZ,Graham,2019,92.9
04011,AZ,Greenlee,2019,95.0
04012,AZ,La Paz,2019,96.8
04013,AZ,Maricopa,2019,92.7
04015,AZ,Mohave,2019,88.4
04017,AZ,Navajo,2019,88.4
04019,AZ,Pima,2019,95.9
04021,AZ,Pinal,2019,92.2
04023,AZ,Santa Cruz,2019,97.1
04025,AZ,Yavapai,2019,83.3
04027,AZ,Yuma,2019,97.3
06001,CA,Alameda,2019,95.1
06005,CA,Amador,2019,88.4
06007,CA,Butte,2019,91.5
06009,CA,Calaveras,2019,86.1
06011,CA,Colusa,2019,94.9
06013,CA,Contra Costa,2019,94.6
06015,CA,Del Norte,2019,92.6
06017,CA,El Dorado,2019,85.9
06019,CA,Fresno,2019,96.0
06021,CA,Glenn,2019,89.9
06023,CA,Humboldt,2019,79.9
06025,CA,Imperial,2019,93.8
06027,CA,Inyo,2019,86.6
06029,CA,Kern,2019,91.9
06031,CA,Kings,2019,95.6
06033,CA,Lake,2019,90.0
06035,CA,Lassen,2019,79.8
06037,CA,Los Angeles,2019,93.5
06039,CA,Madera,2019,95.1
06041,CA,Marin,2019,88.2
06043,CA,Mariposa,2019,61.5
06045,CA,Mendocino,2019,79.2
06047,CA,Merced,2019,96.4
06049,CA,Modoc,2019,84.7
06051,CA,Mono,2019,83.3
06053,CA,Monterey,2019,94.7
06055,CA,Napa,2019,88.0
06057,CA,Nevada,2019,73.9
06059,CA,Orange,2019,94.2
06061,CA,Placer,2019,91.6
06063,CA,Plumas,2019,78.4
06065,CA,Riverside,2019,95.8
06067,CA,Sacramento,2019,92.9
06069,CA,San Benito,2019,93.4
06071,CA,San Bernardino,2019,95.1
06073,CA,San Diego,2019,91.6
06075,CA,San Francisco,2019,92.1
06077,CA,San Joaquin,2019,95.2
06079,CA,San Luis Obispo,2019,92.0
06081,CA,San Mateo,2019,94.1
06083,CA,Santa Barbara,2019,93.9
06085,CA,Santa Clara,2019,95.0
06087,CA,Santa Cruz,2019,87.0
06089,CA,Shasta,2019,86.0
06091,CA,Sierra,2019,84.4
06093,CA,Siskiyou,2019,66.6
06095,CA,Solano,2019,96.3
06097,CA,Sonoma,2019,88.6
06099,CA,Stanislaus,2019,94.4
06101,CA,Sutter,2019,69.8
06103,CA,Tehama,2019,88.1
06105,CA,Trinity,2019,41.1
06107,CA,Tulare,2019,96.5
06109,CA,Tuolumne,2019,86.4
06111,CA,Ventura,2019,93.6
06113,CA,Yolo,2019,93.8
06115,CA,Yuba,2019,91.0
08001,CO,Adams,2019,94.1
08003,CO,Alamosa,2019,87.1
08005,CO,Arapahoe,2019,90.5
08007,CO,Archuleta,2019,78.4
08009,CO,Baca,2019,95.8
08011,CO,Bent,2019,96.0
08013,CO,Boulder,2019,81.4
08014,CO,Broomfield,2019,87.9
08015,CO,Chaffee,2019,87.9
08017,CO,Cheyenne,2019,92.3
08019,CO,Clear Creek,2019,87.3
08021,CO,Conejos,2019,89.0
08023,CO,Costilla,2019,87.9
08025,CO,Crowley,2019,85.7
08027,CO,Custer,2019,95.4
08029,CO,Delta,2019,87.9
08031,CO,Denver,2019,85.0
08033,CO,Dolores,2019,90.5
08035,CO,Douglas,2019,86.4
08037,CO,Eagle,2019,95.0
08039,CO,Elbert,2019,73.8
08041,CO,El Paso,2019,81.5
08043,CO,Fremont,2019,85.1
08045,CO,Garfield,2019,88.2
08047,CO,Gilpin,2019,85.3
08049,CO,Grand,2019,94.4
08051,CO,Gunnison,2019,63.4
08053,CO,Hinsdale,2019,50.0
08055,CO,Huerfano,2019,92.7
08059,CO,Jefferson,2019,90.1
08061,CO,Kiowa,2019,100.0
08063,CO,Kit Carson,2019,92.2
08065,CO,Lake,2019,88.3
08067,CO,La Plata,2019,85.5
08069,CO,Larimer,2019,90.2
08071,CO,Las Animas,2019,91.4
08073,CO,Lincoln,2019,81.1
08075,CO,Logan,2019,93.1
08077,CO,Mesa,2019,85.3
08079,CO,Mineral,2019,76.9
08083,CO,Montezuma,2019,90.0
08085,CO,Montrose,2019,88.1
08087,CO,Morgan,2019,93.7
08089,CO,Otero,2019,92.7
08091,CO,Ouray,2019,81.0
08093,CO,Park,2019,85.2
08095,CO,Phillips,2019,70.3
08097,CO,Pitkin,2019,84.6
08099,CO,Prowers,2019,98.1
08101,CO,Pueblo,2019,86.8
08103,CO,Rio Blanco,2019,90.9
08105,CO,Rio Grande,2019,89.9
08107,CO,Routt,2019,88.4
08109,CO,Saguache,2019,76.7
08113,CO,San Miguel,2019,84.8
08115,CO,Sedgwick,2019,91.2
08117,CO,Summit,2019,83.7
08119,CO,Teller,2019,85.3
08121,CO,Washington,2019,50.0
08123,CO,Weld,2019,89.4
08125,CO,Yuma,2019,91.9
09001,CT,Fairfield,2019,95.6
09003,CT,Hartford,2019,96.0
09005,CT,Litchfield,2019,95.9
09007,CT,Middlesex,2019,97.4
09009,CT,New Haven,2019,96.9
09011,CT,New London,2019,96.2
09013,CT,Tolland,2019,96.2
09015,CT,Windham,2019,93.6
12001,FL,Alachua,2019,94.2
12003,FL,Baker,2019,95.9
12005,FL,Bay,2019,95.9
12007,FL,Bradford,2019,95.1
12009,FL,Brevard,2019,95.1
12011,FL,Broward,2019,94.2
12013,FL,Calhoun,2019,95.8
12015,FL,Charlotte,2019,94.4
12017,FL,Citrus,2019,94.7
12019,FL,Clay,2019,96.3
12021,FL,Collier,2019,92.8
12023,FL,Columbia,2019,94.3
12027,FL,De Soto,2019,94.7
12029,FL,Dixie,2019,98.0
12031,FL,Duval,2019,94.7
12033,FL,Escambia,2019,93.0
12035,FL,Flagler,2019,93.0
12037,FL,Franklin,2019,100.0
12039,FL,Gadsden,2019,99.8
12041,FL,Gilchrist,2019,94.5
12043,FL,Glades,2019,94.8
12045,FL,Gulf,2019,95.8
12047,FL,Hamilton,2019,98.4
12049,FL,Hardee,2019,97.3
12051,FL,Hendry,2019,97.1
12053,FL,Hernando,2019,93.9
12055,FL,Highlands,2019,94.5
12057,FL,Hillsborough,2019,94.2
12059,FL,Holmes,2019,98.4
12061,FL,Indian River,2019,94.2
12063,FL,Jackson,2019,94.2
12065,FL,Jefferson,2019,93.9
12067,FL,Lafayette,2019,100.0
12069,FL,Lake,2019,94.1
12071,FL,Lee,2019,93.0
12073,FL,Leon,2019,94.4
12075,FL,Levy,2019,97.2
12077,FL,Liberty,2019,96.8
12079,FL,Madison,2019,91.4
12081,FL,Manatee,2019,95.4
12083,FL,Marion,2019,94.9
12085,FL,Martin,2019,91.6
12086,FL,Miami-Dade,2019,93.3
12087,FL,Monroe,2019,90.1
12089,FL,Nassau,2019,94.2
12091,FL,Okaloosa,2019,94.5
12093,FL,Okeechobee,2019,95.0
12095,FL,Orange,2019,91.5
12097,FL,Osceola,2019,93.1
12099,FL,Palm Beach,2019,93.5
12101,FL,Pasco,2019,94.6
12103,FL,Pinellas,2019,91.8
12105,FL,Polk,2019,95.9
12107,FL,Putnam,2019,95.4
12109,FL,St Johns,2019,92.7
12111,FL,St Lucie,2019,94.4
12113,FL,Santa Rosa,2019,94.4
12115,FL,Sarasota,2019,89.9
12117,FL,Seminole,2019,93.0
12119,FL,Sumter,2019,96.1
12121,FL,Suwannee,2019,95.7
12123,FL,Taylor,2019,95.6
12125,FL,Union,2019,96.4
12127,FL,Volusia,2019,92.8
12129,FL,Wakulla,2019,94.7
12131,FL,Walton,2019,92.7
12133,FL,Washington,2019,94.5
19001,IA,Adair,2019,92.6
19003,IA,Adams,2019,100.0
19005,IA,Allamakee,2019,82.6
19007,IA,Appanoose,2019,82.1
19009,IA,Audubon,2019,100.0
19011,IA,Benton,2019,92.7
19013,IA,Black Hawk,2019,93.6
19015,IA,Boone,2019,97.6
19017,IA,Bremer,2019,97.5
19019,IA,Buchanan,2019,81.9
19021,IA,Buena Vista,2019,87.1
19023,IA,Butler,2019,97.4
19025,IA,Calhoun,2019,92.3
19027,IA,Carroll,2019,96.0
19029,IA,Cass,2019,95.9
19031,IA,Cedar,2019,95.0
19033,IA,Cerro Gordo,2019,93.6
19035,IA,Cherokee,2019,93.5
19037,IA,Chickasaw,2019,91.8
19039,IA,Clarke,2019,96.7
19041,IA,Clay,2019,97.6
19043,IA,Clayton,2019,91.2
19045,IA,Clinton,2019,92.9
19047,IA,Crawford,2019,94.1
19049,IA,Dallas,2019,96.0
19051,IA,Davis,2019,98.9
19053,IA,Decatur,2019,85.3
19055,IA,Delaware,2019,96.7
19057,IA,Des Moines,2019,95.7
19059,IA,Dickinson,2019,96.0
19061,IA,Dubuque,2019,91.4
19063,IA,Emmet,2019,93.8
19065,IA,Fayette,2019,91.9
19067,IA,Floyd,2019,89.0
19069,IA,Franklin,2019,93.6
19071,IA,Fremont,2019,95.1
19073,IA,Greene,2019,95.9
19075,IA,Grundy,2019,95.7
19077,IA,Guthrie,2019,93.8
19079,IA,Hamilton,2019,94.5
19081,IA,Hancock,2019,98.1
19083,IA,Hardin,2019,84.3
19085,IA,Harrison,2019,93.2
19087,IA,Henry,2019,95.0
19089,IA,Howard,2019,94.9
19091,IA,Humboldt,2019,78.0
19093,IA,Ida,2019,94.6
19095,IA,Iowa,2019,95.8
19097,IA,Jackson,2019,93.1
19099,IA,Jasper,2019,94.2
19101,IA,Jefferson,2019,88.1
19103,IA,Johnson,2019,89.8
19105,IA,Jones,2019,95.6
19107,IA,Keokuk,2019,94.5
19109,IA,Kossuth,2019,89.8
19111,IA,Lee,2019,96.5
19113,IA,Linn,2019,90.5
19115,IA,Louisa,2019,94.2
19117,IA,Lucas,2019,85.2
19119,IA,Lyon,2019,94.4
19121,IA,Madison,2019,96.3
19123,IA,Mahaska,2019,95.3
19125,IA,Marion,2019,91.3
19127,IA,Marshall,2019,92.9
19129,IA,Mills,2019,95.5
19131,IA,Mitchell,2019,90.4
19133,IA,Monona,2019,95.0
19135,IA,Monroe,2019,89.3
19137,IA,Montgomery,2019,94.8
19139,IA,Muscatine,2019,94.8
19141,IA,O'Brien,2019,98.7
19143,IA,Osceola,2019,100.0
19145,IA,Page,2019,90.9
19147,IA,Palo Alto,2019,94.7
19149,IA,Plymouth,2019,95.6
19151,IA,Pocahontas,2019,70.3
19153,IA,Polk,2019,95.2
19155,IA,Pottawattamie,2019,92.0
19157,IA,Poweshiek,2019,94.7
19159,IA,Ringgold,2019,98.4
19161,IA,Sac,2019,97.9
19163,IA,Scott,2019,93.9
19165,IA,Shelby,2019,96.7
19167,IA,Sioux,2019,87.0
19169,IA,Story,2019,94.3
19171,IA,Tama,2019,95.5
19173,IA,Taylor,2019,91.5
19175,IA,Union,2019,94.8
19177,IA,Van Buren,2019,98.5
19179,IA,Wapello,2019,93.9
19181,IA,Warren,2019,95.3
19183,IA,Washington,2019,88.4
19185,IA,Wayne,2019,91.5
19187,IA,Webster,2019,89.2
19189,IA,Winnebago,2019,96.1
19191,IA,Winneshiek,2019,95.1
19193,IA,Woodbury,2019,94.0
19195,IA,Worth,2019,96.1
19197,IA,Wright,2019,87.1
16001,ID,Ada,2019,91.0
16003,ID,Adams,2019,83.0
16005,ID,Bannock,2019,93.0
16007,ID,Bear Lake,2019,93.0
16009,ID,Benewah,2019,93.0
16011,ID,Bingham,2019,89.0
16013,ID,Blaine,2019,86.0
16015,ID,Boise,2019,81.0
16017,ID,Bonner,2019,76.0
16019,ID,Bonneville,2019,94.0
16021,ID,Boundary,2019,76.0
16023,ID,Butte,2019,96.0
16025,ID,Camas,2019,67.0
16027,ID,Canyon,2019,89.0
16029,ID,Caribou,2019,95.0
16031,ID,Cassia,2019,89.0
16033,ID,Clark,2019,75.0
16035,ID,Clearwater,2019,87.0
16037,ID,Custer,2019,86.0
16039,ID,Elmore,2019,93.0
16041,ID,Franklin,2019,86.0
16043,ID,Fremont,2019,83.0
16045,ID,Gem,2019,90.0
16047,ID,Gooding,2019,84.0
16049,ID,Idaho,2019,80.0
16051,ID,Jefferson,2019,89.0
16053,ID,Jerome,2019,95.0
16055,ID,Kootenai,2019,86.0
16057,ID,Latah,2019,90.0
16059,ID,Lemhi,2019,72.0
16061,ID,Lewis,2019,91.0
16063,ID,Lincoln,2019,88.0
16065,ID,Madison,2019,84.0
16067,ID,Minidoka,2019,96.0
16069,ID,Nez Perce,2019,95.0
16071,ID,Oneida,2019,96.0
16073,ID,Owyhee,2019,88.0
16075,ID,Payette,2019,91.0
16077,ID,Power,2019,98.0
16079,ID,Shoshone,2019,77.0
16081,ID,Teton,2019,87.0
16083,ID,Twin Falls,2019,88.0
16085,ID,Valley,2019,83.0
16087,ID,Washington,2019,95.0
17001,IL,Adams,2019,98.9
17003,IL,Alexander,2019,98.3
17005,IL,Bond,2019,99.2
17007,IL,Boone,2019,98.2
17009,IL,Brown,2019,98.3
17011,IL,Bureau,2019,97.2
17013,IL,Calhoun,2019,99.4
17015,IL,Carroll,2019,95.9
17017,IL,Cass,2019,97.3
17019,IL,Champaign,2019,98.2
17021,IL,Christian,2019,98.9
17023,IL,Clark,2019,99.5
17025,IL,Clay,2019,98.4
17027,IL,Clinton,2019,98.0
17029,IL,Coles,2019,96.3
17031,IL,Cook,2019,97.5
17033,IL,Crawford,2019,97.8
17035,IL,Cumberland,2019,98.7
17037,IL,DeKalb,2019,97.5
17039,IL,De Witt,2019,97.7
17041,IL,Douglas,2019,98.2
17043,IL,DuPage,2019,97.0
17045,IL,Edgar,2019,98.9
17047,IL,Edwards,2019,99.3
17049,IL,Effingham,2019,98.8
17051,IL,Fayette,2019,99.0
17053,IL,Ford,2019,98.1
17055,IL,Franklin,2019,99.2
17057,IL,Fulton,2019,98.5
17059,IL,Gallatin,2019,98.4
17061,IL,Greene,2019,99.3
17063,IL,Grundy,2019,98.0
17065,IL,Hamilton,2019,99.1
17067,IL,Hancock,2019,99.1
17069,IL,Hardin,2019,100.0
17071,IL,Henderson,2019,97.7
17073,IL,Henry,2019,98.2
17075,IL,Iroquois,2019,98.8
17077,IL,Jackson,2019,98.4
17079,IL,Jasper,2019,96.9
17081,IL,Jefferson,2019,98.9
17083,IL,Jersey,2019,97.4
17085,IL,Jo Daviess,2019,98.1
17087,IL,Johnson,2019,98.8
17089,IL,Kane,2019,96.6
17091,IL,Kankakee,2019,96.4
17093,IL,Kendall,2019,96.4
17095,IL,Knox,2019,97.2
17097,IL,Lake,2019,97.6
17099,IL,LaSalle,2019,97.9
17101,IL,Lawrence,2019,99.7
17103,IL,Lee,2019,97.0
17105,IL,Livingston,2019,97.2
17107,IL,Logan,2019,98.3
17109,IL,McDonough,2019,96.6
17111,IL,McHenry,2019,96.9
17113,IL,McLean,2019,98.3
17115,IL,Macon,2019,98.6
17117,IL,Macoupin,2019,98.8
17119,IL,Madison,2019,97.8
17121,IL,Marion,2019,98.7
17123,IL,Marshall,2019,99.4
17125,IL,Mason,2019,99.3
17127,IL,Massac,2019,92.6
17129,IL,Menard,2019,97.8
17131,IL,Mercer,2019,97.4
17133,IL,Monroe,2019,98.6
17135,IL,Montgomery,2019,98.4
17137,IL,Morgan,2019,98.5
17139,IL,Moultrie,2019,97.6
17141,IL,Ogle,2019,97.0
17143,IL,Peoria,2019,98.1
17145,IL,Perry,2019,98.9
17147,IL,Piatt,2019,99.0
17149,IL,Pike,2019,99.3
17151,IL,Pope,2019,91.1
17153,IL,Pulaski,2019,92.2
17155,IL,Putnam,2019,97.4
17157,IL,Randolph,2019,99.3
17159,IL,Richland,2019,99.1
17161,IL,Rock Island,2019,97.1
17163,IL,St Clair,2019,97.1
17165,IL,Saline,2019,98.9
17167,IL,Sangamon,2019,97.9
17169,IL,Schuyler,2019,99.0
17171,IL,Scott,2019,98.5
17173,IL,Shelby,2019,98.3
17175,IL,Stark,2019,99.4
17177,IL,Stephenson,2019,97.9
17179,IL,Tazewell,2019,97.2
17181,IL,Union,2019,98.9
17183,IL,Vermilion,2019,97.0
17185,IL,Wabash,2019,96.5
17187,IL,Warren,2019,98.9
17189,IL,Washington,2019,98.9
17191,IL,Wayne,2019,98.7
17193,IL,White,2019,98.5
17195,IL,Whiteside,2019,97.9
17197,IL,Will,2019,97.3
17199,IL,Williamson,2019,97.9
17201,IL,Winnebago,2019,96.7
17203,IL,Woodford,2019,97.5
21001,KY,Adair,2019,97.9
21003,KY,Allen,2019,94.3
21005,KY,Anderson,2019,97.6
21007,KY,Ballard,2019,100.0
21009,KY,Barren,2019,95.4
21011,KY,Bath,2019,80.6
21013,KY,Bell,2019,90.1
21015,KY,Boone,2019,96.6
21017,KY,Bourbon,2019,98.0
21019,KY,Boyd,2019,92.4
21021,KY,Boyle,2019,97.8
21023,KY,Bracken,2019,95.5
21025,KY,Breathitt,2019,93.6
21027,KY,Breckinridge,2019,89.4
21029,KY,Bullitt,2019,97.0
21031,KY,Butler,2019,94.3
21033,KY,Caldwell,2019,100.0
21035,KY,Calloway,2019,96.3
21037,KY,Campbell,2019,97.9
21039,KY,Carlisle,2019,86.6
21041,KY,Carroll,2019,94.0
21043,KY,Carter,2019,94.7
21045,KY,Casey,2019,97.5
21047,KY,Christian,2019,94.3
21049,KY,Clark,2019,93.8
21051,KY,Clay,2019,94.0
21053,KY,Clinton,2019,96.0
21055,KY,Crittenden,2019,90.1
21057,KY,Cumberland,2019,84.0
21059,KY,Daviess,2019,91.7
21061,KY,Edmonson,2019,97.9
21063,KY,Elliott,2019,94.6
21065,KY,Estill,2019,93.9
21067,KY,Fayette,2019,95.6
21069,KY,Fleming,2019,98.8
21071,KY,Floyd,2019,95.5
21073,KY,Franklin,2019,96.1
21075,KY,Fulton,2019,100.0
21077,KY,Gallatin,2019,100.0
21079,KY,Garrard,2019,82.3
21081,KY,Grant,2019,97.9
21083,KY,Graves,2019,93.5
21085,KY,Grayson,2019,96.2
21087,KY,Green,2019,99.3
21089,KY,Greenup,2019,97.5
21091,KY,Hancock,2019,94.4
21093,KY,Hardin,2019,86.8
21095,KY,Harlan,2019,79.2
21097,KY,Harrison,2019,98.4
21099,KY,Hart,2019,96.1
21101,KY,Henderson,2019,93.7
21103,KY,Henry,2019,94.7
21105,KY,Hickman,2019,100.0
21107,KY,Hopkins,2019,95.2
21109,KY,Jackson,2019,99.7
21111,KY,Jefferson,2019,90.7
21113,KY,Jessamine,2019,93.9
21115,KY,Johnson,2019,92.8
21117,KY,Kenton,2019,92.9
21119,KY,Knott,2019,91.5
21121,KY,Knox,2019,76.7
21123,KY,Larue,2019,94.9
21125,KY,Laurel,2019,95.4
21127,KY,Lawrence,2019,54.9
21129,KY,Lee,2019,97.3
21131,KY,Leslie,2019,95.2
21133,KY,Letcher,2019,97.2
21135,KY,Lewis,2019,97.1
21137,KY,Lincoln,2019,83.7
21139,KY,Livingston,2019,86.7
21141,KY,Logan,2019,95.1
21143,KY,Lyon,2019,97.3
21145,KY,Mccracken,2019,89.9
21147,KY,McCreary,2019,91.9
21149,KY,Mclean,2019,98.0
21151,KY,Madison,2019,97.1
21153,KY,Magoffin,2019,85.6
21155,KY,Marion,2019,83.8
21157,KY,Marshall,2019,94.3
21159,KY,Martin,2019,96.8
21161,KY,Mason,2019,89.9
21163,KY,Meade,2019,97.2
21165,KY,Menifee,2019,97.6
21167,KY,Mercer,2019,96.9
21169,KY,Metcalfe,2019,93.9
21171,KY,Monroe,2019,97.3
21173,KY,Montgomery,2019,97.9
21175,KY,Morgan,2019,99.3
21177,KY,Muhlenberg,2019,90.8
21179,KY,Nelson,2019,92.4
21181,KY,Nicholas,2019,97.9
21183,KY,Ohio,2019,84.6
21185,KY,Oldham,2019,97.8
21187,KY,Owen,2019,96.9
21189,KY,Owsley,2019,89.7
21191,KY,Pendleton,2019,98.2
21193,KY,Perry,2019,90.7
21195,KY,Pike,2019,98.2
21197,KY,Powell,2019,91.3
21199,KY,Pulaski,2019,98.0
21201,KY,Robertson,2019,96.6
21203,KY,Rockcastle,2019,64.7
21205,KY,Rowan,2019,50.2
21207,KY,Russell,2019,97.4
21209,KY,Scott,2019,94.0
21211,KY,Shelby,2019,96.1
21213,KY,Simpson,2019,98.7
21215,KY,Spencer,2019,98.6
21217,KY,Taylor,2019,95.0
21219,KY,Todd,2019,96.9
21221,KY,Trigg,2019,97.1
21223,KY,Trimble,2019,97.5
21225,KY,Union,2019,95.7
21227,KY,Warren,2019,92.2
21229,KY,Washington,2019,95.5
21231,KY,Wayne,2019,99.6
21233,KY,Webster,2019,89.7
21235,KY,Whitley,2019,90.5
21237,KY,Wolfe,2019,71.3
21239,KY,Woodford,2019,98.1
25001,MA,Barnstable,2019,95.0
25003,MA,Berkshire,2019,93.4
25005,MA,Bristol,2019,97.8
25007,MA,Dukes,2019,93.1
25009,MA,Essex,2019,97.6
25011,MA,Franklin,2019,95.7
25013,MA,Hampden,2019,95.6
25015,MA,Hampshire,2019,97.7
25017,MA,Middlesex,2019,98.3
25019,MA,Nantucket,2019,97.5
25021,MA,Norfolk,2019,98.4
25023,MA,Plymouth,2019,97.3
25025,MA,Suffolk,2019,90.2
25027,MA,Worcester,2019,97.4
23001,ME,Androscoggin,2019,94.0
23003,ME,Aroostook,2019,96.4
23005,ME,Cumberland,2019,93.6
23007,ME,Franklin,2019,94.8
23009,ME,Hancock,2019,91.5
23011,ME,Kennebec,2019,94.1
23013,ME,Knox,2019,90.6
23015,ME,Lincoln,2019,89.4
23017,ME,Oxford,2019,92.6
23019,ME,Penobscot,2019,94.8
23021,ME,Piscataquis,2019,94.2
23023,ME,Sagadahoc,2019,93.2
23025,ME,Somerset,2019,94.0
23027,ME,Waldo,2019,93.9
23029,ME,Washington,2019,96.2
23031,ME,York,2019,94.0
26001,MI,Alcona,2019,97.9
26003,MI,Alger,2019,93.6
26005,MI,Allegan,2019,95.4
26007,MI,Alpena,2019,93.8
26009,MI,Antrim,2019,91.1
26011,MI,Arenac,2019,94.6
26013,MI,Baraga,2019,90.7
26015,MI,Barry,2019,93.5
26017,MI,Bay,2019,94.1
26019,MI,Benzie,2019,92.7
26021,MI,Berrien,2019,94.6
26023,MI,Branch,2019,93.3
26025,MI,Calhoun,2019,95.2
26027,MI,Cass,2019,94.1
26029,MI,Charlevoix,2019,94.2
26031,MI,Cheboygan,2019,90.4
26033,MI,Chippewa,2019,94.6
26035,MI,Clare,2019,91.7
26037,MI,Clinton,2019,92.4
26039,MI,Crawford,2019,86.9
26041,MI,Delta,2019,92.9
26043,MI,Dickinson,2019,93.4
26045,MI,Eaton,2019,94.8
26047,MI,Emmet,2019,90.9
26049,MI,Genesee,2019,92.3
26051,MI,Gladwin,2019,93.0
26053,MI,Gogebic,2019,96.4
26055,MI,Grand Traverse,2019,89.2
26057,MI,Gratiot,2019,96.7
26059,MI,Hillsdale,2019,91.6
26061,MI,Houghton,2019,86.4
26063,MI,Huron,2019,93.7
26065,MI,Ingham,2019,93.0
26067,MI,Ionia,2019,93.8
26069,MI,Iosco,2019,91.7
26071,MI,Iron,2019,91.8
26073,MI,Isabella,2019,93.3
26075,MI,Jackson,2019,95.0
26077,MI,Kalamazoo,2019,93.7
26079,MI,Kalkaska,2019,92.6
26081,MI,Kent,2019,95.5
26085,MI,Lake,2019,91.2
26087,MI,Lapeer,2019,87.2
26089,MI,Leelanau,2019,87.2
26091,MI,Lenawee,2019,92.6
26093,MI,Livingston,2019,88.5
26095,MI,Luce,2019,96.8
26097,MI,Mackinac,2019,94.0
26099,MI,Macomb,2019,91.9
26101,MI,Manistee,2019,87.2
26103,MI,Marquette,2019,92.0
26105,MI,Mason,2019,91.5
26107,MI,Mecosta,2019,94.4
26109,MI,Menominee,2019,89.1
26111,MI,Midland,2019,92.1
26113,MI,Missaukee,2019,91.0
26115,MI,Monroe,2019,92.6
26117,MI,Montcalm,2019,94.9
26119,MI,Montmorency,2019,95.1
26121,MI,Muskegon,2019,95.4
26123,MI,Newaygo,2019,93.8
26125,MI,Oakland,2019,91.2
26127,MI,Oceana,2019,95.0
26129,MI,Ogemaw,2019,90.5
26131,MI,Ontonagon,2019,92.3
26133,MI,Osceola,2019,94.0
26135,MI,Oscoda,2019,91.9
26137,MI,Otsego,2019,90.1
26139,MI,Ottawa,2019,95.6
26141,MI,Presque Isle,2019,85.9
26143,MI,Roscommon,2019,89.4
26145,MI,Saginaw,2019,95.1
26147,MI,St Clair,2019,90.7
26149,MI,St Joseph,2019,92.1
26151,MI,Sanilac,2019,92.5
26153,MI,Schoolcraft,2019,91.4
26155,MI,Shiawassee,2019,92.0
26157,MI,Tuscola,2019,93.1
26159,MI,Van Buren,2019,94.4
26161,MI,Washtenaw,2019,92.7
26163,MI,Wayne,2019,92.6
26165,MI,Wexford,2019,89.3
27001,MN,Aitkin,2019,81.4
27003,MN,Anoka,2019,93.2
27005,MN,Becker,2019,92.1
27007,MN,Beltrami,2019,90.3
27009,MN,Benton,2019,92.5
27011,MN,Big Stone,2019,98.5
27013,MN,Blue Earth,2019,96.0
27015,MN,Brown,2019,96.4
27017,MN,Carlton,2019,95.6
27019,MN,Carver,2019,94.6
27021,MN,Cass,2019,95.9
27023,MN,Chippewa,2019,94.5
27025,MN,Chisago,2019,92.4
27027,MN,Clay,2019,94.0
27029,MN,Clearwater,2019,77.2
27031,MN,Cook,2019,87.6
27033,MN,Cottonwood,2019,94.3
27035,MN,Crow Wing,2019,90.6
27037,MN,Dakota,2019,93.0
27039,MN,Dodge,2019,97.5
27041,MN,Douglas,2019,93.7
27043,MN,Faribault,2019,92.3
27045,MN,Fillmore,2019,91.0
27047,MN,Freeborn,2019,88.9
27049,MN,Goodhue,2019,93.2
27051,MN,Grant,2019,86.9
27053,MN,Hennepin,2019,91.4
27055,MN,Houston,2019,88.7
27057,MN,Hubbard,2019,92.8
27059,MN,Isanti,2019,88.0
27061,MN,Itasca,2019,92.5
27063,MN,Jackson,2019,94.4
27065,MN,Kanabec,2019,96.7
27067,MN,Kandiyohi,2019,95.2
27069,MN,Kittson,2019,97.0
27071,MN,Koochiching,2019,94.4
27073,MN,Lac qui Parle,2019,89.8
27075,MN,Lake,2019,91.9
27077,MN,Lake of the Woods,2019,95.4
27079,MN,Le Sueur,2019,93.8
27081,MN,Lincoln,2019,66.7
27083,MN,Lyon,2019,94.4
27085,MN,McLeod,2019,94.5
27087,MN,Mahnomen,2019,94.4
27089,MN,Marshall,2019,92.9
27091,MN,Martin,2019,88.8
27093,MN,Meeker,2019,89.1
27095,MN,Mille Lacs,2019,90.2
27097,MN,Morrison,2019,93.8
27099,MN,Mower,2019,94.7
27101,MN,Murray,2019,90.9
27103,MN,Nicollet,2019,94.7
27105,MN,Nobles,2019,87.6
27107,MN,Norman,2019,94.7
27109,MN,Olmsted,2019,96.2
27111,MN,Otter Tail,2019,91.9
27113,MN,Pennington,2019,95.6
27115,MN,Pine,2019,91.7
27117,MN,Pipestone,2019,88.5
27119,MN,Polk,2019,95.5
27121,MN,Pope,2019,98.2
27123,MN,Ramsey,2019,91.4
27125,MN,Red Lake,2019,98.5
27127,MN,Redwood,2019,91.0
27129,MN,Renville,2019,93.3
27131,MN,Rice,2019,95.3
27133,MN,Rock,2019,99.1
27135,MN,Roseau,2019,98.0
27137,MN,St Louis,2019,92.0
27139,MN,Scott,2019,92.9
27141,MN,Sherburne,2019,93.4
27143,MN,Sibley,2019,76.1
27145,MN,Stearns,2019,91.6
27147,MN,Steele,2019,96.2
27149,MN,Stevens,2019,94.0
27151,MN,Swift,2019,93.6
27153,MN,Todd,2019,78.0
27155,MN,Traverse,2019,97.8
27157,MN,Wabasha,2019,97.3
27159,MN,Wadena,2019,86.0
27161,MN,Waseca,2019,97.6
27163,MN,Washington,2019,94.9
27165,MN,Watonwan,2019,95.3
27167,MN,Wilkin,2019,91.2
27169,MN,Winona,2019,95.4
27171,MN,Wright,2019,93.8
27173,MN,Yellow Medicine,2019,96.2
31001,NE,Adams,2019,96.7
31003,NE,Antelope,2019,97.7
31005,NE,Arthur,2019,66.7
31007,NE,Banner,2019,100.0
31009,NE,Blaine,2019,87.5
31011,NE,Boone,2019,100.0
31013,NE,Box Butte,2019,97.2
31015,NE,Boyd,2019,94.7
31017,NE,Brown,2019,96.7
31019,NE,Buffalo,2019,97.8
31021,NE,Burt,2019,98.1
31023,NE,Butler,2019,96.4
31025,NE,Cass,2019,99.2
31027,NE,Cedar,2019,96.6
31029,NE,Chase,2019,98.3
31031,NE,Cherry,2019,96.4
31033,NE,Cheyenne,2019,89.7
31035,NE,Clay,2019,90.0
31037,NE,Colfax,2019,99.4
31039,NE,Cuming,2019,99.0
31041,NE,Custer,2019,94.5
31043,NE,Dakota,2019,95.7
31045,NE,Dawes,2019,94.4
31047,NE,Dawson,2019,98.9
31049,NE,Deuel,2019,92.0
31051,NE,Dixon,2019,100.0
31053,NE,Dodge,2019,96.4
31055,NE,Douglas,2019,97.5
31057,NE,Dundy,2019,92.6
31059,NE,Fillmore,2019,94.7
31061,NE,Franklin,2019,92.9
31063,NE,Frontier,2019,97.1
31065,NE,Furnas,2019,91.7
31067,NE,Gage,2019,97.1
31069,NE,Garden,2019,80.0
31071,NE,Garfield,2019,90.9
31073,NE,Gosper,2019,80.0
31075,NE,Grant,2019,94.4
31077,NE,Greeley,2019,90.6
31079,NE,Hall,2019,98.9
31081,NE,Hamilton,2019,92.8
31083,NE,Harlan,2019,92.6
31085,NE,Hayes,2019,100.0
31087,NE,Hitchcock,2019,100.0
31089,NE,Holt,2019,94.0
31091,NE,Hooker,2019,90.0
31093,NE,Howard,2019,97.9
31095,NE,Jefferson,2019,95.8
31097,NE,Johnson,2019,91.8
31099,NE,Kearney,2019,96.7
31101,NE,Keith,2019,97.3
31103,NE,Keya Paha,2019,100.0
31105,NE,Kimball,2019,97.3
31107,NE,Knox,2019,98.2
31109,NE,Lancaster,2019,96.3
31111,NE,Lincoln,2019,95.7
31113,NE,Logan,2019,73.3
31115,NE,Loup,2019,100.0
31117,NE,McPherson,2019,100.0
31119,NE,Madison,2019,97.7
31121,NE,Merrick,2019,94.7
31123,NE,Morrill,2019,96.2
31125,NE,Nance,2019,97.6
31127,NE,Nemaha,2019,96.0
31129,NE,Nuckolls,2019,100.0
31131,NE,Otoe,2019,96.5
31133,NE,Pawnee,2019,100.0
31135,NE,Perkins,2019,82.1
31137,NE,Phelps,2019,97.5
31139,NE,Pierce,2019,96.3
31141,NE,Platte,2019,98.4
31143,NE,Polk,2019,97.5
31145,NE,Red Willow,2019,95.8
31147,NE,Richardson,2019,97.7
31149,NE,Rock,2019,100.0
31151,NE,Saline,2019,97.1
31153,NE,Sarpy,2019,96.8
31155,NE,Saunders,2019,97.8
31157,NE,Scotts Bluff,2019,95.4
31159,NE,Seward,2019,97.2
31161,NE,Sheridan,2019,96.5
31163,NE,Sherman,2019,100.0
31165,NE,Sioux,2019,100.0
31167,NE,Stanton,2019,100.0
31169,NE,Thayer,2019,95.8
31171,NE,Thomas,2019,100.0
31173,NE,Thurston,2019,94.1
31175,NE,Valley,2019,98.1
31177,NE,Washington,2019,96.5
31179,NE,Wayne,2019,97.8
31181,NE,Webster,2019,100.0
31183,NE,Wheeler,2019,80.0
31185,NE,York,2019,95.3
34001,NJ,Atlantic,2019,86.4
34003,NJ,Bergen,2019,96.2
34005,NJ,Burlington,2019,94.0
34007,NJ,Camden,2019,95.8
34009,NJ,Cape May,2019,96.6
34011,NJ,Cumberland,2019,98.4
34013,NJ,Essex,2019,96.7
34015,NJ,Gloucester,2019,92.9
34017,NJ,Hudson,2019,92.5
34019,NJ,Hunterdon,2019,96.0
34021,NJ,Mercer,2019,94.1
34023,NJ,Middlesex,2019,95.2
34025,NJ,Monmouth,2019,94.6
34027,NJ,Morris,2019,95.3
34029,NJ,Ocean,2019,93.2
34031,NJ,Passaic,2019,96.9
34033,NJ,Salem,2019,95.8
34035,NJ,Somerset,2019,96.5
34037,NJ,Sussex,2019,94.7
34039,NJ,Union,2019,96.3
34041,NJ,Warren,2019,95.8
35001,NM,Bernalillo,2019,96.6
35003,NM,Catron,2019,90.5
35005,NM,Chaves,2019,93.8
35006,NM,Cibola,2019,90.5
35007,NM,Colfax,2019,92.4
35009,NM,Curry,2019,93.9
35011,NM,De Baca,2019,83.3
35013,NM,Dona Ana,2019,99.0
35015,NM,Eddy,2019,97.9
35017,NM,Grant,2019,97.4
35019,NM,Guadalupe,2019,100.0
35021,NM,Harding,2019,100.0
35023,NM,Hidalgo,2019,98.0
35025,NM,Lea,2019,97.7
35027,NM,Lincoln,2019,91.1
35028,NM,Los Alamos,2019,96.8
35029,NM,Luna,2019,98.0
35031,NM,McKinley,2019,92.1
35033,NM,Mora,2019,100.0
35035,NM,Otero,2019,95.8
35037,NM,Quay,2019,96.8
35039,NM,Rio Arriba,2019,94.9
35041,NM,Roosevelt,2019,96.2
35043,NM,Sandoval,2019,97.0
35045,NM,San Juan,2019,96.6
35047,NM,San Miguel,2019,92.7
35049,NM,Santa Fe,2019,91.9
35051,NM,Sierra,2019,95.2
35053,NM,Socorro,2019,93.9
35055,NM,Taos,2019,85.1
35057,NM,Torrance,2019,96.4
35059,NM,Union,2019,100.0
35061,NM,Valencia,2019,97.6
36001,NY,Albany,2019,99.1
36003,NY,Allegany,2019,98.9
36005,NY,Bronx,2019,98.2
36007,NY,Broome,2019,99.0
36009,NY,Cattaraugus,2019,99.3
36011,NY,Cayuga,2019,99.4
36013,NY,Chautauqua,2019,98.8
36015,NY,Chemung,2019,97.6
36017,NY,Chenango,2019,99.4
36019,NY,Clinton,2019,99.4
36021,NY,Columbia,2019,96.0
36023,NY,Cortland,2019,99.0
36025,NY,Delaware,2019,98.9
36027,NY,Dutchess,2019,98.0
36029,NY,Erie,2019,98.7
36031,NY,Essex,2019,98.6
36033,NY,Franklin,2019,98.6
36035,NY,Fulton,2019,99.1
36037,NY,Genesee,2019,98.8
36039,NY,Greene,2019,98.4
36041,NY,Hamilton,2019,100.0
36043,NY,Herkimer,2019,99.3
36045,NY,Jefferson,2019,99.4
36047,NY,Kings,2019,97.2
36049,NY,Lewis,2019,99.0
36051,NY,Livingston,2019,98.8
36053,NY,Madison,2019,98.9
36055,NY,Monroe,2019,99.2
36057,NY,Montgomery,2019,99.3
36059,NY,Nassau,2019,99.0
36061,NY,New York,2019,98.5
36063,NY,Niagara,2019,99.3
36065,NY,Oneida,2019,99.5
36067,NY,Onondaga,2019,99.2
36069,NY,Ontario,2019,99.2
36071,NY,Orange,2019,95.3
36073,NY,Orleans,2019,99.0
36075,NY,Oswego,2019,99.3
36077,NY,Otsego,2019,98.7
36079,NY,Putnam,2019,97.9
36081,NY,Queens,2019,98.8
36083,NY,Rensselaer,2019,99.0
36085,NY,Richmond,2019,98.5
36087,NY,Rockland,2019,96.0
36089,NY,St Lawrence,2019,98.7
36091,NY,Saratoga,2019,99.0
36093,NY,Schenectady,2019,99.3
36095,NY,Schoharie,2019,98.5
36097,NY,Schuyler,2019,99.6
36099,NY,Seneca,2019,98.9
36101,NY,Steuben,2019,98.9
36103,NY,Suffolk,2019,98.6
36105,NY,Sullivan,2019,97.8
36107,NY,Tioga,2019,98.4
36109,NY,Tompkins,2019,97.4
36111,NY,Ulster,2019,96.8
36113,NY,Warren,2019,99.3
36115,NY,Washington,2019,99.0
36117,NY,Wayne,2019,99.3
36119,NY,Westchester,2019,98.9
36121,NY,Wyoming,2019,99.0
36123,NY,Yates,2019,92.7
41001,OR,Baker,2019,89.6
41003,OR,Benton,2019,93.4
41005,OR,Clackamas,2019,92.9
41007,OR,Clatsop,2019,92.9
41009,OR,Columbia,2019,91.8
41011,OR,Coos,2019,94.0
41013,OR,Crook,2019,96.7
41015,OR,Curry,2019,85.9
41017,OR,Deschutes,2019,90.5
41019,OR,Douglas,2019,90.5
41021,OR,Gilliam,2019,96.1
41023,OR,Grant,2019,94.4
41025,OR,Harney,2019,96.5
41027,OR,Hood River,2019,93.3
41029,OR,Jackson,2019,88.8
41031,OR,Jefferson,2019,97.8
41033,OR,Josephine,2019,88.6
41035,OR,Klamath,2019,95.3
41037,OR,Lake,2019,98.8
41039,OR,Lane,2019,94.3
41041,OR,Lincoln,2019,95.7
41043,OR,Linn,2019,94.7
41045,OR,Malheur,2019,96.5
41047,OR,Marion,2019,94.1
41049,OR,Morrow,2019,99.4
41051,OR,Multnomah,2019,92.3
41053,OR,Polk,2019,93.5
41055,OR,Sherman,2019,96.1
41057,OR,Tillamook,2019,95.1
41059,OR,Umatilla,2019,96.8
41061,OR,Union,2019,93.5
41063,OR,Wallowa,2019,88.2
41065,OR,Wasco,2019,96.1
41067,OR,Washington,2019,94.9
41069,OR,Wheeler,2019,100.0
41071,OR,Yamhill,2019,92.8
42001,PA,Adams,2019,97.8
42003,PA,Allegheny,2019,97.0
42005,PA,Armstrong,2019,95.1
42007,PA,Beaver,2019,94.2
42009,PA,Bedford,2019,98.2
42011,PA,Berks,2019,97.7
42013,PA,Blair,2019,96.8
42015,PA,Bradford,2019,97.2
42017,PA,Bucks,2019,96.9
42019,PA,Butler,2019,95.4
42021,PA,Cambria,2019,98.0
42023,PA,Cameron,2019,97.4
42025,PA,Carbon,2019,98.3
42027,PA,Centre,2019,96.6
42029,PA,Chester,2019,95.6
42031,PA,Clarion,2019,98.2
42033,PA,Clearfield,2019,97.4
42035,PA,Clinton,2019,96.3
42037,PA,Columbia,2019,97.8
42039,PA,Crawford,2019,97.5
42041,PA,Cumberland,2019,96.7
42043,PA,Dauphin,2019,93.9
42045,PA,Delaware,2019,97.5
42047,PA,Elk,2019,99.3
42049,PA,Erie,2019,96.7
42051,PA,Fayette,2019,96.6
42053,PA,Forest,2019,95.5
42055,PA,Franklin,2019,97.0
42057,PA,Fulton,2019,98.7
42059,PA,Greene,2019,97.4
42061,PA,Huntingdon,2019,98.0
42063,PA,Indiana,2019,96.8
42065,PA,Jefferson,2019,98.1
42067,PA,Juniata,2019,95.4
42069,PA,Lackawanna,2019,97.7
42071,PA,Lancaster,2019,94.7
42073,PA,Lawrence,2019,94.4
42075,PA,Lebanon,2019,96.9
42077,PA,Lehigh,2019,97.5
42079,PA,Luzerne,2019,96.9
42081,PA,Lycoming,2019,97.7
42083,PA,McKean,2019,97.7
42085,PA,Mercer,2019,96.6
42087,PA,Mifflin,2019,98.2
42089,PA,Monroe,2019,94.0
42091,PA,Montgomery,2019,96.4
42093,PA,Montour,2019,99.1
42095,PA,Northampton,2019,96.6
42097,PA,Northumberland,2019,97.8
42099,PA,Perry,2019,98.7
42101,PA,Philadelphia,2019,95.1
42103,PA,Pike,2019,93.6
42105,PA,Potter,2019,91.9
42107,PA,Schuylkill,2019,97.9
42109,PA,Snyder,2019,96.9
42111,PA,Somerset,2019,97.5
42113,PA,Sullivan,2019,97.8
42115,PA,Susquehanna,2019,96.7
42117,PA,Tioga,2019,89.9
42119,PA,Union,2019,95.9
42121,PA,Venango,2019,96.9
42123,PA,Warren,2019,98.0
42125,PA,Washington,2019,97.3
42127,PA,Wayne,2019,95.0
42129,PA,Westmoreland,2019,95.3
42131,PA,Wyoming,2019,97.8
42133,PA,York,2019,97.4
44001,RI,Bristol,2019,91.7
44003,RI,Kent,2019,97.5
44005,RI,Newport,2019,94.4
44007,RI,Providence,2019,96.0
44009,RI,Washington,2019,94.8
46003,SD,Aurora,2019,98.0
46005,SD,Beadle,2019,95.0
46007,SD,Bennett,2019,100.0
46009,SD,Bon Homme,2019,99.0
46011,SD,Brookings,2019,94.0
46013,SD,Brown,2019,97.0
46015,SD,Brule,2019,97.0
46019,SD,Butte,2019,94.0
46021,SD,Campbell,2019,100.0
46023,SD,Charles Mix,2019,96.0
46025,SD,Clark,2019,84.0
46027,SD,Clay,2019,98.0
46029,SD,Codington,2019,96.0
46031,SD,Corson,2019,100.0
46033,SD,Custer,2019,95.0
46035,SD,Davison,2019,97.0
46037,SD,Day,2019,97.0
46039,SD,Deuel,2019,98.0
46041,SD,Dewey,2019,95.0
46043,SD,Douglas,2019,94.0
46045,SD,Edmunds,2019,86.0
46047,SD,Fall River,2019,96.0
46049,SD,Faulk,2019,94.0
46051,SD,Grant,2019,97.0
46053,SD,Gregory,2019,95.0
46055,SD,Haakon,2019,95.0
46057,SD,Hamlin,2019,96.0
46059,SD,Hand,2019,93.0
46061,SD,Hanson,2019,90.0
46063,SD,Harding,2019,89.0
46065,SD,Hughes,2019,97.0
46067,SD,Hutchinson,2019,91.0
46069,SD,Hyde,2019,100.0
46071,SD,Jackson,2019,100.0
46073,SD,Jerauld,2019,94.0
46075,SD,Jones,2019,92.0
46077,SD,Kingsbury,2019,100.0
46079,SD,Lake,2019,96.0
46081,SD,Lawrence,2019,92.0
46083,SD,Lincoln,2019,96.0
46085,SD,Lyman,2019,97.0
46087,SD,McCook,2019,94.0
46089,SD,McPherson,2019,83.0
46091,SD,Marshall,2019,92.0
46093,SD,Meade,2019,94.0
46095,SD,Mellette,2019,94.0
46097,SD,Miner,2019,100.0
46099,SD,Minnehaha,2019,96.0
46101,SD,Moody,2019,95.0
46102,SD,Oglala Lakota,2019,98.0
46103,SD,Pennington,2019,97.0
46105,SD,Perkins,2019,94.0
46107,SD,Potter,2019,100.0
46109,SD,Roberts,2019,99.0
46111,SD,Sanborn,2019,91.0
46115,SD,Spink,2019,79.0
46117,SD,Stanley,2019,100.0
46119,SD,Sully,2019,92.0
46121,SD,Todd,2019,98.0
46123,SD,Tripp,2019,92.0
46125,SD,Turner,2019,97.0
46127,SD,Union,2019,96.0
46129,SD,Walworth,2019,97.0
46135,SD,Yankton,2019,98.0
46137,SD,Ziebach,2019,100.0
49001,UT,Beaver,2019,93.4
49003,UT,Box Elder,2019,92.9
49005,UT,Cache,2019,95.8
49007,UT,Carbon,2019,95.4
49011,UT,Davis,2019,94.4
49013,UT,Duchesne,2019,90.2
49015,UT,Emery,2019,91.5
49019,UT,Grand,2019,91.3
49021,UT,Iron,2019,92.8
49023,UT,Juab,2019,86.0
49027,UT,Millard,2019,94.0
49029,UT,Morgan,2019,93.1
49035,UT,Salt Lake,2019,95.2
49037,UT,San Juan,2019,90.6
49039,UT,Sanpete,2019,92.9
49041,UT,Sevier,2019,95.6
49043,UT,Summit,2019,91.3
49045,UT,Tooele,2019,94.3
49047,UT,Uintah,2019,89.7
49049,UT,Utah,2019,92.2
49051,UT,Wasatch,2019,91.4
49053,UT,Washington,2019,88.5
49057,UT,Weber,2019,92.8
51001,VA,Accomack,2019,97.1
51003,VA,Albemarle,2019,92.8
51005,VA,Alleghany,2019,96.7
51007,VA,Amelia,2019,95.0
51009,VA,Amherst,2019,96.8
51011,VA,Appomattox,2019,100.0
51013,VA,Arlington,2019,97.6
51015,VA,Augusta,2019,91.4
51017,VA,Bath,2019,100.0
51019,VA,Bedford,2019,93.4
51021,VA,Bland,2019,97.8
51023,VA,Botetourt,2019,96.3
51025,VA,Brunswick,2019,96.7
51027,VA,Buchanan,2019,99.5
51029,VA,Buckingham,2019,99.0
51031,VA,Campbell,2019,87.5
51033,VA,Caroline,2019,97.1
51035,VA,Carroll,2019,95.5
51036,VA,Charles City,2019,77.8
51037,VA,Charlotte,2019,94.9
51041,VA,Chesterfield,2019,90.4
51043,VA,Clarke,2019,96.1
51045,VA,Craig,2019,93.2
51047,VA,Culpeper,2019,93.3
51049,VA,Cumberland,2019,98.1
51051,VA,Dickenson,2019,100.0
51053,VA,Dinwiddie,2019,95.7
51057,VA,Essex,2019,87.2
51059,VA,Fairfax County,2019,87.7
51061,VA,Fauquier,2019,93.6
51063,VA,Floyd,2019,97.7
51065,VA,Fluvanna,2019,89.7
51067,VA,Franklin County,2019,94.5
51069,VA,Frederick,2019,94.4
51071,VA,Giles,2019,90.7
51073,VA,Gloucester,2019,95.7
51075,VA,Goochland,2019,96.6
51077,VA,Grayson,2019,99.2
51079,VA,Greene,2019,98.6
51081,VA,Greensville,2019,99.4
51083,VA,Halifax,2019,83.2
51085,VA,Hanover,2019,96.7
51087,VA,Henrico,2019,96.0
51089,VA,Henry,2019,95.5
51091,VA,Highland,2019,95.2
51093,VA,Isle of Wight,2019,97.8
51095,VA,James City,2019,98.0
51097,VA,King and Queen,2019,62.2
51099,VA,King George,2019,98.1
51101,VA,King William,2019,99.4
51103,VA,Lancaster,2019,96.1
51105,VA,Lee,2019,89.8
51107,VA,Loudoun,2019,95.4
51109,VA,Louisa,2019,94.7
51111,VA,Lunenburg,2019,99.0
51113,VA,Madison,2019,97.2
51115,VA,Mathews,2019,97.0
51117,VA,Mecklenburg,2019,97.1
51119,VA,Middlesex,2019,97.4
51121,VA,Montgomery,2019,95.9
51125,VA,Nelson,2019,89.0
51127,VA,New Kent,2019,93.5
51131,VA,Northampton,2019,98.5
51133,VA,Northumberland,2019,97.0
51135,VA,Nottoway,2019,92.3
51137,VA,Orange,2019,97.6
51139,VA,Page,2019,95.2
51141,VA,Patrick,2019,97.4
51143,VA,Pittsylvania,2019,95.1
51145,VA,Powhatan,2019,88.3
51147,VA,Prince Edward,2019,97.3
51149,VA,Prince George,2019,96.8
51153,VA,Prince William,2019,95.8
51155,VA,Pulaski,2019,99.1
51157,VA,Rappahannock,2019,100.0
51159,VA,Richmond County,2019,93.6
51161,VA,Roanoke County,2019,97.0
51163,VA,Rockbridge,2019,95.5
51165,VA,Rockingham,2019,94.2
51167,VA,Russell,2019,98.1
51169,VA,Scott,2019,95.5
51171,VA,Shenandoah,2019,95.7
51173,VA,Smyth,2019,97.7
51175,VA,Southampton,2019,98.4
51177,VA,Spotsylvania,2019,92.1
51179,VA,Stafford,2019,94.1
51181,VA,Surry,2019,100.0
51183,VA,Sussex,2019,96.1
51185,VA,Tazewell,2019,92.3
51187,VA,Warren,2019,93.0
51191,VA,Washington,2019,93.4
51193,VA,Westmoreland,2019,91.9
51195,VA,Wise,2019,93.6
51197,VA,Wythe,2019,85.4
51199,VA,York,2019,97.5
51510,VA,Alexandria,2019,95.2
51520,VA,Bristol,2019,92.8
51530,VA,Buena Vista,2019,100.0
51540,VA,Charlottesville,2019,96.0
51550,VA,Chesapeake,2019,89.8
51570,VA,Colonial Heights,2019,96.5
51580,VA,Covington,2019,96.6
51590,VA,Danville,2019,97.8
51610,VA,Falls Church,2019,99.5
51620,VA,Franklin City,2019,100.0
51630,VA,Fredericksburg,2019,94.6
51640,VA,Galax,2019,98.2
51650,VA,Hampton,2019,92.9
51660,VA,Harrisonburg,2019,95.6
51670,VA,Hopewell,2019,92.6
51678,VA,Lexington,2019,80.8
51680,VA,Lynchburg,2019,88.7
51683,VA,Manassas,2019,97.2
51685,VA,Manassas Park,2019,91.3
51690,VA,Martinsville,2019,98.6
51700,VA,Newport News,2019,93.0
51710,VA,Norfolk,2019,90.3
51720,VA,Norton,2019,100.0
51730,VA,Petersburg,2019,97.0
51735,VA,Poquoson,2019,97.0
51740,VA,Portsmouth,2019,96.1
51750,VA,Radford,2019,96.5
51760,VA,Richmond City,2019,92.4
51770,VA,Roanoke City,2019,95.0
51775,VA,Salem,2019,97.0
51790,VA,Staunton,2019,95.5
51800,VA,Suffolk,2019,96.7
51810,VA,Virginia Beach,2019,94.6
51820,VA,Waynesboro,2019,98.5
51830,VA,Williamsburg,2019,95.9
51840,VA,Winchester,2019,95.7
50001,VT,Addison,2019,92.0
50003,VT,Bennington,2019,93.0
50005,VT,Caledonia,2019,93.0
50007,VT,Chittenden,2019,94.0
50011,VT,Franklin,2019,95.0
50015,VT,Lamoille,2019,85.0
50017,VT,Orange,2019,94.0
50019,VT,Orleans,2019,93.0
50021,VT,Rutland,2019,95.0
50023,VT,Washington,2019,93.0
50025,VT,Windham,2019,89.0
50027,VT,Windsor,2019,93.0
55001,WI,Adams,2019,81.0
55003,WI,Ashland,2019,91.0
55005,WI,Barron,2019,89.0
55007,WI,Bayfield,2019,76.0
55009,WI,Brown,2019,89.0
55011,WI,Buffalo,2019,93.0
55013,WI,Burnett,2019,88.0
55015,WI,Calumet,2019,87.0
55017,WI,Chippewa,2019,89.0
55019,WI,Clark,2019,88.0
55021,WI,Columbia,2019,92.0
55023,WI,Crawford,2019,86.0
55025,WI,Dane,2019,92.0
55027,WI,Dodge,2019,88.0
55029,WI,Door,2019,89.0
55031,WI,Douglas,2019,90.0
55033,WI,Dunn,2019,88.0
55035,WI,Eau Claire,2019,89.0
55037,WI,Florence,2019,88.0
55039,WI,Fond du Lac,2019,89.0
55041,WI,Forest,2019,91.0
55043,WI,Grant,2019,90.0
55045,WI,Green,2019,88.0
55047,WI,Green Lake,2019,90.0
55049,WI,Iowa,2019,95.0
55051,WI,Iron,2019,88.0
55053,WI,Jackson,2019,92.0
55055,WI,Jefferson,2019,92.0
55057,WI,Juneau,2019,89.0
55059,WI,Kenosha,2019,76.0
55061,WI,Kewaunee,2019,92.0
55063,WI,La Crosse,2019,92.0
55065,WI,Lafayette,2019,88.0
55067,WI,Langlade,2019,85.0
55069,WI,Lincoln,2019,79.0
55071,WI,Manitowoc,2019,92.0
55073,WI,Marathon,2019,89.0
55075,WI,Marinette,2019,88.0
55077,WI,Marquette,2019,67.0
55078,WI,Menominee,2019,93.0
55079,WI,Milwaukee,2019,83.0
55081,WI,Monroe,2019,87.0
55083,WI,Oconto,2019,90.0
55085,WI,Oneida,2019,86.0
55087,WI,Outagamie,2019,91.0
55089,WI,Ozaukee,2019,89.0
55091,WI,Pepin,2019,88.0
55093,WI,Pierce,2019,85.0
55095,WI,Polk,2019,84.0
55097,WI,Portage,2019,90.0
55099,WI,Price,2019,85.0
55101,WI,Racine,2019,84.0
55103,WI,Richland,2019,85.0
55105,WI,Rock,2019,88.0
55107,WI,Rusk,2019,94.0
55109,WI,St Croix,2019,91.0
55111,WI,Sauk,2019,92.0
55113,WI,Sawyer,2019,80.0
55115,WI,Shawano,2019,90.0
55117,WI,Sheboygan,2019,88.0
55119,WI,Taylor,2019,86.0
55121,WI,Trempealeau,2019,93.0
55123,WI,Vernon,2019,86.0
55125,WI,Vilas,2019,88.0
55127,WI,Walworth,2019,91.0
55129,WI,Washburn,2019,80.0
55131,WI,Washington,2019,86.0
55133,WI,Waukesha,2019,89.0
55135,WI,Waupaca,2019,86.0
55137,WI,Waushara,2019,87.0
55139,WI,Winnebago,2019,89.0
55141,WI,Wood,2019,86.0
01001,AL,Autauga,2020,88.7
01003,AL,Baldwin,2020,92.9
01005,AL,Barbour,2020,92.6
01007,AL,Bibb,2020,96.0
01009,AL,Blount,2020,97.6
01011,AL,Bullock,2020,91.7
01013,AL,Butler,2020,98.1
01015,AL,Calhoun,2020,96.1
01017,AL,Chambers,2020,97.5
01019,AL,Cherokee,2020,96.3
01021,AL,Chilton,2020,92.9
01023,AL,Choctaw,2020,89.7
01025,AL,Clarke,2020,97.2
01027,AL,Clay,2020,97.4
01029,AL,Cleburne,2020,96.8
01031,AL,Coffee,2020,96.8
01033,AL,Colbert,2020,97.1
01035,AL,Conecuh,2020,98.6
01037,AL,Coosa,2020,98.4
01039,AL,Covington,2020,99.2
01041,AL,Crenshaw,2020,98.3
01043,AL,Cullman,2020,95.6
01045,AL,Dale,2020,96.3
01047,AL,Dallas,2020,94.4
01049,AL,DeKalb,2020,95.0
01051,AL,Elmore,2020,92.6
01053,AL,Escambia,2020,97.1
01055,AL,Etowah,2020,93.5
01057,AL,Fayette,2020,92.8
01059,AL,Franklin,2020,95.2
01061,AL,Geneva,2020,99.0
01063,AL,Greene,2020,89.7
01065,AL,Hale,2020,91.4
01067,AL,Henry,2020,98.3
01069,AL,Houston,2020,93.5
01071,AL,Jackson,2020,93.6
01073,AL,Jefferson,2020,96.1
01075,AL,Lamar,2020,99.4
01077,AL,Lauderdale,2020,96.7
01079,AL,Lawrence,2020,96.5
01081,AL,Lee,2020,96.7
01083,AL,Limestone,2020,97.1
01085,AL,Lowndes,2020,99.1
01087,AL,Macon,2020,88.9
01089,AL,Madison,2020,95.3
01091,AL,Marengo,2020,92.9
01093,AL,Marion,2020,93.9
01095,AL,Marshall,2020,95.1
01097,AL,Mobile,2020,95.8
01099,AL,Monroe,2020,95.8
01101,AL,Montgomery,2020,93.5
01103,AL,Morgan,2020,96.9
01105,AL,Perry,2020,97.0
01107,AL,Pickens,2020,95.7
01109,AL,Pike,2020,95.0
01111,AL,Randolph,2020,94.7
01113,AL,Russell,2020,90.7
01115,AL,St Clair,2020,95.6
01117,AL,Shelby,2020,96.0
01119,AL,Sumter,2020,100.0
01121,AL,Talladega,2020,98.0
01123,AL,Tallapoosa,2020,97.6
01125,AL,Tuscaloosa,2020,94.2
01127,AL,Walker,2020,98.3
01129,AL,Washington,2020,98.1
01131,AL,Wilcox,2020,91.2
01133,AL,Winston,2020,93.5
04001,AZ,Apache,2020,92.3
04003,AZ,Cochise,2020,95.2
04005,AZ,Coconino,2020,92.5
04007,AZ,Gila,2020,93.0
04009,AZ,Graham,2020,94.7
04011,AZ,Greenlee,2020,97.7
04012,AZ,La Paz,2020,95.5
04013,AZ,Maricopa,2020,93.2
04015,AZ,Mohave,2020,90.3
04017,AZ,Navajo,2020,93.7
04019,AZ,Pima,2020,95.6
04021,AZ,Pinal,2020,93.2
04023,AZ,Santa Cruz,2020,97.1
04025,AZ,Yavapai,2020,83.4
04027,AZ,Yuma,2020,97.7
06001,CA,Alameda,2020,98.5
06005,CA,Amador,2020,94.5
06007,CA,Butte,2020,97.5
06009,CA,Calaveras,2020,95.6
06011,CA,Colusa,2020,99.0
06013,CA,Contra Costa,2020,98.0
06015,CA,Del Norte,2020,98.5
06017,CA,El Dorado,2020,82.6
06019,CA,Fresno,2020,97.9
06021,CA,Glenn,2020,88.5
06023,CA,Humboldt,2020,92.3
06025,CA,Imperial,2020,98.0
06027,CA,Inyo,2020,98.9
06029,CA,Kern,2020,91.3
06031,CA,Kings,2020,99.1
06033,CA,Lake,2020,95.4
06035,CA,Lassen,2020,96.3
06037,CA,Los Angeles,2020,97.0
06039,CA,Madera,2020,98.0
06041,CA,Marin,2020,96.9
06043,CA,Mariposa,2020,95.6
06045,CA,Mendocino,2020,89.7
06047,CA,Merced,2020,98.7
06049,CA,Modoc,2020,97.5
06051,CA,Mono,2020,92.8
06053,CA,Monterey,2020,98.6
06055,CA,Napa,2020,98.0
06057,CA,Nevada,2020,83.2
06059,CA,Orange,2020,97.4
06061,CA,Placer,2020,93.6
06063,CA,Plumas,2020,96.6
06065,CA,Riverside,2020,95.8
06067,CA,Sacramento,2020,95.9
06069,CA,San Benito,2020,97.4
06071,CA,San Bernardino,2020,96.2
06073,CA,San Diego,2020,94.8
06075,CA,San Francisco,2020,97.6
06077,CA,San Joaquin,2020,97.5
06079,CA,San Luis Obispo,2020,96.2
06081,CA,San Mateo,2020,98.1
06083,CA,Santa Barbara,2020,97.9
06085,CA,Santa Clara,2020,98.2
06087,CA,Santa Cruz,2020,92.6
06089,CA,Shasta,2020,93.8
06091,CA,Sierra,2020,95.0
06093,CA,Siskiyou,2020,97.6
06095,CA,Solano,2020,98.1
06097,CA,Sonoma,2020,94.7
06099,CA,Stanislaus,2020,97.8
06101,CA,Sutter,2020,87.8
06103,CA,Tehama,2020,96.6
06105,CA,Trinity,2020,91.3
06107,CA,Tulare,2020,97.9
06109,CA,Tuolumne,2020,93.7
06111,CA,Ventura,2020,97.3
06113,CA,Yolo,2020,96.6
06115,CA,Yuba,2020,95.6
08001,CO,Adams,2020,95.0
08003,CO,Alamosa,2020,85.6
08005,CO,Arapahoe,2020,93.3
08007,CO,Archuleta,2020,76.1
08009,CO,Baca,2020,93.8
08011,CO,Bent,2020,95.9
08013,CO,Boulder,2020,93.0
08014,CO,Broomfield,2020,93.9
08015,CO,Chaffee,2020,86.2
08017,CO,Cheyenne,2020,95.4
08019,CO,Clear Creek,2020,93.2
08021,CO,Conejos,2020,89.0
08023,CO,Costilla,2020,94.7
08025,CO,Crowley,2020,100.0
08027,CO,Custer,2020,96.3
08029,CO,Delta,2020,80.1
08031,CO,Denver,2020,88.9
08033,CO,Dolores,2020,93.3
08035,CO,Douglas,2020,91.6
08037,CO,Eagle,2020,94.0
08039,CO,Elbert,2020,87.8
08041,CO,El Paso,2020,86.8
08043,CO,Fremont,2020,93.2
08045,CO,Garfield,2020,89.1
08047,CO,Gilpin,2020,85.7
08049,CO,Grand,2020,91.3
08051,CO,Gunnison,2020,73.8
08053,CO,Hinsdale,2020,57.1
08055,CO,Huerfano,2020,92.7
08057,CO,Jackson,2020,90.0
08059,CO,Jefferson,2020,92.0
08061,CO,Kiowa,2020,100.0
08063,CO,Kit Carson,2020,92.9
08065,CO,Lake,2020,90.9
08067,CO,La Plata,2020,89.8
08069,CO,Larimer,2020,90.5
08071,CO,Las Animas,2020,93.1
08073,CO,Lincoln,2020,84.1
08075,CO,Logan,2020,93.0
08077,CO,Mesa,2020,90.9
08079,CO,Mineral,2020,83.3
08081,CO,Moffat,2020,88.8
08083,CO,Montezuma,2020,90.2
08085,CO,Montrose,2020,91.3
08087,CO,Morgan,2020,96.7
08089,CO,Otero,2020,93.1
08091,CO,Ouray,2020,85.5
08093,CO,Park,2020,84.7
08095,CO,Phillips,2020,78.8
08097,CO,Pitkin,2020,95.4
08099,CO,Prowers,2020,96.7
08101,CO,Pueblo,2020,90.4
08103,CO,Rio Blanco,2020,89.7
08105,CO,Rio Grande,2020,92.1
08107,CO,Routt,2020,92.4
08109,CO,Saguache,2020,82.2
08111,CO,San Juan,2020,75.0
08113,CO,San Miguel,2020,85.9
08115,CO,Sedgwick,2020,86.7
08117,CO,Summit,2020,88.7
08119,CO,Teller,2020,87.3
08121,CO,Washington,2020,75.7
08123,CO,Weld,2020,94.6
08125,CO,Yuma,2020,99.2
09001,CT,Fairfield,2020,96.2
09003,CT,Hartford,2020,96.1
09005,CT,Litchfield,2020,94.8
09007,CT,Middlesex,2020,96.9
09009,CT,New Haven,2020,96.8
09011,CT,New London,2020,96.5
09013,CT,Tolland,2020,95.7
09015,CT,Windham,2020,92.8
12001,FL,Alachua,2020,94.5
12003,FL,Baker,2020,96.2
12005,FL,Bay,2020,95.6
12007,FL,Bradford,2020,95.2
12009,FL,Brevard,2020,95.2
12011,FL,Broward,2020,93.9
12013,FL,Calhoun,2020,96.8
12015,FL,Charlotte,2020,92.8
12017,FL,Citrus,2020,93.3
12019,FL,Clay,2020,96.1
12021,FL,Collier,2020,92.8
12023,FL,Columbia,2020,95.2
12027,FL,De Soto,2020,96.0
12029,FL,Dixie,2020,96.9
12031,FL,Duval,2020,93.8
12033,FL,Escambia,2020,92.9
12035,FL,Flagler,2020,93.2
12037,FL,Franklin,2020,98.1
12039,FL,Gadsden,2020,97.7
12041,FL,Gilchrist,2020,96.4
12043,FL,Glades,2020,94.4
12045,FL,Gulf,2020,96.8
12047,FL,Hamilton,2020,96.2
12049,FL,Hardee,2020,99.1
12051,FL,Hendry,2020,95.2
12053,FL,Hernando,2020,93.1
12055,FL,Highlands,2020,96.2
12057,FL,Hillsborough,2020,95.2
12059,FL,Holmes,2020,98.8
12061,FL,Indian River,2020,94.5
12063,FL,Jackson,2020,96.5
12065,FL,Jefferson,2020,94.2
12067,FL,Lafayette,2020,93.5
12069,FL,Lake,2020,93.8
12071,FL,Lee,2020,93.2
12073,FL,Leon,2020,95.3
12075,FL,Levy,2020,95.2
12077,FL,Liberty,2020,93.8
12079,FL,Madison,2020,98.4
12081,FL,Manatee,2020,93.5
12083,FL,Marion,2020,95.0
12085,FL,Martin,2020,90.8
12086,FL,Miami-Dade,2020,93.4
12087,FL,Monroe,2020,90.6
12089,FL,Nassau,2020,93.8
12091,FL,Okaloosa,2020,94.8
12093,FL,Okeechobee,2020,94.5
12095,FL,Orange,2020,90.0
12097,FL,Osceola,2020,91.9
12099,FL,Palm Beach,2020,92.1
12101,FL,Pasco,2020,94.0
12103,FL,Pinellas,2020,92.2
12105,FL,Polk,2020,95.7
12107,FL,Putnam,2020,95.3
12109,FL,St Johns,2020,92.7
12111,FL,St Lucie,2020,92.9
12113,FL,Santa Rosa,2020,94.9
12115,FL,Sarasota,2020,89.7
12117,FL,Seminole,2020,91.9
12119,FL,Sumter,2020,95.4
12121,FL,Suwannee,2020,93.5
12123,FL,Taylor,2020,98.0
12125,FL,Union,2020,95.4
12127,FL,Volusia,2020,94.1
12129,FL,Wakulla,2020,94.0
12131,FL,Walton,2020,91.7
12133,FL,Washington,2020,96.8
15001,HI,Hawaii,2020,93.3
15003,HI,Honolulu,2020,97.9
15007,HI,Kauai,2020,92.9
15009,HI,Maui,2020,94.2
16001,ID,Ada,2020,91.0
16003,ID,Adams,2020,90.0
16005,ID,Bannock,2020,93.0
16007,ID,Bear Lake,2020,94.0
16009,ID,Benewah,2020,79.0
16011,ID,Bingham,2020,80.0
16013,ID,Blaine,2020,84.0
16015,ID,Boise,2020,73.0
16017,ID,Bonner,2020,79.0
16019,ID,Bonneville,2020,94.0
16021,ID,Boundary,2020,73.0
16023,ID,Butte,2020,91.0
16025,ID,Camas,2020,80.0
16027,ID,Canyon,2020,90.0
16029,ID,Caribou,2020,95.0
16031,ID,Cassia,2020,90.0
16033,ID,Clark,2020,100.0
16035,ID,Clearwater,2020,87.0
16037,ID,Custer,2020,75.0
16039,ID,Elmore,2020,93.0
16041,ID,Franklin,2020,86.0
16043,ID,Fremont,2020,91.0
16045,ID,Gem,2020,88.0
16047,ID,Gooding,2020,88.0
16049,ID,Idaho,2020,83.0
16051,ID,Jefferson,2020,95.0
16053,ID,Jerome,2020,95.0
16055,ID,Kootenai,2020,82.0
16057,ID,Latah,2020,91.0
16059,ID,Lemhi,2020,82.0
16061,ID,Lewis,2020,89.0
16063,ID,Lincoln,2020,90.0
16065,ID,Madison,2020,88.0
16067,ID,Minidoka,2020,96.0
16069,ID,Nez Perce,2020,93.0
16071,ID,Oneida,2020,93.0
16073,ID,Owyhee,2020,86.0
16075,ID,Payette,2020,78.0
16077,ID,Power,2020,97.0
16079,ID,Shoshone,2020,78.0
16081,ID,Teton,2020,91.0
16083,ID,Twin Falls,2020,88.0
16085,ID,Valley,2020,88.0
16087,ID,Washington,2020,93.0
17001,IL,Adams,2020,97.9
17003,IL,Alexander,2020,97.5
17005,IL,Bond,2020,99.1
17007,IL,Boone,2020,97.5
17009,IL,Brown,2020,99.7
17011,IL,Bureau,2020,97.8
17013,IL,Calhoun,2020,96.0
17015,IL,Carroll,2020,96.8
17017,IL,Cass,2020,95.6
17019,IL,Champaign,2020,97.3
17021,IL,Christian,2020,97.8
17023,IL,Clark,2020,98.7
17025,IL,Clay,2020,98.2
17027,IL,Clinton,2020,98.3
17029,IL,Coles,2020,96.3
17031,IL,Cook,2020,97.0
17033,IL,Crawford,2020,98.6
17035,IL,Cumberland,2020,89.4
17037,IL,DeKalb,2020,97.3
17039,IL,De Witt,2020,98.8
17041,IL,Douglas,2020,97.9
17043,IL,DuPage,2020,96.7
17045,IL,Edgar,2020,98.2
17047,IL,Edwards,2020,99.4
17049,IL,Effingham,2020,98.7
17051,IL,Fayette,2020,99.4
17053,IL,Ford,2020,96.5
17055,IL,Franklin,2020,97.7
17057,IL,Fulton,2020,92.5
17059,IL,Gallatin,2020,98.0
17061,IL,Greene,2020,97.3
17063,IL,Grundy,2020,98.5
17065,IL,Hamilton,2020,98.7
17067,IL,Hancock,2020,94.2
17069,IL,Hardin,2020,98.6
17071,IL,Henderson,2020,94.0
17073,IL,Henry,2020,98.6
17075,IL,Iroquois,2020,97.1
17077,IL,Jackson,2020,97.5
17079,IL,Jasper,2020,98.1
17081,IL,Jefferson,2020,97.7
17083,IL,Jersey,2020,97.3
17085,IL,Jo Daviess,2020,98.8
17087,IL,Johnson,2020,98.3
17089,IL,Kane,2020,96.8
17091,IL,Kankakee,2020,97.9
17093,IL,Kendall,2020,96.4
17095,IL,Knox,2020,97.5
17097,IL,Lake,2020,96.3
17099,IL,LaSalle,2020,96.7
17101,IL,Lawrence,2020,98.2
17103,IL,Lee,2020,97.5
17105,IL,Livingston,2020,95.9
17107,IL,Logan,2020,98.0
17109,IL,McDonough,2020,97.8
17111,IL,McHenry,2020,96.2
17113,IL,McLean,2020,96.5
17115,IL,Macon,2020,93.3
17117,IL,Macoupin,2020,96.1
17119,IL,Madison,2020,96.7
17121,IL,Marion,2020,96.0
17123,IL,Marshall,2020,97.8
17125,IL,Mason,2020,97.9
17127,IL,Massac,2020,98.6
17129,IL,Menard,2020,96.5
17131,IL,Mercer,2020,97.7
17133,IL,Monroe,2020,96.7
17135,IL,Montgomery,2020,98.5
17137,IL,Morgan,2020,99.1
17139,IL,Moultrie,2020,98.1
17141,IL,Ogle,2020,97.3
17143,IL,Peoria,2020,97.3
17145,IL,Perry,2020,97.1
17147,IL,Piatt,2020,95.8
17149,IL,Pike,2020,99.0
17151,IL,Pope,2020,96.0
17153,IL,Pulaski,2020,98.0
17155,IL,Putnam,2020,97.2
17157,IL,Randolph,2020,97.9
17159,IL,Richland,2020,97.6
17161,IL,Rock Island,2020,96.4
17163,IL,St Clair,2020,96.4
17165,IL,Saline,2020,96.9
17167,IL,Sangamon,2020,95.0
17169,IL,Schuyler,2020,99.3
17171,IL,Scott,2020,99.4
17173,IL,Shelby,2020,96.9
17175,IL,Stark,2020,90.5
17177,IL,Stephenson,2020,98.4
17179,IL,Tazewell,2020,96.3
17181,IL,Union,2020,98.2
17183,IL,Vermilion,2020,94.8
17185,IL,Wabash,2020,98.9
17187,IL,Warren,2020,97.5
17189,IL,Washington,2020,93.8
17191,IL,Wayne,2020,96.6
17193,IL,White,2020,98.7
17195,IL,Whiteside,2020,95.9
17197,IL,Will,2020,94.9
17199,IL,Williamson,2020,97.5
17201,IL,Winnebago,2020,97.3
17203,IL,Woodford,2020,90.3
20001,KS,Allen,2020,99.0
20003,KS,Anderson,2020,94.0
20005,KS,Atchison,2020,84.0
20007,KS,Barber,2020,97.0
20009,KS,Barton,2020,97.0
20011,KS,Bourbon,2020,97.0
20013,KS,Brown,2020,98.0
20015,KS,Butler,2020,93.0
20017,KS,Chase,2020,90.0
20019,KS,Chautauqua,2020,75.0
20021,KS,Cherokee,2020,97.0
20023,KS,Cheyenne,2020,93.0
20025,KS,Clark,2020,97.0
20027,KS,Clay,2020,95.0
20029,KS,Cloud,2020,97.0
20031,KS,Coffey,2020,87.0
20033,KS,Comanche,2020,100.0
20035,KS,Cowley,2020,96.0
20037,KS,Crawford,2020,96.0
20039,KS,Decatur,2020,99.0
20041,KS,Dickinson,2020,98.0
20043,KS,Doniphan,2020,98.0
20045,KS,Douglas,2020,95.0
20047,KS,Edwards,2020,97.0
20049,KS,Elk,2020,95.0
20051,KS,Ellis,2020,97.0
20053,KS,Ellsworth,2020,99.0
20055,KS,Finney,2020,99.0
20057,KS,Ford,2020,91.0
20059,KS,Franklin,2020,96.0
20061,KS,Geary,2020,94.0
20063,KS,Gove,2020,87.0
20065,KS,Graham,2020,99.0
20067,KS,Grant,2020,100.0
20069,KS,Gray,2020,94.0
20071,KS,Greeley,2020,95.0
20073,KS,Greenwood,2020,88.0
20075,KS,Hamilton,2020,93.0
20077,KS,Harper,2020,96.0
20079,KS,Harvey,2020,95.0
20081,KS,Haskell,2020,83.0
20083,KS,Hodgeman,2020,99.0
20085,KS,Jackson,2020,97.0
20087,KS,Jefferson,2020,95.0
20089,KS,Jewell,2020,97.0
20091,KS,Johnson,2020,96.0
20093,KS,Kearny,2020,100.0
20095,KS,Kingman,2020,89.0
20097,KS,Kiowa,2020,89.0
20099,KS,Labette,2020,97.0
20101,KS,Lane,2020,100.0
20103,KS,Leavenworth,2020,97.0
20105,KS,Lincoln,2020,89.0
20107,KS,Linn,2020,79.0
20109,KS,Logan,2020,92.0
20111,KS,Lyon,2020,92.0
20113,KS,McPherson,2020,96.0
20115,KS,Marion,2020,85.0
20117,KS,Marshall,2020,96.0
20119,KS,Meade,2020,96.0
20121,KS,Miami,2020,94.0
20123,KS,Mitchell,2020,95.0
20125,KS,Montgomery,2020,95.0
20127,KS,Morris,2020,95.0
20129,KS,Morton,2020,95.0
20131,KS,Nemaha,2020,97.0
20133,KS,Neosho,2020,84.0
20135,KS,Ness,2020,95.0
20137,KS,Norton,2020,91.0
20139,KS,Osage,2020,81.0
20141,KS,Osborne,2020,93.0
20143,KS,Ottawa,2020,91.0
20145,KS,Pawnee,2020,79.0
20147,KS,Phillips,2020,95.0
20149,KS,Pottawatomie,2020,97.0
20151,KS,Pratt,2020,99.0
20153,KS,Rawlins,2020,90.0
20155,KS,Reno,2020,95.0
20157,KS,Republic,2020,81.0
20159,KS,Rice,2020,92.0
20161,KS,Riley,2020,97.0
20163,KS,Rooks,2020,97.0
20165,KS,Rush,2020,90.0
20167,KS,Russell,2020,78.0
20169,KS,Saline,2020,98.0
20171,KS,Scott,2020,97.0
20173,KS,Sedgwick,2020,93.0
20175,KS,Seward,2020,97.0
20177,KS,Shawnee,2020,97.0
20179,KS,Sheridan,2020,92.0
20181,KS,Sherman,2020,96.0
20183,KS,Smith,2020,97.0
20185,KS,Stafford,2020,92.0
20187,KS,Stanton,2020,73.0
20189,KS,Stevens,2020,91.0
20191,KS,Sumner,2020,91.0
20193,KS,Thomas,2020,99.0
20195,KS,Trego,2020,92.0
20197,KS,Wabaunsee,2020,93.0
20199,KS,Wallace,2020,91.0
20201,KS,Washington,2020,97.0
20203,KS,Wichita,2020,100.0
20205,KS,Wilson,2020,96.0
20207,KS,Woodson,2020,90.0
20209,KS,Wyandotte,2020,92.0
21001,KY,Adair,2020,94.7
21003,KY,Allen,2020,99.5
21005,KY,Anderson,2020,96.3
21007,KY,Ballard,2020,100.0
21009,KY,Barren,2020,93.7
21011,KY,Bath,2020,94.4
21013,KY,Bell,2020,96.5
21015,KY,Boone,2020,96.4
21017,KY,Bourbon,2020,95.6
21019,KY,Boyd,2020,92.9
21021,KY,Boyle,2020,96.3
21023,KY,Bracken,2020,94.3
21025,KY,Breathitt,2020,95.3
21027,KY,Breckinridge,2020,91.2
21029,KY,Bullitt,2020,98.2
21031,KY,Butler,2020,90.4
21033,KY,Caldwell,2020,91.8
21035,KY,Calloway,2020,95.5
21037,KY,Campbell,2020,97.6
21039,KY,Carlisle,2020,88.5
21041,KY,Carroll,2020,95.8
21043,KY,Carter,2020,94.3
21045,KY,Casey,2020,90.7
21047,KY,Christian,2020,92.4
21049,KY,Clark,2020,95.3
21051,KY,Clay,2020,94.4
21053,KY,Clinton,2020,96.0
21055,KY,Crittenden,2020,96.1
21057,KY,Cumberland,2020,94.7
21059,KY,Daviess,2020,91.0
21061,KY,Edmonson,2020,98.1
21063,KY,Elliott,2020,96.3
21065,KY,Estill,2020,90.2
21067,KY,Fayette,2020,96.7
21069,KY,Fleming,2020,97.8
21071,KY,Floyd,2020,95.8
21073,KY,Franklin,2020,95.1
21075,KY,Fulton,2020,97.2
21077,KY,Gallatin,2020,88.3
21079,KY,Garrard,2020,89.5
21081,KY,Grant,2020,96.0
21083,KY,Graves,2020,95.2
21085,KY,Grayson,2020,97.9
21087,KY,Green,2020,98.3
21089,KY,Greenup,2020,97.2
21091,KY,Hancock,2020,95.2
21093,KY,Hardin,2020,90.3
21095,KY,Harlan,2020,72.9
21097,KY,Harrison,2020,89.8
21099,KY,Hart,2020,96.0
21101,KY,Henderson,2020,94.7
21103,KY,Henry,2020,96.0
21105,KY,Hickman,2020,98.0
21107,KY,Hopkins,2020,94.7
21109,KY,Jackson,2020,98.5
21111,KY,Jefferson,2020,87.0
21113,KY,Jessamine,2020,91.9
21115,KY,Johnson,2020,92.1
21117,KY,Kenton,2020,97.4
21119,KY,Knott,2020,89.4
21121,KY,Knox,2020,91.0
21123,KY,Larue,2020,93.6
21125,KY,Laurel,2020,90.5
21127,KY,Lawrence,2020,96.8
21129,KY,Lee,2020,95.2
21131,KY,Leslie,2020,93.0
21133,KY,Letcher,2020,97.1
21135,KY,Lewis,2020,96.9
21137,KY,Lincoln,2020,92.8
21139,KY,Livingston,2020,93.6
21141,KY,Logan,2020,93.2
21143,KY,Lyon,2020,100.0
21145,KY,Mccracken,2020,87.6
21147,KY,McCreary,2020,92.4
21149,KY,Mclean,2020,99.2
21151,KY,Madison,2020,97.7
21153,KY,Magoffin,2020,92.9
21155,KY,Marion,2020,96.1
21157,KY,Marshall,2020,91.3
21159,KY,Martin,2020,91.6
21161,KY,Mason,2020,86.6
21163,KY,Meade,2020,98.5
21165,KY,Menifee,2020,98.6
21167,KY,Mercer,2020,97.0
21169,KY,Metcalfe,2020,96.4
21171,KY,Monroe,2020,94.8
21173,KY,Montgomery,2020,98.5
21175,KY,Morgan,2020,95.5
21177,KY,Muhlenberg,2020,93.6
21179,KY,Nelson,2020,95.3
21181,KY,Nicholas,2020,97.9
21183,KY,Ohio,2020,79.6
21185,KY,Oldham,2020,96.6
21187,KY,Owen,2020,97.8
21189,KY,Owsley,2020,65.7
21191,KY,Pendleton,2020,98.1
21193,KY,Perry,2020,79.9
21195,KY,Pike,2020,99.2
21197,KY,Powell,2020,65.2
21199,KY,Pulaski,2020,97.7
21201,KY,Robertson,2020,100.0
21203,KY,Rockcastle,2020,92.5
21205,KY,Rowan,2020,88.0
21207,KY,Russell,2020,97.8
21209,KY,Scott,2020,96.6
21211,KY,Shelby,2020,93.5
21213,KY,Simpson,2020,96.0
21215,KY,Spencer,2020,97.1
21217,KY,Taylor,2020,93.3
21219,KY,Todd,2020,93.8
21221,KY,Trigg,2020,97.2
21223,KY,Trimble,2020,98.9
21225,KY,Union,2020,94.2
21227,KY,Warren,2020,92.5
21229,KY,Washington,2020,99.4
21231,KY,Wayne,2020,98.2
21233,KY,Webster,2020,94.7
21235,KY,Whitley,2020,90.9
21237,KY,Wolfe,2020,86.8
21239,KY,Woodford,2020,96.8
25001,MA,Barnstable,2020,96.1
25003,MA,Berkshire,2020,94.2
25005,MA,Bristol,2020,98.1
25007,MA,Dukes,2020,93.1
25009,MA,Essex,2020,97.2
25011,MA,Franklin,2020,90.5
25013,MA,Hampden,2020,96.8
25015,MA,Hampshire,2020,96.0
25017,MA,Middlesex,2020,98.3
25019,MA,Nantucket,2020,93.2
25021,MA,Norfolk,2020,98.8
25023,MA,Plymouth,2020,98.0
25025,MA,Suffolk,2020,93.9
25027,MA,Worcester,2020,97.4
23001,ME,Androscoggin,2020,95.3
23003,ME,Aroostook,2020,96.3
23005,ME,Cumberland,2020,93.4
23007,ME,Franklin,2020,89.0
23009,ME,Hancock,2020,91.6
23011,ME,Kennebec,2020,93.2
23013,ME,Knox,2020,93.4
23015,ME,Lincoln,2020,94.6
23017,ME,Oxford,2020,91.4
23019,ME,Penobscot,2020,95.4
23021,ME,Piscataquis,2020,91.6
23023,ME,Sagadahoc,2020,95.2
23025,ME,Somerset,2020,91.6
23027,ME,Waldo,2020,93.3
23029,ME,Washington,2020,96.2
23031,ME,York,2020,95.6
27001,MN,Aitkin,2020,84.2
27003,MN,Anoka,2020,92.9
27005,MN,Becker,2020,92.0
27007,MN,Beltrami,2020,91.9
27009,MN,Benton,2020,93.2
27011,MN,Big Stone,2020,96.4
27013,MN,Blue Earth,2020,95.4
27015,MN,Brown,2020,95.5
27017,MN,Carlton,2020,94.3
27019,MN,Carver,2020,94.1
27021,MN,Cass,2020,87.7
27023,MN,Chippewa,2020,95.2
27025,MN,Chisago,2020,92.8
27027,MN,Clay,2020,93.0
27029,MN,Clearwater,2020,82.2
27031,MN,Cook,2020,75.6
27033,MN,Cottonwood,2020,90.9
27035,MN,Crow Wing,2020,89.8
27037,MN,Dakota,2020,94.1
27039,MN,Dodge,2020,92.8
27041,MN,Douglas,2020,95.2
27043,MN,Faribault,2020,90.6
27045,MN,Fillmore,2020,91.3
27047,MN,Freeborn,2020,97.7
27049,MN,Goodhue,2020,93.8
27051,MN,Grant,2020,98.1
27053,MN,Hennepin,2020,91.3
27055,MN,Houston,2020,88.4
27057,MN,Hubbard,2020,88.6
27059,MN,Isanti,2020,89.4
27061,MN,Itasca,2020,95.4
27063,MN,Jackson,2020,95.7
27065,MN,Kanabec,2020,99.3
27067,MN,Kandiyohi,2020,94.7
27069,MN,Kittson,2020,87.7
27071,MN,Koochiching,2020,92.2
27073,MN,Lac qui Parle,2020,87.0
27075,MN,Lake,2020,98.8
27077,MN,Lake of the Woods,2020,94.6
27079,MN,Le Sueur,2020,93.6
27081,MN,Lincoln,2020,94.0
27083,MN,Lyon,2020,97.2
27085,MN,McLeod,2020,94.5
27087,MN,Mahnomen,2020,92.0
27089,MN,Marshall,2020,91.6
27091,MN,Martin,2020,89.4
27093,MN,Meeker,2020,93.3
27095,MN,Mille Lacs,2020,84.5
27097,MN,Morrison,2020,93.5
27099,MN,Mower,2020,96.7
27101,MN,Murray,2020,94.0
27103,MN,Nicollet,2020,96.3
27105,MN,Nobles,2020,88.5
27107,MN,Norman,2020,93.3
27109,MN,Olmsted,2020,95.0
27111,MN,Otter Tail,2020,91.1
27113,MN,Pennington,2020,95.7
27115,MN,Pine,2020,90.7
27117,MN,Pipestone,2020,87.4
27119,MN,Polk,2020,95.2
27121,MN,Pope,2020,97.1
27123,MN,Ramsey,2020,90.3
27125,MN,Red Lake,2020,98.6
27127,MN,Redwood,2020,95.3
27129,MN,Renville,2020,94.2
27131,MN,Rice,2020,94.9
27133,MN,Rock,2020,95.2
27135,MN,Roseau,2020,90.2
27137,MN,St Louis,2020,92.7
27139,MN,Scott,2020,94.6
27141,MN,Sherburne,2020,93.7
27143,MN,Sibley,2020,76.5
27145,MN,Stearns,2020,90.9
27147,MN,Steele,2020,93.1
27149,MN,Stevens,2020,88.3
27151,MN,Swift,2020,94.1
27153,MN,Todd,2020,94.6
27155,MN,Traverse,2020,95.3
27157,MN,Wabasha,2020,96.5
27159,MN,Wadena,2020,85.4
27161,MN,Waseca,2020,97.2
27163,MN,Washington,2020,95.1
27165,MN,Watonwan,2020,97.2
27167,MN,Wilkin,2020,100.0
27169,MN,Winona,2020,96.4
27171,MN,Wright,2020,92.5
27173,MN,Yellow Medicine,2020,92.9
37001,NC,Alamance,2020,95.3
37003,NC,Alexander,2020,97.6
37005,NC,Alleghany,2020,98.3
37007,NC,Anson,2020,98.1
37009,NC,Ashe,2020,99.0
37011,NC,Avery,2020,97.8
37013,NC,Beaufort,2020,98.1
37015,NC,Bertie,2020,98.8
37017,NC,Bladen,2020,94.4
37019,NC,Brunswick,2020,96.1
37021,NC,Buncombe,2020,93.1
37023,NC,Burke,2020,96.1
37025,NC,Cabarrus,2020,96.0
37027,NC,Caldwell,2020,96.3
37029,NC,Camden,2020,97.1
37031,NC,Carteret,2020,98.6
37033,NC,Caswell,2020,94.7
37035,NC,Catawba,2020,97.3
37037,NC,Chatham,2020,96.0
37039,NC,Cherokee,2020,94.7
37041,NC,Chowan,2020,96.9
37043,NC,Clay,2020,92.2
37045,NC,Cleveland,2020,96.8
37047,NC,Columbus,2020,94.3
37049,NC,Craven,2020,96.9
37051,NC,Cumberland,2020,93.6
37053,NC,Currituck,2020,98.5
37055,NC,Dare,2020,97.0
37057,NC,Davidson,2020,94.0
37059,NC,Davie,2020,98.4
37061,NC,Duplin,2020,99.1
37063,NC,Durham,2020,92.3
37065,NC,Edgecombe,2020,97.4
37067,NC,Forsyth,2020,97.2
37069,NC,Franklin,2020,96.3
37071,NC,Gaston,2020,93.2
37073,NC,Gates,2020,97.1
37075,NC,Graham,2020,96.1
37077,NC,Granville,2020,94.1
37079,NC,Greene,2020,96.7
37081,NC,Guilford,2020,96.0
37083,NC,Halifax,2020,100.0
37085,NC,Harnett,2020,89.9
37087,NC,Haywood,2020,95.9
37089,NC,Henderson,2020,94.6
37091,NC,Hertford,2020,96.1
37093,NC,Hoke,2020,95.3
37095,NC,Hyde,2020,97.7
37097,NC,Iredell,2020,95.8
37099,NC,Jackson,2020,96.2
37101,NC,Johnston,2020,97.4
37103,NC,Jones,2020,95.3
37105,NC,Lee,2020,97.6
37107,NC,Lenoir,2020,98.3
37109,NC,Lincoln,2020,95.6
37111,NC,McDowell,2020,98.0
37113,NC,Macon,2020,87.4
37115,NC,Madison,2020,96.4
37117,NC,Martin,2020,97.8
37119,NC,Mecklenburg,2020,94.6
37121,NC,Mitchell,2020,98.4
37123,NC,Montgomery,2020,94.7
37125,NC,Moore,2020,96.8
37127,NC,Nash,2020,97.4
37129,NC,New Hanover,2020,96.4
37131,NC,Northampton,2020,99.5
37133,NC,Onslow,2020,92.8
37135,NC,Orange,2020,96.6
37137,NC,Pamlico,2020,96.1
37139,NC,Pasquotank,2020,97.1
37141,NC,Pender,2020,95.5
37143,NC,Perquimans,2020,99.3
37145,NC,Person,2020,96.6
37147,NC,Pitt,2020,97.0
37149,NC,Polk,2020,92.7
37151,NC,Randolph,2020,98.3
37153,NC,Richmond,2020,98.7
37155,NC,Robeson,2020,94.4
37157,NC,Rockingham,2020,95.7
37159,NC,Rowan,2020,95.6
37161,NC,Rutherford,2020,96.1
37163,NC,Sampson,2020,95.6
37165,NC,Scotland,2020,96.5
37167,NC,Stanly,2020,97.4
37169,NC,Stokes,2020,97.0
37171,NC,Surry,2020,97.3
37173,NC,Swain,2020,95.5
37175,NC,Transylvania,2020,93.4
37177,NC,Tyrrell,2020,100.0
37179,NC,Union,2020,94.2
37181,NC,Vance,2020,96.6
37183,NC,Wake,2020,95.1
37185,NC,Warren,2020,97.2
37187,NC,Washington,2020,97.9
37189,NC,Watauga,2020,97.9
37191,NC,Wayne,2020,96.4
37193,NC,Wilkes,2020,98.5
37195,NC,Wilson,2020,96.2
37197,NC,Yadkin,2020,97.1
37199,NC,Yancey,2020,97.1
31001,NE,Adams,2020,95.0
31003,NE,Antelope,2020,94.0
31005,NE,Arthur,2020,83.3
31007,NE,Banner,2020,100.0
31009,NE,Blaine,2020,100.0
31011,NE,Boone,2020,95.0
31013,NE,Box Butte,2020,97.6
31015,NE,Boyd,2020,100.0
31017,NE,Brown,2020,95.7
31019,NE,Buffalo,2020,96.6
31021,NE,Burt,2020,97.6
31023,NE,Butler,2020,96.9
31025,NE,Cass,2020,98.4
31027,NE,Cedar,2020,98.2
31029,NE,Chase,2020,96.1
31031,NE,Cherry,2020,95.7
31033,NE,Cheyenne,2020,97.5
31035,NE,Clay,2020,94.1
31037,NE,Colfax,2020,98.8
31039,NE,Cuming,2020,98.7
31041,NE,Custer,2020,91.3
31043,NE,Dakota,2020,97.5
31045,NE,Dawes,2020,91.4
31047,NE,Dawson,2020,98.7
31049,NE,Deuel,2020,100.0
31051,NE,Dixon,2020,100.0
31053,NE,Dodge,2020,98.0
31055,NE,Douglas,2020,96.0
31059,NE,Fillmore,2020,90.5
31061,NE,Franklin,2020,95.8
31063,NE,Frontier,2020,97.8
31065,NE,Furnas,2020,84.2
31067,NE,Gage,2020,96.1
31069,NE,Garden,2020,100.0
31071,NE,Garfield,2020,95.0
31073,NE,Gosper,2020,94.1
31075,NE,Grant,2020,100.0
31077,NE,Greeley,2020,94.1
31079,NE,Hall,2020,97.7
31081,NE,Hamilton,2020,94.5
31083,NE,Harlan,2020,96.0
31085,NE,Hayes,2020,100.0
31087,NE,Hitchcock,2020,100.0
31089,NE,Holt,2020,91.8
31091,NE,Hooker,2020,88.2
31093,NE,Howard,2020,97.8
31095,NE,Jefferson,2020,96.0
31097,NE,Johnson,2020,91.1
31099,NE,Kearney,2020,95.5
31101,NE,Keith,2020,94.9
31103,NE,Keya Paha,2020,100.0
31105,NE,Kimball,2020,96.2
31107,NE,Knox,2020,94.0
31109,NE,Lancaster,2020,96.5
31111,NE,Lincoln,2020,95.4
31113,NE,Logan,2020,75.0
31115,NE,Loup,2020,100.0
31117,NE,McPherson,2020,100.0
31119,NE,Madison,2020,95.0
31121,NE,Merrick,2020,97.2
31123,NE,Morrill,2020,96.4
31125,NE,Nance,2020,100.0
31127,NE,Nemaha,2020,89.5
31129,NE,Nuckolls,2020,97.4
31131,NE,Otoe,2020,97.6
31133,NE,Pawnee,2020,100.0
31135,NE,Perkins,2020,100.0
31137,NE,Phelps,2020,94.7
31139,NE,Pierce,2020,95.8
31141,NE,Platte,2020,97.9
31143,NE,Polk,2020,96.8
31145,NE,Red Willow,2020,97.9
31147,NE,Richardson,2020,99.1
31149,NE,Rock,2020,94.1
31151,NE,Saline,2020,99.2
31153,NE,Sarpy,2020,97.4
31155,NE,Saunders,2020,96.5
31157,NE,Scotts Bluff,2020,95.5
31159,NE,Seward,2020,98.0
31161,NE,Sheridan,2020,94.1
31163,NE,Sherman,2020,100.0
31165,NE,Sioux,2020,100.0
31167,NE,Stanton,2020,100.0
31169,NE,Thayer,2020,98.6
31171,NE,Thomas,2020,100.0
31173,NE,Thurston,2020,97.5
31175,NE,Valley,2020,94.6
31177,NE,Washington,2020,94.9
31179,NE,Wayne,2020,97.9
31181,NE,Webster,2020,92.7
31183,NE,Wheeler,2020,100.0
31185,NE,York,2020,92.7
34001,NJ,Atlantic,2020,95.0
34003,NJ,Bergen,2020,96.3
34005,NJ,Burlington,2020,96.2
34007,NJ,Camden,2020,95.9
34009,NJ,Cape May,2020,96.5
34011,NJ,Cumberland,2020,97.9
34013,NJ,Essex,2020,96.6
34015,NJ,Gloucester,2020,96.9
34017,NJ,Hudson,2020,96.2
34019,NJ,Hunterdon,2020,94.9
34021,NJ,Mercer,2020,96.3
34023,NJ,Middlesex,2020,97.2
34025,NJ,Monmouth,2020,94.0
34027,NJ,Morris,2020,96.4
34029,NJ,Ocean,2020,92.0
34031,NJ,Passaic,2020,96.9
34033,NJ,Salem,2020,97.8
34035,NJ,Somerset,2020,96.8
34037,NJ,Sussex,2020,95.3
34039,NJ,Union,2020,96.8
34041,NJ,Warren,2020,94.9
35001,NM,Bernalillo,2020,96.4
35003,NM,Catron,2020,85.7
35005,NM,Chaves,2020,99.1
35006,NM,Cibola,2020,97.6
35007,NM,Colfax,2020,96.2
35009,NM,Curry,2020,98.1
35011,NM,De Baca,2020,100.0
35013,NM,Dona Ana,2020,98.6
35015,NM,Eddy,2020,99.1
35017,NM,Grant,2020,96.7
35019,NM,Guadalupe,2020,93.8
35021,NM,Harding,2020,87.5
35023,NM,Hidalgo,2020,97.7
35025,NM,Lea,2020,98.1
35027,NM,Lincoln,2020,93.3
35028,NM,Los Alamos,2020,98.0
35029,NM,Luna,2020,97.6
35031,NM,McKinley,2020,95.5
35033,NM,Mora,2020,95.4
35035,NM,Otero,2020,97.3
35037,NM,Quay,2020,100.0
35039,NM,Rio Arriba,2020,98.4
35041,NM,Roosevelt,2020,96.2
35043,NM,Sandoval,2020,98.2
35045,NM,San Juan,2020,96.7
35047,NM,San Miguel,2020,97.8
35049,NM,Santa Fe,2020,93.3
35051,NM,Sierra,2020,94.1
35053,NM,Socorro,2020,96.6
35055,NM,Taos,2020,90.7
35057,NM,Torrance,2020,97.5
35059,NM,Union,2020,82.5
35061,NM,Valencia,2020,99.1
36001,NY,Albany,2020,99.9
36003,NY,Allegany,2020,99.8
36005,NY,Bronx,2020,99.1
36007,NY,Broome,2020,99.6
36009,NY,Cattaraugus,2020,99.9
36011,NY,Cayuga,2020,99.9
36013,NY,Chautauqua,2020,99.6
36015,NY,Chemung,2020,99.9
36017,NY,Chenango,2020,100.0
36019,NY,Clinton,2020,99.9
36021,NY,Columbia,2020,99.6
36023,NY,Cortland,2020,100.0
36025,NY,Delaware,2020,99.8
36027,NY,Dutchess,2020,99.3
36029,NY,Erie,2020,99.5
36031,NY,Essex,2020,99.6
36033,NY,Franklin,2020,99.8
36035,NY,Fulton,2020,99.7
36037,NY,Genesee,2020,99.7
36039,NY,Greene,2020,99.6
36041,NY,Hamilton,2020,100.0
36043,NY,Herkimer,2020,99.9
36045,NY,Jefferson,2020,99.9
36047,NY,Kings,2020,99.1
36049,NY,Lewis,2020,99.9
36051,NY,Livingston,2020,99.9
36053,NY,Madison,2020,98.1
36055,NY,Monroe,2020,99.8
36057,NY,Montgomery,2020,99.7
36059,NY,Nassau,2020,99.7
36061,NY,New York,2020,98.9
36063,NY,Niagara,2020,99.9
36065,NY,Oneida,2020,99.7
36067,NY,Onondaga,2020,99.9
36069,NY,Ontario,2020,99.9
36071,NY,Orange,2020,98.3
36073,NY,Orleans,2020,100.0
36075,NY,Oswego,2020,100.0
36077,NY,Otsego,2020,99.8
36079,NY,Putnam,2020,99.3
36081,NY,Queens,2020,99.7
36083,NY,Rensselaer,2020,99.8
36085,NY,Richmond,2020,99.7
36087,NY,Rockland,2020,99.1
36089,NY,St Lawrence,2020,100.0
36091,NY,Saratoga,2020,99.9
36093,NY,Schenectady,2020,99.9
36095,NY,Schoharie,2020,99.8
36097,NY,Schuyler,2020,100.0
36099,NY,Seneca,2020,98.6
36101,NY,Steuben,2020,99.9
36103,NY,Suffolk,2020,99.7
36105,NY,Sullivan,2020,98.2
36107,NY,Tioga,2020,99.9
36109,NY,Tompkins,2020,98.3
36111,NY,Ulster,2020,99.5
36113,NY,Warren,2020,100.0
36115,NY,Washington,2020,99.8
36117,NY,Wayne,2020,99.9
36119,NY,Westchester,2020,99.4
36121,NY,Wyoming,2020,99.6
36123,NY,Yates,2020,94.6
40001,OK,Adair,2020,95.0
40003,OK,Alfalfa,2020,83.1
40005,OK,Atoka,2020,88.5
40007,OK,Beaver,2020,92.9
40009,OK,Beckham,2020,95.9
40011,OK,Blaine,2020,84.2
40013,OK,Bryan,2020,96.3
40015,OK,Caddo,2020,93.1
40017,OK,Canadian,2020,95.6
40019,OK,Carter,2020,97.2
40021,OK,Cherokee,2020,95.9
40023,OK,Choctaw,2020,99.0
40025,OK,Cimarron,2020,95.0
40027,OK,Cleveland,2020,94.8
40029,OK,Coal,2020,97.3
40031,OK,Comanche,2020,93.8
40033,OK,Cotton,2020,90.6
40035,OK,Craig,2020,80.3
40037,OK,Creek,2020,94.7
40039,OK,Custer,2020,93.5
40041,OK,Delaware,2020,93.3
40043,OK,Dewey,2020,66.7
40045,OK,Ellis,2020,89.7
40047,OK,Garfield,2020,97.9
40049,OK,Garvin,2020,94.7
40051,OK,Grady,2020,93.4
40053,OK,Grant,2020,94.1
40055,OK,Greer,2020,87.5
40057,OK,Harmon,2020,100.0
40059,OK,Harper,2020,94.5
40061,OK,Haskell,2020,96.9
40063,OK,Hughes,2020,99.1
40065,OK,Jackson,2020,98.8
40067,OK,Jefferson,2020,94.9
40069,OK,Johnston,2020,87.2
40071,OK,Kay,2020,95.2
40073,OK,Kingfisher,2020,94.6
40075,OK,Kiowa,2020,92.0
40077,OK,Latimer,2020,62.5
40079,OK,Le Flore,2020,95.4
40081,OK,Lincoln,2020,87.6
40083,OK,Logan,2020,84.2
40085,OK,Love,2020,100.0
40087,OK,McClain,2020,95.0
40089,OK,McCurtain,2020,94.8
40091,OK,McIntosh,2020,95.3
40093,OK,Major,2020,98.3
40095,OK,Marshall,2020,97.4
40097,OK,Mayes,2020,93.3
40099,OK,Murray,2020,85.3
40101,OK,Muskogee,2020,93.8
40103,OK,Noble,2020,89.5
40105,OK,Nowata,2020,97.0
40107,OK,Okfuskee,2020,82.1
40109,OK,Oklahoma,2020,92.7
40111,OK,Okmulgee,2020,96.3
40113,OK,Osage,2020,84.9
40115,OK,Ottawa,2020,92.7
40117,OK,Pawnee,2020,91.6
40119,OK,Payne,2020,95.6
40121,OK,Pittsburg,2020,94.4
40123,OK,Pontotoc,2020,98.7
40125,OK,Pottawatomie,2020,96.3
40127,OK,Pushmataha,2020,99.2
40129,OK,Roger Mills,2020,94.9
40131,OK,Rogers,2020,95.4
40133,OK,Seminole,2020,92.3
40135,OK,Sequoyah,2020,89.6
40137,OK,Stephens,2020,96.4
40139,OK,Texas,2020,98.8
40141,OK,Tillman,2020,92.4
40143,OK,Tulsa,2020,93.0
40145,OK,Wagoner,2020,89.3
40147,OK,Washington,2020,94.7
40149,OK,Washita,2020,96.7
40151,OK,Woods,2020,93.4
40153,OK,Woodward,2020,96.5
41001,OR,Baker,2020,94.3
41003,OR,Benton,2020,94.7
41005,OR,Clackamas,2020,92.3
41007,OR,Clatsop,2020,95.1
41009,OR,Columbia,2020,92.2
41011,OR,Coos,2020,95.8
41013,OR,Crook,2020,95.1
41015,OR,Curry,2020,89.3
41017,OR,Deschutes,2020,91.3
41019,OR,Douglas,2020,92.2
41021,OR,Gilliam,2020,94.9
41023,OR,Grant,2020,90.7
41025,OR,Harney,2020,92.5
41027,OR,Hood River,2020,93.1
41029,OR,Jackson,2020,89.7
41031,OR,Jefferson,2020,95.6
41033,OR,Josephine,2020,85.3
41035,OR,Klamath,2020,93.9
41037,OR,Lake,2020,90.8
41039,OR,Lane,2020,94.7
41041,OR,Lincoln,2020,93.6
41043,OR,Linn,2020,95.2
41045,OR,Malheur,2020,96.1
41047,OR,Marion,2020,95.2
41049,OR,Morrow,2020,98.8
41051,OR,Multnomah,2020,92.7
41053,OR,Polk,2020,94.5
41055,OR,Sherman,2020,94.9
41057,OR,Tillamook,2020,93.5
41059,OR,Umatilla,2020,96.2
41061,OR,Union,2020,93.6
41063,OR,Wallowa,2020,95.6
41065,OR,Wasco,2020,94.9
41067,OR,Washington,2020,95.8
41069,OR,Wheeler,2020,100.0
41071,OR,Yamhill,2020,93.2
42001,PA,Adams,2020,96.2
42003,PA,Allegheny,2020,97.1
42005,PA,Armstrong,2020,95.9
42007,PA,Beaver,2020,94.7
42009,PA,Bedford,2020,97.5
42011,PA,Berks,2020,97.7
42013,PA,Blair,2020,97.1
42015,PA,Bradford,2020,95.2
42017,PA,Bucks,2020,97.0
42019,PA,Butler,2020,95.0
42021,PA,Cambria,2020,98.6
42023,PA,Cameron,2020,95.3
42025,PA,Carbon,2020,96.6
42027,PA,Centre,2020,96.8
42029,PA,Chester,2020,96.6
42031,PA,Clarion,2020,97.0
42033,PA,Clearfield,2020,97.3
42035,PA,Clinton,2020,96.6
42037,PA,Columbia,2020,99.3
42039,PA,Crawford,2020,96.4
42041,PA,Cumberland,2020,97.1
42043,PA,Dauphin,2020,83.3
42045,PA,Delaware,2020,96.7
42047,PA,Elk,2020,99.3
42049,PA,Erie,2020,96.1
42051,PA,Fayette,2020,96.7
42053,PA,Forest,2020,100.0
42055,PA,Franklin,2020,96.3
42057,PA,Fulton,2020,97.8
42059,PA,Greene,2020,96.5
42061,PA,Huntingdon,2020,97.1
42063,PA,Indiana,2020,97.3
42065,PA,Jefferson,2020,97.1
42067,PA,Juniata,2020,97.9
42069,PA,Lackawanna,2020,98.1
42071,PA,Lancaster,2020,94.3
42073,PA,Lawrence,2020,97.3
42075,PA,Lebanon,2020,97.0
42077,PA,Lehigh,2020,97.3
42079,PA,Luzerne,2020,96.5
42081,PA,Lycoming,2020,97.5
42083,PA,McKean,2020,98.7
42085,PA,Mercer,2020,96.4
42087,PA,Mifflin,2020,97.6
42089,PA,Monroe,2020,94.7
42091,PA,Montgomery,2020,96.5
42093,PA,Montour,2020,97.2
42095,PA,Northampton,2020,96.6
42097,PA,Northumberland,2020,97.4
42099,PA,Perry,2020,97.4
42101,PA,Philadelphia,2020,97.4
42103,PA,Pike,2020,94.0
42105,PA,Potter,2020,94.7
42107,PA,Schuylkill,2020,97.5
42109,PA,Snyder,2020,96.1
42111,PA,Somerset,2020,97.7
42113,PA,Sullivan,2020,95.3
42115,PA,Susquehanna,2020,94.9
42117,PA,Tioga,2020,95.1
42119,PA,Union,2020,96.6
42121,PA,Venango,2020,97.2
42123,PA,Warren,2020,98.8
42125,PA,Washington,2020,96.0
42127,PA,Wayne,2020,92.8
42129,PA,Westmoreland,2020,95.4
42131,PA,Wyoming,2020,98.3
42133,PA,York,2020,97.3
45001,SC,Abbeville,2020,96.8
45003,SC,Aiken,2020,93.4
45005,SC,Allendale,2020,98.4
45007,SC,Anderson,2020,97.6
45009,SC,Bamberg,2020,99.8
45011,SC,Barnwell,2020,98.3
45013,SC,Beaufort,2020,96.7
45015,SC,Berkeley,2020,95.3
45017,SC,Calhoun,2020,96.9
45019,SC,Charleston,2020,95.9
45021,SC,Cherokee,2020,97.3
45023,SC,Chester,2020,98.5
45025,SC,Chesterfield,2020,99.1
45027,SC,Clarendon,2020,98.9
45029,SC,Colleton,2020,98.3
45031,SC,Darlington,2020,98.7
45033,SC,Dillon,2020,99.2
45035,SC,Dorchester,2020,96.5
45037,SC,Edgefield,2020,99.1
45039,SC,Fairfield,2020,96.4
45041,SC,Florence,2020,98.3
45043,SC,Georgetown,2020,97.9
45045,SC,Greenville,2020,95.9
45047,SC,Greenwood,2020,97.4
45049,SC,Hampton,2020,98.6
45051,SC,Horry,2020,95.4
45053,SC,Jasper,2020,95.1
45055,SC,Kershaw,2020,97.9
45057,SC,Lancaster,2020,95.8
45059,SC,Laurens,2020,97.5
45061,SC,Lee,2020,97.3
45063,SC,Lexington,2020,96.4
45065,SC,McCormick,2020,99.4
45067,SC,Marion,2020,99.5
45069,SC,Marlboro,2020,99.0
45071,SC,Newberry,2020,98.3
45073,SC,Oconee,2020,95.8
45075,SC,Orangeburg,2020,97.8
45077,SC,Pickens,2020,97.6
45079,SC,Richland,2020,93.9
45081,SC,Saluda,2020,98.6
45083,SC,Spartanburg,2020,95.1
45085,SC,Sumter,2020,95.5
45087,SC,Union,2020,99.2
45089,SC,Williamsburg,2020,96.3
45091,SC,York,2020,97.3
46003,SD,Aurora,2020,96.0
46005,SD,Beadle,2020,94.0
46007,SD,Bennett,2020,100.0
46009,SD,Bon Homme,2020,96.0
46011,SD,Brookings,2020,95.0
46013,SD,Brown,2020,97.0
46015,SD,Brule,2020,99.0
46019,SD,Butte,2020,98.0
46021,SD,Campbell,2020,92.0
46023,SD,Charles Mix,2020,94.0
46025,SD,Clark,2020,82.0
46027,SD,Clay,2020,95.0
46029,SD,Codington,2020,93.0
46031,SD,Corson,2020,100.0
46033,SD,Custer,2020,96.0
46035,SD,Davison,2020,96.0
46037,SD,Day,2020,100.0
46039,SD,Deuel,2020,100.0
46041,SD,Dewey,2020,98.0
46043,SD,Douglas,2020,82.0
46045,SD,Edmunds,2020,96.0
46047,SD,Fall River,2020,82.0
46049,SD,Faulk,2020,91.0
46051,SD,Grant,2020,98.0
46053,SD,Gregory,2020,93.0
46055,SD,Haakon,2020,95.0
46057,SD,Hamlin,2020,94.0
46059,SD,Hand,2020,98.0
46061,SD,Hanson,2020,88.0
46063,SD,Harding,2020,86.0
46065,SD,Hughes,2020,100.0
46067,SD,Hutchinson,2020,90.0
46069,SD,Hyde,2020,94.0
46071,SD,Jackson,2020,100.0
46073,SD,Jerauld,2020,94.0
46075,SD,Jones,2020,88.0
46077,SD,Kingsbury,2020,96.0
46079,SD,Lake,2020,95.0
46081,SD,Lawrence,2020,93.0
46083,SD,Lincoln,2020,96.0
46085,SD,Lyman,2020,100.0
46087,SD,McCook,2020,93.0
46089,SD,McPherson,2020,89.0
46091,SD,Marshall,2020,91.0
46093,SD,Meade,2020,93.0
46095,SD,Mellette,2020,100.0
46097,SD,Miner,2020,84.0
46099,SD,Minnehaha,2020,96.0
46101,SD,Moody,2020,98.0
46102,SD,Oglala Lakota,2020,98.0
46103,SD,Pennington,2020,98.0
46105,SD,Perkins,2020,100.0
46107,SD,Potter,2020,100.0
46109,SD,Roberts,2020,98.0
46111,SD,Sanborn,2020,90.0
46115,SD,Spink,2020,94.0
46117,SD,Stanley,2020,96.0
46119,SD,Sully,2020,91.0
46121,SD,Todd,2020,96.0
46123,SD,Tripp,2020,90.0
46125,SD,Turner,2020,92.0
46127,SD,Union,2020,97.0
46129,SD,Walworth,2020,95.0
46135,SD,Yankton,2020,99.0
46137,SD,Ziebach,2020,93.0
47001,TN,Anderson,2020,98.8
47003,TN,Bedford,2020,98.6
47005,TN,Benton,2020,99.3
47007,TN,Bledsoe,2020,99.1
47009,TN,Blount,2020,95.3
47011,TN,Bradley,2020,95.3
47013,TN,Campbell,2020,98.4
47015,TN,Cannon,2020,94.2
47017,TN,Carroll,2020,98.4
47019,TN,Carter,2020,97.8
47021,TN,Cheatham,2020,98.1
47023,TN,Chester,2020,99.6
47025,TN,Claiborne,2020,97.1
47027,TN,Clay,2020,100.0
47029,TN,Cocke,2020,97.5
47031,TN,Coffee,2020,97.7
47033,TN,Crockett,2020,98.2
47035,TN,Cumberland,2020,97.9
47037,TN,Davidson,2020,96.1
47039,TN,Decatur,2020,97.8
47041,TN,De Kalb,2020,99.1
47043,TN,Dickson,2020,97.0
47045,TN,Dyer,2020,98.2
47047,TN,Fayette,2020,97.9
47049,TN,Fentress,2020,84.7
47051,TN,Franklin,2020,97.3
47053,TN,Gibson,2020,97.2
47055,TN,Giles,2020,96.3
47057,TN,Grainger,2020,99.1
47059,TN,Greene,2020,97.1
47061,TN,Grundy,2020,93.3
47063,TN,Hamblen,2020,97.4
47065,TN,Hamilton,2020,95.1
47067,TN,Hancock,2020,98.5
47069,TN,Hardeman,2020,97.8
47071,TN,Hardin,2020,96.2
47073,TN,Hawkins,2020,97.7
47075,TN,Haywood,2020,90.8
47077,TN,Henderson,2020,97.9
47079,TN,Henry,2020,97.9
47081,TN,Hickman,2020,96.9
47083,TN,Houston,2020,98.9
47085,TN,Humphreys,2020,96.9
47087,TN,Jackson,2020,88.0
47089,TN,Jefferson,2020,96.5
47091,TN,Johnson,2020,99.3
47093,TN,Knox,2020,96.4
47095,TN,Lake,2020,100.0
47097,TN,Lauderdale,2020,99.2
47099,TN,Lawrence,2020,96.3
47101,TN,Lewis,2020,97.2
47103,TN,Lincoln,2020,97.9
47105,TN,Loudon,2020,97.4
47107,TN,McMinn,2020,97.3
47109,TN,McNairy,2020,97.1
47111,TN,Macon,2020,97.7
47113,TN,Madison,2020,96.8
47115,TN,Marion,2020,98.7
47117,TN,Marshall,2020,96.4
47119,TN,Maury,2020,95.6
47121,TN,Meigs,2020,99.2
47123,TN,Monroe,2020,96.8
47125,TN,Montgomery,2020,96.4
47127,TN,Moore,2020,96.0
47129,TN,Morgan,2020,96.3
47131,TN,Obion,2020,97.9
47133,TN,Overton,2020,99.6
47135,TN,Perry,2020,100.0
47137,TN,Pickett,2020,89.8
47139,TN,Polk,2020,96.3
47141,TN,Putnam,2020,96.6
47143,TN,Rhea,2020,98.4
47145,TN,Roane,2020,96.9
47147,TN,Robertson,2020,95.9
47149,TN,Rutherford,2020,97.0
47151,TN,Scott,2020,98.5
47153,TN,Sequatchie,2020,97.3
47155,TN,Sevier,2020,97.3
47157,TN,Shelby,2020,97.5
47159,TN,Smith,2020,97.5
47161,TN,Stewart,2020,98.6
47163,TN,Sullivan,2020,97.6
47165,TN,Sumner,2020,96.7
47167,TN,Tipton,2020,98.7
47169,TN,Trousdale,2020,100.0
47171,TN,Unicoi,2020,98.1
47173,TN,Union,2020,88.3
47175,TN,Van Buren,2020,98.1
47177,TN,Warren,2020,97.9
47179,TN,Washington,2020,97.2
47181,TN,Wayne,2020,94.5
47183,TN,Weakley,2020,97.8
47185,TN,White,2020,95.2
47187,TN,Williamson,2020,95.8
47189,TN,Wilson,2020,97.4
48001,TX,Anderson,2020,97.9
48003,TX,Andrews,2020,99.0
48005,TX,Angelina,2020,98.2
48007,TX,Aransas,2020,97.4
48009,TX,Archer,2020,98.6
48011,TX,Armstrong,2020,92.6
48013,TX,Atascosa,2020,99.8
48015,TX,Austin,2020,98.4
48017,TX,Bailey,2020,98.9
48019,TX,Bandera,2020,95.6
48021,TX,Bastrop,2020,95.7
48023,TX,Baylor,2020,100.0
48025,TX,Bee,2020,98.7
48027,TX,Bell,2020,97.2
48029,TX,Bexar,2020,97.0
48031,TX,Blanco,2020,93.7
48033,TX,Borden,2020,100.0
48035,TX,Bosque,2020,93.0
48037,TX,Bowie,2020,96.4
48039,TX,Brazoria,2020,97.7
48041,TX,Brazos,2020,97.0
48043,TX,Brewster,2020,91.3
48045,TX,Briscoe,2020,100.0
48047,TX,Brooks,2020,100.0
48049,TX,Brown,2020,97.0
48051,TX,Burleson,2020,99.6
48053,TX,Burnet,2020,95.0
48055,TX,Caldwell,2020,98.0
48057,TX,Calhoun,2020,99.3
48059,TX,Callahan,2020,95.9
48061,TX,Cameron,2020,99.3
48063,TX,Camp,2020,100.0
48065,TX,Carson,2020,93.4
48067,TX,Cass,2020,96.0
48069,TX,Castro,2020,95.5
48071,TX,Chambers,2020,97.0
48073,TX,Cherokee,2020,99.2
48075,TX,Childress,2020,96.8
48077,TX,Clay,2020,97.7
48079,TX,Cochran,2020,93.3
48081,TX,Coke,2020,97.4
48083,TX,Coleman,2020,100.0
48085,TX,Collin,2020,95.5
48087,TX,Collingsworth,2020,90.0
48089,TX,Colorado,2020,98.9
48091,TX,Comal,2020,95.2
48093,TX,Comanche,2020,96.0
48095,TX,Concho,2020,100.0
48097,TX,Cooke,2020,98.1
48099,TX,Coryell,2020,97.2
48101,TX,Cottle,2020,100.0
48103,TX,Crane,2020,98.8
48105,TX,Crockett,2020,100.0
48107,TX,Crosby,2020,100.0
48109,TX,Culberson,2020,100.0
48111,TX,Dallam,2020,92.9
48113,TX,Dallas,2020,97.2
48115,TX,Dawson,2020,91.1
48117,TX,Deaf Smith,2020,99.7
48119,TX,Delta,2020,98.3
48121,TX,Denton,2020,95.2
48123,TX,DeWitt,2020,97.1
48125,TX,Dickens,2020,96.2
48127,TX,Dimmit,2020,100.0
48129,TX,Donley,2020,100.0
48131,TX,Duval,2020,98.7
48133,TX,Eastland,2020,95.5
48135,TX,Ector,2020,97.6
48137,TX,Edwards,2020,95.7
48139,TX,Ellis,2020,96.6
48141,TX,El Paso,2020,98.6
48143,TX,Erath,2020,97.4
48145,TX,Falls,2020,98.3
48147,TX,Fannin,2020,95.1
48149,TX,Fayette,2020,98.2
48151,TX,Fisher,2020,96.0
48153,TX,Floyd,2020,100.0
48155,TX,Foard,2020,100.0
48157,TX,Fort Bend,2020,98.6
48159,TX,Franklin,2020,98.0
48161,TX,Freestone,2020,97.0
48163,TX,Frio,2020,98.1
48165,TX,Gaines,2020,80.4
48167,TX,Galveston,2020,97.1
48169,TX,Garza,2020,97.0
48171,TX,Gillespie,2020,94.5
48173,TX,Glasscock,2020,95.0
48175,TX,Goliad,2020,97.4
48177,TX,Gonzales,2020,98.8
48179,TX,Gray,2020,98.6
48181,TX,Grayson,2020,96.5
48183,TX,Gregg,2020,96.0
48185,TX,Grimes,2020,98.2
48187,TX,Guadalupe,2020,98.1
48189,TX,Hale,2020,98.0
48191,TX,Hall,2020,90.9
48193,TX,Hamilton,2020,98.8
48195,TX,Hansford,2020,96.1
48197,TX,Hardeman,2020,96.8
48199,TX,Hardin,2020,96.7
48201,TX,Harris,2020,96.8
48203,TX,Harrison,2020,97.5
48205,TX,Hartley,2020,93.3
48207,TX,Haskell,2020,94.2
48209,TX,Hays,2020,96.4
48211,TX,Hemphill,2020,100.0
48213,TX,Henderson,2020,96.7
48215,TX,Hidalgo,2020,99.2
48217,TX,Hill,2020,94.4
48219,TX,Hockley,2020,98.2
48221,TX,Hood,2020,92.8
48223,TX,Hopkins,2020,97.9
48225,TX,Houston,2020,95.9
48227,TX,Howard,2020,99.0
48229,TX,Hudspeth,2020,97.3
48231,TX,Hunt,2020,97.8
48233,TX,Hutchinson,2020,95.9
48235,TX,Irion,2020,96.2
48237,TX,Jack,2020,95.2
48239,TX,Jackson,2020,98.8
48241,TX,Jasper,2020,93.5
48243,TX,Jeff Davis,2020,84.6
48245,TX,Jefferson,2020,97.7
48247,TX,Jim Hogg,2020,100.0
48249,TX,Jim Wells,2020,97.5
48251,TX,Johnson,2020,95.7
48253,TX,Jones,2020,99.0
48255,TX,Karnes,2020,98.5
48257,TX,Kaufman,2020,96.5
48259,TX,Kendall,2020,94.0
48261,TX,Kenedy,2020,100.0
48263,TX,Kent,2020,100.0
48265,TX,Kerr,2020,92.9
48267,TX,Kimble,2020,97.9
48269,TX,King,2020,88.9
48271,TX,Kinney,2020,100.0
48273,TX,Kleberg,2020,98.9
48275,TX,Knox,2020,100.0
48277,TX,Lamar,2020,97.5
48279,TX,Lamb,2020,100.0
48281,TX,Lampasas,2020,95.7
48283,TX,La Salle,2020,97.9
48285,TX,Lavaca,2020,98.0
48287,TX,Lee,2020,97.6
48289,TX,Leon,2020,98.1
48291,TX,Liberty,2020,97.9
48293,TX,Limestone,2020,97.9
48295,TX,Lipscomb,2020,93.8
48297,TX,Live Oak,2020,100.0
48299,TX,Llano,2020,96.2
48303,TX,Lubbock,2020,94.8
48305,TX,Lynn,2020,97.6
48307,TX,McCulloch,2020,98.8
48309,TX,McLennan,2020,96.9
48313,TX,Madison,2020,100.0
48315,TX,Marion,2020,98.6
48317,TX,Martin,2020,96.6
48319,TX,Mason,2020,96.8
48321,TX,Matagorda,2020,98.0
48323,TX,Maverick,2020,99.3
48325,TX,Medina,2020,98.3
48327,TX,Menard,2020,100.0
48329,TX,Midland,2020,97.1
48331,TX,Milam,2020,98.4
48333,TX,Mills,2020,98.0
48335,TX,Mitchell,2020,97.9
48337,TX,Montague,2020,88.2
48339,TX,Montgomery,2020,95.8
48341,TX,Moore,2020,95.7
48343,TX,Morris,2020,97.8
48345,TX,Motley,2020,100.0
48347,TX,Nacogdoches,2020,98.5
48349,TX,Navarro,2020,98.8
48351,TX,Newton,2020,93.5
48353,TX,Nolan,2020,99.6
48355,TX,Nueces,2020,98.5
48357,TX,Ochiltree,2020,93.4
48359,TX,Oldham,2020,98.2
48361,TX,Orange,2020,95.1
48363,TX,Palo Pinto,2020,95.4
48365,TX,Panola,2020,90.0
48367,TX,Parker,2020,94.8
48369,TX,Parmer,2020,92.4
48371,TX,Pecos,2020,98.3
48373,TX,Polk,2020,94.6
48375,TX,Potter,2020,97.8
48377,TX,Presidio,2020,99.0
48379,TX,Rains,2020,90.9
48381,TX,Randall,2020,96.0
48383,TX,Reagan,2020,95.5
48385,TX,Real,2020,100.0
48387,TX,Red River,2020,98.6
48389,TX,Reeves,2020,98.4
48391,TX,Refugio,2020,96.2
48393,TX,Roberts,2020,100.0
48395,TX,Robertson,2020,96.7
48397,TX,Rockwall,2020,94.9
48399,TX,Runnels,2020,99.3
48401,TX,Rusk,2020,97.0
48403,TX,Sabine,2020,97.2
48405,TX,San Augustine,2020,93.8
48407,TX,San Jacinto,2020,97.4
48409,TX,San Patricio,2020,98.9
48411,TX,San Saba,2020,97.3
48413,TX,Schleicher,2020,100.0
48415,TX,Scurry,2020,96.1
48417,TX,Shackelford,2020,92.7
48419,TX,Shelby,2020,96.4
48421,TX,Sherman,2020,91.7
48423,TX,Smith,2020,96.8
48425,TX,Somervell,2020,92.9
48427,TX,Starr,2020,99.2
48429,TX,Stephens,2020,95.5
48431,TX,Sterling,2020,92.0
48435,TX,Sutton,2020,96.3
48437,TX,Swisher,2020,99.1
48439,TX,Tarrant,2020,95.9
48441,TX,Taylor,2020,98.2
48443,TX,Terrell,2020,100.0
48445,TX,Terry,2020,96.0
48447,TX,Throckmorton,2020,100.0
48449,TX,Titus,2020,100.0
48451,TX,Tom Green,2020,98.1
48453,TX,Travis,2020,96.2
48455,TX,Trinity,2020,98.1
48457,TX,Tyler,2020,96.4
48459,TX,Upshur,2020,96.8
48461,TX,Upton,2020,98.6
48463,TX,Uvalde,2020,97.1
48465,TX,Val Verde,2020,98.6
48467,TX,Van Zandt,2020,94.3
48469,TX,Victoria,2020,98.2
48471,TX,Walker,2020,97.1
48473,TX,Waller,2020,98.2
48475,TX,Ward,2020,98.1
48477,TX,Washington,2020,98.4
48479,TX,Webb,2020,99.6
48481,TX,Wharton,2020,98.6
48483,TX,Wheeler,2020,91.7
48485,TX,Wichita,2020,98.2
48487,TX,Wilbarger,2020,98.6
48489,TX,Willacy,2020,98.3
48491,TX,Williamson,2020,95.1
48493,TX,Wilson,2020,98.2
48495,TX,Winkler,2020,98.5
48497,TX,Wise,2020,94.0
48499,TX,Wood,2020,94.6
48501,TX,Yoakum,2020,95.1
48503,TX,Young,2020,97.2
48505,TX,Zapata,2020,99.2
48507,TX,Zavala,2020,99.4
49001,UT,Beaver,2020,94.5
49003,UT,Box Elder,2020,92.8
49005,UT,Cache,2020,94.5
49007,UT,Carbon,2020,92.8
49011,UT,Davis,2020,94.2
49013,UT,Duchesne,2020,93.0
49015,UT,Emery,2020,88.9
49019,UT,Grand,2020,95.6
49021,UT,Iron,2020,90.6
49023,UT,Juab,2020,85.5
49025,UT,Kane,2020,78.8
49027,UT,Millard,2020,93.2
49029,UT,Morgan,2020,91.8
49035,UT,Salt Lake,2020,94.9
49037,UT,San Juan,2020,89.7
49039,UT,Sanpete,2020,94.0
49041,UT,Sevier,2020,93.2
49043,UT,Summit,2020,90.3
49045,UT,Tooele,2020,95.3
49047,UT,Uintah,2020,91.3
49049,UT,Utah,2020,91.9
49051,UT,Wasatch,2020,90.8
49053,UT,Washington,2020,88.7
49057,UT,Weber,2020,93.7
51001,VA,Accomack,2020,94.9
51003,VA,Albemarle,2020,92.7
51005,VA,Alleghany,2020,97.0
51007,VA,Amelia,2020,96.9
51009,VA,Amherst,2020,97.5
51011,VA,Appomattox,2020,97.4
51013,VA,Arlington,2020,97.1
51015,VA,Augusta,2020,92.6
51017,VA,Bath,2020,100.0
51019,VA,Bedford,2020,93.5
51021,VA,Bland,2020,100.0
51023,VA,Botetourt,2020,96.8
51025,VA,Brunswick,2020,99.1
51027,VA,Buchanan,2020,99.4
51029,VA,Buckingham,2020,98.1
51031,VA,Campbell,2020,82.6
51033,VA,Caroline,2020,95.5
51035,VA,Carroll,2020,95.2
51036,VA,Charles City,2020,93.0
51037,VA,Charlotte,2020,96.7
51041,VA,Chesterfield,2020,89.0
51043,VA,Clarke,2020,94.5
51047,VA,Culpeper,2020,92.8
51049,VA,Cumberland,2020,97.8
51051,VA,Dickenson,2020,100.0
51053,VA,Dinwiddie,2020,93.5
51057,VA,Essex,2020,81.2
51059,VA,Fairfax County,2020,88.1
51061,VA,Fauquier,2020,93.7
51063,VA,Floyd,2020,91.1
51065,VA,Fluvanna,2020,91.8
51067,VA,Franklin County,2020,97.4
51069,VA,Frederick,2020,94.8
51071,VA,Giles,2020,87.6
51073,VA,Gloucester,2020,95.7
51075,VA,Goochland,2020,94.8
51077,VA,Grayson,2020,96.4
51081,VA,Greensville,2020,95.7
51083,VA,Halifax,2020,85.1
51085,VA,Hanover,2020,96.1
51087,VA,Henrico,2020,95.0
51089,VA,Henry,2020,87.5
51091,VA,Highland,2020,100.0
51093,VA,Isle of Wight,2020,94.6
51095,VA,James City,2020,94.0
51097,VA,King and Queen,2020,100.0
51099,VA,King George,2020,95.7
51101,VA,King William,2020,97.9
51103,VA,Lancaster,2020,96.1
51105,VA,Lee,2020,87.1
51107,VA,Loudoun,2020,95.0
51109,VA,Louisa,2020,86.7
51111,VA,Lunenburg,2020,95.8
51113,VA,Madison,2020,86.9
51115,VA,Mathews,2020,97.0
51117,VA,Mecklenburg,2020,99.5
51119,VA,Middlesex,2020,96.9
51121,VA,Montgomery,2020,95.4
51125,VA,Nelson,2020,88.6
51127,VA,New Kent,2020,95.8
51131,VA,Northampton,2020,96.1
51133,VA,Northumberland,2020,96.3
51135,VA,Nottoway,2020,95.4
51137,VA,Orange,2020,96.4
51139,VA,Page,2020,97.1
51141,VA,Patrick,2020,98.2
51143,VA,Pittsylvania,2020,95.2
51145,VA,Powhatan,2020,96.2
51147,VA,Prince Edward,2020,98.8
51149,VA,Prince George,2020,96.1
51153,VA,Prince William,2020,94.5
51155,VA,Pulaski,2020,98.1
51157,VA,Rappahannock,2020,98.3
51159,VA,Richmond County,2020,98.8
51161,VA,Roanoke County,2020,97.1
51163,VA,Rockbridge,2020,94.5
51165,VA,Rockingham,2020,95.2
51167,VA,Russell,2020,97.7
51169,VA,Scott,2020,96.9
51171,VA,Shenandoah,2020,96.4
51173,VA,Smyth,2020,99.1
51175,VA,Southampton,2020,96.9
51177,VA,Spotsylvania,2020,92.0
51179,VA,Stafford,2020,95.7
51181,VA,Surry,2020,95.0
51183,VA,Sussex,2020,92.0
51185,VA,Tazewell,2020,89.6
51187,VA,Warren,2020,92.9
51191,VA,Washington,2020,94.3
51193,VA,Westmoreland,2020,99.1
51195,VA,Wise,2020,95.2
51197,VA,Wythe,2020,93.8
51199,VA,York,2020,97.5
51510,VA,Alexandria,2020,94.5
51520,VA,Bristol,2020,94.1
51530,VA,Buena Vista,2020,98.4
51540,VA,Charlottesville,2020,93.4
51550,VA,Chesapeake,2020,94.7
51570,VA,Colonial Heights,2020,91.1
51580,VA,Covington,2020,100.0
51590,VA,Danville,2020,93.5
51610,VA,Falls Church,2020,97.6
51620,VA,Franklin City,2020,97.6
51630,VA,Fredericksburg,2020,95.2
51640,VA,Galax,2020,99.1
51650,VA,Hampton,2020,93.8
51660,VA,Harrisonburg,2020,91.5
51670,VA,Hopewell,2020,92.0
51678,VA,Lexington,2020,95.9
51680,VA,Lynchburg,2020,68.6
51683,VA,Manassas,2020,95.7
51685,VA,Manassas Park,2020,85.5
51690,VA,Martinsville,2020,98.5
51700,VA,Newport News,2020,93.4
51710,VA,Norfolk,2020,92.7
51720,VA,Norton,2020,100.0
51730,VA,Petersburg,2020,84.4
51735,VA,Poquoson,2020,97.1
51740,VA,Portsmouth,2020,94.3
51750,VA,Radford,2020,97.6
51760,VA,Richmond City,2020,90.0
51770,VA,Roanoke City,2020,95.9
51775,VA,Salem,2020,95.1
51790,VA,Staunton,2020,77.0
51800,VA,Suffolk,2020,97.7
51810,VA,Virginia Beach,2020,93.8
51820,VA,Waynesboro,2020,96.6
51830,VA,Williamsburg,2020,96.1
51840,VA,Winchester,2020,92.9
50001,VT,Addison,2020,93.0
50003,VT,Bennington,2020,94.0
50005,VT,Caledonia,2020,95.0
50007,VT,Chittenden,2020,95.0
50011,VT,Franklin,2020,95.0
50015,VT,Lamoille,2020,88.0
50017,VT,Orange,2020,95.0
50019,VT,Orleans,2020,95.0
50021,VT,Rutland,2020,94.0
50023,VT,Washington,2020,92.0
50025,VT,Windham,2020,93.0
50027,VT,Windsor,2020,94.0
53001,WA,Adams,2020,97.7
53003,WA,Asotin,2020,96.3
53005,WA,Benton,2020,96.0
53007,WA,Chelan,2020,97.7
53009,WA,Clallam,2020,88.7
53011,WA,Clark,2020,92.1
53013,WA,Columbia,2020,93.8
53015,WA,Cowlitz,2020,95.1
53017,WA,Douglas,2020,99.2
53019,WA,Ferry,2020,84.5
53021,WA,Franklin,2020,97.5
53023,WA,Garfield,2020,100.0
53025,WA,Grant,2020,94.5
53027,WA,Grays Harbor,2020,87.8
53029,WA,Island,2020,93.7
53031,WA,Jefferson,2020,87.3
53033,WA,King,2020,95.6
53035,WA,Kitsap,2020,94.9
53037,WA,Kittitas,2020,91.9
53039,WA,Klickitat,2020,87.2
53041,WA,Lewis,2020,96.5
53043,WA,Lincoln,2020,90.7
53045,WA,Mason,2020,89.9
53047,WA,Okanogan,2020,93.3
53049,WA,Pacific,2020,96.5
53051,WA,Pend Oreille,2020,95.1
53053,WA,Pierce,2020,94.5
53055,WA,San Juan,2020,89.3
53057,WA,Skagit,2020,93.7
53059,WA,Skamania,2020,86.1
53061,WA,Snohomish,2020,94.2
53063,WA,Spokane,2020,92.6
53065,WA,Stevens,2020,84.0
53067,WA,Thurston,2020,93.7
53071,WA,Walla Walla,2020,97.0
53073,WA,Whatcom,2020,92.1
53075,WA,Whitman,2020,93.4
53077,WA,Yakima,2020,96.8
55001,WI,Adams,2020,91.0
55003,WI,Ashland,2020,91.0
55005,WI,Barron,2020,90.0
55007,WI,Bayfield,2020,77.0
55009,WI,Brown,2020,90.0
55011,WI,Buffalo,2020,95.0
55013,WI,Burnett,2020,85.0
55015,WI,Calumet,2020,89.0
55017,WI,Chippewa,2020,89.0
55019,WI,Clark,2020,85.0
55021,WI,Columbia,2020,91.0
55023,WI,Crawford,2020,84.0
55025,WI,Dane,2020,92.0
55027,WI,Dodge,2020,88.0
55029,WI,Door,2020,78.0
55031,WI,Douglas,2020,87.0
55033,WI,Dunn,2020,87.0
55035,WI,Eau Claire,2020,87.0
55037,WI,Florence,2020,88.0
55039,WI,Fond du Lac,2020,91.0
55041,WI,Forest,2020,92.0
55043,WI,Grant,2020,86.0
55045,WI,Green,2020,90.0
55047,WI,Green Lake,2020,91.0
55049,WI,Iowa,2020,91.0
55051,WI,Iron,2020,84.0
55053,WI,Jackson,2020,94.0
55055,WI,Jefferson,2020,93.0
55057,WI,Juneau,2020,90.0
55059,WI,Kenosha,2020,72.0
55061,WI,Kewaunee,2020,91.0
55063,WI,La Crosse,2020,90.0
55065,WI,Lafayette,2020,85.0
55067,WI,Langlade,2020,88.0
55069,WI,Lincoln,2020,81.0
55071,WI,Manitowoc,2020,92.0
55073,WI,Marathon,2020,90.0
55075,WI,Marinette,2020,90.0
55077,WI,Marquette,2020,86.0
55078,WI,Menominee,2020,95.0
55079,WI,Milwaukee,2020,80.0
55081,WI,Monroe,2020,88.0
55083,WI,Oconto,2020,84.0
55085,WI,Oneida,2020,90.0
55087,WI,Outagamie,2020,91.0
55089,WI,Ozaukee,2020,90.0
55091,WI,Pepin,2020,95.0
55093,WI,Pierce,2020,87.0
55095,WI,Polk,2020,85.0
55097,WI,Portage,2020,92.0
55099,WI,Price,2020,83.0
55101,WI,Racine,2020,88.0
55103,WI,Richland,2020,83.0
55105,WI,Rock,2020,89.0
55107,WI,Rusk,2020,90.0
55109,WI,St Croix,2020,89.0
55111,WI,Sauk,2020,90.0
55113,WI,Sawyer,2020,81.0
55115,WI,Shawano,2020,87.0
55117,WI,Sheboygan,2020,91.0
55119,WI,Taylor,2020,88.0
55121,WI,Trempealeau,2020,94.0
55123,WI,Vernon,2020,82.0
55125,WI,Vilas,2020,89.0
55127,WI,Walworth,2020,90.0
55129,WI,Washburn,2020,90.0
55131,WI,Washington,2020,91.0
55133,WI,Waukesha,2020,90.0
55135,WI,Waupaca,2020,87.0
55137,WI,Waushara,2020,82.0
55139,WI,Winnebago,2020,91.0
55141,WI,Wood,2020,91.0
01001,AL,Autauga,2021,89.8
01003,AL,Baldwin,2021,88.0
01005,AL,Barbour,2021,93.4
01007,AL,Bibb,2021,94.4
01009,AL,Blount,2021,96.3
01011,AL,Bullock,2021,91.6
01013,AL,Butler,2021,96.8
01015,AL,Calhoun,2021,96.3
01017,AL,Chambers,2021,95.5
01019,AL,Cherokee,2021,98.0
01021,AL,Chilton,2021,96.5
01023,AL,Choctaw,2021,92.4
01025,AL,Clarke,2021,98.0
01027,AL,Clay,2021,95.7
01029,AL,Cleburne,2021,94.6
01031,AL,Coffee,2021,97.1
01033,AL,Colbert,2021,93.3
01035,AL,Conecuh,2021,91.2
01037,AL,Coosa,2021,96.9
01039,AL,Covington,2021,97.1
01041,AL,Crenshaw,2021,98.0
01043,AL,Cullman,2021,95.6
01045,AL,Dale,2021,95.4
01047,AL,Dallas,2021,95.9
01049,AL,DeKalb,2021,95.5
01051,AL,Elmore,2021,94.0
01053,AL,Escambia,2021,95.6
01055,AL,Etowah,2021,95.3
01057,AL,Fayette,2021,92.8
01059,AL,Franklin,2021,96.0
01061,AL,Geneva,2021,99.4
01063,AL,Greene,2021,89.8
01065,AL,Hale,2021,88.7
01067,AL,Henry,2021,96.1
01069,AL,Houston,2021,93.6
01071,AL,Jackson,2021,94.7
01073,AL,Jefferson,2021,95.7
01075,AL,Lamar,2021,98.9
01077,AL,Lauderdale,2021,96.8
01079,AL,Lawrence,2021,96.4
01081,AL,Lee,2021,96.4
01083,AL,Limestone,2021,95.9
01085,AL,Lowndes,2021,94.4
01087,AL,Macon,2021,97.2
01089,AL,Madison,2021,95.2
01091,AL,Marengo,2021,91.4
01093,AL,Marion,2021,93.2
01095,AL,Marshall,2021,95.3
01097,AL,Mobile,2021,94.2
01099,AL,Monroe,2021,97.2
01101,AL,Montgomery,2021,92.9
01103,AL,Morgan,2021,94.8
01105,AL,Perry,2021,90.2
01107,AL,Pickens,2021,93.7
01109,AL,Pike,2021,94.8
01111,AL,Randolph,2021,95.2
01113,AL,Russell,2021,89.0
01115,AL,St Clair,2021,96.0
01117,AL,Shelby,2021,95.8
01119,AL,Sumter,2021,100.0
01121,AL,Talladega,2021,96.4
01123,AL,Tallapoosa,2021,96.5
01125,AL,Tuscaloosa,2021,92.4
01127,AL,Walker,2021,97.9
01129,AL,Washington,2021,94.4
01131,AL,Wilcox,2021,90.1
01133,AL,Winston,2021,92.8
04001,AZ,Apache,2021,92.7
04003,AZ,Cochise,2021,92.2
04005,AZ,Coconino,2021,87.3
04007,AZ,Gila,2021,87.5
04009,AZ,Graham,2021,90.5
04011,AZ,Greenlee,2021,91.3
04012,AZ,La Paz,2021,90.2
04013,AZ,Maricopa,2021,91.9
04015,AZ,Mohave,2021,87.1
04017,AZ,Navajo,2021,88.9
04019,AZ,Pima,2021,94.3
04021,AZ,Pinal,2021,92.1
04023,AZ,Santa Cruz,2021,97.3
04025,AZ,Yavapai,2021,79.5
04027,AZ,Yuma,2021,96.9
06001,CA,Alameda,2021,92.6
06005,CA,Amador,2021,94.6
06007,CA,Butte,2021,97.0
06009,CA,Calaveras,2021,92.8
06011,CA,Colusa,2021,96.5
06013,CA,Contra Costa,2021,96.4
06015,CA,Del Norte,2021,94.3
06017,CA,El Dorado,2021,84.8
06019,CA,Fresno,2021,98.3
06021,CA,Glenn,2021,90.6
06023,CA,Humboldt,2021,92.6
06025,CA,Imperial,2021,94.8
06027,CA,Inyo,2021,96.8
06029,CA,Kern,2021,90.9
06031,CA,Kings,2021,98.6
06033,CA,Lake,2021,95.6
06035,CA,Lassen,2021,95.5
06037,CA,Los Angeles,2021,94.4
06039,CA,Madera,2021,97.8
06041,CA,Marin,2021,97.7
06043,CA,Mariposa,2021,90.2
06045,CA,Mendocino,2021,91.9
06047,CA,Merced,2021,96.8
06049,CA,Modoc,2021,96.6
06051,CA,Mono,2021,99.0
06053,CA,Monterey,2021,98.8
06055,CA,Napa,2021,96.7
06057,CA,Nevada,2021,85.4
06059,CA,Orange,2021,96.8
06061,CA,Placer,2021,94.6
06063,CA,Plumas,2021,94.8
06065,CA,Riverside,2021,94.6
06067,CA,Sacramento,2021,94.5
06069,CA,San Benito,2021,93.8
06071,CA,San Bernardino,2021,93.1
06073,CA,San Diego,2021,95.4
06075,CA,San Francisco,2021,95.1
06077,CA,San Joaquin,2021,97.0
06079,CA,San Luis Obispo,2021,96.9
06081,CA,San Mateo,2021,98.3
06083,CA,Santa Barbara,2021,97.0
06085,CA,Santa Clara,2021,97.6
06087,CA,Santa Cruz,2021,92.2
06089,CA,Shasta,2021,91.9
06091,CA,Sierra,2021,95.0
06093,CA,Siskiyou,2021,90.7
06095,CA,Solano,2021,96.7
06097,CA,Sonoma,2021,94.0
06099,CA,Stanislaus,2021,96.2
06101,CA,Sutter,2021,84.3
06103,CA,Tehama,2021,97.4
06105,CA,Trinity,2021,89.6
06107,CA,Tulare,2021,97.8
06109,CA,Tuolumne,2021,91.8
06111,CA,Ventura,2021,96.6
06113,CA,Yolo,2021,95.4
06115,CA,Yuba,2021,93.9
08001,CO,Adams,2021,92.5
08003,CO,Alamosa,2021,86.1
08005,CO,Arapahoe,2021,92.8
08007,CO,Archuleta,2021,85.2
08009,CO,Baca,2021,90.2
08011,CO,Bent,2021,85.7
08013,CO,Boulder,2021,92.6
08014,CO,Broomfield,2021,93.7
08015,CO,Chaffee,2021,86.5
08017,CO,Cheyenne,2021,81.8
08019,CO,Clear Creek,2021,89.5
08021,CO,Conejos,2021,94.1
08023,CO,Costilla,2021,77.8
08025,CO,Crowley,2021,100.0
08027,CO,Custer,2021,58.8
08029,CO,Delta,2021,85.6
08031,CO,Denver,2021,91.4
08033,CO,Dolores,2021,93.3
08035,CO,Douglas,2021,92.7
08037,CO,Eagle,2021,92.4
08039,CO,Elbert,2021,80.0
08041,CO,El Paso,2021,83.8
08043,CO,Fremont,2021,89.5
08045,CO,Garfield,2021,89.4
08047,CO,Gilpin,2021,81.5
08049,CO,Grand,2021,90.3
08051,CO,Gunnison,2021,83.9
08053,CO,Hinsdale,2021,66.7
08055,CO,Huerfano,2021,70.0
08057,CO,Jackson,2021,88.9
08059,CO,Jefferson,2021,92.2
08061,CO,Kiowa,2021,95.0
08063,CO,Kit Carson,2021,86.8
08065,CO,Lake,2021,92.3
08067,CO,La Plata,2021,84.8
08069,CO,Larimer,2021,88.4
08071,CO,Las Animas,2021,89.5
08073,CO,Lincoln,2021,83.1
08075,CO,Logan,2021,93.8
08077,CO,Mesa,2021,90.5
08079,CO,Mineral,2021,83.3
08081,CO,Moffat,2021,96.5
08083,CO,Montezuma,2021,86.7
08085,CO,Montrose,2021,91.1
08087,CO,Morgan,2021,91.9
08089,CO,Otero,2021,93.0
08091,CO,Ouray,2021,69.2
08093,CO,Park,2021,90.7
08095,CO,Phillips,2021,82.0
08097,CO,Pitkin,2021,89.4
08099,CO,Prowers,2021,98.7
08101,CO,Pueblo,2021,87.4
08103,CO,Rio Blanco,2021,90.9
08105,CO,Rio Grande,2021,93.9
08107,CO,Routt,2021,90.0
08109,CO,Saguache,2021,84.3
08111,CO,San Juan,2021,83.3
08113,CO,San Miguel,2021,89.5
08115,CO,Sedgwick,2021,73.7
08117,CO,Summit,2021,88.7
08119,CO,Teller,2021,82.7
08121,CO,Washington,2021,80.8
08123,CO,Weld,2021,94.4
08125,CO,Yuma,2021,89.4
09001,CT,Fairfield,2021,96.1
09003,CT,Hartford,2021,94.5
09005,CT,Litchfield,2021,95.0
09007,CT,Middlesex,2021,95.7
09009,CT,New Haven,2021,95.0
09011,CT,New London,2021,96.3
09013,CT,Tolland,2021,95.8
09015,CT,Windham,2021,93.5
11001,DC,District of Columbia,2021,78.9
12001,FL,Alachua,2021,94.3
12003,FL,Baker,2021,98.1
12005,FL,Bay,2021,94.4
12007,FL,Bradford,2021,96.7
12009,FL,Brevard,2021,95.2
12011,FL,Broward,2021,93.6
12013,FL,Calhoun,2021,96.2
12015,FL,Charlotte,2021,96.0
12017,FL,Citrus,2021,91.9
12019,FL,Clay,2021,96.2
12021,FL,Collier,2021,93.1
12023,FL,Columbia,2021,95.0
12027,FL,De Soto,2021,95.9
12029,FL,Dixie,2021,98.1
12031,FL,Duval,2021,90.7
12033,FL,Escambia,2021,91.6
12035,FL,Flagler,2021,94.1
12037,FL,Franklin,2021,99.1
12039,FL,Gadsden,2021,89.1
12041,FL,Gilchrist,2021,96.8
12043,FL,Glades,2021,96.7
12045,FL,Gulf,2021,96.2
12047,FL,Hamilton,2021,95.5
12049,FL,Hardee,2021,98.5
12051,FL,Hendry,2021,95.1
12053,FL,Hernando,2021,90.8
12055,FL,Highlands,2021,94.1
12057,FL,Hillsborough,2021,95.8
12059,FL,Holmes,2021,98.3
12061,FL,Indian River,2021,93.4
12063,FL,Jackson,2021,91.7
12065,FL,Jefferson,2021,98.9
12067,FL,Lafayette,2021,96.1
12069,FL,Lake,2021,90.3
12071,FL,Lee,2021,94.3
12073,FL,Leon,2021,93.7
12075,FL,Levy,2021,97.3
12077,FL,Liberty,2021,90.9
12079,FL,Madison,2021,96.7
12081,FL,Manatee,2021,93.2
12083,FL,Marion,2021,95.4
12085,FL,Martin,2021,91.3
12086,FL,Miami-Dade,2021,92.9
12087,FL,Monroe,2021,93.3
12089,FL,Nassau,2021,94.1
12091,FL,Okaloosa,2021,94.8
12093,FL,Okeechobee,2021,98.1
12095,FL,Orange,2021,89.6
12097,FL,Osceola,2021,89.2
12099,FL,Palm Beach,2021,93.2
12101,FL,Pasco,2021,94.8
12103,FL,Pinellas,2021,92.2
12105,FL,Polk,2021,96.3
12107,FL,Putnam,2021,93.2
12109,FL,St Johns,2021,94.4
12111,FL,St Lucie,2021,93.5
12113,FL,Santa Rosa,2021,92.1
12115,FL,Sarasota,2021,89.8
12117,FL,Seminole,2021,92.9
12119,FL,Sumter,2021,96.3
12121,FL,Suwannee,2021,94.8
12123,FL,Taylor,2021,97.8
12125,FL,Union,2021,96.2
12127,FL,Volusia,2021,93.3
12129,FL,Wakulla,2021,90.1
12131,FL,Walton,2021,94.6
12133,FL,Washington,2021,96.7
19001,IA,Adair,2021,96.2
19003,IA,Adams,2021,86.2
19005,IA,Allamakee,2021,85.1
19007,IA,Appanoose,2021,69.3
19009,IA,Audubon,2021,92.9
19011,IA,Benton,2021,89.5
19013,IA,Black Hawk,2021,95.4
19015,IA,Boone,2021,98.5
19017,IA,Bremer,2021,96.6
19019,IA,Buchanan,2021,87.3
19021,IA,Buena Vista,2021,95.7
19023,IA,Butler,2021,99.5
19025,IA,Calhoun,2021,95.2
19027,IA,Carroll,2021,95.8
19029,IA,Cass,2021,90.4
19031,IA,Cedar,2021,97.1
19033,IA,Cerro Gordo,2021,96.1
19035,IA,Cherokee,2021,93.1
19037,IA,Chickasaw,2021,89.5
19039,IA,Clarke,2021,91.1
19041,IA,Clay,2021,93.6
19043,IA,Clayton,2021,92.1
19045,IA,Clinton,2021,87.8
19047,IA,Crawford,2021,96.2
19049,IA,Dallas,2021,96.5
19051,IA,Davis,2021,98.8
19053,IA,Decatur,2021,87.5
19055,IA,Delaware,2021,97.6
19057,IA,Des Moines,2021,95.2
19059,IA,Dickinson,2021,94.4
19061,IA,Dubuque,2021,91.0
19063,IA,Emmet,2021,90.6
19065,IA,Fayette,2021,88.2
19067,IA,Floyd,2021,84.7
19069,IA,Franklin,2021,94.3
19071,IA,Fremont,2021,91.4
19073,IA,Greene,2021,90.7
19075,IA,Grundy,2021,96.2
19077,IA,Guthrie,2021,91.9
19079,IA,Hamilton,2021,93.2
19081,IA,Hancock,2021,98.1
19083,IA,Hardin,2021,91.0
19085,IA,Harrison,2021,85.6
19087,IA,Henry,2021,97.8
19089,IA,Howard,2021,95.7
19091,IA,Humboldt,2021,85.7
19093,IA,Ida,2021,100.0
19095,IA,Iowa,2021,88.8
19097,IA,Jackson,2021,89.2
19099,IA,Jasper,2021,91.0
19101,IA,Jefferson,2021,84.4
19103,IA,Johnson,2021,93.1
19105,IA,Jones,2021,91.9
19107,IA,Keokuk,2021,87.8
19109,IA,Kossuth,2021,94.0
19111,IA,Lee,2021,97.0
19113,IA,Linn,2021,93.3
19115,IA,Louisa,2021,89.9
19117,IA,Lucas,2021,86.7
19119,IA,Lyon,2021,94.4
19121,IA,Madison,2021,97.7
19123,IA,Mahaska,2021,90.9
19125,IA,Marion,2021,91.3
19127,IA,Marshall,2021,91.9
19129,IA,Mills,2021,95.0
19131,IA,Mitchell,2021,97.2
19133,IA,Monona,2021,94.8
19135,IA,Monroe,2021,95.2
19137,IA,Montgomery,2021,98.4
19139,IA,Muscatine,2021,91.8
19141,IA,O'Brien,2021,90.8
19143,IA,Osceola,2021,100.0
19145,IA,Page,2021,96.2
19147,IA,Palo Alto,2021,88.3
19149,IA,Plymouth,2021,95.0
19151,IA,Pocahontas,2021,90.3
19153,IA,Polk,2021,95.4
19155,IA,Pottawattamie,2021,91.7
19157,IA,Poweshiek,2021,95.0
19159,IA,Ringgold,2021,98.1
19161,IA,Sac,2021,90.3
19163,IA,Scott,2021,93.8
19165,IA,Shelby,2021,97.3
19167,IA,Sioux,2021,89.1
19169,IA,Story,2021,94.8
19171,IA,Tama,2021,98.1
19173,IA,Taylor,2021,95.2
19175,IA,Union,2021,94.9
19177,IA,Van Buren,2021,84.9
19179,IA,Wapello,2021,88.9
19181,IA,Warren,2021,94.6
19183,IA,Washington,2021,89.0
19185,IA,Wayne,2021,94.7
19187,IA,Webster,2021,90.1
19189,IA,Winnebago,2021,92.3
19191,IA,Winneshiek,2021,93.9
19193,IA,Woodbury,2021,93.2
19195,IA,Worth,2021,100.0
19197,IA,Wright,2021,88.9
16001,ID,Ada,2021,89.0
16003,ID,Adams,2021,76.0
16005,ID,Bannock,2021,92.0
16007,ID,Bear Lake,2021,93.0
16009,ID,Benewah,2021,81.0
16011,ID,Bingham,2021,90.0
16013,ID,Blaine,2021,83.0
16015,ID,Boise,2021,69.0
16017,ID,Bonner,2021,74.0
16019,ID,Bonneville,2021,93.0
16021,ID,Boundary,2021,71.0
16023,ID,Butte,2021,64.0
16025,ID,Camas,2021,90.0
16027,ID,Canyon,2021,87.0
16029,ID,Caribou,2021,96.0
16031,ID,Cassia,2021,95.0
16033,ID,Clark,2021,88.0
16035,ID,Clearwater,2021,79.0
16037,ID,Custer,2021,84.0
16039,ID,Elmore,2021,92.0
16041,ID,Franklin,2021,86.0
16043,ID,Fremont,2021,80.0
16045,ID,Gem,2021,89.0
16047,ID,Gooding,2021,79.0
16049,ID,Idaho,2021,66.0
16051,ID,Jefferson,2021,93.0
16053,ID,Jerome,2021,96.0
16055,ID,Kootenai,2021,80.0
16057,ID,Latah,2021,90.0
16059,ID,Lemhi,2021,77.0
16061,ID,Lewis,2021,89.0
16063,ID,Lincoln,2021,89.0
16065,ID,Madison,2021,87.0
16067,ID,Minidoka,2021,91.0
16069,ID,Nez Perce,2021,91.0
16071,ID,Oneida,2021,80.0
16073,ID,Owyhee,2021,85.0
16075,ID,Payette,2021,79.0
16077,ID,Power,2021,93.0
16079,ID,Shoshone,2021,77.0
16081,ID,Teton,2021,79.0
16083,ID,Twin Falls,2021,86.0
16085,ID,Valley,2021,87.0
16087,ID,Washington,2021,94.0
17001,IL,Adams,2021,99.1
17003,IL,Alexander,2021,99.3
17005,IL,Bond,2021,98.9
17007,IL,Boone,2021,98.4
17009,IL,Brown,2021,99.6
17011,IL,Bureau,2021,94.5
17013,IL,Calhoun,2021,99.2
17015,IL,Carroll,2021,97.5
17017,IL,Cass,2021,98.2
17019,IL,Champaign,2021,98.4
17021,IL,Christian,2021,97.1
17023,IL,Clark,2021,99.3
17025,IL,Clay,2021,98.7
17027,IL,Clinton,2021,97.4
17029,IL,Coles,2021,97.6
17031,IL,Cook,2021,96.9
17033,IL,Crawford,2021,97.7
17035,IL,Cumberland,2021,98.8
17037,IL,DeKalb,2021,97.8
17039,IL,De Witt,2021,98.6
17041,IL,Douglas,2021,98.6
17043,IL,DuPage,2021,96.9
17045,IL,Edgar,2021,98.8
17047,IL,Edwards,2021,98.8
17049,IL,Effingham,2021,98.9
17051,IL,Fayette,2021,98.8
17053,IL,Ford,2021,97.3
17055,IL,Franklin,2021,96.6
17057,IL,Fulton,2021,98.3
17059,IL,Gallatin,2021,98.3
17061,IL,Greene,2021,98.7
17063,IL,Grundy,2021,97.8
17065,IL,Hamilton,2021,98.8
17067,IL,Hancock,2021,98.9
17069,IL,Hardin,2021,100.0
17071,IL,Henderson,2021,98.1
17073,IL,Henry,2021,98.4
17075,IL,Iroquois,2021,97.6
17077,IL,Jackson,2021,96.8
17079,IL,Jasper,2021,97.8
17081,IL,Jefferson,2021,98.1
17083,IL,Jersey,2021,98.5
17085,IL,Jo Daviess,2021,96.6
17087,IL,Johnson,2021,97.4
17089,IL,Kane,2021,97.4
17091,IL,Kankakee,2021,96.2
17093,IL,Kendall,2021,96.6
17095,IL,Knox,2021,96.3
17097,IL,Lake,2021,97.9
17099,IL,LaSalle,2021,98.4
17101,IL,Lawrence,2021,99.4
17103,IL,Lee,2021,96.5
17105,IL,Livingston,2021,96.8
17107,IL,Logan,2021,98.5
17109,IL,McDonough,2021,97.8
17111,IL,McHenry,2021,97.2
17113,IL,McLean,2021,98.5
17115,IL,Macon,2021,98.9
17117,IL,Macoupin,2021,98.3
17119,IL,Madison,2021,97.4
17121,IL,Marion,2021,98.9
17123,IL,Marshall,2021,99.0
17125,IL,Mason,2021,99.4
17127,IL,Massac,2021,90.6
17129,IL,Menard,2021,98.8
17131,IL,Mercer,2021,97.7
17133,IL,Monroe,2021,98.5
17135,IL,Montgomery,2021,98.2
17137,IL,Morgan,2021,99.0
17139,IL,Moultrie,2021,97.3
17141,IL,Ogle,2021,97.5
17143,IL,Peoria,2021,96.5
17145,IL,Perry,2021,98.8
17147,IL,Piatt,2021,98.9
17149,IL,Pike,2021,99.0
17151,IL,Pope,2021,94.4
17153,IL,Pulaski,2021,92.9
17155,IL,Putnam,2021,97.8
17157,IL,Randolph,2021,99.4
17159,IL,Richland,2021,99.1
17161,IL,Rock Island,2021,97.6
17163,IL,St Clair,2021,97.3
17165,IL,Saline,2021,98.3
17167,IL,Sangamon,2021,98.7
17169,IL,Schuyler,2021,99.4
17171,IL,Scott,2021,99.4
17173,IL,Shelby,2021,99.0
17175,IL,Stark,2021,99.4
17177,IL,Stephenson,2021,98.3
17179,IL,Tazewell,2021,96.9
17181,IL,Union,2021,99.7
17183,IL,Vermilion,2021,97.0
17185,IL,Wabash,2021,98.5
17187,IL,Warren,2021,99.0
17189,IL,Washington,2021,97.4
17191,IL,Wayne,2021,99.3
17193,IL,White,2021,98.7
17195,IL,Whiteside,2021,97.6
17197,IL,Will,2021,97.4
17199,IL,Williamson,2021,98.1
17201,IL,Winnebago,2021,96.1
17203,IL,Woodford,2021,98.2
20001,KS,Allen,2021,97.0
20003,KS,Anderson,2021,93.0
20005,KS,Atchison,2021,92.0
20007,KS,Barber,2021,67.0
20009,KS,Barton,2021,91.0
20011,KS,Bourbon,2021,94.0
20013,KS,Brown,2021,100.0
20015,KS,Butler,2021,92.0
20017,KS,Chase,2021,79.0
20019,KS,Chautauqua,2021,71.0
20021,KS,Cherokee,2021,92.0
20023,KS,Cheyenne,2021,100.0
20025,KS,Clark,2021,92.0
20027,KS,Clay,2021,99.0
20029,KS,Cloud,2021,100.0
20031,KS,Coffey,2021,73.0
20033,KS,Comanche,2021,100.0
20035,KS,Cowley,2021,86.0
20037,KS,Crawford,2021,96.0
20039,KS,Decatur,2021,80.0
20041,KS,Dickinson,2021,89.0
20043,KS,Doniphan,2021,93.0
20045,KS,Douglas,2021,98.0
20047,KS,Edwards,2021,92.0
20049,KS,Elk,2021,94.0
20051,KS,Ellis,2021,95.0
20053,KS,Ellsworth,2021,99.0
20055,KS,Finney,2021,95.0
20057,KS,Ford,2021,89.0
20059,KS,Franklin,2021,92.0
20061,KS,Geary,2021,86.0
20063,KS,Gove,2021,89.0
20065,KS,Graham,2021,96.0
20067,KS,Grant,2021,99.0
20069,KS,Gray,2021,91.0
20071,KS,Greeley,2021,86.0
20073,KS,Greenwood,2021,90.0
20075,KS,Hamilton,2021,97.0
20077,KS,Harper,2021,88.0
20079,KS,Harvey,2021,95.0
20081,KS,Haskell,2021,87.0
20083,KS,Hodgeman,2021,100.0
20085,KS,Jackson,2021,88.0
20087,KS,Jefferson,2021,93.0
20089,KS,Jewell,2021,100.0
20091,KS,Johnson,2021,93.0
20093,KS,Kearny,2021,95.0
20095,KS,Kingman,2021,77.0
20097,KS,Kiowa,2021,64.0
20099,KS,Labette,2021,93.0
20101,KS,Lane,2021,92.0
20103,KS,Leavenworth,2021,94.0
20105,KS,Lincoln,2021,94.0
20107,KS,Linn,2021,84.0
20109,KS,Logan,2021,100.0
20111,KS,Lyon,2021,87.0
20113,KS,McPherson,2021,92.0
20115,KS,Marion,2021,84.0
20117,KS,Marshall,2021,97.0
20119,KS,Meade,2021,80.0
20121,KS,Miami,2021,93.0
20123,KS,Mitchell,2021,100.0
20125,KS,Montgomery,2021,97.0
20127,KS,Morris,2021,94.0
20129,KS,Morton,2021,95.0
20131,KS,Nemaha,2021,95.0
20133,KS,Neosho,2021,95.0
20135,KS,Ness,2021,82.0
20137,KS,Norton,2021,92.0
20139,KS,Osage,2021,78.0
20141,KS,Osborne,2021,93.0
20143,KS,Ottawa,2021,97.0
20145,KS,Pawnee,2021,94.0
20147,KS,Phillips,2021,96.0
20149,KS,Pottawatomie,2021,91.0
20151,KS,Pratt,2021,91.0
20153,KS,Rawlins,2021,81.0
20155,KS,Reno,2021,93.0
20157,KS,Republic,2021,90.0
20159,KS,Rice,2021,94.0
20161,KS,Riley,2021,93.0
20163,KS,Rooks,2021,94.0
20165,KS,Rush,2021,100.0
20167,KS,Russell,2021,94.0
20169,KS,Saline,2021,95.0
20171,KS,Scott,2021,97.0
20173,KS,Sedgwick,2021,95.0
20175,KS,Seward,2021,89.0
20177,KS,Shawnee,2021,90.0
20179,KS,Sheridan,2021,85.0
20181,KS,Sherman,2021,99.0
20183,KS,Smith,2021,100.0
20185,KS,Stafford,2021,89.0
20189,KS,Stevens,2021,68.0
20191,KS,Sumner,2021,91.0
20193,KS,Thomas,2021,95.0
20195,KS,Trego,2021,97.0
20197,KS,Wabaunsee,2021,81.0
20201,KS,Washington,2021,94.0
20203,KS,Wichita,2021,100.0
20205,KS,Wilson,2021,96.0
20207,KS,Woodson,2021,95.0
20209,KS,Wyandotte,2021,89.0
21001,KY,Adair,2021,92.0
21003,KY,Allen,2021,96.0
21005,KY,Anderson,2021,91.9
21007,KY,Ballard,2021,100.0
21009,KY,Barren,2021,88.0
21011,KY,Bath,2021,83.2
21013,KY,Bell,2021,96.5
21015,KY,Boone,2021,96.0
21017,KY,Bourbon,2021,95.5
21019,KY,Boyd,2021,90.4
21021,KY,Boyle,2021,92.3
21023,KY,Bracken,2021,95.5
21025,KY,Breathitt,2021,83.6
21027,KY,Breckinridge,2021,97.1
21029,KY,Bullitt,2021,94.0
21031,KY,Butler,2021,93.7
21033,KY,Caldwell,2021,93.4
21035,KY,Calloway,2021,96.5
21037,KY,Campbell,2021,91.0
21039,KY,Carlisle,2021,92.6
21041,KY,Carroll,2021,89.6
21043,KY,Carter,2021,92.8
21045,KY,Casey,2021,86.5
21047,KY,Christian,2021,88.4
21049,KY,Clark,2021,95.4
21051,KY,Clay,2021,78.9
21053,KY,Clinton,2021,68.3
21055,KY,Crittenden,2021,98.8
21057,KY,Cumberland,2021,88.6
21059,KY,Daviess,2021,86.8
21061,KY,Edmonson,2021,94.3
21063,KY,Elliott,2021,83.6
21065,KY,Estill,2021,96.4
21067,KY,Fayette,2021,94.2
21069,KY,Fleming,2021,92.9
21071,KY,Floyd,2021,86.7
21073,KY,Franklin,2021,89.9
21075,KY,Fulton,2021,97.2
21077,KY,Gallatin,2021,91.1
21079,KY,Garrard,2021,84.2
21081,KY,Grant,2021,95.2
21083,KY,Graves,2021,90.9
21085,KY,Grayson,2021,95.9
21087,KY,Green,2021,94.7
21089,KY,Greenup,2021,84.8
21091,KY,Hancock,2021,95.7
21093,KY,Hardin,2021,87.6
21095,KY,Harlan,2021,48.9
21097,KY,Harrison,2021,96.2
21099,KY,Hart,2021,93.4
21101,KY,Henderson,2021,91.0
21103,KY,Henry,2021,97.9
21105,KY,Hickman,2021,100.0
21107,KY,Hopkins,2021,92.0
21109,KY,Jackson,2021,94.4
21111,KY,Jefferson,2021,78.1
21113,KY,Jessamine,2021,91.4
21115,KY,Johnson,2021,89.9
21117,KY,Kenton,2021,97.2
21119,KY,Knott,2021,71.7
21121,KY,Knox,2021,54.4
21123,KY,Larue,2021,74.3
21125,KY,Laurel,2021,92.4
21127,KY,Lawrence,2021,84.8
21129,KY,Lee,2021,91.9
21131,KY,Leslie,2021,89.3
21133,KY,Letcher,2021,91.2
21135,KY,Lewis,2021,93.3
21137,KY,Lincoln,2021,92.9
21139,KY,Livingston,2021,84.1
21141,KY,Logan,2021,81.8
21143,KY,Lyon,2021,98.3
21145,KY,Mccracken,2021,87.7
21147,KY,McCreary,2021,81.4
21149,KY,Mclean,2021,100.0
21151,KY,Madison,2021,92.1
21153,KY,Magoffin,2021,85.6
21155,KY,Marion,2021,80.5
21157,KY,Marshall,2021,91.9
21159,KY,Martin,2021,79.8
21161,KY,Mason,2021,75.2
21163,KY,Meade,2021,75.9
21165,KY,Menifee,2021,94.9
21167,KY,Mercer,2021,96.5
21169,KY,Metcalfe,2021,84.0
21171,KY,Monroe,2021,90.6
21173,KY,Montgomery,2021,94.2
21175,KY,Morgan,2021,93.4
21177,KY,Muhlenberg,2021,89.0
21179,KY,Nelson,2021,94.8
21181,KY,Nicholas,2021,96.4
21183,KY,Ohio,2021,65.6
21185,KY,Oldham,2021,98.3
21187,KY,Owen,2021,95.1
21191,KY,Pendleton,2021,94.5
21193,KY,Perry,2021,72.8
21195,KY,Pike,2021,84.1
21197,KY,Powell,2021,92.5
21199,KY,Pulaski,2021,85.7
21201,KY,Robertson,2021,84.6
21203,KY,Rockcastle,2021,87.9
21205,KY,Rowan,2021,91.3
21207,KY,Russell,2021,97.0
21209,KY,Scott,2021,92.5
21211,KY,Shelby,2021,92.9
21213,KY,Simpson,2021,95.8
21215,KY,Spencer,2021,97.9
21217,KY,Taylor,2021,95.3
21219,KY,Todd,2021,92.1
21221,KY,Trigg,2021,93.2
21223,KY,Trimble,2021,91.5
21225,KY,Union,2021,83.1
21227,KY,Warren,2021,91.2
21229,KY,Washington,2021,95.2
21231,KY,Wayne,2021,98.0
21233,KY,Webster,2021,95.0
21235,KY,Whitley,2021,73.8
21237,KY,Wolfe,2021,85.9
21239,KY,Woodford,2021,93.3
25001,MA,Barnstable,2021,96.4
25003,MA,Berkshire,2021,95.4
25005,MA,Bristol,2021,97.6
25007,MA,Dukes,2021,92.9
25009,MA,Essex,2021,95.7
25011,MA,Franklin,2021,87.9
25013,MA,Hampden,2021,92.4
25015,MA,Hampshire,2021,95.6
25017,MA,Middlesex,2021,97.6
25019,MA,Nantucket,2021,86.2
25021,MA,Norfolk,2021,98.4
25023,MA,Plymouth,2021,97.6
25025,MA,Suffolk,2021,88.3
25027,MA,Worcester,2021,96.6
23001,ME,Androscoggin,2021,92.6
23003,ME,Aroostook,2021,94.9
23005,ME,Cumberland,2021,93.7
23007,ME,Franklin,2021,96.7
23009,ME,Hancock,2021,94.4
23011,ME,Kennebec,2021,94.5
23013,ME,Knox,2021,94.9
23015,ME,Lincoln,2021,91.3
23017,ME,Oxford,2021,96.9
23019,ME,Penobscot,2021,98.0
23021,ME,Piscataquis,2021,96.3
23023,ME,Sagadahoc,2021,95.3
23025,ME,Somerset,2021,95.1
23027,ME,Waldo,2021,97.2
23029,ME,Washington,2021,98.8
23031,ME,York,2021,97.3
27001,MN,Aitkin,2021,88.3
27003,MN,Anoka,2021,87.4
27005,MN,Becker,2021,90.1
27007,MN,Beltrami,2021,86.9
27009,MN,Benton,2021,92.8
27011,MN,Big Stone,2021,85.4
27013,MN,Blue Earth,2021,94.2
27015,MN,Brown,2021,95.4
27017,MN,Carlton,2021,93.1
27019,MN,Carver,2021,90.7
27021,MN,Cass,2021,87.7
27023,MN,Chippewa,2021,87.7
27025,MN,Chisago,2021,93.1
27027,MN,Clay,2021,92.1
27029,MN,Clearwater,2021,79.5
27031,MN,Cook,2021,92.1
27033,MN,Cottonwood,2021,97.4
27035,MN,Crow Wing,2021,88.2
27037,MN,Dakota,2021,91.7
27039,MN,Dodge,2021,95.2
27041,MN,Douglas,2021,92.3
27043,MN,Faribault,2021,94.6
27045,MN,Fillmore,2021,89.6
27047,MN,Freeborn,2021,100.0
27049,MN,Goodhue,2021,94.5
27051,MN,Grant,2021,85.4
27053,MN,Hennepin,2021,88.6
27055,MN,Houston,2021,83.5
27057,MN,Hubbard,2021,86.6
27059,MN,Isanti,2021,89.9
27061,MN,Itasca,2021,92.4
27063,MN,Jackson,2021,93.9
27065,MN,Kanabec,2021,85.7
27067,MN,Kandiyohi,2021,89.5
27069,MN,Kittson,2021,80.4
27071,MN,Koochiching,2021,92.4
27073,MN,Lac qui Parle,2021,89.1
27075,MN,Lake,2021,97.6
27077,MN,Lake of the Woods,2021,96.2
27079,MN,Le Sueur,2021,92.0
27081,MN,Lincoln,2021,100.0
27083,MN,Lyon,2021,91.2
27085,MN,McLeod,2021,91.2
27087,MN,Mahnomen,2021,93.0
27089,MN,Marshall,2021,93.6
27091,MN,Martin,2021,87.6
27093,MN,Meeker,2021,91.2
27095,MN,Mille Lacs,2021,77.0
27097,MN,Morrison,2021,90.3
27099,MN,Mower,2021,93.6
27101,MN,Murray,2021,95.0
27103,MN,Nicollet,2021,94.6
27105,MN,Nobles,2021,96.0
27107,MN,Norman,2021,96.9
27109,MN,Olmsted,2021,93.8
27111,MN,Otter Tail,2021,90.4
27113,MN,Pennington,2021,96.3
27115,MN,Pine,2021,91.4
27117,MN,Pipestone,2021,86.0
27119,MN,Polk,2021,93.2
27121,MN,Pope,2021,89.3
27123,MN,Ramsey,2021,84.7
27125,MN,Red Lake,2021,91.8
27127,MN,Redwood,2021,95.1
27129,MN,Renville,2021,91.7
27131,MN,Rice,2021,90.5
27133,MN,Rock,2021,96.6
27135,MN,Roseau,2021,88.1
27137,MN,St Louis,2021,89.5
27139,MN,Scott,2021,90.1
27141,MN,Sherburne,2021,91.3
27143,MN,Sibley,2021,84.4
27145,MN,Stearns,2021,89.6
27147,MN,Steele,2021,92.1
27149,MN,Stevens,2021,93.1
27151,MN,Swift,2021,83.3
27153,MN,Todd,2021,91.7
27155,MN,Traverse,2021,98.0
27157,MN,Wabasha,2021,92.5
27159,MN,Wadena,2021,88.0
27161,MN,Waseca,2021,94.4
27163,MN,Washington,2021,91.2
27165,MN,Watonwan,2021,99.4
27167,MN,Wilkin,2021,98.3
27169,MN,Winona,2021,92.2
27171,MN,Wright,2021,92.4
27173,MN,Yellow Medicine,2021,87.2
29001,MO,Adair,2021,97.9
29003,MO,Andrew,2021,96.2
29005,MO,Atchison,2021,93.0
29007,MO,Audrain,2021,97.8
29009,MO,Barry,2021,95.1
29011,MO,Barton,2021,100.0
29013,MO,Bates,2021,93.8
29015,MO,Benton,2021,90.2
29017,MO,Bollinger,2021,94.9
29019,MO,Boone,2021,95.0
29021,MO,Buchanan,2021,96.2
29023,MO,Butler,2021,92.4
29025,MO,Caldwell,2021,91.9
29027,MO,Callaway,2021,90.8
29029,MO,Camden,2021,94.9
29031,MO,Cape Girardeau,2021,92.7
29033,MO,Carroll,2021,96.0
29035,MO,Carter,2021,77.4
29037,MO,Cass,2021,93.4
29039,MO,Cedar,2021,90.6
29041,MO,Chariton,2021,97.3
29043,MO,Christian,2021,93.0
29045,MO,Clark,2021,97.3
29047,MO,Clay,2021,94.0
29049,MO,Clinton,2021,89.9
29051,MO,Cole,2021,96.5
29053,MO,Cooper,2021,77.6
29055,MO,Crawford,2021,95.1
29057,MO,Dade,2021,83.7
29059,MO,Dallas,2021,95.0
29061,MO,Daviess,2021,84.3
29063,MO,DeKalb,2021,96.1
29065,MO,Dent,2021,91.8
29067,MO,Douglas,2021,96.1
29069,MO,Dunklin,2021,98.4
29071,MO,Franklin,2021,91.3
29073,MO,Gasconade,2021,98.5
29075,MO,Gentry,2021,95.9
29077,MO,Greene,2021,93.9
29079,MO,Grundy,2021,94.7
29081,MO,Harrison,2021,92.1
29083,MO,Henry,2021,86.8
29085,MO,Hickory,2021,83.5
29089,MO,Howard,2021,96.2
29091,MO,Howell,2021,85.8
29093,MO,Iron,2021,95.0
29095,MO,Jackson,2021,92.0
29097,MO,Jasper,2021,95.3
29099,MO,Jefferson,2021,93.4
29101,MO,Johnson,2021,93.5
29103,MO,Knox,2021,100.0
29105,MO,Laclede,2021,95.4
29107,MO,Lafayette,2021,93.7
29109,MO,Lawrence,2021,89.0
29111,MO,Lewis,2021,92.1
29113,MO,Lincoln,2021,95.3
29115,MO,Linn,2021,95.3
29117,MO,Livingston,2021,92.9
29119,MO,McDonald,2021,95.3
29121,MO,Macon,2021,95.7
29123,MO,Madison,2021,97.9
29125,MO,Maries,2021,100.0
29127,MO,Marion,2021,95.6
29129,MO,Mercer,2021,95.2
29131,MO,Miller,2021,95.2
29133,MO,Mississippi,2021,95.2
29135,MO,Moniteau,2021,98.2
29137,MO,Monroe,2021,88.8
29139,MO,Montgomery,2021,96.1
29141,MO,Morgan,2021,54.6
29143,MO,New Madrid,2021,96.3
29145,MO,Newton,2021,92.8
29147,MO,Nodaway,2021,97.9
29149,MO,Oregon,2021,93.0
29151,MO,Osage,2021,98.7
29153,MO,Ozark,2021,78.7
29155,MO,Pemiscot,2021,88.5
29157,MO,Perry,2021,98.0
29159,MO,Pettis,2021,89.7
29161,MO,Phelps,2021,94.5
29163,MO,Pike,2021,95.4
29165,MO,Platte,2021,94.5
29167,MO,Polk,2021,91.5
29169,MO,Pulaski,2021,89.8
29173,MO,Ralls,2021,100.0
29175,MO,Randolph,2021,96.2
29177,MO,Ray,2021,95.3
29179,MO,Reynolds,2021,95.5
29181,MO,Ripley,2021,77.1
29183,MO,St Charles,2021,97.0
29185,MO,St Clair,2021,94.3
29186,MO,Ste Genevieve,2021,97.3
29187,MO,St Francois,2021,85.8
29189,MO,St Louis County,2021,93.9
29195,MO,Saline,2021,95.8
29197,MO,Schuyler,2021,95.6
29199,MO,Scotland,2021,82.8
29201,MO,Scott,2021,96.0
29203,MO,Shannon,2021,68.9
29205,MO,Shelby,2021,93.6
29207,MO,Stoddard,2021,96.8
29209,MO,Stone,2021,93.8
29211,MO,Sullivan,2021,97.1
29213,MO,Taney,2021,89.8
29215,MO,Texas,2021,91.3
29217,MO,Vernon,2021,94.3
29219,MO,Warren,2021,94.4
29221,MO,Washington,2021,91.5
29223,MO,Wayne,2021,92.1
29225,MO,Webster,2021,94.3
29227,MO,Worth,2021,100.0
29229,MO,Wright,2021,91.6
29510,MO,St Louis City,2021,71.8
37001,NC,Alamance,2021,97.2
37003,NC,Alexander,2021,98.6
37005,NC,Alleghany,2021,99.0
37007,NC,Anson,2021,96.3
37009,NC,Ashe,2021,97.9
37011,NC,Avery,2021,99.1
37013,NC,Beaufort,2021,95.4
37015,NC,Bertie,2021,94.8
37017,NC,Bladen,2021,96.1
37019,NC,Brunswick,2021,92.9
37021,NC,Buncombe,2021,89.5
37023,NC,Burke,2021,92.9
37025,NC,Cabarrus,2021,96.4
37027,NC,Caldwell,2021,98.6
37029,NC,Camden,2021,97.4
37031,NC,Carteret,2021,97.5
37033,NC,Caswell,2021,93.7
37035,NC,Catawba,2021,96.9
37037,NC,Chatham,2021,96.1
37039,NC,Cherokee,2021,92.8
37041,NC,Chowan,2021,95.7
37043,NC,Clay,2021,92.8
37045,NC,Cleveland,2021,97.1
37047,NC,Columbus,2021,97.4
37049,NC,Craven,2021,95.8
37051,NC,Cumberland,2021,89.2
37053,NC,Currituck,2021,96.6
37055,NC,Dare,2021,95.1
37057,NC,Davidson,2021,94.2
37059,NC,Davie,2021,91.1
37061,NC,Duplin,2021,98.5
37063,NC,Durham,2021,89.2
37065,NC,Edgecombe,2021,96.7
37067,NC,Forsyth,2021,95.1
37069,NC,Franklin,2021,95.5
37071,NC,Gaston,2021,93.4
37073,NC,Gates,2021,98.9
37075,NC,Graham,2021,97.4
37077,NC,Granville,2021,94.1
37079,NC,Greene,2021,98.9
37081,NC,Guilford,2021,92.5
37083,NC,Halifax,2021,97.3
37085,NC,Harnett,2021,91.8
37087,NC,Haywood,2021,97.4
37089,NC,Henderson,2021,93.0
37091,NC,Hertford,2021,99.0
37093,NC,Hoke,2021,95.9
37095,NC,Hyde,2021,100.0
37097,NC,Iredell,2021,96.1
37099,NC,Jackson,2021,96.9
37101,NC,Johnston,2021,97.2
37103,NC,Jones,2021,96.5
37105,NC,Lee,2021,96.5
37107,NC,Lenoir,2021,96.1
37109,NC,Lincoln,2021,95.3
37111,NC,McDowell,2021,97.0
37113,NC,Macon,2021,93.9
37115,NC,Madison,2021,92.4
37117,NC,Martin,2021,94.0
37119,NC,Mecklenburg,2021,91.6
37121,NC,Mitchell,2021,91.7
37123,NC,Montgomery,2021,95.3
37125,NC,Moore,2021,97.8
37127,NC,Nash,2021,94.2
37129,NC,New Hanover,2021,95.8
37131,NC,Northampton,2021,93.8
37133,NC,Onslow,2021,93.8
37135,NC,Orange,2021,95.8
37137,NC,Pamlico,2021,99.0
37139,NC,Pasquotank,2021,98.0
37141,NC,Pender,2021,94.7
37143,NC,Perquimans,2021,93.6
37145,NC,Person,2021,97.7
37147,NC,Pitt,2021,96.0
37149,NC,Polk,2021,95.1
37151,NC,Randolph,2021,97.8
37153,NC,Richmond,2021,96.2
37155,NC,Robeson,2021,92.3
37157,NC,Rockingham,2021,97.1
37159,NC,Rowan,2021,94.5
37161,NC,Rutherford,2021,95.3
37163,NC,Sampson,2021,95.7
37165,NC,Scotland,2021,94.5
37167,NC,Stanly,2021,97.0
37169,NC,Stokes,2021,99.7
37171,NC,Surry,2021,98.7
37173,NC,Swain,2021,95.2
37175,NC,Transylvania,2021,90.8
37177,NC,Tyrrell,2021,100.0
37179,NC,Union,2021,96.0
37181,NC,Vance,2021,95.8
37183,NC,Wake,2021,93.1
37185,NC,Warren,2021,94.8
37187,NC,Washington,2021,97.7
37189,NC,Watauga,2021,96.4
37191,NC,Wayne,2021,95.5
37193,NC,Wilkes,2021,99.0
37195,NC,Wilson,2021,94.2
37197,NC,Yadkin,2021,97.7
37199,NC,Yancey,2021,95.4
31001,NE,Adams,2021,94.0
31003,NE,Antelope,2021,100.0
31005,NE,Arthur,2021,71.4
31007,NE,Banner,2021,92.3
31011,NE,Boone,2021,100.0
31013,NE,Box Butte,2021,92.1
31015,NE,Boyd,2021,98.0
31017,NE,Brown,2021,96.6
31019,NE,Buffalo,2021,98.3
31021,NE,Burt,2021,96.0
31023,NE,Butler,2021,100.0
31025,NE,Cass,2021,90.3
31027,NE,Cedar,2021,97.1
31029,NE,Chase,2021,100.0
31031,NE,Cherry,2021,95.2
31033,NE,Cheyenne,2021,90.4
31035,NE,Clay,2021,98.9
31037,NE,Colfax,2021,99.4
31039,NE,Cuming,2021,98.6
31041,NE,Custer,2021,96.9
31043,NE,Dakota,2021,99.0
31045,NE,Dawes,2021,95.2
31047,NE,Dawson,2021,96.2
31049,NE,Deuel,2021,100.0
31051,NE,Dixon,2021,100.0
31053,NE,Dodge,2021,95.6
31055,NE,Douglas,2021,95.6
31057,NE,Dundy,2021,89.5
31059,NE,Fillmore,2021,100.0
31061,NE,Franklin,2021,100.0
31063,NE,Frontier,2021,89.7
31065,NE,Furnas,2021,80.9
31067,NE,Gage,2021,94.0
31069,NE,Garden,2021,100.0
31071,NE,Garfield,2021,95.7
31073,NE,Gosper,2021,88.9
31075,NE,Grant,2021,100.0
31077,NE,Greeley,2021,100.0
31079,NE,Hall,2021,94.7
31081,NE,Hamilton,2021,93.8
31083,NE,Harlan,2021,88.9
31085,NE,Hayes,2021,100.0
31087,NE,Hitchcock,2021,96.6
31089,NE,Holt,2021,98.6
31091,NE,Hooker,2021,85.7
31093,NE,Howard,2021,97.1
31095,NE,Jefferson,2021,95.6
31097,NE,Johnson,2021,96.2
31099,NE,Kearney,2021,99.0
31101,NE,Keith,2021,98.5
31103,NE,Keya Paha,2021,83.3
31105,NE,Kimball,2021,97.2
31107,NE,Knox,2021,95.2
31109,NE,Lancaster,2021,94.4
31111,NE,Lincoln,2021,94.3
31113,NE,Logan,2021,50.0
31117,NE,McPherson,2021,100.0
31119,NE,Madison,2021,97.5
31121,NE,Merrick,2021,100.0
31123,NE,Morrill,2021,96.6
31125,NE,Nance,2021,98.2
31127,NE,Nemaha,2021,94.6
31129,NE,Nuckolls,2021,97.7
31131,NE,Otoe,2021,92.5
31133,NE,Pawnee,2021,100.0
31135,NE,Perkins,2021,96.8
31137,NE,Phelps,2021,87.0
31139,NE,Pierce,2021,95.5
31141,NE,Platte,2021,99.1
31143,NE,Polk,2021,100.0
31145,NE,Red Willow,2021,94.4
31147,NE,Richardson,2021,97.0
31151,NE,Saline,2021,97.2
31153,NE,Sarpy,2021,96.4
31155,NE,Saunders,2021,95.6
31157,NE,Scotts Bluff,2021,94.0
31159,NE,Seward,2021,96.5
31161,NE,Sheridan,2021,100.0
31165,NE,Sioux,2021,100.0
31167,NE,Stanton,2021,100.0
31169,NE,Thayer,2021,92.5
31173,NE,Thurston,2021,97.5
31175,NE,Valley,2021,96.5
31177,NE,Washington,2021,93.8
31179,NE,Wayne,2021,99.2
31181,NE,Webster,2021,94.3
31183,NE,Wheeler,2021,90.9
31185,NE,York,2021,93.3
34001,NJ,Atlantic,2021,95.1
34003,NJ,Bergen,2021,95.9
34005,NJ,Burlington,2021,96.2
34007,NJ,Camden,2021,93.4
34009,NJ,Cape May,2021,95.9
34011,NJ,Cumberland,2021,94.7
34013,NJ,Essex,2021,93.4
34015,NJ,Gloucester,2021,96.7
34017,NJ,Hudson,2021,92.3
34019,NJ,Hunterdon,2021,96.0
34021,NJ,Mercer,2021,92.2
34023,NJ,Middlesex,2021,95.7
34025,NJ,Monmouth,2021,94.0
34027,NJ,Morris,2021,96.8
34029,NJ,Ocean,2021,89.9
34031,NJ,Passaic,2021,96.3
34033,NJ,Salem,2021,94.9
34035,NJ,Somerset,2021,96.5
34037,NJ,Sussex,2021,95.4
34039,NJ,Union,2021,92.6
34041,NJ,Warren,2021,95.8
36001,NY,Albany,2021,99.9
36003,NY,Allegany,2021,99.7
36005,NY,Bronx,2021,98.9
36007,NY,Broome,2021,99.8
36009,NY,Cattaraugus,2021,99.9
36011,NY,Cayuga,2021,99.9
36013,NY,Chautauqua,2021,99.0
36015,NY,Chemung,2021,100.0
36017,NY,Chenango,2021,100.0
36019,NY,Clinton,2021,100.0
36021,NY,Columbia,2021,99.8
36023,NY,Cortland,2021,100.0
36025,NY,Delaware,2021,100.0
36027,NY,Dutchess,2021,99.8
36029,NY,Erie,2021,99.8
36031,NY,Essex,2021,99.5
36033,NY,Franklin,2021,99.7
36035,NY,Fulton,2021,100.0
36037,NY,Genesee,2021,100.0
36039,NY,Greene,2021,100.0
36041,NY,Hamilton,2021,100.0
36043,NY,Herkimer,2021,99.9
36045,NY,Jefferson,2021,99.9
36047,NY,Kings,2021,99.0
36049,NY,Lewis,2021,99.5
36051,NY,Livingston,2021,100.0
36053,NY,Madison,2021,100.0
36055,NY,Monroe,2021,99.7
36057,NY,Montgomery,2021,99.6
36059,NY,Nassau,2021,99.8
36061,NY,New York,2021,99.5
36063,NY,Niagara,2021,99.9
36065,NY,Oneida,2021,100.0
36067,NY,Onondaga,2021,99.9
36069,NY,Ontario,2021,100.0
36071,NY,Orange,2021,98.9
36073,NY,Orleans,2021,100.0
36075,NY,Oswego,2021,100.0
36077,NY,Otsego,2021,99.9
36079,NY,Putnam,2021,99.5
36081,NY,Queens,2021,99.7
36083,NY,Rensselaer,2021,100.0
36085,NY,Richmond,2021,99.9
36087,NY,Rockland,2021,98.9
36089,NY,St Lawrence,2021,100.0
36091,NY,Saratoga,2021,100.0
36093,NY,Schenectady,2021,99.9
36095,NY,Schoharie,2021,100.0
36097,NY,Schuyler,2021,100.0
36099,NY,Seneca,2021,98.7
36101,NY,Steuben,2021,99.9
36103,NY,Suffolk,2021,99.8
36105,NY,Sullivan,2021,99.0
36107,NY,Tioga,2021,99.9
36109,NY,Tompkins,2021,99.8
36111,NY,Ulster,2021,99.8
36113,NY,Warren,2021,100.0
36115,NY,Washington,2021,98.8
36117,NY,Wayne,2021,99.8
36119,NY,Westchester,2021,99.8
36121,NY,Wyoming,2021,100.0
36123,NY,Yates,2021,94.6
40001,OK,Adair,2021,92.7
40003,OK,Alfalfa,2021,91.4
40005,OK,Atoka,2021,85.6
40007,OK,Beaver,2021,91.3
40009,OK,Beckham,2021,93.3
40011,OK,Blaine,2021,95.8
40013,OK,Bryan,2021,93.2
40015,OK,Caddo,2021,93.0
40017,OK,Canadian,2021,93.4
40019,OK,Carter,2021,95.0
40021,OK,Cherokee,2021,95.2
40023,OK,Choctaw,2021,96.0
40025,OK,Cimarron,2021,100.0
40027,OK,Cleveland,2021,94.9
40029,OK,Coal,2021,93.0
40031,OK,Comanche,2021,94.0
40033,OK,Cotton,2021,90.5
40035,OK,Craig,2021,89.7
40037,OK,Creek,2021,94.4
40039,OK,Custer,2021,93.5
40041,OK,Delaware,2021,94.2
40043,OK,Dewey,2021,76.6
40045,OK,Ellis,2021,85.7
40047,OK,Garfield,2021,94.4
40049,OK,Garvin,2021,92.6
40051,OK,Grady,2021,94.2
40053,OK,Grant,2021,100.0
40055,OK,Greer,2021,92.7
40057,OK,Harmon,2021,100.0
40059,OK,Harper,2021,94.6
40061,OK,Haskell,2021,96.2
40063,OK,Hughes,2021,94.7
40065,OK,Jackson,2021,97.0
40067,OK,Jefferson,2021,89.6
40069,OK,Johnston,2021,100.0
40071,OK,Kay,2021,96.2
40073,OK,Kingfisher,2021,85.8
40075,OK,Kiowa,2021,94.0
40077,OK,Latimer,2021,93.3
40079,OK,Le Flore,2021,92.4
40081,OK,Lincoln,2021,86.2
40083,OK,Logan,2021,84.1
40085,OK,Love,2021,96.7
40087,OK,McClain,2021,94.3
40089,OK,McCurtain,2021,91.5
40091,OK,McIntosh,2021,93.9
40093,OK,Major,2021,98.9
40095,OK,Marshall,2021,97.2
40097,OK,Mayes,2021,96.5
40099,OK,Murray,2021,92.2
40101,OK,Muskogee,2021,92.3
40103,OK,Noble,2021,89.5
40105,OK,Nowata,2021,93.3
40107,OK,Okfuskee,2021,94.9
40109,OK,Oklahoma,2021,87.6
40111,OK,Okmulgee,2021,96.4
40113,OK,Osage,2021,87.5
40115,OK,Ottawa,2021,92.2
40117,OK,Pawnee,2021,92.6
40119,OK,Payne,2021,93.2
40121,OK,Pittsburg,2021,92.2
40123,OK,Pontotoc,2021,98.4
40125,OK,Pottawatomie,2021,95.5
40127,OK,Pushmataha,2021,97.9
40129,OK,Roger Mills,2021,91.1
40131,OK,Rogers,2021,92.0
40133,OK,Seminole,2021,89.8
40135,OK,Sequoyah,2021,86.7
40137,OK,Stephens,2021,95.5
40139,OK,Texas,2021,96.6
40141,OK,Tillman,2021,91.9
40143,OK,Tulsa,2021,90.7
40145,OK,Wagoner,2021,89.8
40147,OK,Washington,2021,87.7
40149,OK,Washita,2021,97.8
40151,OK,Woods,2021,94.4
40153,OK,Woodward,2021,93.5
41001,OR,Baker,2021,92.5
41003,OR,Benton,2021,94.1
41005,OR,Clackamas,2021,93.7
41007,OR,Clatsop,2021,95.0
41009,OR,Columbia,2021,91.4
41011,OR,Coos,2021,92.2
41013,OR,Crook,2021,91.0
41015,OR,Curry,2021,88.9
41017,OR,Deschutes,2021,92.2
41019,OR,Douglas,2021,91.2
41021,OR,Gilliam,2021,94.5
41023,OR,Grant,2021,90.5
41025,OR,Harney,2021,93.5
41027,OR,Hood River,2021,95.0
41029,OR,Jackson,2021,89.9
41031,OR,Jefferson,2021,97.1
41033,OR,Josephine,2021,88.3
41035,OR,Klamath,2021,95.9
41037,OR,Lake,2021,97.5
41039,OR,Lane,2021,93.9
41041,OR,Lincoln,2021,95.3
41043,OR,Linn,2021,92.9
41045,OR,Malheur,2021,98.0
41047,OR,Marion,2021,94.0
41049,OR,Morrow,2021,97.2
41051,OR,Multnomah,2021,90.8
41053,OR,Polk,2021,91.7
41055,OR,Sherman,2021,94.5
41057,OR,Tillamook,2021,96.9
41059,OR,Umatilla,2021,95.1
41061,OR,Union,2021,96.4
41063,OR,Wallowa,2021,100.0
41065,OR,Wasco,2021,94.5
41067,OR,Washington,2021,94.4
41071,OR,Yamhill,2021,93.1
42001,PA,Adams,2021,96.7
42003,PA,Allegheny,2021,95.2
42005,PA,Armstrong,2021,94.6
42007,PA,Beaver,2021,93.3
42009,PA,Bedford,2021,95.5
42011,PA,Berks,2021,96.9
42013,PA,Blair,2021,97.2
42015,PA,Bradford,2021,94.4
42017,PA,Bucks,2021,96.6
42019,PA,Butler,2021,96.2
42021,PA,Cambria,2021,97.1
42023,PA,Cameron,2021,95.8
42025,PA,Carbon,2021,97.5
42027,PA,Centre,2021,97.2
42029,PA,Chester,2021,94.8
42031,PA,Clarion,2021,97.6
42033,PA,Clearfield,2021,96.6
42035,PA,Clinton,2021,93.9
42037,PA,Columbia,2021,95.5
42039,PA,Crawford,2021,96.9
42041,PA,Cumberland,2021,97.2
42043,PA,Dauphin,2021,90.0
42045,PA,Delaware,2021,95.4
42047,PA,Elk,2021,98.1
42049,PA,Erie,2021,96.3
42051,PA,Fayette,2021,95.9
42053,PA,Forest,2021,100.0
42055,PA,Franklin,2021,96.2
42057,PA,Fulton,2021,98.0
42059,PA,Greene,2021,96.7
42061,PA,Huntingdon,2021,97.7
42063,PA,Indiana,2021,95.6
42065,PA,Jefferson,2021,95.1
42067,PA,Juniata,2021,96.5
42069,PA,Lackawanna,2021,97.6
42071,PA,Lancaster,2021,93.6
42073,PA,Lawrence,2021,91.9
42075,PA,Lebanon,2021,95.4
42077,PA,Lehigh,2021,97.0
42079,PA,Luzerne,2021,93.5
42081,PA,Lycoming,2021,98.0
42083,PA,McKean,2021,95.6
42085,PA,Mercer,2021,96.6
42087,PA,Mifflin,2021,98.1
42089,PA,Monroe,2021,94.0
42091,PA,Montgomery,2021,95.8
42093,PA,Montour,2021,98.1
42095,PA,Northampton,2021,96.7
42097,PA,Northumberland,2021,96.4
42099,PA,Perry,2021,97.4
42101,PA,Philadelphia,2021,94.9
42103,PA,Pike,2021,96.3
42105,PA,Potter,2021,96.0
42107,PA,Schuylkill,2021,97.4
42109,PA,Snyder,2021,91.6
42111,PA,Somerset,2021,97.9
42113,PA,Sullivan,2021,97.5
42115,PA,Susquehanna,2021,92.0
42117,PA,Tioga,2021,94.1
42119,PA,Union,2021,96.5
42121,PA,Venango,2021,96.7
42123,PA,Warren,2021,98.1
42125,PA,Washington,2021,95.9
42127,PA,Wayne,2021,90.1
42129,PA,Westmoreland,2021,95.8
42131,PA,Wyoming,2021,95.6
42133,PA,York,2021,96.7
44001,RI,Bristol,2021,97.7
44003,RI,Kent,2021,93.2
44005,RI,Newport,2021,92.4
44007,RI,Providence,2021,94.9
44009,RI,Washington,2021,96.3
45001,SC,Abbeville,2021,95.9
45003,SC,Aiken,2021,92.8
45005,SC,Allendale,2021,96.6
45007,SC,Anderson,2021,96.8
45009,SC,Bamberg,2021,98.6
45011,SC,Barnwell,2021,96.3
45013,SC,Beaufort,2021,96.6
45015,SC,Berkeley,2021,94.5
45017,SC,Calhoun,2021,96.6
45019,SC,Charleston,2021,94.6
45021,SC,Cherokee,2021,98.1
45023,SC,Chester,2021,95.2
45025,SC,Chesterfield,2021,98.2
45027,SC,Clarendon,2021,98.9
45029,SC,Colleton,2021,97.5
45031,SC,Darlington,2021,97.9
45033,SC,Dillon,2021,98.6
45035,SC,Dorchester,2021,97.2
45037,SC,Edgefield,2021,98.9
45039,SC,Fairfield,2021,95.7
45041,SC,Florence,2021,97.0
45043,SC,Georgetown,2021,97.6
45045,SC,Greenville,2021,96.0
45047,SC,Greenwood,2021,97.2
45049,SC,Hampton,2021,98.4
45051,SC,Horry,2021,95.7
45053,SC,Jasper,2021,92.6
45055,SC,Kershaw,2021,97.2
45057,SC,Lancaster,2021,96.3
45059,SC,Laurens,2021,96.6
45061,SC,Lee,2021,95.5
45063,SC,Lexington,2021,96.5
45065,SC,McCormick,2021,96.7
45067,SC,Marion,2021,98.3
45069,SC,Marlboro,2021,97.6
45071,SC,Newberry,2021,97.8
45073,SC,Oconee,2021,96.5
45075,SC,Orangeburg,2021,96.6
45077,SC,Pickens,2021,97.6
45079,SC,Richland,2021,93.0
45081,SC,Saluda,2021,93.8
45083,SC,Spartanburg,2021,95.1
45085,SC,Sumter,2021,94.5
45087,SC,Union,2021,96.5
45089,SC,Williamsburg,2021,94.4
45091,SC,York,2021,96.8
46003,SD,Aurora,2021,96.0
46005,SD,Beadle,2021,95.0
46007,SD,Bennett,2021,93.0
46009,SD,Bon Homme,2021,100.0
46011,SD,Brookings,2021,96.0
46013,SD,Brown,2021,96.0
46015,SD,Brule,2021,94.0
46019,SD,Butte,2021,94.0
46021,SD,Campbell,2021,100.0
46023,SD,Charles Mix,2021,90.0
46025,SD,Clark,2021,72.0
46027,SD,Clay,2021,94.0
46029,SD,Codington,2021,95.0
46031,SD,Corson,2021,94.0
46033,SD,Custer,2021,97.0
46035,SD,Davison,2021,96.0
46037,SD,Day,2021,96.0
46039,SD,Deuel,2021,96.0
46041,SD,Dewey,2021,88.0
46043,SD,Douglas,2021,71.0
46045,SD,Edmunds,2021,90.0
46047,SD,Fall River,2021,76.0
46049,SD,Faulk,2021,85.0
46051,SD,Grant,2021,100.0
46053,SD,Gregory,2021,93.0
46055,SD,Haakon,2021,90.0
46057,SD,Hamlin,2021,89.0
46059,SD,Hand,2021,87.0
46061,SD,Hanson,2021,92.0
46063,SD,Harding,2021,87.0
46065,SD,Hughes,2021,97.0
46067,SD,Hutchinson,2021,90.0
46069,SD,Hyde,2021,94.0
46071,SD,Jackson,2021,100.0
46073,SD,Jerauld,2021,100.0
46075,SD,Jones,2021,100.0
46077,SD,Kingsbury,2021,93.0
46079,SD,Lake,2021,93.0
46081,SD,Lawrence,2021,90.0
46083,SD,Lincoln,2021,95.0
46085,SD,Lyman,2021,100.0
46087,SD,McCook,2021,93.0
46089,SD,McPherson,2021,90.0
46091,SD,Marshall,2021,81.0
46093,SD,Meade,2021,97.0
46095,SD,Mellette,2021,97.0
46097,SD,Miner,2021,84.0
46099,SD,Minnehaha,2021,95.0
46101,SD,Moody,2021,96.0
46102,SD,Oglala Lakota,2021,82.0
46103,SD,Pennington,2021,97.0
46105,SD,Perkins,2021,89.0
46107,SD,Potter,2021,95.0
46109,SD,Roberts,2021,93.0
46111,SD,Sanborn,2021,92.0
46115,SD,Spink,2021,79.0
46117,SD,Stanley,2021,93.0
46119,SD,Sully,2021,93.0
46121,SD,Todd,2021,91.0
46123,SD,Tripp,2021,95.0
46125,SD,Turner,2021,97.0
46127,SD,Union,2021,97.0
46129,SD,Walworth,2021,97.0
46135,SD,Yankton,2021,96.0
46137,SD,Ziebach,2021,92.0
47001,TN,Anderson,2021,97.8
47003,TN,Bedford,2021,98.1
47009,TN,Blount,2021,96.2
47011,TN,Bradley,2021,92.9
47013,TN,Campbell,2021,96.3
47015,TN,Cannon,2021,98.5
47017,TN,Carroll,2021,97.8
47019,TN,Carter,2021,95.3
47021,TN,Cheatham,2021,96.9
47025,TN,Claiborne,2021,98.2
47029,TN,Cocke,2021,99.0
47031,TN,Coffee,2021,98.4
47033,TN,Crockett,2021,100.0
47035,TN,Cumberland,2021,97.7
47037,TN,Davidson,2021,95.9
47043,TN,Dickson,2021,97.9
47045,TN,Dyer,2021,98.7
47047,TN,Fayette,2021,95.3
47049,TN,Fentress,2021,91.3
47051,TN,Franklin,2021,98.3
47053,TN,Gibson,2021,96.4
47055,TN,Giles,2021,93.8
47057,TN,Grainger,2021,98.1
47059,TN,Greene,2021,98.7
47061,TN,Grundy,2021,95.4
47063,TN,Hamblen,2021,96.8
47065,TN,Hamilton,2021,94.4
47069,TN,Hardeman,2021,99.6
47071,TN,Hardin,2021,99.3
47073,TN,Hawkins,2021,97.9
47077,TN,Henderson,2021,98.2
47079,TN,Henry,2021,98.3
47085,TN,Humphreys,2021,96.4
47089,TN,Jefferson,2021,96.9
47091,TN,Johnson,2021,96.9
47093,TN,Knox,2021,95.8
47099,TN,Lawrence,2021,95.4
47103,TN,Lincoln,2021,97.6
47105,TN,Loudon,2021,97.0
47107,TN,McMinn,2021,97.5
47109,TN,McNairy,2021,97.9
47113,TN,Madison,2021,97.6
47115,TN,Marion,2021,98.7
47119,TN,Maury,2021,94.3
47123,TN,Monroe,2021,94.7
47125,TN,Montgomery,2021,95.6
47129,TN,Morgan,2021,95.5
47131,TN,Obion,2021,97.4
47133,TN,Overton,2021,96.6
47139,TN,Polk,2021,93.8
47141,TN,Putnam,2021,94.5
47143,TN,Rhea,2021,96.9
47145,TN,Roane,2021,94.5
47147,TN,Robertson,2021,96.2
47149,TN,Rutherford,2021,97.2
47151,TN,Scott,2021,99.0
47155,TN,Sevier,2021,98.5
47157,TN,Shelby,2021,97.5
47159,TN,Smith,2021,99.5
47163,TN,Sullivan,2021,96.9
47165,TN,Sumner,2021,96.6
47167,TN,Tipton,2021,98.3
47171,TN,Unicoi,2021,97.7
47173,TN,Union,2021,86.0
47177,TN,Warren,2021,98.4
47179,TN,Washington,2021,97.2
47183,TN,Weakley,2021,97.1
47185,TN,White,2021,91.1
47187,TN,Williamson,2021,96.0
47189,TN,Wilson,2021,97.4
48001,TX,Anderson,2021,97.5
48003,TX,Andrews,2021,97.5
48005,TX,Angelina,2021,97.9
48007,TX,Aransas,2021,96.6
48009,TX,Archer,2021,99.4
48011,TX,Armstrong,2021,90.0
48013,TX,Atascosa,2021,97.0
48015,TX,Austin,2021,97.9
48017,TX,Bailey,2021,100.0
48019,TX,Bandera,2021,95.0
48021,TX,Bastrop,2021,96.8
48023,TX,Baylor,2021,92.7
48025,TX,Bee,2021,98.9
48027,TX,Bell,2021,96.2
48029,TX,Bexar,2021,95.3
48031,TX,Blanco,2021,91.5
48033,TX,Borden,2021,84.6
48035,TX,Bosque,2021,96.2
48037,TX,Bowie,2021,96.2
48039,TX,Brazoria,2021,97.5
48041,TX,Brazos,2021,96.9
48043,TX,Brewster,2021,87.8
48045,TX,Briscoe,2021,93.3
48047,TX,Brooks,2021,99.0
48049,TX,Brown,2021,96.5
48051,TX,Burleson,2021,98.2
48053,TX,Burnet,2021,95.6
48055,TX,Caldwell,2021,97.9
48057,TX,Calhoun,2021,99.3
48059,TX,Callahan,2021,96.2
48061,TX,Cameron,2021,98.7
48063,TX,Camp,2021,96.6
48065,TX,Carson,2021,94.1
48067,TX,Cass,2021,98.0
48069,TX,Castro,2021,94.9
48071,TX,Chambers,2021,97.4
48073,TX,Cherokee,2021,99.5
48075,TX,Childress,2021,87.5
48077,TX,Clay,2021,97.2
48079,TX,Cochran,2021,92.5
48081,TX,Coke,2021,97.1
48083,TX,Coleman,2021,96.4
48085,TX,Collin,2021,95.4
48087,TX,Collingsworth,2021,95.7
48089,TX,Colorado,2021,95.4
48091,TX,Comal,2021,96.4
48093,TX,Comanche,2021,97.6
48095,TX,Concho,2021,95.0
48097,TX,Cooke,2021,96.5
48099,TX,Coryell,2021,96.8
48101,TX,Cottle,2021,100.0
48103,TX,Crane,2021,100.0
48105,TX,Crockett,2021,96.2
48107,TX,Crosby,2021,98.8
48109,TX,Culberson,2021,97.1
48111,TX,Dallam,2021,98.3
48113,TX,Dallas,2021,93.5
48115,TX,Dawson,2021,92.1
48117,TX,Deaf Smith,2021,97.1
48119,TX,Delta,2021,98.6
48121,TX,Denton,2021,94.1
48123,TX,DeWitt,2021,96.7
48125,TX,Dickens,2021,100.0
48127,TX,Dimmit,2021,97.7
48129,TX,Donley,2021,94.7
48131,TX,Duval,2021,100.0
48133,TX,Eastland,2021,95.5
48135,TX,Ector,2021,96.5
48137,TX,Edwards,2021,94.6
48139,TX,Ellis,2021,96.7
48141,TX,El Paso,2021,97.3
48143,TX,Erath,2021,97.7
48145,TX,Falls,2021,97.1
48147,TX,Fannin,2021,96.5
48149,TX,Fayette,2021,99.3
48151,TX,Fisher,2021,97.7
48153,TX,Floyd,2021,95.0
48155,TX,Foard,2021,91.7
48157,TX,Fort Bend,2021,97.4
48159,TX,Franklin,2021,100.0
48161,TX,Freestone,2021,94.3
48163,TX,Frio,2021,98.1
48165,TX,Gaines,2021,80.8
48167,TX,Galveston,2021,95.6
48169,TX,Garza,2021,96.1
48171,TX,Gillespie,2021,94.7
48173,TX,Glasscock,2021,92.0
48175,TX,Goliad,2021,97.7
48177,TX,Gonzales,2021,99.7
48179,TX,Gray,2021,94.4
48181,TX,Grayson,2021,95.4
48183,TX,Gregg,2021,94.8
48185,TX,Grimes,2021,97.1
48187,TX,Guadalupe,2021,98.1
48189,TX,Hale,2021,98.6
48191,TX,Hall,2021,78.9
48193,TX,Hamilton,2021,97.5
48195,TX,Hansford,2021,100.0
48197,TX,Hardeman,2021,96.1
48199,TX,Hardin,2021,95.9
48201,TX,Harris,2021,92.2
48203,TX,Harrison,2021,98.0
48205,TX,Hartley,2021,88.9
48207,TX,Haskell,2021,98.1
48209,TX,Hays,2021,96.3
48211,TX,Hemphill,2021,98.5
48213,TX,Henderson,2021,96.0
48215,TX,Hidalgo,2021,97.3
48217,TX,Hill,2021,93.3
48219,TX,Hockley,2021,98.7
48221,TX,Hood,2021,90.5
48223,TX,Hopkins,2021,95.2
48225,TX,Houston,2021,93.3
48227,TX,Howard,2021,97.8
48229,TX,Hudspeth,2021,94.1
48231,TX,Hunt,2021,98.4
48233,TX,Hutchinson,2021,95.4
48235,TX,Irion,2021,100.0
48237,TX,Jack,2021,99.2
48239,TX,Jackson,2021,98.7
48241,TX,Jasper,2021,95.6
48243,TX,Jeff Davis,2021,85.7
48245,TX,Jefferson,2021,96.9
48247,TX,Jim Hogg,2021,93.9
48249,TX,Jim Wells,2021,99.1
48251,TX,Johnson,2021,95.3
48253,TX,Jones,2021,99.4
48255,TX,Karnes,2021,99.0
48257,TX,Kaufman,2021,97.1
48259,TX,Kendall,2021,94.2
48261,TX,Kenedy,2021,100.0
48263,TX,Kent,2021,80.0
48265,TX,Kerr,2021,96.2
48267,TX,Kimble,2021,92.2
48269,TX,King,2021,90.9
48271,TX,Kinney,2021,97.8
48273,TX,Kleberg,2021,98.8
48275,TX,Knox,2021,98.2
48277,TX,Lamar,2021,97.8
48279,TX,Lamb,2021,95.7
48281,TX,Lampasas,2021,98.6
48283,TX,La Salle,2021,100.0
48285,TX,Lavaca,2021,98.1
48287,TX,Lee,2021,97.0
48289,TX,Leon,2021,97.4
48291,TX,Liberty,2021,98.3
48293,TX,Limestone,2021,87.7
48295,TX,Lipscomb,2021,83.3
48297,TX,Live Oak,2021,99.1
48299,TX,Llano,2021,97.1
48303,TX,Lubbock,2021,93.3
48305,TX,Lynn,2021,98.0
48307,TX,McCulloch,2021,89.4
48309,TX,McLennan,2021,95.8
48311,TX,McMullen,2021,91.7
48313,TX,Madison,2021,96.5
48315,TX,Marion,2021,96.2
48317,TX,Martin,2021,99.0
48319,TX,Mason,2021,98.1
48321,TX,Matagorda,2021,97.7
48323,TX,Maverick,2021,96.6
48325,TX,Medina,2021,97.1
48327,TX,Menard,2021,100.0
48329,TX,Midland,2021,96.8
48331,TX,Milam,2021,97.1
48333,TX,Mills,2021,100.0
48335,TX,Mitchell,2021,89.0
48337,TX,Montague,2021,89.2
48339,TX,Montgomery,2021,96.1
48341,TX,Moore,2021,98.4
48343,TX,Morris,2021,100.0
48345,TX,Motley,2021,88.9
48347,TX,Nacogdoches,2021,98.7
48349,TX,Navarro,2021,97.8
48351,TX,Newton,2021,94.6
48353,TX,Nolan,2021,98.4
48355,TX,Nueces,2021,98.1
48357,TX,Ochiltree,2021,89.0
48359,TX,Oldham,2021,92.9
48361,TX,Orange,2021,94.8
48363,TX,Palo Pinto,2021,96.1
48365,TX,Panola,2021,97.9
48367,TX,Parker,2021,96.0
48369,TX,Parmer,2021,93.4
48371,TX,Pecos,2021,98.9
48373,TX,Polk,2021,96.4
48375,TX,Potter,2021,96.9
48377,TX,Presidio,2021,98.8
48379,TX,Rains,2021,98.6
48381,TX,Randall,2021,96.7
48383,TX,Reagan,2021,100.0
48385,TX,Real,2021,100.0
48387,TX,Red River,2021,98.1
48389,TX,Reeves,2021,92.6
48391,TX,Refugio,2021,98.0
48393,TX,Roberts,2021,92.3
48395,TX,Robertson,2021,98.1
48397,TX,Rockwall,2021,95.5
48399,TX,Runnels,2021,99.2
48401,TX,Rusk,2021,96.6
48403,TX,Sabine,2021,100.0
48405,TX,San Augustine,2021,98.6
48407,TX,San Jacinto,2021,97.4
48409,TX,San Patricio,2021,97.6
48411,TX,San Saba,2021,95.9
48413,TX,Schleicher,2021,100.0
48415,TX,Scurry,2021,96.7
48417,TX,Shackelford,2021,82.1
48419,TX,Shelby,2021,96.7
48421,TX,Sherman,2021,93.0
48423,TX,Smith,2021,96.4
48425,TX,Somervell,2021,95.9
48427,TX,Starr,2021,96.5
48429,TX,Stephens,2021,89.9
48431,TX,Sterling,2021,95.2
48433,TX,Stonewall,2021,91.7
48435,TX,Sutton,2021,96.2
48437,TX,Swisher,2021,98.9
48439,TX,Tarrant,2021,94.6
48441,TX,Taylor,2021,97.1
48443,TX,Terrell,2021,100.0
48445,TX,Terry,2021,96.1
48447,TX,Throckmorton,2021,63.2
48449,TX,Titus,2021,99.7
48451,TX,Tom Green,2021,97.9
48453,TX,Travis,2021,95.5
48455,TX,Trinity,2021,96.5
48457,TX,Tyler,2021,97.4
48459,TX,Upshur,2021,95.8
48461,TX,Upton,2021,100.0
48463,TX,Uvalde,2021,97.5
48465,TX,Val Verde,2021,97.6
48467,TX,Van Zandt,2021,96.5
48469,TX,Victoria,2021,98.4
48471,TX,Walker,2021,95.8
48473,TX,Waller,2021,98.0
48475,TX,Ward,2021,99.4
48477,TX,Washington,2021,98.8
48479,TX,Webb,2021,99.1
48481,TX,Wharton,2021,98.3
48483,TX,Wheeler,2021,94.0
48485,TX,Wichita,2021,98.0
48487,TX,Wilbarger,2021,98.8
48489,TX,Willacy,2021,97.1
48491,TX,Williamson,2021,94.1
48493,TX,Wilson,2021,98.0
48495,TX,Winkler,2021,99.2
48497,TX,Wise,2021,95.6
48499,TX,Wood,2021,96.1
48501,TX,Yoakum,2021,99.2
48503,TX,Young,2021,95.9
48505,TX,Zapata,2021,97.1
48507,TX,Zavala,2021,100.0
49001,UT,Beaver,2021,96.3
49003,UT,Box Elder,2021,91.9
49005,UT,Cache,2021,94.6
49007,UT,Carbon,2021,94.7
49011,UT,Davis,2021,93.1
49013,UT,Duchesne,2021,91.9
49015,UT,Emery,2021,82.8
49019,UT,Grand,2021,76.1
49021,UT,Iron,2021,90.5
49023,UT,Juab,2021,87.3
49027,UT,Millard,2021,95.1
49029,UT,Morgan,2021,97.2
49035,UT,Salt Lake,2021,94.7
49037,UT,San Juan,2021,82.8
49039,UT,Sanpete,2021,92.7
49041,UT,Sevier,2021,94.6
49043,UT,Summit,2021,92.7
49045,UT,Tooele,2021,94.9
49047,UT,Uintah,2021,92.7
49049,UT,Utah,2021,91.0
49051,UT,Wasatch,2021,94.2
49053,UT,Washington,2021,89.1
49057,UT,Weber,2021,93.0
51001,VA,Accomack,2021,95.6
51003,VA,Albemarle,2021,94.1
51005,VA,Alleghany,2021,89.1
51007,VA,Amelia,2021,96.1
51009,VA,Amherst,2021,94.3
51011,VA,Appomattox,2021,91.0
51013,VA,Arlington,2021,92.8
51015,VA,Augusta,2021,93.0
51017,VA,Bath,2021,100.0
51019,VA,Bedford,2021,95.6
51023,VA,Botetourt,2021,98.1
51025,VA,Brunswick,2021,95.0
51027,VA,Buchanan,2021,100.0
51029,VA,Buckingham,2021,90.6
51031,VA,Campbell,2021,89.8
51033,VA,Caroline,2021,88.8
51035,VA,Carroll,2021,93.0
51036,VA,Charles City,2021,57.9
51037,VA,Charlotte,2021,86.3
51041,VA,Chesterfield,2021,86.7
51043,VA,Clarke,2021,88.1
51045,VA,Craig,2021,100.0
51047,VA,Culpeper,2021,92.9
51049,VA,Cumberland,2021,84.4
51051,VA,Dickenson,2021,100.0
51053,VA,Dinwiddie,2021,91.5
51057,VA,Essex,2021,91.1
51059,VA,Fairfax County,2021,83.4
51061,VA,Fauquier,2021,94.6
51063,VA,Floyd,2021,82.7
51065,VA,Fluvanna,2021,84.3
51067,VA,Franklin County,2021,95.6
51069,VA,Frederick,2021,93.8
51071,VA,Giles,2021,94.8
51073,VA,Gloucester,2021,96.7
51075,VA,Goochland,2021,95.8
51077,VA,Grayson,2021,97.8
51079,VA,Greene,2021,92.8
51081,VA,Greensville,2021,95.6
51083,VA,Halifax,2021,82.5
51085,VA,Hanover,2021,97.7
51087,VA,Henrico,2021,94.3
51089,VA,Henry,2021,91.6
51091,VA,Highland,2021,100.0
51093,VA,Isle of Wight,2021,94.9
51095,VA,James City,2021,94.6
51097,VA,King and Queen,2021,95.3
51099,VA,King George,2021,98.9
51101,VA,King William,2021,97.8
51103,VA,Lancaster,2021,75.6
51105,VA,Lee,2021,88.3
51107,VA,Loudoun,2021,89.9
51109,VA,Louisa,2021,92.5
51111,VA,Lunenburg,2021,98.4
51113,VA,Madison,2021,94.7
51117,VA,Mecklenburg,2021,97.8
51119,VA,Middlesex,2021,91.0
51121,VA,Montgomery,2021,94.4
51125,VA,Nelson,2021,83.8
51127,VA,New Kent,2021,88.1
51131,VA,Northampton,2021,99.1
51135,VA,Nottoway,2021,97.3
51137,VA,Orange,2021,97.1
51139,VA,Page,2021,95.0
51141,VA,Patrick,2021,100.0
51143,VA,Pittsylvania,2021,98.1
51145,VA,Powhatan,2021,95.0
51147,VA,Prince Edward,2021,100.0
51149,VA,Prince George,2021,95.2
51153,VA,Prince William,2021,89.3
51155,VA,Pulaski,2021,93.0
51157,VA,Rappahannock,2021,96.8
51159,VA,Richmond County,2021,96.7
51161,VA,Roanoke County,2021,97.1
51163,VA,Rockbridge,2021,98.0
51165,VA,Rockingham,2021,92.3
51167,VA,Russell,2021,98.3
51169,VA,Scott,2021,93.8
51171,VA,Shenandoah,2021,96.0
51173,VA,Smyth,2021,96.0
51175,VA,Southampton,2021,96.4
51177,VA,Spotsylvania,2021,90.6
51179,VA,Stafford,2021,95.7
51181,VA,Surry,2021,91.7
51183,VA,Sussex,2021,81.8
51185,VA,Tazewell,2021,83.8
51187,VA,Warren,2021,87.4
51191,VA,Washington,2021,96.9
51193,VA,Westmoreland,2021,100.0
51197,VA,Wythe,2021,88.9
51199,VA,York,2021,94.3
51510,VA,Alexandria,2021,91.3
51520,VA,Bristol,2021,93.3
51530,VA,Buena Vista,2021,94.2
51540,VA,Charlottesville,2021,92.7
51550,VA,Chesapeake,2021,95.1
51570,VA,Colonial Heights,2021,90.9
51580,VA,Covington,2021,97.4
51590,VA,Danville,2021,89.3
51610,VA,Falls Church,2021,98.3
51620,VA,Franklin City,2021,98.3
51630,VA,Fredericksburg,2021,96.8
51640,VA,Galax,2021,98.9
51650,VA,Hampton,2021,91.9
51660,VA,Harrisonburg,2021,92.7
51670,VA,Hopewell,2021,88.3
51678,VA,Lexington,2021,100.0
51680,VA,Lynchburg,2021,78.4
51683,VA,Manassas,2021,98.0
51685,VA,Manassas Park,2021,83.9
51690,VA,Martinsville,2021,98.6
51700,VA,Newport News,2021,92.1
51710,VA,Norfolk,2021,90.1
51720,VA,Norton,2021,100.0
51730,VA,Petersburg,2021,80.3
51735,VA,Poquoson,2021,98.6
51740,VA,Portsmouth,2021,92.4
51750,VA,Radford,2021,91.9
51760,VA,Richmond City,2021,86.2
51770,VA,Roanoke City,2021,95.1
51775,VA,Salem,2021,94.7
51790,VA,Staunton,2021,97.4
51800,VA,Suffolk,2021,98.1
51810,VA,Virginia Beach,2021,93.6
51820,VA,Waynesboro,2021,95.5
51830,VA,Williamsburg,2021,93.6
51840,VA,Winchester,2021,95.9
50001,VT,Addison,2021,95.0
50003,VT,Bennington,2021,93.0
50005,VT,Caledonia,2021,95.0
50007,VT,Chittenden,2021,95.0
50011,VT,Franklin,2021,94.0
50015,VT,Lamoille,2021,87.0
50017,VT,Orange,2021,95.0
50019,VT,Orleans,2021,94.0
50021,VT,Rutland,2021,92.0
50023,VT,Washington,2021,93.0
50025,VT,Windham,2021,93.0
50027,VT,Windsor,2021,94.0
53001,WA,Adams,2021,97.3
53003,WA,Asotin,2021,91.8
53005,WA,Benton,2021,95.4
53007,WA,Chelan,2021,97.4
53009,WA,Clallam,2021,90.5
53011,WA,Clark,2021,93.7
53013,WA,Columbia,2021,94.6
53015,WA,Cowlitz,2021,95.5
53017,WA,Douglas,2021,99.0
53019,WA,Ferry,2021,83.9
53021,WA,Franklin,2021,96.1
53023,WA,Garfield,2021,100.0
53025,WA,Grant,2021,94.0
53027,WA,Grays Harbor,2021,91.8
53029,WA,Island,2021,93.5
53031,WA,Jefferson,2021,91.6
53033,WA,King,2021,95.0
53035,WA,Kitsap,2021,93.8
53037,WA,Kittitas,2021,90.0
53039,WA,Klickitat,2021,91.2
53041,WA,Lewis,2021,94.5
53043,WA,Lincoln,2021,89.5
53045,WA,Mason,2021,96.7
53047,WA,Okanogan,2021,93.6
53049,WA,Pacific,2021,96.8
53051,WA,Pend Oreille,2021,84.2
53053,WA,Pierce,2021,94.6
53055,WA,San Juan,2021,91.7
53057,WA,Skagit,2021,94.3
53059,WA,Skamania,2021,95.5
53061,WA,Snohomish,2021,95.0
53063,WA,Spokane,2021,91.7
53065,WA,Stevens,2021,85.9
53067,WA,Thurston,2021,95.3
53069,WA,Wahkiakum,2021,96.4
53071,WA,Walla Walla,2021,94.5
53073,WA,Whatcom,2021,88.7
53075,WA,Whitman,2021,97.0
53077,WA,Yakima,2021,98.2
55001,WI,Adams,2021,61.0
55003,WI,Ashland,2021,82.0
55005,WI,Barron,2021,85.0
55007,WI,Bayfield,2021,77.0
55009,WI,Brown,2021,88.0
55011,WI,Buffalo,2021,94.0
55013,WI,Burnett,2021,85.0
55015,WI,Calumet,2021,87.0
55017,WI,Chippewa,2021,90.0
55019,WI,Clark,2021,81.0
55021,WI,Columbia,2021,87.0
55023,WI,Crawford,2021,77.0
55025,WI,Dane,2021,91.0
55027,WI,Dodge,2021,88.0
55029,WI,Door,2021,90.0
55031,WI,Douglas,2021,88.0
55033,WI,Dunn,2021,90.0
55035,WI,Eau Claire,2021,84.0
55037,WI,Florence,2021,88.0
55039,WI,Fond du Lac,2021,61.0
55041,WI,Forest,2021,89.0
55043,WI,Grant,2021,81.0
55045,WI,Green,2021,89.0
55047,WI,Green Lake,2021,89.0
55049,WI,Iowa,2021,95.0
55051,WI,Iron,2021,81.0
55053,WI,Jackson,2021,84.0
55055,WI,Jefferson,2021,90.0
55057,WI,Juneau,2021,86.0
55059,WI,Kenosha,2021,82.0
55061,WI,Kewaunee,2021,92.0
55063,WI,La Crosse,2021,89.0
55065,WI,Lafayette,2021,86.0
55067,WI,Langlade,2021,85.0
55069,WI,Lincoln,2021,82.0
55071,WI,Manitowoc,2021,89.0
55073,WI,Marathon,2021,90.0
55075,WI,Marinette,2021,84.0
55077,WI,Marquette,2021,90.0
55078,WI,Menominee,2021,82.0
55079,WI,Milwaukee,2021,78.0
55081,WI,Monroe,2021,88.0
55083,WI,Oconto,2021,84.0
55085,WI,Oneida,2021,86.0
55087,WI,Outagamie,2021,90.0
55089,WI,Ozaukee,2021,91.0
55091,WI,Pepin,2021,82.0
55093,WI,Pierce,2021,84.0
55095,WI,Polk,2021,85.0
55097,WI,Portage,2021,91.0
55099,WI,Price,2021,83.0
55101,WI,Racine,2021,88.0
55103,WI,Richland,2021,81.0
55105,WI,Rock,2021,86.0
55107,WI,Rusk,2021,84.0
55109,WI,St Croix,2021,91.0
55111,WI,Sauk,2021,93.0
55113,WI,Sawyer,2021,89.0
55115,WI,Shawano,2021,86.0
55117,WI,Sheboygan,2021,88.0
55119,WI,Taylor,2021,87.0
55121,WI,Trempealeau,2021,93.0
55123,WI,Vernon,2021,92.0
55125,WI,Vilas,2021,90.0
55127,WI,Walworth,2021,87.0
55129,WI,Washburn,2021,88.0
55131,WI,Washington,2021,89.0
55133,WI,Waukesha,2021,89.0
55135,WI,Waupaca,2021,86.0
55137,WI,Waushara,2021,85.0
55139,WI,Winnebago,2021,86.0
55141,WI,Wood,2021,88.0
01001,AL,Autauga,2022,92.0
01003,AL,Baldwin,2022,93.3
01005,AL,Barbour,2022,92.5
01007,AL,Bibb,2022,94.7
01009,AL,Blount,2022,97.6
01011,AL,Bullock,2022,96.4
01013,AL,Butler,2022,98.3
01015,AL,Calhoun,2022,95.2
01017,AL,Chambers,2022,94.6
01019,AL,Cherokee,2022,95.0
01021,AL,Chilton,2022,94.3
01023,AL,Choctaw,2022,90.1
01025,AL,Clarke,2022,95.1
01027,AL,Clay,2022,92.6
01029,AL,Cleburne,2022,94.0
01031,AL,Coffee,2022,96.1
01033,AL,Colbert,2022,93.6
01035,AL,Conecuh,2022,87.9
01037,AL,Coosa,2022,94.2
01039,AL,Covington,2022,97.3
01041,AL,Crenshaw,2022,97.1
01043,AL,Cullman,2022,95.0
01045,AL,Dale,2022,94.5
01047,AL,Dallas,2022,93.3
01049,AL,DeKalb,2022,93.5
01051,AL,Elmore,2022,95.6
01053,AL,Escambia,2022,95.9
01055,AL,Etowah,2022,95.5
01057,AL,Fayette,2022,94.1
01059,AL,Franklin,2022,96.3
01061,AL,Geneva,2022,97.4
01063,AL,Greene,2022,79.7
01065,AL,Hale,2022,88.9
01067,AL,Henry,2022,96.2
01069,AL,Houston,2022,92.8
01071,AL,Jackson,2022,94.8
01073,AL,Jefferson,2022,95.1
01075,AL,Lamar,2022,97.0
01077,AL,Lauderdale,2022,96.4
01079,AL,Lawrence,2022,95.7
01081,AL,Lee,2022,96.3
01083,AL,Limestone,2022,94.4
01085,AL,Lowndes,2022,89.6
01087,AL,Macon,2022,95.3
01089,AL,Madison,2022,93.0
01091,AL,Marengo,2022,91.3
01093,AL,Marion,2022,92.3
01095,AL,Marshall,2022,95.4
01097,AL,Mobile,2022,92.7
01099,AL,Monroe,2022,97.9
01101,AL,Montgomery,2022,92.1
01103,AL,Morgan,2022,93.9
01105,AL,Perry,2022,88.5
01107,AL,Pickens,2022,90.6
01109,AL,Pike,2022,95.5
01111,AL,Randolph,2022,90.4
01113,AL,Russell,2022,87.7
01115,AL,St Clair,2022,95.3
01117,AL,Shelby,2022,94.6
01119,AL,Sumter,2022,96.3
01121,AL,Talladega,2022,95.6
01123,AL,Tallapoosa,2022,98.4
01125,AL,Tuscaloosa,2022,93.0
01127,AL,Walker,2022,97.0
01129,AL,Washington,2022,93.8
01131,AL,Wilcox,2022,85.7
01133,AL,Winston,2022,94.0
04001,AZ,Apache,2022,88.5
04003,AZ,Cochise,2022,90.1
04005,AZ,Coconino,2022,89.2
04007,AZ,Gila,2022,85.8
04009,AZ,Graham,2022,92.2
04011,AZ,Greenlee,2022,89.5
04012,AZ,La Paz,2022,90.3
04013,AZ,Maricopa,2022,90.6
04015,AZ,Mohave,2022,84.3
04017,AZ,Navajo,2022,87.0
04019,AZ,Pima,2022,93.8
04021,AZ,Pinal,2022,89.4
04023,AZ,Santa Cruz,2022,96.6
04025,AZ,Yavapai,2022,77.3
04027,AZ,Yuma,2022,95.4
06001,CA,Alameda,2022,97.2
06005,CA,Amador,2022,94.1
06007,CA,Butte,2022,97.9
06009,CA,Calaveras,2022,96.4
06011,CA,Colusa,2022,99.0
06013,CA,Contra Costa,2022,97.5
06015,CA,Del Norte,2022,95.2
06017,CA,El Dorado,2022,83.6
06019,CA,Fresno,2022,97.5
06021,CA,Glenn,2022,87.4
06023,CA,Humboldt,2022,91.6
06025,CA,Imperial,2022,97.2
06027,CA,Inyo,2022,95.4
06029,CA,Kern,2022,91.6
06031,CA,Kings,2022,98.1
06033,CA,Lake,2022,97.0
06035,CA,Lassen,2022,89.8
06037,CA,Los Angeles,2022,96.7
06039,CA,Madera,2022,97.5
06041,CA,Marin,2022,99.1
06043,CA,Mariposa,2022,97.7
06045,CA,Mendocino,2022,93.7
06047,CA,Merced,2022,97.4
06049,CA,Modoc,2022,98.0
06051,CA,Mono,2022,99.0
06053,CA,Monterey,2022,98.8
06055,CA,Napa,2022,98.8
06057,CA,Nevada,2022,87.0
06059,CA,Orange,2022,97.7
06061,CA,Placer,2022,95.4
06063,CA,Plumas,2022,96.0
06065,CA,Riverside,2022,96.4
06067,CA,Sacramento,2022,95.8
06069,CA,San Benito,2022,98.9
06071,CA,San Bernardino,2022,94.9
06073,CA,San Diego,2022,95.3
06075,CA,San Francisco,2022,96.4
06077,CA,San Joaquin,2022,96.8
06079,CA,San Luis Obispo,2022,96.2
06081,CA,San Mateo,2022,98.2
06083,CA,Santa Barbara,2022,98.0
06085,CA,Santa Clara,2022,98.1
06087,CA,Santa Cruz,2022,94.1
06089,CA,Shasta,2022,92.6
06091,CA,Sierra,2022,96.9
06093,CA,Siskiyou,2022,93.0
06095,CA,Solano,2022,98.3
06097,CA,Sonoma,2022,95.0
06099,CA,Stanislaus,2022,96.4
06101,CA,Sutter,2022,79.9
06103,CA,Tehama,2022,97.2
06105,CA,Trinity,2022,93.2
06107,CA,Tulare,2022,98.2
06109,CA,Tuolumne,2022,93.5
06111,CA,Ventura,2022,97.1
06113,CA,Yolo,2022,95.8
06115,CA,Yuba,2022,93.2
08001,CO,Adams,2022,92.5
08003,CO,Alamosa,2022,76.9
08005,CO,Arapahoe,2022,90.6
08007,CO,Archuleta,2022,75.9
08009,CO,Baca,2022,87.8
08011,CO,Bent,2022,100.0
08013,CO,Boulder,2022,87.6
08014,CO,Broomfield,2022,95.5
08015,CO,Chaffee,2022,84.4
08017,CO,Cheyenne,2022,87.5
08019,CO,Clear Creek,2022,81.1
08021,CO,Conejos,2022,86.2
08023,CO,Costilla,2022,91.2
08025,CO,Crowley,2022,96.9
08027,CO,Custer,2022,68.2
08029,CO,Delta,2022,82.6
08031,CO,Denver,2022,87.6
08033,CO,Dolores,2022,88.9
08035,CO,Douglas,2022,91.5
08037,CO,Eagle,2022,89.3
08039,CO,Elbert,2022,85.5
08041,CO,El Paso,2022,80.4
08043,CO,Fremont,2022,78.2
08045,CO,Garfield,2022,92.0
08047,CO,Gilpin,2022,78.1
08049,CO,Grand,2022,82.7
08051,CO,Gunnison,2022,82.4
08053,CO,Hinsdale,2022,60.0
08055,CO,Huerfano,2022,76.1
08057,CO,Jackson,2022,88.2
08059,CO,Jefferson,2022,91.4
08061,CO,Kiowa,2022,96.2
08063,CO,Kit Carson,2022,93.6
08065,CO,Lake,2022,75.7
08067,CO,La Plata,2022,81.0
08069,CO,Larimer,2022,89.4
08071,CO,Las Animas,2022,92.3
08073,CO,Lincoln,2022,83.6
08075,CO,Logan,2022,97.0
08077,CO,Mesa,2022,84.4
08079,CO,Mineral,2022,100.0
08081,CO,Moffat,2022,93.9
08083,CO,Montezuma,2022,83.0
08085,CO,Montrose,2022,83.7
08087,CO,Morgan,2022,91.3
08089,CO,Otero,2022,90.1
08091,CO,Ouray,2022,91.4
08093,CO,Park,2022,88.8
08095,CO,Phillips,2022,90.7
08097,CO,Pitkin,2022,95.5
08099,CO,Prowers,2022,95.6
08101,CO,Pueblo,2022,82.3
08103,CO,Rio Blanco,2022,94.0
08105,CO,Rio Grande,2022,85.2
08107,CO,Routt,2022,92.8
08109,CO,Saguache,2022,86.2
08111,CO,San Juan,2022,100.0
08113,CO,San Miguel,2022,92.6
08115,CO,Sedgwick,2022,91.3
08117,CO,Summit,2022,89.8
08119,CO,Teller,2022,83.9
08121,CO,Washington,2022,80.8
08123,CO,Weld,2022,94.8
08125,CO,Yuma,2022,97.8
09001,CT,Fairfield,2022,95.4
09003,CT,Hartford,2022,95.4
09005,CT,Litchfield,2022,95.8
09007,CT,Middlesex,2022,96.4
09009,CT,New Haven,2022,96.7
09011,CT,New London,2022,95.3
09013,CT,Tolland,2022,95.7
09015,CT,Windham,2022,92.8
11001,DC,District of Columbia,2022,82.0
12001,FL,Alachua,2022,91.5
12003,FL,Baker,2022,97.2
12005,FL,Bay,2022,92.4
12007,FL,Bradford,2022,94.1
12009,FL,Brevard,2022,93.0
12011,FL,Broward,2022,91.7
12013,FL,Calhoun,2022,95.8
12015,FL,Charlotte,2022,90.2
12017,FL,Citrus,2022,91.0
12019,FL,Clay,2022,94.3
12021,FL,Collier,2022,90.1
12023,FL,Columbia,2022,93.9
12027,FL,De Soto,2022,95.4
12029,FL,Dixie,2022,97.7
12031,FL,Duval,2022,89.5
12033,FL,Escambia,2022,89.5
12035,FL,Flagler,2022,92.0
12037,FL,Franklin,2022,97.7
12039,FL,Gadsden,2022,81.1
12041,FL,Gilchrist,2022,92.7
12043,FL,Glades,2022,97.8
12045,FL,Gulf,2022,96.8
12047,FL,Hamilton,2022,90.9
12049,FL,Hardee,2022,98.7
12051,FL,Hendry,2022,94.4
12053,FL,Hernando,2022,91.1
12055,FL,Highlands,2022,92.9
12057,FL,Hillsborough,2022,93.9
12059,FL,Holmes,2022,98.5
12061,FL,Indian River,2022,87.8
12063,FL,Jackson,2022,96.7
12065,FL,Jefferson,2022,93.1
12067,FL,Lafayette,2022,90.5
12069,FL,Lake,2022,90.9
12071,FL,Lee,2022,92.3
12073,FL,Leon,2022,95.5
12075,FL,Levy,2022,94.4
12077,FL,Liberty,2022,95.7
12079,FL,Madison,2022,91.5
12081,FL,Manatee,2022,91.6
12083,FL,Marion,2022,94.1
12085,FL,Martin,2022,90.5
12086,FL,Miami-Dade,2022,92.0
12087,FL,Monroe,2022,90.5
12089,FL,Nassau,2022,94.9
12091,FL,Okaloosa,2022,92.0
12093,FL,Okeechobee,2022,96.8
12095,FL,Orange,2022,88.2
12097,FL,Osceola,2022,88.5
12099,FL,Palm Beach,2022,89.5
12101,FL,Pasco,2022,94.3
12103,FL,Pinellas,2022,90.3
12105,FL,Polk,2022,95.8
12107,FL,Putnam,2022,89.7
12109,FL,St Johns,2022,92.1
12111,FL,St Lucie,2022,92.0
12113,FL,Santa Rosa,2022,92.2
12115,FL,Sarasota,2022,87.4
12117,FL,Seminole,2022,92.3
12119,FL,Sumter,2022,94.2
12121,FL,Suwannee,2022,91.6
12123,FL,Taylor,2022,98.9
12125,FL,Union,2022,95.4
12127,FL,Volusia,2022,92.1
12129,FL,Wakulla,2022,95.0
12131,FL,Walton,2022,90.8
12133,FL,Washington,2022,95.1
15001,HI,Hawaii,2022,88.5
15003,HI,Honolulu,2022,94.0
15007,HI,Kauai,2022,88.0
15009,HI,Maui,2022,88.3
19001,IA,Adair,2022,89.5
19003,IA,Adams,2022,95.8
19005,IA,Allamakee,2022,87.4
19007,IA,Appanoose,2022,84.5
19009,IA,Audubon,2022,97.6
19011,IA,Benton,2022,89.8
19013,IA,Black Hawk,2022,89.7
19015,IA,Boone,2022,96.5
19017,IA,Bremer,2022,92.4
19019,IA,Buchanan,2022,86.4
19021,IA,Buena Vista,2022,93.0
19023,IA,Butler,2022,92.2
19025,IA,Calhoun,2022,95.5
19027,IA,Carroll,2022,95.9
19029,IA,Cass,2022,94.9
19031,IA,Cedar,2022,91.8
19033,IA,Cerro Gordo,2022,92.6
19035,IA,Cherokee,2022,92.6
19037,IA,Chickasaw,2022,91.5
19039,IA,Clarke,2022,86.1
19041,IA,Clay,2022,92.4
19043,IA,Clayton,2022,84.2
19045,IA,Clinton,2022,83.0
19047,IA,Crawford,2022,92.2
19049,IA,Dallas,2022,93.6
19051,IA,Davis,2022,86.7
19053,IA,Decatur,2022,82.9
19055,IA,Delaware,2022,95.8
19057,IA,Des Moines,2022,93.0
19059,IA,Dickinson,2022,92.1
19061,IA,Dubuque,2022,90.1
19063,IA,Emmet,2022,86.0
19065,IA,Fayette,2022,85.5
19067,IA,Floyd,2022,87.9
19069,IA,Franklin,2022,88.3
19071,IA,Fremont,2022,90.0
19073,IA,Greene,2022,82.2
19075,IA,Grundy,2022,96.1
19077,IA,Guthrie,2022,87.6
19079,IA,Hamilton,2022,94.9
19081,IA,Hancock,2022,94.2
19083,IA,Hardin,2022,90.4
19085,IA,Harrison,2022,89.0
19087,IA,Henry,2022,90.6
19089,IA,Howard,2022,93.3
19091,IA,Humboldt,2022,90.0
19093,IA,Ida,2022,87.4
19095,IA,Iowa,2022,94.5
19097,IA,Jackson,2022,83.6
19099,IA,Jasper,2022,92.0
19101,IA,Jefferson,2022,86.1
19103,IA,Johnson,2022,90.0
19105,IA,Jones,2022,90.7
19107,IA,Keokuk,2022,91.4
19109,IA,Kossuth,2022,83.8
19111,IA,Lee,2022,94.1
19113,IA,Linn,2022,89.9
19115,IA,Louisa,2022,95.5
19117,IA,Lucas,2022,82.0
19119,IA,Lyon,2022,93.9
19121,IA,Madison,2022,93.3
19123,IA,Mahaska,2022,91.1
19125,IA,Marion,2022,89.3
19127,IA,Marshall,2022,89.3
19129,IA,Mills,2022,90.4
19131,IA,Mitchell,2022,95.8
19133,IA,Monona,2022,89.1
19135,IA,Monroe,2022,82.7
19137,IA,Montgomery,2022,92.6
19139,IA,Muscatine,2022,88.1
19141,IA,O'Brien,2022,93.5
19143,IA,Osceola,2022,92.5
19145,IA,Page,2022,92.5
19147,IA,Palo Alto,2022,90.9
19149,IA,Plymouth,2022,94.8
19151,IA,Pocahontas,2022,84.0
19153,IA,Polk,2022,91.0
19155,IA,Pottawattamie,2022,91.2
19157,IA,Poweshiek,2022,89.7
19159,IA,Ringgold,2022,96.8
19161,IA,Sac,2022,91.5
19163,IA,Scott,2022,90.8
19165,IA,Shelby,2022,92.4
19167,IA,Sioux,2022,85.0
19169,IA,Story,2022,92.3
19171,IA,Tama,2022,95.8
19173,IA,Taylor,2022,97.7
19175,IA,Union,2022,97.8
19177,IA,Van Buren,2022,88.7
19179,IA,Wapello,2022,90.5
19181,IA,Warren,2022,93.8
19183,IA,Washington,2022,87.8
19185,IA,Wayne,2022,88.9
19187,IA,Webster,2022,80.4
19189,IA,Winnebago,2022,95.8
19191,IA,Winneshiek,2022,93.5
19193,IA,Woodbury,2022,88.2
19195,IA,Worth,2022,90.5
19197,IA,Wright,2022,88.7
16001,ID,Ada,2022,88.0
16003,ID,Adams,2022,72.0
16005,ID,Bannock,2022,90.0
16007,ID,Bear Lake,2022,94.0
16009,ID,Benewah,2022,79.0
16011,ID,Bingham,2022,85.0
16013,ID,Blaine,2022,83.0
16015,ID,Boise,2022,67.0
16017,ID,Bonner,2022,68.0
16019,ID,Bonneville,2022,91.0
16021,ID,Boundary,2022,71.0
16023,ID,Butte,2022,78.0
16025,ID,Camas,2022,60.0
16027,ID,Canyon,2022,84.0
16029,ID,Caribou,2022,92.0
16031,ID,Cassia,2022,92.0
16033,ID,Clark,2022,77.0
16035,ID,Clearwater,2022,84.0
16037,ID,Custer,2022,83.0
16039,ID,Elmore,2022,91.0
16041,ID,Franklin,2022,75.0
16043,ID,Fremont,2022,80.0
16045,ID,Gem,2022,82.0
16047,ID,Gooding,2022,80.0
16049,ID,Idaho,2022,68.0
16051,ID,Jefferson,2022,89.0
16053,ID,Jerome,2022,95.0
16055,ID,Kootenai,2022,77.0
16057,ID,Latah,2022,86.0
16059,ID,Lemhi,2022,88.0
16061,ID,Lewis,2022,92.0
16063,ID,Lincoln,2022,89.0
16065,ID,Madison,2022,83.0
16067,ID,Minidoka,2022,92.0
16069,ID,Nez Perce,2022,84.0
16071,ID,Oneida,2022,92.0
16073,ID,Owyhee,2022,82.0
16075,ID,Payette,2022,80.0
16077,ID,Power,2022,92.0
16079,ID,Shoshone,2022,70.0
16081,ID,Teton,2022,72.0
16083,ID,Twin Falls,2022,84.0
16085,ID,Valley,2022,77.0
16087,ID,Washington,2022,85.0
17001,IL,Adams,2022,99.2
17003,IL,Alexander,2022,99.2
17005,IL,Bond,2022,98.8
17007,IL,Boone,2022,97.5
17009,IL,Brown,2022,98.3
17011,IL,Bureau,2022,97.5
17013,IL,Calhoun,2022,99.0
17015,IL,Carroll,2022,97.7
17017,IL,Cass,2022,98.9
17019,IL,Champaign,2022,98.0
17021,IL,Christian,2022,95.8
17023,IL,Clark,2022,99.5
17025,IL,Clay,2022,96.7
17027,IL,Clinton,2022,97.0
17029,IL,Coles,2022,97.1
17031,IL,Cook,2022,95.5
17033,IL,Crawford,2022,97.3
17035,IL,Cumberland,2022,98.3
17037,IL,DeKalb,2022,96.1
17039,IL,De Witt,2022,98.1
17041,IL,Douglas,2022,98.1
17043,IL,DuPage,2022,96.6
17045,IL,Edgar,2022,98.7
17047,IL,Edwards,2022,99.4
17049,IL,Effingham,2022,98.4
17051,IL,Fayette,2022,98.8
17053,IL,Ford,2022,93.9
17055,IL,Franklin,2022,92.6
17057,IL,Fulton,2022,97.3
17059,IL,Gallatin,2022,98.5
17061,IL,Greene,2022,98.5
17063,IL,Grundy,2022,97.4
17065,IL,Hamilton,2022,98.7
17067,IL,Hancock,2022,98.3
17069,IL,Hardin,2022,97.5
17071,IL,Henderson,2022,97.4
17073,IL,Henry,2022,98.0
17075,IL,Iroquois,2022,96.7
17077,IL,Jackson,2022,95.2
17079,IL,Jasper,2022,96.0
17081,IL,Jefferson,2022,97.0
17083,IL,Jersey,2022,99.8
17085,IL,Jo Daviess,2022,96.3
17087,IL,Johnson,2022,98.6
17089,IL,Kane,2022,96.7
17091,IL,Kankakee,2022,94.5
17093,IL,Kendall,2022,96.7
17095,IL,Knox,2022,95.7
17097,IL,Lake,2022,96.9
17099,IL,LaSalle,2022,98.6
17101,IL,Lawrence,2022,99.1
17103,IL,Lee,2022,96.0
17105,IL,Livingston,2022,95.9
17107,IL,Logan,2022,97.7
17109,IL,McDonough,2022,96.0
17111,IL,McHenry,2022,96.7
17113,IL,McLean,2022,98.1
17115,IL,Macon,2022,97.8
17117,IL,Macoupin,2022,97.9
17119,IL,Madison,2022,97.4
17121,IL,Marion,2022,98.3
17123,IL,Marshall,2022,99.6
17125,IL,Mason,2022,98.9
17127,IL,Massac,2022,91.8
17129,IL,Menard,2022,96.3
17131,IL,Mercer,2022,97.4
17133,IL,Monroe,2022,98.3
17135,IL,Montgomery,2022,99.0
17137,IL,Morgan,2022,98.4
17139,IL,Moultrie,2022,96.6
17141,IL,Ogle,2022,96.2
17143,IL,Peoria,2022,96.5
17145,IL,Perry,2022,99.4
17147,IL,Piatt,2022,98.4
17149,IL,Pike,2022,97.8
17151,IL,Pope,2022,91.7
17153,IL,Pulaski,2022,91.5
17155,IL,Putnam,2022,98.1
17157,IL,Randolph,2022,99.0
17159,IL,Richland,2022,99.3
17161,IL,Rock Island,2022,96.2
17163,IL,St Clair,2022,98.0
17165,IL,Saline,2022,96.2
17167,IL,Sangamon,2022,97.8
17169,IL,Schuyler,2022,99.0
17171,IL,Scott,2022,99.1
17173,IL,Shelby,2022,97.7
17175,IL,Stark,2022,97.6
17177,IL,Stephenson,2022,97.9
17179,IL,Tazewell,2022,95.6
17181,IL,Union,2022,98.4
17183,IL,Vermilion,2022,96.8
17185,IL,Wabash,2022,98.7
17187,IL,Warren,2022,97.9
17189,IL,Washington,2022,97.5
17191,IL,Wayne,2022,98.5
17193,IL,White,2022,98.3
17195,IL,Whiteside,2022,97.3
17197,IL,Will,2022,96.9
17199,IL,Williamson,2022,98.3
17201,IL,Winnebago,2022,96.3
17203,IL,Woodford,2022,97.6
20001,KS,Allen,2022,90.0
20003,KS,Anderson,2022,93.0
20005,KS,Atchison,2022,88.0
20007,KS,Barber,2022,92.0
20009,KS,Barton,2022,94.0
20011,KS,Bourbon,2022,98.0
20013,KS,Brown,2022,96.0
20015,KS,Butler,2022,88.0
20017,KS,Chase,2022,84.0
20019,KS,Chautauqua,2022,69.0
20021,KS,Cherokee,2022,96.0
20023,KS,Cheyenne,2022,74.0
20025,KS,Clark,2022,93.0
20027,KS,Clay,2022,99.0
20029,KS,Cloud,2022,96.0
20031,KS,Coffey,2022,80.0
20033,KS,Comanche,2022,92.0
20035,KS,Cowley,2022,92.0
20037,KS,Crawford,2022,95.0
20039,KS,Decatur,2022,71.0
20041,KS,Dickinson,2022,84.0
20043,KS,Doniphan,2022,85.0
20045,KS,Douglas,2022,95.0
20047,KS,Edwards,2022,100.0
20049,KS,Elk,2022,76.0
20051,KS,Ellis,2022,94.0
20053,KS,Ellsworth,2022,93.0
20055,KS,Finney,2022,96.0
20057,KS,Ford,2022,92.0
20059,KS,Franklin,2022,86.0
20061,KS,Geary,2022,84.0
20063,KS,Gove,2022,70.0
20065,KS,Graham,2022,94.0
20067,KS,Grant,2022,100.0
20069,KS,Gray,2022,87.0
20071,KS,Greeley,2022,92.0
20073,KS,Greenwood,2022,70.0
20075,KS,Hamilton,2022,97.0
20077,KS,Harper,2022,88.0
20079,KS,Harvey,2022,94.0
20081,KS,Haskell,2022,87.0
20083,KS,Hodgeman,2022,92.0
20085,KS,Jackson,2022,83.0
20087,KS,Jefferson,2022,93.0
20089,KS,Jewell,2022,85.0
20091,KS,Johnson,2022,95.0
20093,KS,Kearny,2022,100.0
20095,KS,Kingman,2022,77.0
20097,KS,Kiowa,2022,84.0
20099,KS,Labette,2022,93.0
20101,KS,Lane,2022,95.0
20103,KS,Leavenworth,2022,93.0
20105,KS,Lincoln,2022,96.0
20107,KS,Linn,2022,84.0
20109,KS,Logan,2022,81.0
20111,KS,Lyon,2022,89.0
20113,KS,McPherson,2022,93.0
20115,KS,Marion,2022,87.0
20117,KS,Marshall,2022,97.0
20119,KS,Meade,2022,88.0
20121,KS,Miami,2022,87.0
20123,KS,Mitchell,2022,100.0
20125,KS,Montgomery,2022,94.0
20127,KS,Morris,2022,86.0
20129,KS,Morton,2022,91.0
20131,KS,Nemaha,2022,83.0
20133,KS,Neosho,2022,99.0
20135,KS,Ness,2022,76.0
20137,KS,Norton,2022,93.0
20139,KS,Osage,2022,81.0
20141,KS,Osborne,2022,97.0
20143,KS,Ottawa,2022,94.0
20145,KS,Pawnee,2022,85.0
20147,KS,Phillips,2022,88.0
20149,KS,Pottawatomie,2022,93.0
20151,KS,Pratt,2022,78.0
20153,KS,Rawlins,2022,69.0
20155,KS,Reno,2022,94.0
20157,KS,Republic,2022,87.0
20159,KS,Rice,2022,92.0
20161,KS,Riley,2022,91.0
20163,KS,Rooks,2022,100.0
20165,KS,Rush,2022,95.0
20167,KS,Russell,2022,93.0
20169,KS,Saline,2022,89.0
20171,KS,Scott,2022,97.0
20173,KS,Sedgwick,2022,92.0
20175,KS,Seward,2022,92.0
20177,KS,Shawnee,2022,86.0
20179,KS,Sheridan,2022,65.0
20181,KS,Sherman,2022,100.0
20183,KS,Smith,2022,100.0
20185,KS,Stafford,2022,92.0
20189,KS,Stevens,2022,90.0
20191,KS,Sumner,2022,92.0
20193,KS,Thomas,2022,98.0
20195,KS,Trego,2022,95.0
20197,KS,Wabaunsee,2022,93.0
20201,KS,Washington,2022,94.0
20203,KS,Wichita,2022,100.0
20205,KS,Wilson,2022,96.0
20207,KS,Woodson,2022,78.0
20209,KS,Wyandotte,2022,90.0
21001,KY,Adair,2022,78.3
21003,KY,Allen,2022,82.6
21005,KY,Anderson,2022,84.9
21007,KY,Ballard,2022,96.5
21009,KY,Barren,2022,93.6
21011,KY,Bath,2022,87.6
21013,KY,Bell,2022,95.4
21015,KY,Boone,2022,94.6
21017,KY,Bourbon,2022,90.1
21019,KY,Boyd,2022,91.1
21021,KY,Boyle,2022,90.2
21023,KY,Bracken,2022,94.6
21025,KY,Breathitt,2022,91.6
21027,KY,Breckinridge,2022,93.4
21029,KY,Bullitt,2022,93.4
21031,KY,Butler,2022,89.9
21033,KY,Caldwell,2022,80.5
21035,KY,Calloway,2022,96.8
21037,KY,Campbell,2022,93.4
21039,KY,Carlisle,2022,91.7
21041,KY,Carroll,2022,89.8
21043,KY,Carter,2022,92.7
21045,KY,Casey,2022,83.2
21047,KY,Christian,2022,87.9
21049,KY,Clark,2022,94.8
21051,KY,Clay,2022,80.6
21053,KY,Clinton,2022,70.7
21055,KY,Crittenden,2022,86.2
21057,KY,Cumberland,2022,80.2
21059,KY,Daviess,2022,92.3
21061,KY,Edmonson,2022,97.6
21063,KY,Elliott,2022,81.3
21065,KY,Estill,2022,93.1
21067,KY,Fayette,2022,91.4
21069,KY,Fleming,2022,95.3
21071,KY,Floyd,2022,95.3
21073,KY,Franklin,2022,89.5
21075,KY,Fulton,2022,100.0
21077,KY,Gallatin,2022,97.6
21079,KY,Garrard,2022,64.6
21081,KY,Grant,2022,95.2
21083,KY,Graves,2022,91.8
21085,KY,Grayson,2022,97.4
21087,KY,Green,2022,95.8
21089,KY,Greenup,2022,85.7
21091,KY,Hancock,2022,88.2
21093,KY,Hardin,2022,87.1
21095,KY,Harlan,2022,54.0
21097,KY,Harrison,2022,92.3
21099,KY,Hart,2022,90.8
21101,KY,Henderson,2022,90.0
21103,KY,Henry,2022,94.5
21105,KY,Hickman,2022,95.3
21107,KY,Hopkins,2022,93.3
21109,KY,Jackson,2022,100.0
21111,KY,Jefferson,2022,77.4
21113,KY,Jessamine,2022,89.2
21115,KY,Johnson,2022,93.3
21117,KY,Kenton,2022,95.9
21119,KY,Knott,2022,67.4
21121,KY,Knox,2022,83.6
21123,KY,Larue,2022,87.1
21125,KY,Laurel,2022,92.6
21127,KY,Lawrence,2022,81.3
21129,KY,Lee,2022,91.2
21131,KY,Leslie,2022,87.1
21133,KY,Letcher,2022,90.2
21135,KY,Lewis,2022,93.3
21137,KY,Lincoln,2022,87.6
21139,KY,Livingston,2022,78.4
21141,KY,Logan,2022,78.3
21143,KY,Lyon,2022,90.9
21145,KY,Mccracken,2022,86.4
21147,KY,McCreary,2022,89.4
21149,KY,Mclean,2022,97.2
21151,KY,Madison,2022,91.9
21153,KY,Magoffin,2022,70.7
21155,KY,Marion,2022,89.6
21157,KY,Marshall,2022,91.8
21159,KY,Martin,2022,88.4
21161,KY,Mason,2022,83.5
21163,KY,Meade,2022,90.7
21165,KY,Menifee,2022,97.3
21167,KY,Mercer,2022,95.3
21169,KY,Metcalfe,2022,87.9
21171,KY,Monroe,2022,89.3
21173,KY,Montgomery,2022,95.5
21175,KY,Morgan,2022,98.2
21177,KY,Muhlenberg,2022,68.0
21179,KY,Nelson,2022,94.5
21181,KY,Nicholas,2022,93.1
21183,KY,Ohio,2022,91.3
21185,KY,Oldham,2022,98.5
21187,KY,Owen,2022,96.1
21189,KY,Owsley,2022,16.1
21191,KY,Pendleton,2022,97.3
21193,KY,Perry,2022,62.4
21195,KY,Pike,2022,97.1
21197,KY,Powell,2022,90.6
21199,KY,Pulaski,2022,96.0
21201,KY,Robertson,2022,87.9
21203,KY,Rockcastle,2022,86.3
21205,KY,Rowan,2022,87.8
21207,KY,Russell,2022,98.0
21209,KY,Scott,2022,91.2
21211,KY,Shelby,2022,89.7
21213,KY,Simpson,2022,90.3
21215,KY,Spencer,2022,98.7
21217,KY,Taylor,2022,85.4
21219,KY,Todd,2022,90.8
21221,KY,Trigg,2022,94.0
21223,KY,Trimble,2022,88.0
21225,KY,Union,2022,91.4
21227,KY,Warren,2022,90.8
21229,KY,Washington,2022,97.9
21231,KY,Wayne,2022,96.4
21233,KY,Webster,2022,92.8
21235,KY,Whitley,2022,54.1
21237,KY,Wolfe,2022,90.0
21239,KY,Woodford,2022,94.5
25001,MA,Barnstable,2022,96.2
25003,MA,Berkshire,2022,92.5
25005,MA,Bristol,2022,98.2
25007,MA,Dukes,2022,96.2
25009,MA,Essex,2022,96.6
25011,MA,Franklin,2022,88.9
25013,MA,Hampden,2022,92.2
25015,MA,Hampshire,2022,97.2
25017,MA,Middlesex,2022,98.0
25019,MA,Nantucket,2022,96.8
25021,MA,Norfolk,2022,98.7
25023,MA,Plymouth,2022,97.1
25025,MA,Suffolk,2022,89.9
25027,MA,Worcester,2022,96.4
23001,ME,Androscoggin,2022,95.3
23003,ME,Aroostook,2022,98.1
23005,ME,Cumberland,2022,95.2
23007,ME,Franklin,2022,96.3
23009,ME,Hancock,2022,96.4
23011,ME,Kennebec,2022,96.9
23013,ME,Knox,2022,97.9
23015,ME,Lincoln,2022,97.6
23017,ME,Oxford,2022,96.8
23019,ME,Penobscot,2022,98.3
23021,ME,Piscataquis,2022,94.2
23023,ME,Sagadahoc,2022,97.2
23025,ME,Somerset,2022,94.8
23027,ME,Waldo,2022,98.3
23029,ME,Washington,2022,97.5
23031,ME,York,2022,98.1
27001,MN,Aitkin,2022,79.5
27003,MN,Anoka,2022,88.9
27005,MN,Becker,2022,88.7
27007,MN,Beltrami,2022,72.0
27009,MN,Benton,2022,90.6
27011,MN,Big Stone,2022,93.1
27013,MN,Blue Earth,2022,92.9
27015,MN,Brown,2022,93.4
27017,MN,Carlton,2022,94.5
27019,MN,Carver,2022,90.0
27021,MN,Cass,2022,87.6
27023,MN,Chippewa,2022,90.4
27025,MN,Chisago,2022,87.8
27027,MN,Clay,2022,90.2
27029,MN,Clearwater,2022,70.5
27031,MN,Cook,2022,85.7
27033,MN,Cottonwood,2022,96.2
27035,MN,Crow Wing,2022,87.7
27037,MN,Dakota,2022,89.5
27039,MN,Dodge,2022,95.8
27041,MN,Douglas,2022,91.1
27043,MN,Faribault,2022,87.4
27045,MN,Fillmore,2022,84.9
27047,MN,Freeborn,2022,91.6
27049,MN,Goodhue,2022,92.7
27051,MN,Grant,2022,91.4
27053,MN,Hennepin,2022,88.3
27055,MN,Houston,2022,84.2
27057,MN,Hubbard,2022,84.0
27059,MN,Isanti,2022,85.1
27061,MN,Itasca,2022,88.8
27063,MN,Jackson,2022,94.8
27065,MN,Kanabec,2022,91.2
27067,MN,Kandiyohi,2022,90.6
27069,MN,Kittson,2022,73.1
27071,MN,Koochiching,2022,90.9
27073,MN,Lac qui Parle,2022,87.5
27075,MN,Lake,2022,94.8
27077,MN,Lake of the Woods,2022,88.2
27079,MN,Le Sueur,2022,91.0
27081,MN,Lincoln,2022,88.4
27083,MN,Lyon,2022,89.1
27085,MN,McLeod,2022,93.3
27087,MN,Mahnomen,2022,82.5
27089,MN,Marshall,2022,90.5
27091,MN,Martin,2022,81.2
27093,MN,Meeker,2022,88.6
27095,MN,Mille Lacs,2022,60.1
27097,MN,Morrison,2022,90.7
27099,MN,Mower,2022,91.8
27101,MN,Murray,2022,92.2
27103,MN,Nicollet,2022,94.7
27105,MN,Nobles,2022,90.2
27107,MN,Norman,2022,90.9
27109,MN,Olmsted,2022,93.0
27111,MN,Otter Tail,2022,90.4
27113,MN,Pennington,2022,97.5
27115,MN,Pine,2022,89.1
27117,MN,Pipestone,2022,92.3
27119,MN,Polk,2022,87.7
27121,MN,Pope,2022,93.0
27123,MN,Ramsey,2022,89.5
27125,MN,Red Lake,2022,94.5
27127,MN,Redwood,2022,92.8
27129,MN,Renville,2022,89.8
27131,MN,Rice,2022,93.5
27133,MN,Rock,2022,100.0
27135,MN,Roseau,2022,89.4
27137,MN,St Louis,2022,87.7
27139,MN,Scott,2022,88.6
27141,MN,Sherburne,2022,88.6
27143,MN,Sibley,2022,91.2
27145,MN,Stearns,2022,87.4
27147,MN,Steele,2022,91.5
27149,MN,Stevens,2022,92.5
27151,MN,Swift,2022,86.8
27153,MN,Todd,2022,91.3
27155,MN,Traverse,2022,96.2
27157,MN,Wabasha,2022,91.3
27159,MN,Wadena,2022,85.6
27161,MN,Waseca,2022,93.5
27163,MN,Washington,2022,88.7
27165,MN,Watonwan,2022,96.0
27167,MN,Wilkin,2022,72.0
27169,MN,Winona,2022,93.6
27171,MN,Wright,2022,88.0
27173,MN,Yellow Medicine,2022,86.7
29001,MO,Adair,2022,95.9
29003,MO,Andrew,2022,93.0
29005,MO,Atchison,2022,97.2
29007,MO,Audrain,2022,95.9
29009,MO,Barry,2022,96.5
29011,MO,Barton,2022,97.5
29013,MO,Bates,2022,90.5
29015,MO,Benton,2022,85.4
29017,MO,Bollinger,2022,92.3
29019,MO,Boone,2022,96.6
29021,MO,Buchanan,2022,96.1
29023,MO,Butler,2022,91.1
29025,MO,Caldwell,2022,89.3
29027,MO,Callaway,2022,94.7
29029,MO,Camden,2022,92.7
29031,MO,Cape Girardeau,2022,91.4
29033,MO,Carroll,2022,94.5
29035,MO,Carter,2022,80.0
29037,MO,Cass,2022,93.0
29039,MO,Cedar,2022,91.0
29041,MO,Chariton,2022,97.5
29043,MO,Christian,2022,86.4
29045,MO,Clark,2022,94.7
29047,MO,Clay,2022,93.1
29049,MO,Clinton,2022,89.4
29051,MO,Cole,2022,93.7
29053,MO,Cooper,2022,89.5
29055,MO,Crawford,2022,92.3
29057,MO,Dade,2022,79.5
29059,MO,Dallas,2022,91.1
29061,MO,Daviess,2022,80.7
29063,MO,DeKalb,2022,94.7
29065,MO,Dent,2022,90.5
29067,MO,Douglas,2022,89.7
29069,MO,Dunklin,2022,97.8
29071,MO,Franklin,2022,89.8
29073,MO,Gasconade,2022,96.7
29075,MO,Gentry,2022,96.8
29077,MO,Greene,2022,93.0
29079,MO,Grundy,2022,95.9
29081,MO,Harrison,2022,92.6
29083,MO,Henry,2022,93.9
29085,MO,Hickory,2022,91.1
29087,MO,Holt,2022,95.3
29089,MO,Howard,2022,93.4
29091,MO,Howell,2022,85.6
29093,MO,Iron,2022,96.4
29095,MO,Jackson,2022,87.3
29097,MO,Jasper,2022,93.7
29099,MO,Jefferson,2022,94.6
29101,MO,Johnson,2022,90.3
29103,MO,Knox,2022,96.8
29105,MO,Laclede,2022,93.7
29107,MO,Lafayette,2022,94.4
29109,MO,Lawrence,2022,89.5
29111,MO,Lewis,2022,90.6
29113,MO,Lincoln,2022,95.5
29115,MO,Linn,2022,96.5
29117,MO,Livingston,2022,95.1
29119,MO,McDonald,2022,86.1
29121,MO,Macon,2022,89.0
29123,MO,Madison,2022,94.6
29125,MO,Maries,2022,95.4
29127,MO,Marion,2022,96.3
29129,MO,Mercer,2022,100.0
29131,MO,Miller,2022,94.1
29133,MO,Mississippi,2022,96.3
29135,MO,Moniteau,2022,98.3
29137,MO,Monroe,2022,88.8
29139,MO,Montgomery,2022,96.7
29141,MO,Morgan,2022,93.7
29143,MO,New Madrid,2022,95.0
29145,MO,Newton,2022,91.9
29147,MO,Nodaway,2022,98.7
29149,MO,Oregon,2022,90.2
29151,MO,Osage,2022,97.5
29153,MO,Ozark,2022,67.4
29155,MO,Pemiscot,2022,84.6
29157,MO,Perry,2022,96.1
29159,MO,Pettis,2022,87.6
29161,MO,Phelps,2022,94.8
29163,MO,Pike,2022,94.6
29165,MO,Platte,2022,95.3
29167,MO,Polk,2022,92.6
29169,MO,Pulaski,2022,93.3
29171,MO,Putnam,2022,96.2
29173,MO,Ralls,2022,94.8
29175,MO,Randolph,2022,93.1
29177,MO,Ray,2022,96.6
29179,MO,Reynolds,2022,97.1
29181,MO,Ripley,2022,88.6
29183,MO,St Charles,2022,96.5
29185,MO,St Clair,2022,96.9
29186,MO,Ste Genevieve,2022,97.2
29187,MO,St Francois,2022,96.9
29189,MO,St Louis County,2022,91.2
29195,MO,Saline,2022,95.4
29197,MO,Schuyler,2022,100.0
29199,MO,Scotland,2022,73.5
29201,MO,Scott,2022,97.1
29203,MO,Shannon,2022,83.7
29205,MO,Shelby,2022,96.2
29207,MO,Stoddard,2022,98.5
29209,MO,Stone,2022,91.5
29211,MO,Sullivan,2022,92.8
29213,MO,Taney,2022,89.4
29215,MO,Texas,2022,88.0
29217,MO,Vernon,2022,94.3
29219,MO,Warren,2022,91.4
29221,MO,Washington,2022,92.5
29223,MO,Wayne,2022,62.9
29225,MO,Webster,2022,92.6
29229,MO,Wright,2022,91.3
29510,MO,St Louis City,2022,77.5
37001,NC,Alamance,2022,97.2
37003,NC,Alexander,2022,95.5
37005,NC,Alleghany,2022,96.2
37007,NC,Anson,2022,99.1
37009,NC,Ashe,2022,98.3
37011,NC,Avery,2022,96.9
37013,NC,Beaufort,2022,97.1
37015,NC,Bertie,2022,96.6
37017,NC,Bladen,2022,96.6
37019,NC,Brunswick,2022,95.1
37021,NC,Buncombe,2022,91.9
37023,NC,Burke,2022,96.9
37025,NC,Cabarrus,2022,95.3
37027,NC,Caldwell,2022,96.1
37029,NC,Camden,2022,98.5
37031,NC,Carteret,2022,96.8
37033,NC,Caswell,2022,98.1
37035,NC,Catawba,2022,95.4
37037,NC,Chatham,2022,96.0
37039,NC,Cherokee,2022,90.5
37041,NC,Chowan,2022,95.9
37045,NC,Cleveland,2022,98.6
37047,NC,Columbus,2022,98.5
37049,NC,Craven,2022,96.1
37051,NC,Cumberland,2022,94.0
37053,NC,Currituck,2022,95.5
37055,NC,Dare,2022,94.9
37057,NC,Davidson,2022,96.9
37059,NC,Davie,2022,97.0
37061,NC,Duplin,2022,99.5
37063,NC,Durham,2022,90.0
37065,NC,Edgecombe,2022,96.3
37067,NC,Forsyth,2022,96.7
37069,NC,Franklin,2022,94.1
37071,NC,Gaston,2022,94.7
37075,NC,Graham,2022,95.9
37077,NC,Granville,2022,95.7
37079,NC,Greene,2022,99.0
37081,NC,Guilford,2022,97.1
37083,NC,Halifax,2022,95.6
37085,NC,Harnett,2022,96.2
37087,NC,Haywood,2022,95.6
37089,NC,Henderson,2022,89.7
37091,NC,Hertford,2022,96.2
37093,NC,Hoke,2022,89.6
37095,NC,Hyde,2022,97.4
37097,NC,Iredell,2022,95.1
37099,NC,Jackson,2022,96.1
37101,NC,Johnston,2022,97.0
37103,NC,Jones,2022,98.0
37105,NC,Lee,2022,97.9
37107,NC,Lenoir,2022,96.9
37109,NC,Lincoln,2022,95.7
37111,NC,McDowell,2022,98.0
37113,NC,Macon,2022,95.5
37115,NC,Madison,2022,95.7
37117,NC,Martin,2022,97.4
37119,NC,Mecklenburg,2022,93.0
37121,NC,Mitchell,2022,96.3
37123,NC,Montgomery,2022,97.5
37125,NC,Moore,2022,98.2
37127,NC,Nash,2022,93.5
37129,NC,New Hanover,2022,95.8
37131,NC,Northampton,2022,100.0
37133,NC,Onslow,2022,93.3
37135,NC,Orange,2022,96.8
37137,NC,Pamlico,2022,97.9
37139,NC,Pasquotank,2022,85.7
37141,NC,Pender,2022,96.8
37143,NC,Perquimans,2022,96.6
37145,NC,Person,2022,98.3
37147,NC,Pitt,2022,96.6
37149,NC,Polk,2022,89.9
37151,NC,Randolph,2022,97.3
37153,NC,Richmond,2022,99.4
37155,NC,Robeson,2022,95.1
37157,NC,Rockingham,2022,98.7
37159,NC,Rowan,2022,94.2
37161,NC,Rutherford,2022,95.6
37163,NC,Sampson,2022,96.7
37165,NC,Scotland,2022,98.7
37167,NC,Stanly,2022,96.2
37169,NC,Stokes,2022,97.5
37171,NC,Surry,2022,97.7
37173,NC,Swain,2022,96.7
37175,NC,Transylvania,2022,91.3
37177,NC,Tyrrell,2022,97.0
37179,NC,Union,2022,94.8
37181,NC,Vance,2022,94.4
37183,NC,Wake,2022,95.9
37185,NC,Warren,2022,99.1
37189,NC,Watauga,2022,96.7
37191,NC,Wayne,2022,97.0
37193,NC,Wilkes,2022,97.4
37195,NC,Wilson,2022,98.3
37197,NC,Yadkin,2022,97.9
37199,NC,Yancey,2022,97.7
38003,ND,Barnes,2022,95.9
38005,ND,Benson,2022,97.7
38009,ND,Bottineau,2022,76.9
38011,ND,Bowman,2022,87.2
38013,ND,Burke,2022,75.8
38015,ND,Burleigh,2022,93.2
38017,ND,Cass,2022,92.8
38019,ND,Cavalier,2022,100.0
38021,ND,Dickey,2022,85.0
38023,ND,Divide,2022,88.9
38025,ND,Dunn,2022,89.8
38027,ND,Eddy,2022,97.3
38029,ND,Emmons,2022,95.0
38031,ND,Foster,2022,97.4
38033,ND,Golden Valley,2022,95.2
38035,ND,Grand Forks,2022,95.4
38037,ND,Grant,2022,77.8
38039,ND,Griggs,2022,86.8
38041,ND,Hettinger,2022,84.4
38043,ND,Kidder,2022,85.7
38045,ND,La Moure,2022,93.9
38047,ND,Logan,2022,81.8
38049,ND,McHenry,2022,87.7
38051,ND,McIntosh,2022,82.4
38053,ND,McKenzie,2022,90.2
38055,ND,McLean,2022,96.4
38057,ND,Mercer,2022,90.8
38059,ND,Morton,2022,91.4
38061,ND,Mountrail,2022,81.9
38063,ND,Nelson,2022,86.7
38065,ND,Oliver,2022,100.0
38067,ND,Pembina,2022,97.4
38069,ND,Pierce,2022,97.9
38071,ND,Ramsey,2022,87.8
38073,ND,Ransom,2022,94.9
38075,ND,Renville,2022,85.7
38077,ND,Richland,2022,95.8
38079,ND,Rolette,2022,97.6
38081,ND,Sargent,2022,95.8
38083,ND,Sheridan,2022,100.0
38085,ND,Sioux,2022,77.9
38087,ND,Slope,2022,100.0
38089,ND,Stark,2022,90.9
38091,ND,Steele,2022,100.0
38093,ND,Stutsman,2022,95.1
38095,ND,Towner,2022,100.0
38097,ND,Traill,2022,98.3
38099,ND,Walsh,2022,91.6
38101,ND,Ward,2022,93.9
38103,ND,Wells,2022,92.3
38105,ND,Williams,2022,84.6
31001,NE,Adams,2022,97.5
31003,NE,Antelope,2022,95.8
31005,NE,Arthur,2022,83.3
31011,NE,Boone,2022,98.5
31013,NE,Box Butte,2022,95.6
31015,NE,Boyd,2022,100.0
31017,NE,Brown,2022,95.7
31019,NE,Buffalo,2022,97.7
31021,NE,Burt,2022,100.0
31023,NE,Butler,2022,99.1
31025,NE,Cass,2022,98.7
31027,NE,Cedar,2022,94.7
31029,NE,Chase,2022,100.0
31031,NE,Cherry,2022,94.7
31033,NE,Cheyenne,2022,84.6
31035,NE,Clay,2022,97.5
31037,NE,Colfax,2022,96.9
31039,NE,Cuming,2022,95.2
31041,NE,Custer,2022,92.1
31043,NE,Dakota,2022,88.6
31045,NE,Dawes,2022,97.7
31047,NE,Dawson,2022,98.0
31051,NE,Dixon,2022,100.0
31053,NE,Dodge,2022,97.6
31055,NE,Douglas,2022,96.2
31057,NE,Dundy,2022,90.5
31059,NE,Fillmore,2022,100.0
31061,NE,Franklin,2022,100.0
31063,NE,Frontier,2022,96.4
31065,NE,Furnas,2022,82.2
31067,NE,Gage,2022,95.5
31069,NE,Garden,2022,85.7
31071,NE,Garfield,2022,100.0
31073,NE,Gosper,2022,100.0
31075,NE,Grant,2022,100.0
31077,NE,Greeley,2022,84.0
31079,NE,Hall,2022,97.2
31081,NE,Hamilton,2022,93.0
31083,NE,Harlan,2022,91.3
31085,NE,Hayes,2022,85.7
31087,NE,Hitchcock,2022,90.5
31089,NE,Holt,2022,97.9
31091,NE,Hooker,2022,100.0
31093,NE,Howard,2022,94.7
31095,NE,Jefferson,2022,97.4
31097,NE,Johnson,2022,98.4
31099,NE,Kearney,2022,95.0
31101,NE,Keith,2022,96.8
31103,NE,Keya Paha,2022,83.3
31105,NE,Kimball,2022,95.7
31107,NE,Knox,2022,94.3
31109,NE,Lancaster,2022,96.1
31111,NE,Lincoln,2022,93.2
31115,NE,Loup,2022,100.0
31119,NE,Madison,2022,96.3
31121,NE,Merrick,2022,97.8
31123,NE,Morrill,2022,88.0
31125,NE,Nance,2022,98.1
31127,NE,Nemaha,2022,88.8
31129,NE,Nuckolls,2022,100.0
31131,NE,Otoe,2022,89.9
31133,NE,Pawnee,2022,100.0
31135,NE,Perkins,2022,93.5
31137,NE,Phelps,2022,93.0
31139,NE,Pierce,2022,97.3
31141,NE,Platte,2022,97.4
31143,NE,Polk,2022,97.0
31145,NE,Red Willow,2022,93.3
31147,NE,Richardson,2022,97.9
31151,NE,Saline,2022,98.5
31153,NE,Sarpy,2022,95.9
31155,NE,Saunders,2022,95.1
31157,NE,Scotts Bluff,2022,93.1
31159,NE,Seward,2022,95.5
31161,NE,Sheridan,2022,92.1
31167,NE,Stanton,2022,91.7
31169,NE,Thayer,2022,84.9
31173,NE,Thurston,2022,100.0
31175,NE,Valley,2022,92.9
31177,NE,Washington,2022,89.9
31179,NE,Wayne,2022,99.2
31181,NE,Webster,2022,96.9
31183,NE,Wheeler,2022,100.0
31185,NE,York,2022,91.7
33001,NH,Belknap,2022,96.0
33003,NH,Carroll,2022,91.0
33005,NH,Cheshire,2022,94.0
33007,NH,Coos,2022,95.0
33009,NH,Grafton,2022,93.0
33011,NH,Hillsborough,2022,93.0
33013,NH,Merrimack,2022,91.0
33015,NH,Rockingham,2022,95.0
33017,NH,Strafford,2022,93.0
33019,NH,Sullivan,2022,94.0
34001,NJ,Atlantic,2022,93.5
34003,NJ,Bergen,2022,95.5
34005,NJ,Burlington,2022,93.3
34007,NJ,Camden,2022,94.2
34009,NJ,Cape May,2022,95.8
34011,NJ,Cumberland,2022,97.0
34013,NJ,Essex,2022,95.4
34015,NJ,Gloucester,2022,95.9
34017,NJ,Hudson,2022,93.2
34019,NJ,Hunterdon,2022,95.7
34021,NJ,Mercer,2022,94.6
34023,NJ,Middlesex,2022,95.5
34025,NJ,Monmouth,2022,91.3
34027,NJ,Morris,2022,95.7
34029,NJ,Ocean,2022,87.9
34031,NJ,Passaic,2022,96.0
34033,NJ,Salem,2022,98.3
34035,NJ,Somerset,2022,95.3
34037,NJ,Sussex,2022,93.6
34039,NJ,Union,2022,93.4
34041,NJ,Warren,2022,95.5
36001,NY,Albany,2022,99.9
36003,NY,Allegany,2022,99.3
36005,NY,Bronx,2022,98.5
36007,NY,Broome,2022,99.8
36009,NY,Cattaraugus,2022,99.8
36011,NY,Cayuga,2022,99.9
36013,NY,Chautauqua,2022,99.5
36015,NY,Chemung,2022,99.9
36017,NY,Chenango,2022,100.0
36019,NY,Clinton,2022,99.9
36021,NY,Columbia,2022,99.6
36023,NY,Cortland,2022,99.9
36025,NY,Delaware,2022,99.8
36027,NY,Dutchess,2022,99.5
36029,NY,Erie,2022,99.7
36031,NY,Essex,2022,99.0
36033,NY,Franklin,2022,99.7
36035,NY,Fulton,2022,99.5
36037,NY,Genesee,2022,99.9
36039,NY,Greene,2022,99.9
36041,NY,Hamilton,2022,99.6
36043,NY,Herkimer,2022,99.7
36045,NY,Jefferson,2022,99.9
36047,NY,Kings,2022,98.7
36049,NY,Lewis,2022,98.1
36051,NY,Livingston,2022,99.9
36053,NY,Madison,2022,99.9
36055,NY,Monroe,2022,99.8
36057,NY,Montgomery,2022,99.6
36059,NY,Nassau,2022,99.6
36061,NY,New York,2022,99.0
36063,NY,Niagara,2022,99.9
36065,NY,Oneida,2022,99.9
36067,NY,Onondaga,2022,99.7
36069,NY,Ontario,2022,99.9
36071,NY,Orange,2022,98.5
36073,NY,Orleans,2022,100.0
36075,NY,Oswego,2022,99.9
36077,NY,Otsego,2022,99.9
36079,NY,Putnam,2022,99.4
36081,NY,Queens,2022,99.3
36083,NY,Rensselaer,2022,99.9
36085,NY,Richmond,2022,99.8
36087,NY,Rockland,2022,98.2
36089,NY,St Lawrence,2022,99.9
36091,NY,Saratoga,2022,99.9
36093,NY,Schenectady,2022,98.8
36095,NY,Schoharie,2022,99.7
36097,NY,Schuyler,2022,99.6
36099,NY,Seneca,2022,98.8
36101,NY,Steuben,2022,99.9
36103,NY,Suffolk,2022,99.6
36105,NY,Sullivan,2022,98.9
36107,NY,Tioga,2022,99.8
36109,NY,Tompkins,2022,99.8
36111,NY,Ulster,2022,99.7
36113,NY,Warren,2022,100.0
36115,NY,Washington,2022,99.8
36117,NY,Wayne,2022,99.9
36119,NY,Westchester,2022,99.5
36121,NY,Wyoming,2022,99.9
36123,NY,Yates,2022,93.3
40001,OK,Adair,2022,94.0
40003,OK,Alfalfa,2022,90.4
40005,OK,Atoka,2022,81.4
40007,OK,Beaver,2022,95.8
40009,OK,Beckham,2022,93.6
40011,OK,Blaine,2022,87.8
40013,OK,Bryan,2022,94.0
40015,OK,Caddo,2022,83.6
40017,OK,Canadian,2022,93.8
40019,OK,Carter,2022,93.8
40021,OK,Cherokee,2022,95.5
40023,OK,Choctaw,2022,97.4
40027,OK,Cleveland,2022,95.2
40029,OK,Coal,2022,97.3
40031,OK,Comanche,2022,93.4
40033,OK,Cotton,2022,73.2
40035,OK,Craig,2022,92.3
40037,OK,Creek,2022,92.0
40039,OK,Custer,2022,94.7
40041,OK,Delaware,2022,91.7
40043,OK,Dewey,2022,77.4
40045,OK,Ellis,2022,91.2
40047,OK,Garfield,2022,96.8
40049,OK,Garvin,2022,90.3
40051,OK,Grady,2022,94.2
40053,OK,Grant,2022,94.2
40055,OK,Greer,2022,91.3
40057,OK,Harmon,2022,93.1
40059,OK,Harper,2022,91.4
40061,OK,Haskell,2022,91.3
40063,OK,Hughes,2022,93.3
40065,OK,Jackson,2022,99.2
40067,OK,Jefferson,2022,80.0
40069,OK,Johnston,2022,92.9
40071,OK,Kay,2022,98.2
40073,OK,Kingfisher,2022,93.4
40075,OK,Kiowa,2022,97.2
40077,OK,Latimer,2022,90.8
40079,OK,Le Flore,2022,92.7
40081,OK,Lincoln,2022,81.7
40083,OK,Logan,2022,71.0
40085,OK,Love,2022,92.9
40087,OK,McClain,2022,91.6
40089,OK,McCurtain,2022,92.6
40091,OK,McIntosh,2022,93.0
40093,OK,Major,2022,93.6
40095,OK,Marshall,2022,91.3
40097,OK,Mayes,2022,95.4
40099,OK,Murray,2022,80.4
40101,OK,Muskogee,2022,88.2
40103,OK,Noble,2022,88.4
40105,OK,Nowata,2022,97.6
40107,OK,Okfuskee,2022,92.4
40109,OK,Oklahoma,2022,89.1
40111,OK,Okmulgee,2022,94.5
40113,OK,Osage,2022,88.4
40115,OK,Ottawa,2022,94.6
40117,OK,Pawnee,2022,93.6
40119,OK,Payne,2022,94.6
40121,OK,Pittsburg,2022,93.7
40123,OK,Pontotoc,2022,96.1
40125,OK,Pottawatomie,2022,92.5
40127,OK,Pushmataha,2022,94.3
40129,OK,Roger Mills,2022,93.8
40131,OK,Rogers,2022,93.2
40133,OK,Seminole,2022,89.4
40135,OK,Sequoyah,2022,87.8
40137,OK,Stephens,2022,97.1
40139,OK,Texas,2022,99.3
40141,OK,Tillman,2022,98.0
40143,OK,Tulsa,2022,91.4
40145,OK,Wagoner,2022,89.7
40147,OK,Washington,2022,91.6
40149,OK,Washita,2022,93.9
40151,OK,Woods,2022,96.3
40153,OK,Woodward,2022,90.7
41001,OR,Baker,2022,86.8
41003,OR,Benton,2022,95.2
41005,OR,Clackamas,2022,93.5
41007,OR,Clatsop,2022,89.9
41009,OR,Columbia,2022,90.2
41011,OR,Coos,2022,95.9
41013,OR,Crook,2022,90.1
41015,OR,Curry,2022,82.9
41017,OR,Deschutes,2022,92.0
41019,OR,Douglas,2022,92.0
41021,OR,Gilliam,2022,90.3
41023,OR,Grant,2022,84.4
41025,OR,Harney,2022,88.1
41027,OR,Hood River,2022,92.1
41029,OR,Jackson,2022,89.6
41031,OR,Jefferson,2022,95.2
41033,OR,Josephine,2022,84.9
41035,OR,Klamath,2022,95.6
41037,OR,Lake,2022,93.8
41039,OR,Lane,2022,94.7
41041,OR,Lincoln,2022,94.9
41043,OR,Linn,2022,92.1
41045,OR,Malheur,2022,95.8
41047,OR,Marion,2022,94.7
41049,OR,Morrow,2022,96.4
41051,OR,Multnomah,2022,94.1
41053,OR,Polk,2022,92.4
41055,OR,Sherman,2022,90.3
41057,OR,Tillamook,2022,90.1
41059,OR,Umatilla,2022,94.6
41061,OR,Union,2022,96.2
41063,OR,Wallowa,2022,95.1
41065,OR,Wasco,2022,90.3
41067,OR,Washington,2022,94.5
41069,OR,Wheeler,2022,93.8
41071,OR,Yamhill,2022,91.7
42001,PA,Adams,2022,95.7
42003,PA,Allegheny,2022,95.4
42005,PA,Armstrong,2022,95.6
42007,PA,Beaver,2022,91.1
42009,PA,Bedford,2022,96.9
42011,PA,Berks,2022,96.6
42013,PA,Blair,2022,96.2
42015,PA,Bradford,2022,94.6
42017,PA,Bucks,2022,95.7
42019,PA,Butler,2022,94.5
42021,PA,Cambria,2022,97.8
42023,PA,Cameron,2022,97.6
42025,PA,Carbon,2022,95.6
42027,PA,Centre,2022,95.6
42029,PA,Chester,2022,95.1
42031,PA,Clarion,2022,96.4
42033,PA,Clearfield,2022,96.7
42035,PA,Clinton,2022,97.5
42037,PA,Columbia,2022,98.0
42039,PA,Crawford,2022,96.2
42041,PA,Cumberland,2022,97.5
42043,PA,Dauphin,2022,88.3
42045,PA,Delaware,2022,94.9
42047,PA,Elk,2022,96.7
42049,PA,Erie,2022,95.5
42051,PA,Fayette,2022,96.4
42053,PA,Forest,2022,95.0
42055,PA,Franklin,2022,94.8
42057,PA,Fulton,2022,88.5
42059,PA,Greene,2022,95.4
42061,PA,Huntingdon,2022,98.0
42063,PA,Indiana,2022,96.0
42065,PA,Jefferson,2022,95.1
42067,PA,Juniata,2022,92.9
42069,PA,Lackawanna,2022,96.5
42071,PA,Lancaster,2022,93.4
42073,PA,Lawrence,2022,94.8
42075,PA,Lebanon,2022,96.7
42077,PA,Lehigh,2022,95.3
42079,PA,Luzerne,2022,95.1
42081,PA,Lycoming,2022,98.0
42083,PA,McKean,2022,95.7
42085,PA,Mercer,2022,96.8
42087,PA,Mifflin,2022,97.3
42089,PA,Monroe,2022,91.0
42091,PA,Montgomery,2022,95.5
42093,PA,Montour,2022,97.7
42095,PA,Northampton,2022,96.7
42097,PA,Northumberland,2022,97.0
42099,PA,Perry,2022,95.1
42101,PA,Philadelphia,2022,94.3
42103,PA,Pike,2022,93.2
42105,PA,Potter,2022,97.9
42107,PA,Schuylkill,2022,96.4
42109,PA,Snyder,2022,97.1
42111,PA,Somerset,2022,96.6
42113,PA,Sullivan,2022,100.0
42115,PA,Susquehanna,2022,93.8
42117,PA,Tioga,2022,94.5
42119,PA,Union,2022,96.4
42121,PA,Venango,2022,95.7
42123,PA,Warren,2022,96.0
42125,PA,Washington,2022,95.3
42127,PA,Wayne,2022,94.2
42129,PA,Westmoreland,2022,93.9
42131,PA,Wyoming,2022,98.1
42133,PA,York,2022,96.3
44001,RI,Bristol,2022,97.8
44003,RI,Kent,2022,93.6
44005,RI,Newport,2022,91.8
44007,RI,Providence,2022,95.9
44009,RI,Washington,2022,97.2
45001,SC,Abbeville,2022,95.5
45003,SC,Aiken,2022,92.6
45005,SC,Allendale,2022,98.0
45007,SC,Anderson,2022,96.9
45009,SC,Bamberg,2022,98.8
45011,SC,Barnwell,2022,97.4
45013,SC,Beaufort,2022,96.6
45015,SC,Berkeley,2022,95.7
45017,SC,Calhoun,2022,96.9
45019,SC,Charleston,2022,95.0
45021,SC,Cherokee,2022,95.2
45023,SC,Chester,2022,96.2
45025,SC,Chesterfield,2022,97.1
45027,SC,Clarendon,2022,98.2
45029,SC,Colleton,2022,97.2
45031,SC,Darlington,2022,98.0
45033,SC,Dillon,2022,98.8
45035,SC,Dorchester,2022,96.3
45037,SC,Edgefield,2022,96.6
45039,SC,Fairfield,2022,94.8
45041,SC,Florence,2022,95.8
45043,SC,Georgetown,2022,97.2
45045,SC,Greenville,2022,95.2
45047,SC,Greenwood,2022,96.7
45049,SC,Hampton,2022,99.0
45051,SC,Horry,2022,94.4
45053,SC,Jasper,2022,92.7
45055,SC,Kershaw,2022,96.3
45057,SC,Lancaster,2022,94.8
45059,SC,Laurens,2022,95.1
45061,SC,Lee,2022,96.7
45063,SC,Lexington,2022,96.6
45065,SC,McCormick,2022,97.9
45067,SC,Marion,2022,98.6
45069,SC,Marlboro,2022,98.8
45071,SC,Newberry,2022,98.2
45073,SC,Oconee,2022,96.5
45075,SC,Orangeburg,2022,96.9
45077,SC,Pickens,2022,96.7
45079,SC,Richland,2022,92.7
45081,SC,Saluda,2022,93.1
45083,SC,Spartanburg,2022,93.9
45085,SC,Sumter,2022,97.2
45087,SC,Union,2022,98.7
45089,SC,Williamsburg,2022,98.4
45091,SC,York,2022,96.5
46003,SD,Aurora,2022,96.0
46005,SD,Beadle,2022,88.0
46007,SD,Bennett,2022,98.0
46009,SD,Bon Homme,2022,92.0
46011,SD,Brookings,2022,94.0
46013,SD,Brown,2022,97.0
46015,SD,Brule,2022,94.0
46019,SD,Butte,2022,98.0
46021,SD,Campbell,2022,90.0
46023,SD,Charles Mix,2022,92.0
46025,SD,Clark,2022,70.0
46027,SD,Clay,2022,98.0
46029,SD,Codington,2022,93.0
46031,SD,Corson,2022,97.0
46033,SD,Custer,2022,96.0
46035,SD,Davison,2022,98.0
46037,SD,Day,2022,97.0
46039,SD,Deuel,2022,100.0
46041,SD,Dewey,2022,97.0
46043,SD,Douglas,2022,84.0
46045,SD,Edmunds,2022,73.0
46047,SD,Fall River,2022,85.0
46049,SD,Faulk,2022,75.0
46051,SD,Grant,2022,91.0
46053,SD,Gregory,2022,93.0
46055,SD,Haakon,2022,93.0
46057,SD,Hamlin,2022,91.0
46059,SD,Hand,2022,89.0
46061,SD,Hanson,2022,96.0
46063,SD,Harding,2022,100.0
46065,SD,Hughes,2022,94.0
46067,SD,Hutchinson,2022,80.0
46069,SD,Hyde,2022,91.0
46071,SD,Jackson,2022,100.0
46073,SD,Jerauld,2022,83.0
46075,SD,Jones,2022,67.0
46077,SD,Kingsbury,2022,97.0
46079,SD,Lake,2022,91.0
46081,SD,Lawrence,2022,88.0
46083,SD,Lincoln,2022,97.0
46085,SD,Lyman,2022,98.0
46087,SD,McCook,2022,89.0
46089,SD,McPherson,2022,85.0
46091,SD,Marshall,2022,84.0
46093,SD,Meade,2022,93.0
46095,SD,Mellette,2022,100.0
46097,SD,Miner,2022,86.0
46099,SD,Minnehaha,2022,94.0
46101,SD,Moody,2022,100.0
46102,SD,Oglala Lakota,2022,91.0
46103,SD,Pennington,2022,97.0
46105,SD,Perkins,2022,92.0
46107,SD,Potter,2022,100.0
46109,SD,Roberts,2022,96.0
46111,SD,Sanborn,2022,80.0
46115,SD,Spink,2022,67.0
46117,SD,Stanley,2022,86.0
46119,SD,Sully,2022,100.0
46121,SD,Todd,2022,91.0
46123,SD,Tripp,2022,93.0
46125,SD,Turner,2022,94.0
46127,SD,Union,2022,97.0
46129,SD,Walworth,2022,97.0
46135,SD,Yankton,2022,97.0
46137,SD,Ziebach,2022,91.0
47001,TN,Anderson,2022,98.1
47003,TN,Bedford,2022,97.4
47005,TN,Benton,2022,100.0
47007,TN,Bledsoe,2022,96.6
47009,TN,Blount,2022,94.0
47011,TN,Bradley,2022,93.3
47013,TN,Campbell,2022,95.5
47015,TN,Cannon,2022,97.3
47017,TN,Carroll,2022,97.8
47019,TN,Carter,2022,95.9
47021,TN,Cheatham,2022,96.2
47023,TN,Chester,2022,94.3
47025,TN,Claiborne,2022,96.1
47027,TN,Clay,2022,97.9
47029,TN,Cocke,2022,98.2
47031,TN,Coffee,2022,97.0
47033,TN,Crockett,2022,97.5
47035,TN,Cumberland,2022,92.6
47037,TN,Davidson,2022,95.8
47039,TN,Decatur,2022,95.6
47041,TN,De Kalb,2022,95.1
47043,TN,Dickson,2022,96.9
47045,TN,Dyer,2022,98.5
47047,TN,Fayette,2022,98.2
47049,TN,Fentress,2022,83.6
47051,TN,Franklin,2022,97.2
47053,TN,Gibson,2022,94.7
47055,TN,Giles,2022,95.9
47057,TN,Grainger,2022,98.6
47059,TN,Greene,2022,97.0
47061,TN,Grundy,2022,91.0
47063,TN,Hamblen,2022,96.3
47065,TN,Hamilton,2022,92.5
47067,TN,Hancock,2022,100.0
47069,TN,Hardeman,2022,98.5
47071,TN,Hardin,2022,95.1
47073,TN,Hawkins,2022,97.4
47075,TN,Haywood,2022,94.4
47077,TN,Henderson,2022,94.3
47079,TN,Henry,2022,94.3
47081,TN,Hickman,2022,98.1
47083,TN,Houston,2022,97.8
47085,TN,Humphreys,2022,95.2
47087,TN,Jackson,2022,93.7
47089,TN,Jefferson,2022,99.6
47091,TN,Johnson,2022,97.8
47093,TN,Knox,2022,95.3
47095,TN,Lake,2022,95.9
47097,TN,Lauderdale,2022,99.6
47099,TN,Lawrence,2022,95.0
47101,TN,Lewis,2022,95.9
47103,TN,Lincoln,2022,96.1
47105,TN,Loudon,2022,93.4
47107,TN,McMinn,2022,97.7
47109,TN,McNairy,2022,96.9
47111,TN,Macon,2022,98.0
47113,TN,Madison,2022,96.2
47115,TN,Marion,2022,97.8
47117,TN,Marshall,2022,98.0
47119,TN,Maury,2022,91.0
47121,TN,Meigs,2022,96.0
47123,TN,Monroe,2022,94.2
47125,TN,Montgomery,2022,95.6
47127,TN,Moore,2022,95.2
47129,TN,Morgan,2022,93.5
47131,TN,Obion,2022,97.4
47133,TN,Overton,2022,98.8
47135,TN,Perry,2022,98.5
47137,TN,Pickett,2022,92.6
47139,TN,Polk,2022,90.8
47141,TN,Putnam,2022,94.7
47143,TN,Rhea,2022,95.3
47145,TN,Roane,2022,97.5
47147,TN,Robertson,2022,96.0
47149,TN,Rutherford,2022,96.5
47151,TN,Scott,2022,98.4
47153,TN,Sequatchie,2022,93.8
47155,TN,Sevier,2022,96.0
47157,TN,Shelby,2022,96.6
47159,TN,Smith,2022,96.2
47161,TN,Stewart,2022,97.9
47163,TN,Sullivan,2022,96.7
47165,TN,Sumner,2022,94.6
47167,TN,Tipton,2022,98.7
47169,TN,Trousdale,2022,96.1
47171,TN,Unicoi,2022,97.9
47173,TN,Union,2022,95.0
47175,TN,Van Buren,2022,92.0
47177,TN,Warren,2022,97.3
47179,TN,Washington,2022,97.0
47181,TN,Wayne,2022,98.1
47183,TN,Weakley,2022,97.5
47185,TN,White,2022,95.1
47187,TN,Williamson,2022,93.5
47189,TN,Wilson,2022,96.4
48001,TX,Anderson,2022,96.8
48003,TX,Andrews,2022,100.0
48005,TX,Angelina,2022,96.1
48007,TX,Aransas,2022,100.0
48009,TX,Archer,2022,97.5
48011,TX,Armstrong,2022,94.4
48013,TX,Atascosa,2022,98.7
48015,TX,Austin,2022,98.3
48017,TX,Bailey,2022,94.6
48019,TX,Bandera,2022,96.8
48021,TX,Bastrop,2022,95.4
48023,TX,Baylor,2022,96.0
48025,TX,Bee,2022,98.1
48027,TX,Bell,2022,96.1
48029,TX,Bexar,2022,94.6
48031,TX,Blanco,2022,89.7
48033,TX,Borden,2022,100.0
48035,TX,Bosque,2022,90.8
48037,TX,Bowie,2022,95.8
48039,TX,Brazoria,2022,97.0
48041,TX,Brazos,2022,97.5
48043,TX,Brewster,2022,88.9
48045,TX,Briscoe,2022,85.7
48047,TX,Brooks,2022,100.0
48049,TX,Brown,2022,96.7
48051,TX,Burleson,2022,95.8
48053,TX,Burnet,2022,91.9
48055,TX,Caldwell,2022,97.3
48057,TX,Calhoun,2022,99.3
48059,TX,Callahan,2022,92.2
48061,TX,Cameron,2022,97.9
48063,TX,Camp,2022,97.5
48065,TX,Carson,2022,96.8
48067,TX,Cass,2022,95.5
48069,TX,Castro,2022,95.1
48071,TX,Chambers,2022,96.8
48073,TX,Cherokee,2022,98.4
48075,TX,Childress,2022,100.0
48077,TX,Clay,2022,99.1
48079,TX,Cochran,2022,90.7
48081,TX,Coke,2022,94.9
48083,TX,Coleman,2022,97.8
48085,TX,Collin,2022,95.0
48087,TX,Collingsworth,2022,93.8
48089,TX,Colorado,2022,95.9
48091,TX,Comal,2022,95.1
48093,TX,Comanche,2022,95.5
48095,TX,Concho,2022,100.0
48097,TX,Cooke,2022,95.3
48099,TX,Coryell,2022,96.3
48101,TX,Cottle,2022,100.0
48103,TX,Crane,2022,98.1
48105,TX,Crockett,2022,100.0
48107,TX,Crosby,2022,93.1
48109,TX,Culberson,2022,100.0
48111,TX,Dallam,2022,92.4
48113,TX,Dallas,2022,92.0
48115,TX,Dawson,2022,92.9
48117,TX,Deaf Smith,2022,99.0
48119,TX,Delta,2022,100.0
48121,TX,Denton,2022,91.2
48123,TX,DeWitt,2022,93.0
48125,TX,Dickens,2022,93.3
48127,TX,Dimmit,2022,100.0
48129,TX,Donley,2022,91.5
48131,TX,Duval,2022,92.1
48133,TX,Eastland,2022,91.1
48135,TX,Ector,2022,95.0
48137,TX,Edwards,2022,97.1
48139,TX,Ellis,2022,95.4
48141,TX,El Paso,2022,93.2
48143,TX,Erath,2022,98.1
48145,TX,Falls,2022,97.2
48147,TX,Fannin,2022,93.2
48149,TX,Fayette,2022,96.8
48151,TX,Fisher,2022,94.6
48153,TX,Floyd,2022,98.5
48155,TX,Foard,2022,100.0
48157,TX,Fort Bend,2022,95.0
48159,TX,Franklin,2022,100.0
48161,TX,Freestone,2022,96.0
48163,TX,Frio,2022,97.4
48165,TX,Gaines,2022,82.9
48167,TX,Galveston,2022,96.1
48169,TX,Garza,2022,96.4
48171,TX,Gillespie,2022,90.6
48173,TX,Glasscock,2022,93.3
48175,TX,Goliad,2022,95.2
48177,TX,Gonzales,2022,97.5
48179,TX,Gray,2022,94.9
48181,TX,Grayson,2022,93.9
48183,TX,Gregg,2022,95.7
48185,TX,Grimes,2022,97.1
48187,TX,Guadalupe,2022,96.9
48189,TX,Hale,2022,98.6
48191,TX,Hall,2022,84.4
48193,TX,Hamilton,2022,98.9
48195,TX,Hansford,2022,92.5
48197,TX,Hardeman,2022,100.0
48199,TX,Hardin,2022,95.1
48201,TX,Harris,2022,91.7
48203,TX,Harrison,2022,96.3
48205,TX,Hartley,2022,91.3
48207,TX,Haskell,2022,96.4
48209,TX,Hays,2022,96.0
48211,TX,Hemphill,2022,98.2
48213,TX,Henderson,2022,95.7
48215,TX,Hidalgo,2022,97.3
48217,TX,Hill,2022,92.7
48219,TX,Hockley,2022,97.5
48221,TX,Hood,2022,85.0
48223,TX,Hopkins,2022,99.3
48225,TX,Houston,2022,93.5
48227,TX,Howard,2022,96.6
48229,TX,Hudspeth,2022,93.3
48231,TX,Hunt,2022,96.9
48233,TX,Hutchinson,2022,94.0
48235,TX,Irion,2022,89.5
48237,TX,Jack,2022,95.3
48239,TX,Jackson,2022,99.6
48241,TX,Jasper,2022,92.2
48243,TX,Jeff Davis,2022,88.9
48245,TX,Jefferson,2022,96.1
48247,TX,Jim Hogg,2022,86.1
48249,TX,Jim Wells,2022,97.6
48251,TX,Johnson,2022,94.6
48253,TX,Jones,2022,95.2
48255,TX,Karnes,2022,96.5
48257,TX,Kaufman,2022,95.3
48259,TX,Kendall,2022,94.6
48261,TX,Kenedy,2022,100.0
48263,TX,Kent,2022,90.9
48265,TX,Kerr,2022,95.4
48267,TX,Kimble,2022,95.7
48269,TX,King,2022,73.3
48271,TX,Kinney,2022,93.6
48273,TX,Kleberg,2022,99.0
48275,TX,Knox,2022,96.1
48277,TX,Lamar,2022,97.8
48279,TX,Lamb,2022,99.0
48281,TX,Lampasas,2022,94.9
48285,TX,Lavaca,2022,97.3
48287,TX,Lee,2022,95.1
48289,TX,Leon,2022,97.9
48291,TX,Liberty,2022,97.8
48293,TX,Limestone,2022,73.0
48295,TX,Lipscomb,2022,90.5
48297,TX,Live Oak,2022,95.7
48299,TX,Llano,2022,97.0
48303,TX,Lubbock,2022,92.0
48305,TX,Lynn,2022,93.9
48307,TX,McCulloch,2022,95.2
48309,TX,McLennan,2022,95.7
48311,TX,McMullen,2022,95.2
48313,TX,Madison,2022,96.3
48315,TX,Marion,2022,96.9
48317,TX,Martin,2022,95.7
48319,TX,Mason,2022,92.5
48321,TX,Matagorda,2022,97.4
48323,TX,Maverick,2022,89.2
48325,TX,Medina,2022,95.0
48327,TX,Menard,2022,100.0
48329,TX,Midland,2022,95.7
48331,TX,Milam,2022,95.1
48333,TX,Mills,2022,98.4
48335,TX,Mitchell,2022,99.0
48337,TX,Montague,2022,86.8
48339,TX,Montgomery,2022,95.0
48341,TX,Moore,2022,97.3
48343,TX,Morris,2022,96.5
48345,TX,Motley,2022,100.0
48347,TX,Nacogdoches,2022,96.2
48349,TX,Navarro,2022,97.3
48351,TX,Newton,2022,93.8
48353,TX,Nolan,2022,97.9
48355,TX,Nueces,2022,97.7
48357,TX,Ochiltree,2022,94.8
48359,TX,Oldham,2022,97.1
48361,TX,Orange,2022,92.8
48363,TX,Palo Pinto,2022,93.5
48365,TX,Panola,2022,96.7
48367,TX,Parker,2022,93.8
48369,TX,Parmer,2022,96.4
48371,TX,Pecos,2022,97.3
48373,TX,Polk,2022,96.9
48375,TX,Potter,2022,97.0
48377,TX,Presidio,2022,86.1
48379,TX,Rains,2022,90.7
48381,TX,Randall,2022,96.3
48383,TX,Reagan,2022,100.0
48385,TX,Real,2022,100.0
48387,TX,Red River,2022,99.4
48389,TX,Reeves,2022,95.4
48391,TX,Refugio,2022,97.8
48393,TX,Roberts,2022,100.0
48395,TX,Robertson,2022,97.6
48397,TX,Rockwall,2022,93.6
48399,TX,Runnels,2022,96.4
48401,TX,Rusk,2022,94.4
48403,TX,Sabine,2022,94.7
48405,TX,San Augustine,2022,95.9
48407,TX,San Jacinto,2022,96.8
48409,TX,San Patricio,2022,97.4
48411,TX,San Saba,2022,98.3
48413,TX,Schleicher,2022,100.0
48415,TX,Scurry,2022,96.2
48417,TX,Shackelford,2022,95.1
48419,TX,Shelby,2022,97.8
48421,TX,Sherman,2022,82.7
48423,TX,Smith,2022,95.2
48425,TX,Somervell,2022,92.4
48427,TX,Starr,2022,93.2
48429,TX,Stephens,2022,94.5
48431,TX,Sterling,2022,92.6
48433,TX,Stonewall,2022,100.0
48435,TX,Sutton,2022,96.0
48437,TX,Swisher,2022,99.0
48439,TX,Tarrant,2022,92.4
48441,TX,Taylor,2022,96.2
48443,TX,Terrell,2022,100.0
48445,TX,Terry,2022,95.5
48447,TX,Throckmorton,2022,95.5
48449,TX,Titus,2022,96.7
48451,TX,Tom Green,2022,96.0
48453,TX,Travis,2022,90.6
48455,TX,Trinity,2022,92.9
48457,TX,Tyler,2022,95.6
48459,TX,Upshur,2022,95.5
48461,TX,Upton,2022,98.2
48463,TX,Uvalde,2022,97.2
48465,TX,Val Verde,2022,93.0
48467,TX,Van Zandt,2022,93.4
48469,TX,Victoria,2022,98.1
48471,TX,Walker,2022,95.9
48473,TX,Waller,2022,97.1
48475,TX,Ward,2022,96.3
48477,TX,Washington,2022,97.5
48479,TX,Webb,2022,99.3
48481,TX,Wharton,2022,97.5
48483,TX,Wheeler,2022,98.7
48485,TX,Wichita,2022,96.2
48487,TX,Wilbarger,2022,99.4
48489,TX,Willacy,2022,100.0
48491,TX,Williamson,2022,93.9
48493,TX,Wilson,2022,98.1
48495,TX,Winkler,2022,99.1
48497,TX,Wise,2022,92.9
48499,TX,Wood,2022,93.2
48501,TX,Yoakum,2022,92.9
48503,TX,Young,2022,93.5
48505,TX,Zapata,2022,97.9
48507,TX,Zavala,2022,100.0
49001,UT,Beaver,2022,94.2
49003,UT,Box Elder,2022,94.1
49005,UT,Cache,2022,95.0
49007,UT,Carbon,2022,90.2
49011,UT,Davis,2022,90.8
49013,UT,Duchesne,2022,91.3
49015,UT,Emery,2022,85.3
49019,UT,Grand,2022,94.1
49021,UT,Iron,2022,89.1
49023,UT,Juab,2022,88.4
49025,UT,Kane,2022,86.2
49027,UT,Millard,2022,87.0
49029,UT,Morgan,2022,91.3
49035,UT,Salt Lake,2022,94.4
49037,UT,San Juan,2022,91.2
49039,UT,Sanpete,2022,89.4
49041,UT,Sevier,2022,91.3
49043,UT,Summit,2022,92.2
49045,UT,Tooele,2022,93.7
49047,UT,Uintah,2022,89.4
49049,UT,Utah,2022,90.9
49051,UT,Wasatch,2022,92.5
49053,UT,Washington,2022,85.5
49057,UT,Weber,2022,92.2
51001,VA,Accomack,2022,94.4
51003,VA,Albemarle,2022,91.6
51005,VA,Alleghany,2022,90.6
51007,VA,Amelia,2022,92.4
51009,VA,Amherst,2022,95.6
51011,VA,Appomattox,2022,66.7
51013,VA,Arlington,2022,90.7
51015,VA,Augusta,2022,92.7
51017,VA,Bath,2022,97.1
51019,VA,Bedford,2022,92.0
51021,VA,Bland,2022,90.9
51023,VA,Botetourt,2022,95.3
51025,VA,Brunswick,2022,84.1
51027,VA,Buchanan,2022,98.2
51029,VA,Buckingham,2022,96.7
51031,VA,Campbell,2022,80.3
51033,VA,Caroline,2022,90.6
51035,VA,Carroll,2022,95.9
51036,VA,Charles City,2022,76.2
51037,VA,Charlotte,2022,86.8
51041,VA,Chesterfield,2022,85.4
51043,VA,Clarke,2022,91.7
51045,VA,Craig,2022,94.1
51047,VA,Culpeper,2022,90.1
51049,VA,Cumberland,2022,90.9
51053,VA,Dinwiddie,2022,88.2
51057,VA,Essex,2022,94.2
51059,VA,Fairfax County,2022,81.7
51061,VA,Fauquier,2022,88.9
51063,VA,Floyd,2022,89.4
51065,VA,Fluvanna,2022,90.4
51067,VA,Franklin County,2022,94.4
51069,VA,Frederick,2022,90.2
51071,VA,Giles,2022,87.7
51073,VA,Gloucester,2022,84.4
51075,VA,Goochland,2022,97.0
51077,VA,Grayson,2022,91.6
51079,VA,Greene,2022,94.5
51081,VA,Greensville,2022,82.5
51083,VA,Halifax,2022,84.5
51085,VA,Hanover,2022,96.2
51087,VA,Henrico,2022,93.5
51089,VA,Henry,2022,94.0
51091,VA,Highland,2022,100.0
51093,VA,Isle of Wight,2022,94.6
51095,VA,James City,2022,86.4
51097,VA,King and Queen,2022,85.7
51101,VA,King William,2022,91.4
51103,VA,Lancaster,2022,97.3
51105,VA,Lee,2022,80.5
51107,VA,Loudoun,2022,91.3
51109,VA,Louisa,2022,91.8
51111,VA,Lunenburg,2022,91.1
51113,VA,Madison,2022,87.6
51115,VA,Mathews,2022,98.3
51117,VA,Mecklenburg,2022,96.0
51119,VA,Middlesex,2022,95.5
51121,VA,Montgomery,2022,90.7
51125,VA,Nelson,2022,89.9
51127,VA,New Kent,2022,94.3
51131,VA,Northampton,2022,96.5
51133,VA,Northumberland,2022,95.7
51135,VA,Nottoway,2022,90.4
51137,VA,Orange,2022,94.6
51139,VA,Page,2022,92.7
51141,VA,Patrick,2022,94.4
51143,VA,Pittsylvania,2022,97.2
51145,VA,Powhatan,2022,91.1
51147,VA,Prince Edward,2022,98.1
51149,VA,Prince George,2022,88.7
51153,VA,Prince William,2022,89.1
51155,VA,Pulaski,2022,98.1
51157,VA,Rappahannock,2022,86.2
51159,VA,Richmond County,2022,89.1
51161,VA,Roanoke County,2022,94.8
51163,VA,Rockbridge,2022,92.0
51165,VA,Rockingham,2022,91.9
51167,VA,Russell,2022,97.0
51169,VA,Scott,2022,89.6
51171,VA,Shenandoah,2022,92.3
51173,VA,Smyth,2022,100.0
51175,VA,Southampton,2022,96.2
51177,VA,Spotsylvania,2022,81.1
51179,VA,Stafford,2022,92.2
51181,VA,Surry,2022,97.7
51183,VA,Sussex,2022,82.7
51185,VA,Tazewell,2022,83.2
51187,VA,Warren,2022,84.8
51191,VA,Washington,2022,91.4
51193,VA,Westmoreland,2022,90.1
51195,VA,Wise,2022,94.0
51197,VA,Wythe,2022,85.4
51199,VA,York,2022,93.7
51510,VA,Alexandria,2022,88.6
51520,VA,Bristol,2022,84.7
51530,VA,Buena Vista,2022,96.6
51540,VA,Charlottesville,2022,91.2
51550,VA,Chesapeake,2022,93.2
51570,VA,Colonial Heights,2022,87.2
51580,VA,Covington,2022,89.0
51590,VA,Danville,2022,94.7
51610,VA,Falls Church,2022,97.1
51620,VA,Franklin City,2022,98.6
51630,VA,Fredericksburg,2022,89.3
51650,VA,Hampton,2022,93.0
51660,VA,Harrisonburg,2022,87.1
51670,VA,Hopewell,2022,85.7
51678,VA,Lexington,2022,90.6
51680,VA,Lynchburg,2022,50.1
51683,VA,Manassas,2022,94.3
51685,VA,Manassas Park,2022,90.8
51690,VA,Martinsville,2022,96.7
51700,VA,Newport News,2022,84.5
51710,VA,Norfolk,2022,87.3
51720,VA,Norton,2022,97.1
51730,VA,Petersburg,2022,76.9
51735,VA,Poquoson,2022,90.9
51740,VA,Portsmouth,2022,75.0
51760,VA,Richmond City,2022,89.6
51770,VA,Roanoke City,2022,92.6
51775,VA,Salem,2022,89.9
51790,VA,Staunton,2022,96.7
51800,VA,Suffolk,2022,94.3
51810,VA,Virginia Beach,2022,89.9
51820,VA,Waynesboro,2022,95.8
51830,VA,Williamsburg,2022,92.2
51840,VA,Winchester,2022,94.1
50001,VT,Addison,2022,95.0
50003,VT,Bennington,2022,92.0
50005,VT,Caledonia,2022,92.0
50007,VT,Chittenden,2022,95.0
50011,VT,Franklin,2022,94.0
50015,VT,Lamoille,2022,91.0
50017,VT,Orange,2022,95.0
50019,VT,Orleans,2022,91.0
50021,VT,Rutland,2022,94.0
50023,VT,Washington,2022,90.0
50025,VT,Windham,2022,89.0
50027,VT,Windsor,2022,92.0
53001,WA,Adams,2022,96.3
53003,WA,Asotin,2022,87.9
53005,WA,Benton,2022,94.5
53007,WA,Chelan,2022,95.4
53009,WA,Clallam,2022,85.0
53011,WA,Clark,2022,92.8
53013,WA,Columbia,2022,87.8
53015,WA,Cowlitz,2022,93.7
53017,WA,Douglas,2022,96.6
53019,WA,Ferry,2022,85.0
53021,WA,Franklin,2022,97.3
53023,WA,Garfield,2022,93.1
53025,WA,Grant,2022,93.4
53027,WA,Grays Harbor,2022,93.2
53029,WA,Island,2022,90.8
53031,WA,Jefferson,2022,73.9
53033,WA,King,2022,93.5
53035,WA,Kitsap,2022,92.0
53037,WA,Kittitas,2022,79.5
53039,WA,Klickitat,2022,88.0
53041,WA,Lewis,2022,93.7
53043,WA,Lincoln,2022,86.3
53045,WA,Mason,2022,91.5
53047,WA,Okanogan,2022,86.4
53049,WA,Pacific,2022,93.4
53051,WA,Pend Oreille,2022,73.3
53053,WA,Pierce,2022,93.0
53055,WA,San Juan,2022,89.3
53057,WA,Skagit,2022,89.5
53059,WA,Skamania,2022,92.2
53061,WA,Snohomish,2022,93.1
53063,WA,Spokane,2022,88.9
53065,WA,Stevens,2022,84.3
53067,WA,Thurston,2022,92.7
53069,WA,Wahkiakum,2022,77.8
53071,WA,Walla Walla,2022,94.5
53073,WA,Whatcom,2022,86.6
53075,WA,Whitman,2022,89.6
53077,WA,Yakima,2022,96.8
55001,WI,Adams,2022,77.0
55003,WI,Ashland,2022,86.0
55005,WI,Barron,2022,83.0
55007,WI,Bayfield,2022,69.0
55009,WI,Brown,2022,85.0
55011,WI,Buffalo,2022,95.0
55013,WI,Burnett,2022,73.0
55015,WI,Calumet,2022,70.0
55017,WI,Chippewa,2022,88.0
55019,WI,Clark,2022,82.0
55021,WI,Columbia,2022,89.0
55023,WI,Crawford,2022,77.0
55025,WI,Dane,2022,87.0
55027,WI,Dodge,2022,80.0
55029,WI,Door,2022,84.0
55031,WI,Douglas,2022,91.0
55033,WI,Dunn,2022,87.0
55035,WI,Eau Claire,2022,85.0
55037,WI,Florence,2022,93.0
55039,WI,Fond du Lac,2022,88.0
55041,WI,Forest,2022,93.0
55043,WI,Grant,2022,83.0
55045,WI,Green,2022,63.0
55047,WI,Green Lake,2022,84.0
55049,WI,Iowa,2022,91.0
55051,WI,Iron,2022,82.0
55053,WI,Jackson,2022,57.0
55055,WI,Jefferson,2022,90.0
55057,WI,Juneau,2022,79.0
55059,WI,Kenosha,2022,77.0
55061,WI,Kewaunee,2022,89.0
55063,WI,La Crosse,2022,89.0
55065,WI,Lafayette,2022,84.0
55067,WI,Langlade,2022,85.0
55069,WI,Lincoln,2022,82.0
55071,WI,Manitowoc,2022,92.0
55073,WI,Marathon,2022,90.0
55075,WI,Marinette,2022,73.0
55077,WI,Marquette,2022,84.0
55078,WI,Menominee,2022,95.0
55079,WI,Milwaukee,2022,72.0
55081,WI,Monroe,2022,87.0
55083,WI,Oconto,2022,89.0
55085,WI,Oneida,2022,80.0
55087,WI,Outagamie,2022,88.0
55089,WI,Ozaukee,2022,89.0
55091,WI,Pepin,2022,87.0
55093,WI,Pierce,2022,82.0
55095,WI,Polk,2022,65.0
55097,WI,Portage,2022,86.0
55099,WI,Price,2022,76.0
55101,WI,Racine,2022,78.0
55103,WI,Richland,2022,81.0
55105,WI,Rock,2022,85.0
55107,WI,Rusk,2022,86.0
55109,WI,St Croix,2022,89.0
55111,WI,Sauk,2022,84.0
55113,WI,Sawyer,2022,83.0
55115,WI,Shawano,2022,82.0
55117,WI,Sheboygan,2022,86.0
55119,WI,Taylor,2022,75.0
55121,WI,Trempealeau,2022,86.0
55123,WI,Vernon,2022,71.0
55125,WI,Vilas,2022,95.0
55127,WI,Walworth,2022,82.0
55129,WI,Washburn,2022,95.0
55131,WI,Washington,2022,88.0
55133,WI,Waukesha,2022,85.0
55135,WI,Waupaca,2022,85.0
55137,WI,Waushara,2022,84.0
55139,WI,Winnebago,2022,85.0
55141,WI,Wood,2022,88.0
01001,AL,Autauga,2023,91.2
01003,AL,Baldwin,2023,92.6
01005,AL,Barbour,2023,94.6
01007,AL,Bibb,2023,91.2
01009,AL,Blount,2023,97.0
01011,AL,Bullock,2023,97.1
01013,AL,Butler,2023,93.6
01015,AL,Calhoun,2023,94.1
01017,AL,Chambers,2023,93.1
01019,AL,Cherokee,2023,97.1
01021,AL,Chilton,2023,92.9
01023,AL,Choctaw,2023,89.3
01025,AL,Clarke,2023,93.4
01027,AL,Clay,2023,98.4
01029,AL,Cleburne,2023,95.2
01031,AL,Coffee,2023,96.1
01033,AL,Colbert,2023,93.6
01035,AL,Conecuh,2023,90.6
01037,AL,Coosa,2023,98.6
01039,AL,Covington,2023,96.8
01041,AL,Crenshaw,2023,98.4
01043,AL,Cullman,2023,91.5
01045,AL,Dale,2023,96.8
01047,AL,Dallas,2023,93.5
01049,AL,DeKalb,2023,94.0
01051,AL,Elmore,2023,93.6
01053,AL,Escambia,2023,97.0
01055,AL,Etowah,2023,95.4
01057,AL,Fayette,2023,88.0
01059,AL,Franklin,2023,96.2
01061,AL,Geneva,2023,97.9
01063,AL,Greene,2023,79.5
01065,AL,Hale,2023,89.7
01067,AL,Henry,2023,94.2
01069,AL,Houston,2023,93.7
01071,AL,Jackson,2023,94.0
01073,AL,Jefferson,2023,95.6
01075,AL,Lamar,2023,97.9
01077,AL,Lauderdale,2023,94.4
01079,AL,Lawrence,2023,98.3
01081,AL,Lee,2023,94.7
01083,AL,Limestone,2023,94.4
01085,AL,Lowndes,2023,92.6
01087,AL,Macon,2023,94.6
01089,AL,Madison,2023,93.8
01091,AL,Marengo,2023,90.2
01093,AL,Marion,2023,86.8
01095,AL,Marshall,2023,93.5
01097,AL,Mobile,2023,92.4
01099,AL,Monroe,2023,97.2
01101,AL,Montgomery,2023,92.6
01103,AL,Morgan,2023,93.4
01105,AL,Perry,2023,87.2
01107,AL,Pickens,2023,90.8
01109,AL,Pike,2023,95.1
01111,AL,Randolph,2023,92.5
01113,AL,Russell,2023,89.9
01115,AL,St Clair,2023,93.6
01117,AL,Shelby,2023,94.4
01119,AL,Sumter,2023,98.9
01121,AL,Talladega,2023,92.8
01123,AL,Tallapoosa,2023,96.3
01125,AL,Tuscaloosa,2023,92.7
01127,AL,Walker,2023,96.0
01129,AL,Washington,2023,91.5
01131,AL,Wilcox,2023,92.5
01133,AL,Winston,2023,91.7
04001,AZ,Apache,2023,88.3
04003,AZ,Cochise,2023,86.5
04005,AZ,Coconino,2023,87.3
04007,AZ,Gila,2023,85.7
04009,AZ,Graham,2023,91.3
04011,AZ,Greenlee,2023,82.0
04012,AZ,La Paz,2023,92.6
04013,AZ,Maricopa,2023,89.8
04015,AZ,Mohave,2023,82.8
04017,AZ,Navajo,2023,80.5
04019,AZ,Pima,2023,93.7
04021,AZ,Pinal,2023,90.1
04023,AZ,Santa Cruz,2023,97.4
04025,AZ,Yavapai,2023,76.5
04027,AZ,Yuma,2023,95.7
06001,CA,Alameda,2023,97.2
06005,CA,Amador,2023,94.0
06007,CA,Butte,2023,97.8
06009,CA,Calaveras,2023,93.2
06011,CA,Colusa,2023,99.0
06013,CA,Contra Costa,2023,97.9
06015,CA,Del Norte,2023,89.0
06017,CA,El Dorado,2023,82.8
06019,CA,Fresno,2023,97.6
06021,CA,Glenn,2023,83.5
06023,CA,Humboldt,2023,91.4
06025,CA,Imperial,2023,98.6
06027,CA,Inyo,2023,96.1
06029,CA,Kern,2023,91.8
06031,CA,Kings,2023,98.6
06033,CA,Lake,2023,96.8
06035,CA,Lassen,2023,93.7
06037,CA,Los Angeles,2023,96.9
06039,CA,Madera,2023,98.0
06041,CA,Marin,2023,99.0
06043,CA,Mariposa,2023,96.6
06045,CA,Mendocino,2023,93.1
06047,CA,Merced,2023,96.9
06049,CA,Modoc,2023,99.0
06051,CA,Mono,2023,99.0
06053,CA,Monterey,2023,98.6
06055,CA,Napa,2023,98.3
06057,CA,Nevada,2023,88.8
06059,CA,Orange,2023,97.7
06061,CA,Placer,2023,95.8
06063,CA,Plumas,2023,96.6
06065,CA,Riverside,2023,96.5
06067,CA,Sacramento,2023,96.8
06069,CA,San Benito,2023,98.8
06071,CA,San Bernardino,2023,94.7
06073,CA,San Diego,2023,95.3
06075,CA,San Francisco,2023,98.2
06077,CA,San Joaquin,2023,96.4
06079,CA,San Luis Obispo,2023,96.7
06081,CA,San Mateo,2023,98.0
06083,CA,Santa Barbara,2023,98.5
06085,CA,Santa Clara,2023,98.8
06087,CA,Santa Cruz,2023,92.5
06089,CA,Shasta,2023,94.8
06091,CA,Sierra,2023,95.0
06093,CA,Siskiyou,2023,93.7
06095,CA,Solano,2023,97.9
06097,CA,Sonoma,2023,95.5
06099,CA,Stanislaus,2023,96.8
06101,CA,Sutter,2023,78.7
06103,CA,Tehama,2023,96.8
06105,CA,Trinity,2023,90.3
06107,CA,Tulare,2023,97.7
06109,CA,Tuolumne,2023,90.8
06111,CA,Ventura,2023,96.9
06113,CA,Yolo,2023,96.4
06115,CA,Yuba,2023,93.8
08001,CO,Adams,2023,93.3
08003,CO,Alamosa,2023,81.4
08005,CO,Arapahoe,2023,89.5
08007,CO,Archuleta,2023,76.3
08009,CO,Baca,2023,95.1
08011,CO,Bent,2023,88.0
08013,CO,Boulder,2023,92.1
08014,CO,Broomfield,2023,95.4
08015,CO,Chaffee,2023,89.0
08017,CO,Cheyenne,2023,76.5
08019,CO,Clear Creek,2023,89.7
08021,CO,Conejos,2023,90.8
08023,CO,Costilla,2023,93.8
08025,CO,Crowley,2023,92.0
08027,CO,Custer,2023,65.2
08029,CO,Delta,2023,78.4
08031,CO,Denver,2023,74.2
08033,CO,Dolores,2023,61.5
08035,CO,Douglas,2023,90.5
08037,CO,Eagle,2023,91.0
08039,CO,Elbert,2023,83.4
08041,CO,El Paso,2023,80.8
08043,CO,Fremont,2023,83.5
08045,CO,Garfield,2023,87.6
08047,CO,Gilpin,2023,82.6
08049,CO,Grand,2023,81.2
08051,CO,Gunnison,2023,80.5
08053,CO,Hinsdale,2023,57.1
08055,CO,Huerfano,2023,95.4
08057,CO,Jackson,2023,75.0
08059,CO,Jefferson,2023,90.5
08061,CO,Kiowa,2023,94.4
08063,CO,Kit Carson,2023,89.5
08065,CO,Lake,2023,88.2
08067,CO,La Plata,2023,83.8
08069,CO,Larimer,2023,87.6
08071,CO,Las Animas,2023,92.3
08073,CO,Lincoln,2023,82.7
08075,CO,Logan,2023,95.2
08077,CO,Mesa,2023,87.6
08079,CO,Mineral,2023,100.0
08081,CO,Moffat,2023,95.2
08083,CO,Montezuma,2023,84.3
08085,CO,Montrose,2023,83.3
08087,CO,Morgan,2023,90.1
08089,CO,Otero,2023,89.7
08091,CO,Ouray,2023,90.6
08093,CO,Park,2023,89.9
08095,CO,Phillips,2023,84.5
08097,CO,Pitkin,2023,96.7
08099,CO,Prowers,2023,96.0
08101,CO,Pueblo,2023,84.3
08103,CO,Rio Blanco,2023,83.8
08105,CO,Rio Grande,2023,91.4
08107,CO,Routt,2023,87.6
08109,CO,Saguache,2023,82.2
08111,CO,San Juan,2023,66.7
08113,CO,San Miguel,2023,76.5
08115,CO,Sedgwick,2023,100.0
08117,CO,Summit,2023,89.1
08119,CO,Teller,2023,77.3
08121,CO,Washington,2023,88.9
08123,CO,Weld,2023,94.3
08125,CO,Yuma,2023,97.3
09001,CT,Fairfield,2023,96.8
09003,CT,Hartford,2023,97.5
09005,CT,Litchfield,2023,98.2
09007,CT,Middlesex,2023,97.2
09009,CT,New Haven,2023,97.9
09011,CT,New London,2023,97.2
09013,CT,Tolland,2023,96.7
09015,CT,Windham,2023,96.5
11001,DC,District of Columbia,2023,87.5
12001,FL,Alachua,2023,92.2
12003,FL,Baker,2023,95.3
12005,FL,Bay,2023,86.8
12007,FL,Bradford,2023,93.7
12009,FL,Brevard,2023,88.1
12011,FL,Broward,2023,91.9
12013,FL,Calhoun,2023,95.3
12015,FL,Charlotte,2023,90.2
12017,FL,Citrus,2023,92.5
12019,FL,Clay,2023,93.6
12021,FL,Collier,2023,88.1
12023,FL,Columbia,2023,94.6
12027,FL,De Soto,2023,96.0
12029,FL,Dixie,2023,98.0
12031,FL,Duval,2023,88.9
12033,FL,Escambia,2023,91.3
12035,FL,Flagler,2023,89.9
12037,FL,Franklin,2023,84.2
12039,FL,Gadsden,2023,93.4
12041,FL,Gilchrist,2023,91.2
12043,FL,Glades,2023,98.6
12045,FL,Gulf,2023,94.7
12047,FL,Hamilton,2023,91.7
12049,FL,Hardee,2023,96.2
12051,FL,Hendry,2023,92.5
12053,FL,Hernando,2023,90.3
12055,FL,Highlands,2023,89.6
12057,FL,Hillsborough,2023,91.1
12059,FL,Holmes,2023,97.4
12061,FL,Indian River,2023,92.7
12063,FL,Jackson,2023,93.5
12065,FL,Jefferson,2023,93.0
12067,FL,Lafayette,2023,91.1
12069,FL,Lake,2023,88.6
12071,FL,Lee,2023,91.6
12073,FL,Leon,2023,95.3
12075,FL,Levy,2023,95.7
12077,FL,Liberty,2023,98.1
12079,FL,Madison,2023,96.0
12081,FL,Manatee,2023,92.4
12083,FL,Marion,2023,90.8
12085,FL,Martin,2023,90.3
12086,FL,Miami-Dade,2023,90.9
12087,FL,Monroe,2023,92.1
12089,FL,Nassau,2023,89.8
12091,FL,Okaloosa,2023,90.1
12093,FL,Okeechobee,2023,97.4
12095,FL,Orange,2023,87.3
12097,FL,Osceola,2023,86.9
12099,FL,Palm Beach,2023,90.6
12101,FL,Pasco,2023,93.0
12103,FL,Pinellas,2023,89.3
12105,FL,Polk,2023,93.2
12107,FL,Putnam,2023,91.3
12109,FL,St Johns,2023,90.8
12111,FL,St Lucie,2023,91.3
12113,FL,Santa Rosa,2023,91.9
12115,FL,Sarasota,2023,84.8
12117,FL,Seminole,2023,90.2
12119,FL,Sumter,2023,92.2
12121,FL,Suwannee,2023,92.8
12123,FL,Taylor,2023,97.6
12125,FL,Union,2023,96.1
12127,FL,Volusia,2023,88.9
12129,FL,Wakulla,2023,86.5
12131,FL,Walton,2023,90.4
12133,FL,Washington,2023,92.1
15001,HI,Hawaii,2023,80.7
15003,HI,Honolulu,2023,86.2
15007,HI,Kauai,2023,81.6
15009,HI,Maui,2023,75.5
19001,IA,Adair,2023,94.8
19003,IA,Adams,2023,96.9
19005,IA,Allamakee,2023,91.8
19007,IA,Appanoose,2023,83.9
19009,IA,Audubon,2023,96.5
19011,IA,Benton,2023,89.7
19013,IA,Black Hawk,2023,91.2
19015,IA,Boone,2023,96.8
19017,IA,Bremer,2023,91.8
19019,IA,Buchanan,2023,84.3
19021,IA,Buena Vista,2023,94.5
19023,IA,Butler,2023,88.8
19025,IA,Calhoun,2023,89.5
19027,IA,Carroll,2023,91.5
19029,IA,Cass,2023,85.9
19031,IA,Cedar,2023,92.5
19033,IA,Cerro Gordo,2023,91.0
19035,IA,Cherokee,2023,91.2
19037,IA,Chickasaw,2023,95.9
19039,IA,Clarke,2023,91.5
19041,IA,Clay,2023,92.1
19043,IA,Clayton,2023,85.7
19045,IA,Clinton,2023,82.8
19047,IA,Crawford,2023,97.0
19049,IA,Dallas,2023,94.1
19051,IA,Davis,2023,92.9
19053,IA,Decatur,2023,90.0
19055,IA,Delaware,2023,71.2
19057,IA,Des Moines,2023,94.4
19059,IA,Dickinson,2023,85.2
19061,IA,Dubuque,2023,87.7
19063,IA,Emmet,2023,86.7
19065,IA,Fayette,2023,78.5
19067,IA,Floyd,2023,81.8
19069,IA,Franklin,2023,89.2
19071,IA,Fremont,2023,89.1
19073,IA,Greene,2023,88.9
19075,IA,Grundy,2023,94.7
19077,IA,Guthrie,2023,90.6
19079,IA,Hamilton,2023,94.1
19081,IA,Hancock,2023,93.4
19083,IA,Hardin,2023,87.1
19085,IA,Harrison,2023,88.6
19087,IA,Henry,2023,87.4
19089,IA,Howard,2023,96.8
19091,IA,Humboldt,2023,74.5
19093,IA,Ida,2023,87.8
19095,IA,Iowa,2023,86.8
19097,IA,Jackson,2023,80.8
19099,IA,Jasper,2023,94.4
19101,IA,Jefferson,2023,80.3
19103,IA,Johnson,2023,88.5
19105,IA,Jones,2023,94.2
19107,IA,Keokuk,2023,85.3
19109,IA,Kossuth,2023,92.1
19111,IA,Lee,2023,92.5
19113,IA,Linn,2023,89.9
19115,IA,Louisa,2023,85.7
19117,IA,Lucas,2023,84.1
19119,IA,Lyon,2023,95.3
19121,IA,Madison,2023,89.5
19123,IA,Mahaska,2023,91.4
19125,IA,Marion,2023,89.7
19127,IA,Marshall,2023,87.0
19129,IA,Mills,2023,95.6
19131,IA,Mitchell,2023,95.9
19133,IA,Monona,2023,97.5
19135,IA,Monroe,2023,95.1
19137,IA,Montgomery,2023,99.2
19139,IA,Muscatine,2023,88.4
19141,IA,O'Brien,2023,86.3
19143,IA,Osceola,2023,100.0
19145,IA,Page,2023,93.2
19147,IA,Palo Alto,2023,85.6
19149,IA,Plymouth,2023,94.4
19151,IA,Pocahontas,2023,91.9
19153,IA,Polk,2023,90.4
19155,IA,Pottawattamie,2023,90.2
19157,IA,Poweshiek,2023,83.6
19159,IA,Ringgold,2023,91.1
19161,IA,Sac,2023,94.5
19163,IA,Scott,2023,89.9
19165,IA,Shelby,2023,89.6
19167,IA,Sioux,2023,86.6
19169,IA,Story,2023,91.2
19171,IA,Tama,2023,96.7
19173,IA,Taylor,2023,82.5
19175,IA,Union,2023,96.4
19177,IA,Van Buren,2023,79.6
19179,IA,Wapello,2023,84.6
19181,IA,Warren,2023,91.2
19183,IA,Washington,2023,89.5
19185,IA,Wayne,2023,84.6
19187,IA,Webster,2023,86.6
19189,IA,Winnebago,2023,83.7
19191,IA,Winneshiek,2023,92.9
19193,IA,Woodbury,2023,89.0
19195,IA,Worth,2023,93.2
19197,IA,Wright,2023,90.8
16001,ID,Ada,2023,85.0
16003,ID,Adams,2023,68.0
16005,ID,Bannock,2023,91.0
16007,ID,Bear Lake,2023,86.0
16009,ID,Benewah,2023,76.0
16011,ID,Bingham,2023,89.0
16013,ID,Blaine,2023,78.0
16015,ID,Boise,2023,68.0
16017,ID,Bonner,2023,63.0
16019,ID,Bonneville,2023,89.0
16021,ID,Boundary,2023,66.0
16023,ID,Butte,2023,82.0
16025,ID,Camas,2023,50.0
16027,ID,Canyon,2023,83.0
16029,ID,Caribou,2023,89.0
16031,ID,Cassia,2023,89.0
16033,ID,Clark,2023,70.0
16035,ID,Clearwater,2023,82.0
16037,ID,Custer,2023,80.0
16039,ID,Elmore,2023,87.0
16041,ID,Franklin,2023,80.0
16043,ID,Fremont,2023,82.0
16045,ID,Gem,2023,81.0
16047,ID,Gooding,2023,79.0
16049,ID,Idaho,2023,70.0
16051,ID,Jefferson,2023,89.0
16053,ID,Jerome,2023,69.0
16055,ID,Kootenai,2023,74.0
16057,ID,Latah,2023,83.0
16059,ID,Lemhi,2023,88.0
16061,ID,Lewis,2023,79.0
16063,ID,Lincoln,2023,91.0
16065,ID,Madison,2023,80.0
16067,ID,Minidoka,2023,91.0
16069,ID,Nez Perce,2023,87.0
16071,ID,Oneida,2023,85.0
16073,ID,Owyhee,2023,82.0
16075,ID,Payette,2023,79.0
16077,ID,Power,2023,91.0
16079,ID,Shoshone,2023,71.0
16081,ID,Teton,2023,68.0
16083,ID,Twin Falls,2023,82.0
16085,ID,Valley,2023,79.0
16087,ID,Washington,2023,80.0
17001,IL,Adams,2023,98.6
17003,IL,Alexander,2023,98.3
17005,IL,Bond,2023,98.3
17007,IL,Boone,2023,97.9
17009,IL,Brown,2023,98.4
17011,IL,Bureau,2023,97.4
17013,IL,Calhoun,2023,99.1
17015,IL,Carroll,2023,96.4
17017,IL,Cass,2023,97.6
17019,IL,Champaign,2023,98.1
17021,IL,Christian,2023,95.2
17023,IL,Clark,2023,99.2
17025,IL,Clay,2023,98.5
17027,IL,Clinton,2023,97.0
17029,IL,Coles,2023,96.6
17031,IL,Cook,2023,95.3
17033,IL,Crawford,2023,97.7
17035,IL,Cumberland,2023,98.7
17037,IL,DeKalb,2023,96.3
17039,IL,De Witt,2023,97.9
17041,IL,Douglas,2023,97.8
17043,IL,DuPage,2023,96.2
17045,IL,Edgar,2023,98.5
17047,IL,Edwards,2023,99.4
17049,IL,Effingham,2023,96.6
17051,IL,Fayette,2023,98.0
17053,IL,Ford,2023,92.6
17055,IL,Franklin,2023,96.7
17057,IL,Fulton,2023,97.9
17059,IL,Gallatin,2023,98.8
17061,IL,Greene,2023,98.5
17063,IL,Grundy,2023,96.8
17065,IL,Hamilton,2023,98.9
17067,IL,Hancock,2023,99.2
17069,IL,Hardin,2023,99.4
17071,IL,Henderson,2023,94.0
17073,IL,Henry,2023,97.1
17075,IL,Iroquois,2023,96.5
17077,IL,Jackson,2023,95.7
17079,IL,Jasper,2023,96.8
17081,IL,Jefferson,2023,98.2
17083,IL,Jersey,2023,97.5
17085,IL,Jo Daviess,2023,96.4
17087,IL,Johnson,2023,98.8
17089,IL,Kane,2023,95.6
17091,IL,Kankakee,2023,94.1
17093,IL,Kendall,2023,96.6
17095,IL,Knox,2023,95.1
17097,IL,Lake,2023,96.5
17099,IL,LaSalle,2023,97.9
17101,IL,Lawrence,2023,99.2
17103,IL,Lee,2023,97.2
17105,IL,Livingston,2023,96.7
17107,IL,Logan,2023,98.8
17109,IL,McDonough,2023,94.3
17111,IL,McHenry,2023,96.5
17113,IL,McLean,2023,98.0
17115,IL,Macon,2023,96.8
17117,IL,Macoupin,2023,97.7
17119,IL,Madison,2023,97.0
17121,IL,Marion,2023,98.5
17123,IL,Marshall,2023,99.2
17125,IL,Mason,2023,97.5
17127,IL,Massac,2023,90.9
17129,IL,Menard,2023,95.7
17131,IL,Mercer,2023,97.2
17133,IL,Monroe,2023,98.3
17135,IL,Montgomery,2023,98.1
17137,IL,Morgan,2023,95.5
17139,IL,Moultrie,2023,96.3
17141,IL,Ogle,2023,95.8
17143,IL,Peoria,2023,96.6
17145,IL,Perry,2023,98.5
17147,IL,Piatt,2023,98.4
17149,IL,Pike,2023,98.0
17151,IL,Pope,2023,88.0
17153,IL,Pulaski,2023,88.7
17155,IL,Putnam,2023,96.0
17157,IL,Randolph,2023,99.3
17159,IL,Richland,2023,99.5
17161,IL,Rock Island,2023,96.6
17163,IL,St Clair,2023,97.8
17165,IL,Saline,2023,96.8
17167,IL,Sangamon,2023,97.3
17169,IL,Schuyler,2023,99.1
17171,IL,Scott,2023,98.9
17173,IL,Shelby,2023,96.9
17175,IL,Stark,2023,97.9
17177,IL,Stephenson,2023,98.0
17179,IL,Tazewell,2023,95.0
17181,IL,Union,2023,96.1
17183,IL,Vermilion,2023,96.5
17185,IL,Wabash,2023,99.0
17187,IL,Warren,2023,97.4
17189,IL,Washington,2023,97.5
17191,IL,Wayne,2023,98.4
17193,IL,White,2023,99.3
17195,IL,Whiteside,2023,96.8
17197,IL,Will,2023,97.0
17199,IL,Williamson,2023,97.8
17201,IL,Winnebago,2023,96.6
17203,IL,Woodford,2023,96.7
20001,KS,Allen,2023,98.0
20003,KS,Anderson,2023,85.0
20005,KS,Atchison,2023,90.0
20007,KS,Barber,2023,76.0
20009,KS,Barton,2023,91.0
20011,KS,Bourbon,2023,94.0
20013,KS,Brown,2023,98.0
20015,KS,Butler,2023,90.0
20017,KS,Chase,2023,83.0
20019,KS,Chautauqua,2023,76.0
20021,KS,Cherokee,2023,91.0
20023,KS,Cheyenne,2023,85.0
20025,KS,Clark,2023,88.0
20027,KS,Clay,2023,89.0
20029,KS,Cloud,2023,88.0
20031,KS,Coffey,2023,90.0
20035,KS,Cowley,2023,95.0
20037,KS,Crawford,2023,96.0
20039,KS,Decatur,2023,32.0
20041,KS,Dickinson,2023,87.0
20043,KS,Doniphan,2023,89.0
20045,KS,Douglas,2023,94.0
20047,KS,Edwards,2023,96.0
20049,KS,Elk,2023,93.0
20051,KS,Ellis,2023,98.0
20053,KS,Ellsworth,2023,95.0
20055,KS,Finney,2023,98.0
20057,KS,Ford,2023,85.0
20059,KS,Franklin,2023,94.0
20061,KS,Geary,2023,82.0
20063,KS,Gove,2023,77.0
20065,KS,Graham,2023,99.0
20067,KS,Grant,2023,100.0
20069,KS,Gray,2023,76.0
20071,KS,Greeley,2023,93.0
20073,KS,Greenwood,2023,85.0
20075,KS,Hamilton,2023,97.0
20077,KS,Harper,2023,87.0
20079,KS,Harvey,2023,96.0
20081,KS,Haskell,2023,72.0
20083,KS,Hodgeman,2023,90.0
20085,KS,Jackson,2023,89.0
20087,KS,Jefferson,2023,90.0
20089,KS,Jewell,2023,99.0
20091,KS,Johnson,2023,94.0
20093,KS,Kearny,2023,100.0
20095,KS,Kingman,2023,72.0
20097,KS,Kiowa,2023,92.0
20099,KS,Labette,2023,92.0
20101,KS,Lane,2023,100.0
20103,KS,Leavenworth,2023,94.0
20105,KS,Lincoln,2023,91.0
20107,KS,Linn,2023,93.0
20109,KS,Logan,2023,89.0
20111,KS,Lyon,2023,92.0
20113,KS,McPherson,2023,92.0
20115,KS,Marion,2023,78.0
20117,KS,Marshall,2023,92.0
20119,KS,Meade,2023,61.0
20121,KS,Miami,2023,89.0
20123,KS,Mitchell,2023,97.0
20125,KS,Montgomery,2023,91.0
20127,KS,Morris,2023,93.0
20129,KS,Morton,2023,86.0
20131,KS,Nemaha,2023,90.0
20133,KS,Neosho,2023,93.0
20135,KS,Ness,2023,95.0
20137,KS,Norton,2023,93.0
20139,KS,Osage,2023,80.0
20141,KS,Osborne,2023,96.0
20143,KS,Ottawa,2023,94.0
20145,KS,Pawnee,2023,84.0
20147,KS,Phillips,2023,93.0
20149,KS,Pottawatomie,2023,89.0
20151,KS,Pratt,2023,91.0
20153,KS,Rawlins,2023,56.0
20155,KS,Reno,2023,93.0
20157,KS,Republic,2023,94.0
20159,KS,Rice,2023,93.0
20161,KS,Riley,2023,90.0
20163,KS,Rooks,2023,95.0
20165,KS,Rush,2023,75.0
20167,KS,Russell,2023,92.0
20169,KS,Saline,2023,91.0
20171,KS,Scott,2023,100.0
20173,KS,Sedgwick,2023,94.0
20175,KS,Seward,2023,95.0
20177,KS,Shawnee,2023,88.0
20179,KS,Sheridan,2023,79.0
20181,KS,Sherman,2023,100.0
20183,KS,Smith,2023,92.0
20185,KS,Stafford,2023,72.0
20189,KS,Stevens,2023,98.0
20191,KS,Sumner,2023,93.0
20193,KS,Thomas,2023,97.0
20195,KS,Trego,2023,96.0
20197,KS,Wabaunsee,2023,70.0
20199,KS,Wallace,2023,88.0
20201,KS,Washington,2023,87.0
20203,KS,Wichita,2023,96.0
20205,KS,Wilson,2023,83.0
20207,KS,Woodson,2023,95.0
20209,KS,Wyandotte,2023,86.0
21001,KY,Adair,2023,91.3
21003,KY,Allen,2023,95.1
21005,KY,Anderson,2023,95.8
21007,KY,Ballard,2023,97.4
21009,KY,Barren,2023,90.0
21011,KY,Bath,2023,92.6
21013,KY,Bell,2023,85.7
21015,KY,Boone,2023,95.5
21017,KY,Bourbon,2023,84.9
21019,KY,Boyd,2023,89.0
21021,KY,Boyle,2023,92.7
21023,KY,Bracken,2023,87.8
21025,KY,Breathitt,2023,89.6
21027,KY,Breckinridge,2023,94.7
21029,KY,Bullitt,2023,94.7
21031,KY,Butler,2023,92.2
21033,KY,Caldwell,2023,95.8
21035,KY,Calloway,2023,96.9
21037,KY,Campbell,2023,95.2
21039,KY,Carlisle,2023,85.7
21041,KY,Carroll,2023,94.3
21043,KY,Carter,2023,94.1
21045,KY,Casey,2023,86.4
21047,KY,Christian,2023,92.4
21049,KY,Clark,2023,97.6
21051,KY,Clay,2023,83.3
21053,KY,Clinton,2023,79.7
21055,KY,Crittenden,2023,97.2
21057,KY,Cumberland,2023,88.5
21059,KY,Daviess,2023,92.2
21061,KY,Edmonson,2023,94.4
21063,KY,Elliott,2023,86.7
21065,KY,Estill,2023,95.2
21067,KY,Fayette,2023,93.2
21069,KY,Fleming,2023,97.3
21071,KY,Floyd,2023,94.6
21073,KY,Franklin,2023,95.1
21075,KY,Fulton,2023,95.3
21077,KY,Gallatin,2023,93.2
21079,KY,Garrard,2023,67.8
21081,KY,Grant,2023,96.2
21083,KY,Graves,2023,94.0
21085,KY,Grayson,2023,98.3
21087,KY,Green,2023,97.7
21089,KY,Greenup,2023,92.6
21091,KY,Hancock,2023,95.3
21093,KY,Hardin,2023,89.1
21095,KY,Harlan,2023,69.6
21097,KY,Harrison,2023,97.3
21099,KY,Hart,2023,91.4
21101,KY,Henderson,2023,94.1
21103,KY,Henry,2023,93.5
21105,KY,Hickman,2023,98.2
21107,KY,Hopkins,2023,92.9
21109,KY,Jackson,2023,98.5
21111,KY,Jefferson,2023,82.8
21113,KY,Jessamine,2023,92.8
21115,KY,Johnson,2023,94.3
21117,KY,Kenton,2023,97.0
21119,KY,Knott,2023,68.7
21121,KY,Knox,2023,80.4
21123,KY,Larue,2023,85.9
21125,KY,Laurel,2023,93.2
21127,KY,Lawrence,2023,93.2
21129,KY,Lee,2023,89.7
21131,KY,Leslie,2023,85.7
21133,KY,Letcher,2023,89.3
21135,KY,Lewis,2023,96.9
21137,KY,Lincoln,2023,92.3
21139,KY,Livingston,2023,89.9
21141,KY,Logan,2023,74.8
21143,KY,Lyon,2023,95.8
21145,KY,Mccracken,2023,86.2
21147,KY,McCreary,2023,91.9
21149,KY,Mclean,2023,97.4
21151,KY,Madison,2023,94.1
21153,KY,Magoffin,2023,83.4
21155,KY,Marion,2023,97.1
21157,KY,Marshall,2023,86.9
21159,KY,Martin,2023,85.4
21161,KY,Mason,2023,78.9
21163,KY,Meade,2023,97.8
21165,KY,Menifee,2023,98.6
21167,KY,Mercer,2023,93.5
21169,KY,Metcalfe,2023,94.6
21171,KY,Monroe,2023,92.1
21173,KY,Montgomery,2023,96.5
21175,KY,Morgan,2023,93.9
21177,KY,Muhlenberg,2023,91.5
21179,KY,Nelson,2023,91.0
21181,KY,Nicholas,2023,98.0
21183,KY,Ohio,2023,70.6
21185,KY,Oldham,2023,97.8
21187,KY,Owen,2023,99.3
21189,KY,Owsley,2023,98.1
21191,KY,Pendleton,2023,97.1
21193,KY,Perry,2023,74.3
21195,KY,Pike,2023,98.1
21197,KY,Powell,2023,98.1
21199,KY,Pulaski,2023,96.8
21201,KY,Robertson,2023,91.7
21203,KY,Rockcastle,2023,90.0
21205,KY,Rowan,2023,83.1
21207,KY,Russell,2023,99.2
21209,KY,Scott,2023,92.6
21211,KY,Shelby,2023,91.9
21213,KY,Simpson,2023,95.4
21215,KY,Spencer,2023,96.1
21217,KY,Taylor,2023,86.2
21219,KY,Todd,2023,94.4
21221,KY,Trigg,2023,86.4
21223,KY,Trimble,2023,93.5
21225,KY,Union,2023,94.4
21227,KY,Warren,2023,90.1
21229,KY,Washington,2023,98.1
21231,KY,Wayne,2023,97.8
21233,KY,Webster,2023,97.2
21235,KY,Whitley,2023,49.3
21237,KY,Wolfe,2023,94.1
21239,KY,Woodford,2023,93.5
25001,MA,Barnstable,2023,95.1
25003,MA,Berkshire,2023,92.1
25005,MA,Bristol,2023,96.7
25007,MA,Dukes,2023,93.2
25009,MA,Essex,2023,96.9
25011,MA,Franklin,2023,89.9
25013,MA,Hampden,2023,94.4
25015,MA,Hampshire,2023,96.1
25017,MA,Middlesex,2023,98.1
25019,MA,Nantucket,2023,92.6
25021,MA,Norfolk,2023,97.9
25023,MA,Plymouth,2023,96.6
25025,MA,Suffolk,2023,93.8
25027,MA,Worcester,2023,96.3
23001,ME,Androscoggin,2023,96.7
23003,ME,Aroostook,2023,97.4
23005,ME,Cumberland,2023,95.2
23007,ME,Franklin,2023,97.1
23009,ME,Hancock,2023,96.9
23011,ME,Kennebec,2023,98.4
23013,ME,Knox,2023,95.7
23015,ME,Lincoln,2023,99.2
23017,ME,Oxford,2023,96.3
23019,ME,Penobscot,2023,97.9
23021,ME,Piscataquis,2023,96.6
23023,ME,Sagadahoc,2023,98.0
23025,ME,Somerset,2023,97.1
23027,ME,Waldo,2023,97.0
23029,ME,Washington,2023,97.0
23031,ME,York,2023,97.5
26001,MI,Alcona,2023,100.0
26003,MI,Alger,2023,93.6
26005,MI,Allegan,2023,93.8
26007,MI,Alpena,2023,93.5
26009,MI,Antrim,2023,88.8
26011,MI,Arenac,2023,87.2
26013,MI,Baraga,2023,88.0
26015,MI,Barry,2023,94.1
26017,MI,Bay,2023,90.8
26019,MI,Benzie,2023,81.4
26021,MI,Berrien,2023,92.1
26023,MI,Branch,2023,89.7
26025,MI,Calhoun,2023,92.4
26027,MI,Cass,2023,90.8
26029,MI,Charlevoix,2023,89.9
26031,MI,Cheboygan,2023,90.8
26033,MI,Chippewa,2023,90.3
26035,MI,Clare,2023,90.4
26037,MI,Clinton,2023,94.0
26039,MI,Crawford,2023,94.1
26041,MI,Delta,2023,92.0
26043,MI,Dickinson,2023,91.8
26045,MI,Eaton,2023,92.5
26047,MI,Emmet,2023,89.9
26049,MI,Genesee,2023,90.6
26051,MI,Gladwin,2023,92.6
26053,MI,Gogebic,2023,91.7
26055,MI,Grand Traverse,2023,90.1
26057,MI,Gratiot,2023,93.4
26059,MI,Hillsdale,2023,89.8
26061,MI,Houghton,2023,83.8
26063,MI,Huron,2023,92.2
26065,MI,Ingham,2023,92.5
26067,MI,Ionia,2023,89.7
26069,MI,Iosco,2023,88.5
26071,MI,Iron,2023,90.6
26073,MI,Isabella,2023,91.6
26075,MI,Jackson,2023,93.2
26077,MI,Kalamazoo,2023,91.5
26079,MI,Kalkaska,2023,86.8
26081,MI,Kent,2023,94.0
26085,MI,Lake,2023,86.7
26087,MI,Lapeer,2023,85.3
26089,MI,Leelanau,2023,91.2
26091,MI,Lenawee,2023,89.2
26093,MI,Livingston,2023,88.8
26095,MI,Luce,2023,97.1
26097,MI,Mackinac,2023,87.8
26099,MI,Macomb,2023,89.3
26101,MI,Manistee,2023,80.8
26103,MI,Marquette,2023,91.9
26105,MI,Mason,2023,91.9
26107,MI,Mecosta,2023,92.9
26109,MI,Menominee,2023,87.7
26111,MI,Midland,2023,91.7
26113,MI,Missaukee,2023,88.0
26115,MI,Monroe,2023,91.5
26117,MI,Montcalm,2023,91.8
26119,MI,Montmorency,2023,94.3
26121,MI,Muskegon,2023,93.6
26123,MI,Newaygo,2023,88.0
26125,MI,Oakland,2023,89.8
26127,MI,Oceana,2023,91.5
26129,MI,Ogemaw,2023,88.0
26131,MI,Ontonagon,2023,89.7
26133,MI,Osceola,2023,91.1
26135,MI,Oscoda,2023,82.8
26137,MI,Otsego,2023,86.7
26139,MI,Ottawa,2023,94.6
26141,MI,Presque Isle,2023,92.0
26143,MI,Roscommon,2023,88.6
26145,MI,Saginaw,2023,93.5
26147,MI,St Clair,2023,86.4
26149,MI,St Joseph,2023,89.1
26151,MI,Sanilac,2023,91.8
26153,MI,Schoolcraft,2023,91.5
26155,MI,Shiawassee,2023,89.0
26157,MI,Tuscola,2023,89.4
26159,MI,Van Buren,2023,93.9
26161,MI,Washtenaw,2023,92.0
26163,MI,Wayne,2023,90.4
26165,MI,Wexford,2023,85.2
27001,MN,Aitkin,2023,81.0
27003,MN,Anoka,2023,87.8
27005,MN,Becker,2023,86.9
27007,MN,Beltrami,2023,83.8
27009,MN,Benton,2023,91.1
27011,MN,Big Stone,2023,94.2
27013,MN,Blue Earth,2023,91.1
27015,MN,Brown,2023,94.8
27017,MN,Carlton,2023,91.8
27019,MN,Carver,2023,90.1
27021,MN,Cass,2023,81.9
27023,MN,Chippewa,2023,90.4
27025,MN,Chisago,2023,89.2
27027,MN,Clay,2023,90.9
27029,MN,Clearwater,2023,72.7
27031,MN,Cook,2023,83.3
27033,MN,Cottonwood,2023,88.3
27035,MN,Crow Wing,2023,82.1
27037,MN,Dakota,2023,87.6
27039,MN,Dodge,2023,92.3
27041,MN,Douglas,2023,92.1
27043,MN,Faribault,2023,88.9
27045,MN,Fillmore,2023,90.8
27047,MN,Freeborn,2023,91.0
27049,MN,Goodhue,2023,90.0
27051,MN,Grant,2023,87.5
27053,MN,Hennepin,2023,85.9
27055,MN,Houston,2023,80.9
27057,MN,Hubbard,2023,82.2
27059,MN,Isanti,2023,86.3
27061,MN,Itasca,2023,88.2
27063,MN,Jackson,2023,89.0
27065,MN,Kanabec,2023,87.5
27067,MN,Kandiyohi,2023,89.2
27069,MN,Kittson,2023,72.0
27071,MN,Koochiching,2023,92.8
27073,MN,Lac qui Parle,2023,95.7
27075,MN,Lake,2023,81.3
27077,MN,Lake of the Woods,2023,82.1
27079,MN,Le Sueur,2023,86.2
27081,MN,Lincoln,2023,94.8
27083,MN,Lyon,2023,88.9
27085,MN,McLeod,2023,89.2
27087,MN,Mahnomen,2023,88.3
27089,MN,Marshall,2023,88.4
27091,MN,Martin,2023,84.7
27093,MN,Meeker,2023,84.9
27095,MN,Mille Lacs,2023,72.7
27097,MN,Morrison,2023,88.7
27099,MN,Mower,2023,95.4
27101,MN,Murray,2023,89.9
27103,MN,Nicollet,2023,95.1
27105,MN,Nobles,2023,97.2
27107,MN,Norman,2023,93.2
27109,MN,Olmsted,2023,92.8
27111,MN,Otter Tail,2023,88.7
27113,MN,Pennington,2023,98.6
27115,MN,Pine,2023,89.4
27117,MN,Pipestone,2023,90.5
27119,MN,Polk,2023,93.2
27121,MN,Pope,2023,93.8
27123,MN,Ramsey,2023,86.6
27125,MN,Red Lake,2023,91.9
27127,MN,Redwood,2023,84.6
27129,MN,Renville,2023,92.6
27131,MN,Rice,2023,90.5
27133,MN,Rock,2023,93.9
27135,MN,Roseau,2023,94.0
27137,MN,St Louis,2023,89.2
27139,MN,Scott,2023,88.1
27141,MN,Sherburne,2023,87.7
27143,MN,Sibley,2023,66.9
27145,MN,Stearns,2023,82.7
27147,MN,Steele,2023,89.0
27149,MN,Stevens,2023,92.8
27151,MN,Swift,2023,92.0
27153,MN,Todd,2023,94.7
27155,MN,Traverse,2023,95.6
27157,MN,Wabasha,2023,91.5
27159,MN,Wadena,2023,82.0
27161,MN,Waseca,2023,94.1
27163,MN,Washington,2023,88.7
27165,MN,Watonwan,2023,96.8
27167,MN,Wilkin,2023,88.2
27169,MN,Winona,2023,92.3
27171,MN,Wright,2023,86.2
27173,MN,Yellow Medicine,2023,90.0
29001,MO,Adair,2023,96.6
29003,MO,Andrew,2023,93.6
29005,MO,Atchison,2023,90.7
29007,MO,Audrain,2023,96.8
29009,MO,Barry,2023,92.7
29011,MO,Barton,2023,95.1
29013,MO,Bates,2023,93.0
29015,MO,Benton,2023,81.1
29017,MO,Bollinger,2023,91.3
29019,MO,Boone,2023,95.9
29021,MO,Buchanan,2023,94.8
29023,MO,Butler,2023,85.9
29025,MO,Caldwell,2023,87.6
29027,MO,Callaway,2023,94.0
29029,MO,Camden,2023,92.0
29031,MO,Cape Girardeau,2023,93.4
29033,MO,Carroll,2023,97.7
29035,MO,Carter,2023,83.1
29037,MO,Cass,2023,87.9
29039,MO,Cedar,2023,87.8
29041,MO,Chariton,2023,93.8
29043,MO,Christian,2023,84.4
29045,MO,Clark,2023,100.0
29047,MO,Clay,2023,91.7
29049,MO,Clinton,2023,91.2
29051,MO,Cole,2023,95.4
29053,MO,Cooper,2023,95.3
29055,MO,Crawford,2023,91.4
29057,MO,Dade,2023,92.8
29059,MO,Dallas,2023,86.5
29061,MO,Daviess,2023,74.0
29063,MO,DeKalb,2023,92.5
29065,MO,Dent,2023,87.6
29067,MO,Douglas,2023,86.0
29069,MO,Dunklin,2023,98.3
29071,MO,Franklin,2023,88.2
29073,MO,Gasconade,2023,95.9
29075,MO,Gentry,2023,96.2
29077,MO,Greene,2023,91.7
29079,MO,Grundy,2023,94.7
29081,MO,Harrison,2023,91.8
29083,MO,Henry,2023,89.5
29085,MO,Hickory,2023,86.8
29087,MO,Holt,2023,72.7
29089,MO,Howard,2023,92.2
29091,MO,Howell,2023,81.2
29093,MO,Iron,2023,90.5
29095,MO,Jackson,2023,93.0
29097,MO,Jasper,2023,93.2
29099,MO,Jefferson,2023,93.8
29101,MO,Johnson,2023,92.2
29103,MO,Knox,2023,100.0
29105,MO,Laclede,2023,94.3
29107,MO,Lafayette,2023,93.3
29109,MO,Lawrence,2023,86.8
29111,MO,Lewis,2023,93.2
29113,MO,Lincoln,2023,93.6
29115,MO,Linn,2023,92.6
29117,MO,Livingston,2023,97.4
29119,MO,McDonald,2023,89.9
29121,MO,Macon,2023,92.7
29123,MO,Madison,2023,93.6
29125,MO,Maries,2023,96.9
29127,MO,Marion,2023,95.8
29129,MO,Mercer,2023,97.0
29131,MO,Miller,2023,92.3
29133,MO,Mississippi,2023,97.0
29135,MO,Moniteau,2023,91.0
29137,MO,Monroe,2023,95.7
29139,MO,Montgomery,2023,97.8
29141,MO,Morgan,2023,92.3
29143,MO,New Madrid,2023,95.3
29145,MO,Newton,2023,94.4
29147,MO,Nodaway,2023,98.0
29149,MO,Oregon,2023,89.0
29151,MO,Osage,2023,99.2
29153,MO,Ozark,2023,73.1
29155,MO,Pemiscot,2023,90.5
29157,MO,Perry,2023,92.1
29159,MO,Pettis,2023,85.0
29161,MO,Phelps,2023,92.8
29163,MO,Pike,2023,91.4
29165,MO,Platte,2023,95.5
29167,MO,Polk,2023,92.9
29169,MO,Pulaski,2023,93.8
29171,MO,Putnam,2023,94.0
29173,MO,Ralls,2023,95.2
29175,MO,Randolph,2023,95.4
29177,MO,Ray,2023,95.7
29179,MO,Reynolds,2023,97.9
29181,MO,Ripley,2023,74.6
29183,MO,St Charles,2023,96.0
29185,MO,St Clair,2023,87.1
29186,MO,Ste Genevieve,2023,92.2
29187,MO,St Francois,2023,91.6
29189,MO,St Louis County,2023,89.9
29195,MO,Saline,2023,88.5
29197,MO,Schuyler,2023,93.8
29199,MO,Scotland,2023,55.3
29201,MO,Scott,2023,94.7
29203,MO,Shannon,2023,82.6
29205,MO,Shelby,2023,90.8
29207,MO,Stoddard,2023,95.0
29209,MO,Stone,2023,88.8
29211,MO,Sullivan,2023,98.7
29213,MO,Taney,2023,89.1
29215,MO,Texas,2023,88.5
29217,MO,Vernon,2023,92.6
29219,MO,Warren,2023,89.2
29221,MO,Washington,2023,92.5
29223,MO,Wayne,2023,87.4
29225,MO,Webster,2023,92.7
29227,MO,Worth,2023,96.4
29229,MO,Wright,2023,82.0
29510,MO,St Louis City,2023,75.9
28001,MS,Adams,2023,99.4
28003,MS,Alcorn,2023,99.3
28005,MS,Amite,2023,91.8
28007,MS,Attala,2023,99.6
28009,MS,Benton,2023,96.7
28011,MS,Bolivar,2023,100.0
28013,MS,Calhoun,2023,99.4
28015,MS,Carroll,2023,98.6
28017,MS,Chickasaw,2023,100.0
28019,MS,Choctaw,2023,97.7
28021,MS,Claiborne,2023,98.7
28023,MS,Clarke,2023,99.0
28025,MS,Clay,2023,100.0
28027,MS,Coahoma,2023,99.0
28029,MS,Copiah,2023,99.7
28031,MS,Covington,2023,98.5
28033,MS,DeSoto,2023,98.2
28035,MS,Forrest,2023,98.7
28037,MS,Franklin,2023,98.8
28039,MS,George,2023,97.6
28041,MS,Greene,2023,97.9
28043,MS,Grenada,2023,99.7
28045,MS,Hancock,2023,98.5
28047,MS,Harrison,2023,97.7
28049,MS,Hinds,2023,98.5
28051,MS,Holmes,2023,99.5
28053,MS,Humphreys,2023,100.0
28055,MS,Issaquena,2023,100.0
28057,MS,Itawamba,2023,97.6
28059,MS,Jackson,2023,97.4
28061,MS,Jasper,2023,99.5
28063,MS,Jefferson,2023,97.5
28065,MS,Jefferson Davis,2023,97.0
28067,MS,Jones,2023,97.6
28069,MS,Kemper,2023,100.0
28071,MS,Lafayette,2023,99.5
28073,MS,Lamar,2023,98.8
28075,MS,Lauderdale,2023,98.2
28077,MS,Lawrence,2023,98.0
28079,MS,Leake,2023,97.4
28081,MS,Lee,2023,99.0
28083,MS,Leflore,2023,99.0
28085,MS,Lincoln,2023,97.4
28087,MS,Lowndes,2023,97.5
28089,MS,Madison,2023,97.6
28091,MS,Marion,2023,98.7
28093,MS,Marshall,2023,93.4
28095,MS,Monroe,2023,99.2
28097,MS,Montgomery,2023,99.2
28099,MS,Neshoba,2023,99.5
28101,MS,Newton,2023,99.2
28103,MS,Noxubee,2023,98.4
28105,MS,Oktibbeha,2023,97.9
28107,MS,Panola,2023,99.4
28109,MS,Pearl River,2023,98.4
28111,MS,Perry,2023,100.0
28113,MS,Pike,2023,97.3
28115,MS,Pontotoc,2023,99.2
28117,MS,Prentiss,2023,99.4
28119,MS,Quitman,2023,100.0
28121,MS,Rankin,2023,98.8
28123,MS,Scott,2023,98.5
28125,MS,Sharkey,2023,100.0
28127,MS,Simpson,2023,100.0
28129,MS,Smith,2023,98.5
28131,MS,Stone,2023,98.5
28133,MS,Sunflower,2023,100.0
28135,MS,Tallahatchie,2023,95.2
28137,MS,Tate,2023,96.9
28139,MS,Tippah,2023,99.3
28141,MS,Tishomingo,2023,100.0
28143,MS,Tunica,2023,98.7
28145,MS,Union,2023,98.1
28147,MS,Walthall,2023,97.9
28149,MS,Warren,2023,98.2
28151,MS,Washington,2023,99.2
28153,MS,Wayne,2023,96.3
28155,MS,Webster,2023,98.5
28157,MS,Wilkinson,2023,100.0
28159,MS,Winston,2023,100.0
28161,MS,Yalobusha,2023,99.1
28163,MS,Yazoo,2023,98.9
37001,NC,Alamance,2023,95.9
37003,NC,Alexander,2023,94.8
37005,NC,Alleghany,2023,95.7
37007,NC,Anson,2023,95.6
37009,NC,Ashe,2023,97.3
37011,NC,Avery,2023,95.8
37013,NC,Beaufort,2023,94.6
37015,NC,Bertie,2023,95.0
37017,NC,Bladen,2023,92.9
37019,NC,Brunswick,2023,94.7
37021,NC,Buncombe,2023,92.0
37023,NC,Burke,2023,94.3
37025,NC,Cabarrus,2023,93.5
37027,NC,Caldwell,2023,95.3
37029,NC,Camden,2023,96.9
37031,NC,Carteret,2023,96.0
37033,NC,Caswell,2023,89.2
37035,NC,Catawba,2023,94.5
37037,NC,Chatham,2023,93.9
37039,NC,Cherokee,2023,82.9
37041,NC,Chowan,2023,92.5
37043,NC,Clay,2023,94.4
37045,NC,Cleveland,2023,93.6
37047,NC,Columbus,2023,93.1
37049,NC,Craven,2023,94.0
37051,NC,Cumberland,2023,89.4
37053,NC,Currituck,2023,95.9
37055,NC,Dare,2023,95.2
37057,NC,Davidson,2023,96.0
37059,NC,Davie,2023,93.5
37061,NC,Duplin,2023,98.3
37063,NC,Durham,2023,86.7
37065,NC,Edgecombe,2023,92.6
37067,NC,Forsyth,2023,94.1
37069,NC,Franklin,2023,93.5
37071,NC,Gaston,2023,90.4
37073,NC,Gates,2023,97.1
37075,NC,Graham,2023,95.2
37077,NC,Granville,2023,96.8
37079,NC,Greene,2023,99.0
37081,NC,Guilford,2023,92.7
37083,NC,Halifax,2023,96.2
37085,NC,Harnett,2023,92.3
37087,NC,Haywood,2023,92.0
37089,NC,Henderson,2023,89.0
37091,NC,Hertford,2023,98.4
37093,NC,Hoke,2023,86.0
37095,NC,Hyde,2023,100.0
37097,NC,Iredell,2023,91.6
37099,NC,Jackson,2023,94.1
37101,NC,Johnston,2023,94.2
37103,NC,Jones,2023,88.0
37105,NC,Lee,2023,94.3
37107,NC,Lenoir,2023,95.3
37109,NC,Lincoln,2023,91.0
37111,NC,McDowell,2023,97.2
37113,NC,Macon,2023,92.8
37115,NC,Madison,2023,93.2
37117,NC,Martin,2023,88.7
37119,NC,Mecklenburg,2023,91.5
37121,NC,Mitchell,2023,94.5
37123,NC,Montgomery,2023,93.8
37125,NC,Moore,2023,94.3
37127,NC,Nash,2023,89.5
37129,NC,New Hanover,2023,93.2
37131,NC,Northampton,2023,97.1
37133,NC,Onslow,2023,91.2
37135,NC,Orange,2023,95.2
37137,NC,Pamlico,2023,89.0
37139,NC,Pasquotank,2023,94.2
37141,NC,Pender,2023,93.2
37143,NC,Perquimans,2023,94.4
37145,NC,Person,2023,98.9
37147,NC,Pitt,2023,94.4
37149,NC,Polk,2023,90.0
37151,NC,Randolph,2023,95.2
37153,NC,Richmond,2023,97.2
37155,NC,Robeson,2023,93.9
37157,NC,Rockingham,2023,95.6
37159,NC,Rowan,2023,90.5
37161,NC,Rutherford,2023,93.3
37163,NC,Sampson,2023,94.7
37165,NC,Scotland,2023,95.6
37167,NC,Stanly,2023,93.0
37169,NC,Stokes,2023,96.8
37171,NC,Surry,2023,98.4
37173,NC,Swain,2023,92.9
37175,NC,Transylvania,2023,91.3
37177,NC,Tyrrell,2023,90.5
37179,NC,Union,2023,92.1
37181,NC,Vance,2023,94.3
37183,NC,Wake,2023,94.0
37185,NC,Warren,2023,95.1
37187,NC,Washington,2023,98.3
37189,NC,Watauga,2023,90.6
37191,NC,Wayne,2023,95.0
37193,NC,Wilkes,2023,95.6
37195,NC,Wilson,2023,94.8
37197,NC,Yadkin,2023,94.7
37199,NC,Yancey,2023,99.3
38001,ND,Adams,2023,100.0
38003,ND,Barnes,2023,96.9
38005,ND,Benson,2023,99.3
38009,ND,Bottineau,2023,76.7
38011,ND,Bowman,2023,100.0
38013,ND,Burke,2023,84.9
38015,ND,Burleigh,2023,91.4
38017,ND,Cass,2023,94.6
38019,ND,Cavalier,2023,97.1
38021,ND,Dickey,2023,78.4
38023,ND,Divide,2023,94.6
38025,ND,Dunn,2023,67.7
38027,ND,Eddy,2023,100.0
38029,ND,Emmons,2023,92.1
38031,ND,Foster,2023,100.0
38033,ND,Golden Valley,2023,100.0
38035,ND,Grand Forks,2023,95.7
38037,ND,Grant,2023,83.3
38039,ND,Griggs,2023,93.3
38041,ND,Hettinger,2023,72.7
38043,ND,Kidder,2023,77.4
38045,ND,La Moure,2023,81.8
38047,ND,Logan,2023,76.7
38049,ND,McHenry,2023,87.5
38051,ND,McIntosh,2023,95.6
38053,ND,McKenzie,2023,84.6
38055,ND,McLean,2023,94.7
38057,ND,Mercer,2023,92.1
38059,ND,Morton,2023,90.6
38061,ND,Mountrail,2023,86.3
38063,ND,Nelson,2023,95.4
38065,ND,Oliver,2023,85.0
38067,ND,Pembina,2023,81.4
38069,ND,Pierce,2023,90.0
38071,ND,Ramsey,2023,98.8
38073,ND,Ransom,2023,57.5
38075,ND,Renville,2023,89.7
38077,ND,Richland,2023,92.3
38079,ND,Rolette,2023,98.5
38081,ND,Sargent,2023,75.6
38083,ND,Sheridan,2023,68.8
38085,ND,Sioux,2023,88.5
38089,ND,Stark,2023,90.3
38093,ND,Stutsman,2023,91.9
38095,ND,Towner,2023,100.0
38097,ND,Traill,2023,100.0
38099,ND,Walsh,2023,95.6
38101,ND,Ward,2023,95.0
38103,ND,Wells,2023,87.0
38105,ND,Williams,2023,87.7
31001,NE,Adams,2023,96.4
31003,NE,Antelope,2023,95.1
31007,NE,Banner,2023,100.0
31011,NE,Boone,2023,100.0
31013,NE,Box Butte,2023,96.2
31015,NE,Boyd,2023,77.8
31017,NE,Brown,2023,91.3
31019,NE,Buffalo,2023,96.8
31021,NE,Burt,2023,95.6
31023,NE,Butler,2023,100.0
31025,NE,Cass,2023,93.9
31027,NE,Cedar,2023,94.4
31029,NE,Chase,2023,100.0
31031,NE,Cherry,2023,89.4
31033,NE,Cheyenne,2023,87.5
31035,NE,Clay,2023,91.9
31037,NE,Colfax,2023,96.4
31039,NE,Cuming,2023,97.8
31041,NE,Custer,2023,96.8
31043,NE,Dakota,2023,89.6
31045,NE,Dawes,2023,90.8
31047,NE,Dawson,2023,96.9
31049,NE,Deuel,2023,100.0
31051,NE,Dixon,2023,94.5
31053,NE,Dodge,2023,95.6
31055,NE,Douglas,2023,95.3
31057,NE,Dundy,2023,94.1
31059,NE,Fillmore,2023,90.0
31061,NE,Franklin,2023,94.1
31063,NE,Frontier,2023,95.5
31065,NE,Furnas,2023,93.8
31067,NE,Gage,2023,94.4
31069,NE,Garden,2023,83.3
31071,NE,Garfield,2023,100.0
31073,NE,Gosper,2023,94.7
31075,NE,Grant,2023,100.0
31077,NE,Greeley,2023,70.8
31079,NE,Hall,2023,97.0
31081,NE,Hamilton,2023,97.9
31083,NE,Harlan,2023,86.4
31087,NE,Hitchcock,2023,93.5
31089,NE,Holt,2023,97.4
31093,NE,Howard,2023,100.0
31095,NE,Jefferson,2023,95.6
31097,NE,Johnson,2023,89.7
31099,NE,Kearney,2023,97.7
31101,NE,Keith,2023,89.5
31103,NE,Keya Paha,2023,100.0
31105,NE,Kimball,2023,89.7
31107,NE,Knox,2023,93.1
31109,NE,Lancaster,2023,92.6
31111,NE,Lincoln,2023,94.0
31115,NE,Loup,2023,100.0
31119,NE,Madison,2023,98.7
31121,NE,Merrick,2023,95.5
31123,NE,Morrill,2023,93.9
31127,NE,Nemaha,2023,83.8
31129,NE,Nuckolls,2023,97.8
31131,NE,Otoe,2023,95.4
31133,NE,Pawnee,2023,100.0
31135,NE,Perkins,2023,100.0
31137,NE,Phelps,2023,94.7
31139,NE,Pierce,2023,94.7
31141,NE,Platte,2023,99.0
31143,NE,Polk,2023,97.4
31145,NE,Red Willow,2023,92.7
31147,NE,Richardson,2023,98.7
31151,NE,Saline,2023,97.4
31153,NE,Sarpy,2023,96.5
31155,NE,Saunders,2023,95.7
31157,NE,Scotts Bluff,2023,95.1
31159,NE,Seward,2023,97.5
31161,NE,Sheridan,2023,95.3
31167,NE,Stanton,2023,95.7
31169,NE,Thayer,2023,85.7
31173,NE,Thurston,2023,98.3
31175,NE,Valley,2023,95.3
31177,NE,Washington,2023,92.0
31179,NE,Wayne,2023,98.3
31181,NE,Webster,2023,91.4
31183,NE,Wheeler,2023,100.0
31185,NE,York,2023,91.4
33001,NH,Belknap,2023,95.0
33003,NH,Carroll,2023,92.2
33005,NH,Cheshire,2023,89.0
33007,NH,Coos,2023,95.6
33009,NH,Grafton,2023,92.3
33011,NH,Hillsborough,2023,94.0
33013,NH,Merrimack,2023,89.0
33015,NH,Rockingham,2023,95.0
33017,NH,Strafford,2023,93.3
33019,NH,Sullivan,2023,93.0
34001,NJ,Atlantic,2023,92.4
34003,NJ,Bergen,2023,95.7
34005,NJ,Burlington,2023,94.8
34007,NJ,Camden,2023,95.6
34009,NJ,Cape May,2023,96.2
34011,NJ,Cumberland,2023,93.4
34013,NJ,Essex,2023,95.4
34015,NJ,Gloucester,2023,95.4
34017,NJ,Hudson,2023,94.6
34019,NJ,Hunterdon,2023,92.7
34021,NJ,Mercer,2023,95.7
34023,NJ,Middlesex,2023,95.8
34025,NJ,Monmouth,2023,91.5
34027,NJ,Morris,2023,95.3
34029,NJ,Ocean,2023,87.6
34031,NJ,Passaic,2023,95.4
34033,NJ,Salem,2023,96.7
34035,NJ,Somerset,2023,95.8
34037,NJ,Sussex,2023,93.3
34039,NJ,Union,2023,95.5
34041,NJ,Warren,2023,94.3
35001,NM,Bernalillo,2023,93.4
35003,NM,Catron,2023,82.4
35005,NM,Chaves,2023,97.0
35006,NM,Cibola,2023,89.8
35007,NM,Colfax,2023,95.5
35009,NM,Curry,2023,94.6
35011,NM,De Baca,2023,100.0
35013,NM,Dona Ana,2023,98.7
35015,NM,Eddy,2023,96.7
35017,NM,Grant,2023,92.6
35019,NM,Guadalupe,2023,95.4
35021,NM,Harding,2023,100.0
35023,NM,Hidalgo,2023,97.5
35025,NM,Lea,2023,96.7
35027,NM,Lincoln,2023,98.9
35028,NM,Los Alamos,2023,97.6
35029,NM,Luna,2023,98.1
35031,NM,McKinley,2023,87.4
35033,NM,Mora,2023,94.1
35035,NM,Otero,2023,96.5
35037,NM,Quay,2023,93.6
35039,NM,Rio Arriba,2023,92.9
35041,NM,Roosevelt,2023,95.0
35043,NM,Sandoval,2023,96.7
35045,NM,San Juan,2023,96.9
35047,NM,San Miguel,2023,92.5
35049,NM,Santa Fe,2023,91.8
35051,NM,Sierra,2023,95.6
35053,NM,Socorro,2023,92.7
35055,NM,Taos,2023,86.9
35057,NM,Torrance,2023,90.3
35059,NM,Union,2023,92.6
35061,NM,Valencia,2023,96.3
32001,NV,Churchill,2023,92.8
32003,NV,Clark,2023,92.6
32005,NV,Douglas,2023,80.4
32007,NV,Elko,2023,93.0
32009,NV,Esmeralda,2023,60.0
32011,NV,Eureka,2023,83.3
32013,NV,Humboldt,2023,92.5
32015,NV,Lander,2023,83.8
32017,NV,Lincoln,2023,73.3
32019,NV,Lyon,2023,94.3
32021,NV,Mineral,2023,94.3
32023,NV,Nye,2023,85.5
32027,NV,Pershing,2023,81.8
32029,NV,Storey,2023,90.9
32031,NV,Washoe,2023,95.6
32033,NV,White Pine,2023,80.0
32510,NV,Carson City,2023,93.4
36001,NY,Albany,2023,99.9
36003,NY,Allegany,2023,99.3
36005,NY,Bronx,2023,98.7
36007,NY,Broome,2023,99.7
36009,NY,Cattaraugus,2023,99.8
36011,NY,Cayuga,2023,99.9
36013,NY,Chautauqua,2023,99.5
36015,NY,Chemung,2023,99.9
36017,NY,Chenango,2023,100.0
36019,NY,Clinton,2023,99.9
36021,NY,Columbia,2023,99.6
36023,NY,Cortland,2023,99.9
36025,NY,Delaware,2023,99.7
36027,NY,Dutchess,2023,99.3
36029,NY,Erie,2023,99.7
36031,NY,Essex,2023,99.7
36033,NY,Franklin,2023,99.7
36035,NY,Fulton,2023,99.6
36037,NY,Genesee,2023,100.0
36039,NY,Greene,2023,99.8
36041,NY,Hamilton,2023,100.0
36043,NY,Herkimer,2023,99.8
36045,NY,Jefferson,2023,99.9
36047,NY,Kings,2023,98.4
36049,NY,Lewis,2023,99.0
36051,NY,Livingston,2023,99.7
36053,NY,Madison,2023,99.8
36055,NY,Monroe,2023,99.8
36057,NY,Montgomery,2023,99.9
36059,NY,Nassau,2023,99.5
36061,NY,New York,2023,99.7
36063,NY,Niagara,2023,99.8
36065,NY,Oneida,2023,99.9
36067,NY,Onondaga,2023,99.9
36069,NY,Ontario,2023,99.9
36071,NY,Orange,2023,98.9
36073,NY,Orleans,2023,100.0
36075,NY,Oswego,2023,100.0
36077,NY,Otsego,2023,100.0
36079,NY,Putnam,2023,99.5
36081,NY,Queens,2023,99.1
36083,NY,Rensselaer,2023,99.9
36085,NY,Richmond,2023,99.6
36087,NY,Rockland,2023,98.2
36089,NY,St Lawrence,2023,99.9
36091,NY,Saratoga,2023,99.9
36093,NY,Schenectady,2023,99.7
36095,NY,Schoharie,2023,99.5
36097,NY,Schuyler,2023,99.9
36099,NY,Seneca,2023,98.7
36101,NY,Steuben,2023,99.9
36103,NY,Suffolk,2023,99.7
36105,NY,Sullivan,2023,98.9
36107,NY,Tioga,2023,99.6
36109,NY,Tompkins,2023,99.9
36111,NY,Ulster,2023,99.8
36113,NY,Warren,2023,100.0
36115,NY,Washington,2023,99.9
36117,NY,Wayne,2023,99.9
36119,NY,Westchester,2023,99.6
36121,NY,Wyoming,2023,99.7
36123,NY,Yates,2023,93.5
40001,OK,Adair,2023,92.6
40003,OK,Alfalfa,2023,91.7
40005,OK,Atoka,2023,80.7
40007,OK,Beaver,2023,94.3
40009,OK,Beckham,2023,89.0
40011,OK,Blaine,2023,87.6
40013,OK,Bryan,2023,90.9
40015,OK,Caddo,2023,84.0
40017,OK,Canadian,2023,91.7
40019,OK,Carter,2023,92.5
40021,OK,Cherokee,2023,92.0
40023,OK,Choctaw,2023,89.4
40025,OK,Cimarron,2023,87.5
40027,OK,Cleveland,2023,93.4
40029,OK,Coal,2023,94.9
40031,OK,Comanche,2023,88.0
40033,OK,Cotton,2023,95.0
40035,OK,Craig,2023,79.7
40037,OK,Creek,2023,86.2
40039,OK,Custer,2023,94.8
40041,OK,Delaware,2023,72.3
40043,OK,Dewey,2023,75.4
40045,OK,Ellis,2023,87.5
40047,OK,Garfield,2023,96.4
40049,OK,Garvin,2023,92.0
40051,OK,Grady,2023,93.7
40053,OK,Grant,2023,90.5
40055,OK,Greer,2023,86.8
40057,OK,Harmon,2023,96.9
40059,OK,Harper,2023,77.8
40061,OK,Haskell,2023,87.2
40063,OK,Hughes,2023,87.0
40065,OK,Jackson,2023,95.8
40067,OK,Jefferson,2023,80.0
40069,OK,Johnston,2023,82.5
40071,OK,Kay,2023,98.0
40073,OK,Kingfisher,2023,91.2
40075,OK,Kiowa,2023,93.6
40077,OK,Latimer,2023,92.4
40079,OK,Le Flore,2023,92.1
40081,OK,Lincoln,2023,78.0
40083,OK,Logan,2023,88.5
40085,OK,Love,2023,92.3
40087,OK,McClain,2023,90.2
40089,OK,McCurtain,2023,87.5
40091,OK,McIntosh,2023,89.6
40093,OK,Major,2023,96.7
40095,OK,Marshall,2023,92.5
40097,OK,Mayes,2023,91.0
40099,OK,Murray,2023,82.7
40101,OK,Muskogee,2023,88.8
40103,OK,Noble,2023,82.5
40105,OK,Nowata,2023,90.4
40107,OK,Okfuskee,2023,92.7
40109,OK,Oklahoma,2023,90.6
40111,OK,Okmulgee,2023,89.3
40113,OK,Osage,2023,89.9
40115,OK,Ottawa,2023,91.6
40117,OK,Pawnee,2023,96.6
40119,OK,Payne,2023,91.5
40121,OK,Pittsburg,2023,90.0
40123,OK,Pontotoc,2023,94.8
40125,OK,Pottawatomie,2023,92.1
40127,OK,Pushmataha,2023,84.6
40129,OK,Roger Mills,2023,93.8
40131,OK,Rogers,2023,92.3
40133,OK,Seminole,2023,78.7
40135,OK,Sequoyah,2023,83.7
40137,OK,Stephens,2023,94.5
40139,OK,Texas,2023,97.2
40141,OK,Tillman,2023,89.3
40143,OK,Tulsa,2023,88.6
40145,OK,Wagoner,2023,81.1
40147,OK,Washington,2023,90.2
40149,OK,Washita,2023,91.0
40151,OK,Woods,2023,91.9
40153,OK,Woodward,2023,83.9
41001,OR,Baker,2023,87.8
41003,OR,Benton,2023,94.0
41005,OR,Clackamas,2023,91.9
41007,OR,Clatsop,2023,94.1
41009,OR,Columbia,2023,90.6
41011,OR,Coos,2023,89.8
41013,OR,Crook,2023,90.1
41015,OR,Curry,2023,87.8
41017,OR,Deschutes,2023,90.9
41019,OR,Douglas,2023,90.3
41021,OR,Gilliam,2023,92.9
41023,OR,Grant,2023,82.4
41025,OR,Harney,2023,96.5
41027,OR,Hood River,2023,89.5
41029,OR,Jackson,2023,87.1
41031,OR,Jefferson,2023,92.9
41033,OR,Josephine,2023,80.0
41035,OR,Klamath,2023,90.4
41037,OR,Lake,2023,87.9
41039,OR,Lane,2023,92.4
41041,OR,Lincoln,2023,92.3
41043,OR,Linn,2023,90.5
41045,OR,Malheur,2023,93.0
41047,OR,Marion,2023,93.7
41049,OR,Morrow,2023,95.4
41051,OR,Multnomah,2023,92.4
41053,OR,Polk,2023,92.6
41055,OR,Sherman,2023,96.7
41057,OR,Tillamook,2023,91.8
41059,OR,Umatilla,2023,93.9
41061,OR,Union,2023,93.1
41063,OR,Wallowa,2023,92.3
41065,OR,Wasco,2023,96.7
41067,OR,Washington,2023,95.4
41069,OR,Wheeler,2023,92.3
41071,OR,Yamhill,2023,91.0
42001,PA,Adams,2023,95.1
42003,PA,Allegheny,2023,94.8
42005,PA,Armstrong,2023,95.4
42007,PA,Beaver,2023,94.0
42009,PA,Bedford,2023,95.8
42011,PA,Berks,2023,94.0
42013,PA,Blair,2023,95.6
42015,PA,Bradford,2023,91.8
42017,PA,Bucks,2023,94.6
42019,PA,Butler,2023,93.3
42021,PA,Cambria,2023,95.4
42023,PA,Cameron,2023,97.4
42025,PA,Carbon,2023,95.9
42027,PA,Centre,2023,95.7
42029,PA,Chester,2023,94.5
42031,PA,Clarion,2023,95.1
42033,PA,Clearfield,2023,94.6
42035,PA,Clinton,2023,95.5
42037,PA,Columbia,2023,94.7
42039,PA,Crawford,2023,94.8
42041,PA,Cumberland,2023,93.5
42043,PA,Dauphin,2023,85.8
42045,PA,Delaware,2023,94.6
42047,PA,Elk,2023,96.2
42049,PA,Erie,2023,94.6
42051,PA,Fayette,2023,95.5
42053,PA,Forest,2023,85.2
42055,PA,Franklin,2023,93.5
42057,PA,Fulton,2023,91.4
42059,PA,Greene,2023,95.2
42061,PA,Huntingdon,2023,96.8
42063,PA,Indiana,2023,94.9
42065,PA,Jefferson,2023,93.3
42067,PA,Juniata,2023,91.7
42069,PA,Lackawanna,2023,96.6
42071,PA,Lancaster,2023,91.0
42073,PA,Lawrence,2023,95.0
42075,PA,Lebanon,2023,93.1
42077,PA,Lehigh,2023,94.8
42079,PA,Luzerne,2023,94.8
42081,PA,Lycoming,2023,96.4
42083,PA,McKean,2023,96.5
42085,PA,Mercer,2023,94.9
42087,PA,Mifflin,2023,92.9
42089,PA,Monroe,2023,92.2
42091,PA,Montgomery,2023,95.8
42093,PA,Montour,2023,96.7
42095,PA,Northampton,2023,95.9
42097,PA,Northumberland,2023,94.6
42099,PA,Perry,2023,94.7
42101,PA,Philadelphia,2023,92.8
42103,PA,Pike,2023,91.7
42105,PA,Potter,2023,88.9
42107,PA,Schuylkill,2023,94.9
42109,PA,Snyder,2023,92.9
42111,PA,Somerset,2023,93.7
42113,PA,Sullivan,2023,100.0
42115,PA,Susquehanna,2023,92.8
42117,PA,Tioga,2023,93.4
42119,PA,Union,2023,93.8
42121,PA,Venango,2023,94.2
42123,PA,Warren,2023,97.1
42125,PA,Washington,2023,96.3
42127,PA,Wayne,2023,90.1
42129,PA,Westmoreland,2023,93.4
42131,PA,Wyoming,2023,95.2
42133,PA,York,2023,94.6
44001,RI,Bristol,2023,98.0
44003,RI,Kent,2023,92.8
44005,RI,Newport,2023,94.4
44007,RI,Providence,2023,95.0
44009,RI,Washington,2023,95.1
45001,SC,Abbeville,2023,94.4
45003,SC,Aiken,2023,91.9
45005,SC,Allendale,2023,98.2
45007,SC,Anderson,2023,96.1
45009,SC,Bamberg,2023,98.2
45011,SC,Barnwell,2023,97.2
45013,SC,Beaufort,2023,95.8
45015,SC,Berkeley,2023,93.8
45017,SC,Calhoun,2023,93.0
45019,SC,Charleston,2023,94.1
45021,SC,Cherokee,2023,94.8
45023,SC,Chester,2023,96.1
45025,SC,Chesterfield,2023,97.6
45027,SC,Clarendon,2023,98.6
45029,SC,Colleton,2023,97.4
45031,SC,Darlington,2023,97.8
45033,SC,Dillon,2023,98.7
45035,SC,Dorchester,2023,94.7
45037,SC,Edgefield,2023,96.8
45039,SC,Fairfield,2023,91.6
45041,SC,Florence,2023,96.9
45043,SC,Georgetown,2023,97.3
45045,SC,Greenville,2023,93.4
45047,SC,Greenwood,2023,94.4
45049,SC,Hampton,2023,97.8
45051,SC,Horry,2023,92.3
45053,SC,Jasper,2023,91.0
45055,SC,Kershaw,2023,95.6
45057,SC,Lancaster,2023,95.2
45059,SC,Laurens,2023,96.2
45061,SC,Lee,2023,96.3
45063,SC,Lexington,2023,95.1
45065,SC,McCormick,2023,95.5
45067,SC,Marion,2023,98.6
45069,SC,Marlboro,2023,97.8
45071,SC,Newberry,2023,97.9
45073,SC,Oconee,2023,95.3
45075,SC,Orangeburg,2023,96.2
45077,SC,Pickens,2023,96.2
45079,SC,Richland,2023,92.3
45081,SC,Saluda,2023,94.2
45083,SC,Spartanburg,2023,92.7
45085,SC,Sumter,2023,96.7
45087,SC,Union,2023,97.6
45089,SC,Williamsburg,2023,97.7
45091,SC,York,2023,95.0
46003,SD,Aurora,2023,87.0
46005,SD,Beadle,2023,89.0
46007,SD,Bennett,2023,93.0
46009,SD,Bon Homme,2023,94.0
46011,SD,Brookings,2023,92.0
46013,SD,Brown,2023,96.0
46015,SD,Brule,2023,91.0
46019,SD,Butte,2023,97.0
46021,SD,Campbell,2023,92.0
46023,SD,Charles Mix,2023,87.0
46025,SD,Clark,2023,60.0
46027,SD,Clay,2023,98.0
46029,SD,Codington,2023,93.0
46031,SD,Corson,2023,93.0
46033,SD,Custer,2023,96.0
46035,SD,Davison,2023,95.0
46037,SD,Day,2023,95.0
46039,SD,Deuel,2023,93.0
46041,SD,Dewey,2023,89.0
46043,SD,Douglas,2023,94.0
46045,SD,Edmunds,2023,78.0
46047,SD,Fall River,2023,73.0
46049,SD,Faulk,2023,74.0
46051,SD,Grant,2023,92.0
46053,SD,Gregory,2023,89.0
46055,SD,Haakon,2023,97.0
46057,SD,Hamlin,2023,83.0
46059,SD,Hand,2023,87.0
46061,SD,Hanson,2023,79.0
46063,SD,Harding,2023,96.0
46065,SD,Hughes,2023,95.0
46067,SD,Hutchinson,2023,73.0
46069,SD,Hyde,2023,98.0
46071,SD,Jackson,2023,98.0
46073,SD,Jerauld,2023,89.0
46075,SD,Jones,2023,93.0
46077,SD,Kingsbury,2023,95.0
46079,SD,Lake,2023,86.0
46081,SD,Lawrence,2023,90.0
46083,SD,Lincoln,2023,96.0
46085,SD,Lyman,2023,96.0
46087,SD,McCook,2023,88.0
46089,SD,McPherson,2023,78.0
46091,SD,Marshall,2023,83.0
46093,SD,Meade,2023,95.0
46095,SD,Mellette,2023,95.0
46097,SD,Miner,2023,84.0
46099,SD,Minnehaha,2023,92.0
46101,SD,Moody,2023,96.0
46102,SD,Oglala Lakota,2023,93.0
46103,SD,Pennington,2023,95.0
46105,SD,Perkins,2023,90.0
46107,SD,Potter,2023,95.0
46109,SD,Roberts,2023,98.0
46111,SD,Sanborn,2023,78.0
46115,SD,Spink,2023,78.0
46117,SD,Stanley,2023,84.0
46119,SD,Sully,2023,100.0
46121,SD,Todd,2023,90.0
46123,SD,Tripp,2023,93.0
46125,SD,Turner,2023,95.0
46127,SD,Union,2023,96.0
46129,SD,Walworth,2023,94.0
46135,SD,Yankton,2023,95.0
46137,SD,Ziebach,2023,100.0
47001,TN,Anderson,2023,96.7
47003,TN,Bedford,2023,97.7
47005,TN,Benton,2023,98.6
47007,TN,Bledsoe,2023,94.3
47009,TN,Blount,2023,94.6
47011,TN,Bradley,2023,92.7
47013,TN,Campbell,2023,95.7
47015,TN,Cannon,2023,96.9
47017,TN,Carroll,2023,95.2
47019,TN,Carter,2023,96.6
47021,TN,Cheatham,2023,96.1
47023,TN,Chester,2023,95.9
47025,TN,Claiborne,2023,96.1
47027,TN,Clay,2023,98.9
47029,TN,Cocke,2023,98.2
47031,TN,Coffee,2023,96.2
47033,TN,Crockett,2023,96.3
47035,TN,Cumberland,2023,96.3
47037,TN,Davidson,2023,95.4
47039,TN,Decatur,2023,93.5
47041,TN,De Kalb,2023,93.4
47043,TN,Dickson,2023,97.3
47045,TN,Dyer,2023,98.5
47047,TN,Fayette,2023,95.1
47049,TN,Fentress,2023,86.3
47051,TN,Franklin,2023,95.3
47053,TN,Gibson,2023,94.9
47055,TN,Giles,2023,94.9
47057,TN,Grainger,2023,95.0
47059,TN,Greene,2023,95.6
47061,TN,Grundy,2023,96.3
47063,TN,Hamblen,2023,95.9
47065,TN,Hamilton,2023,93.5
47067,TN,Hancock,2023,91.5
47069,TN,Hardeman,2023,97.3
47071,TN,Hardin,2023,94.4
47073,TN,Hawkins,2023,97.0
47075,TN,Haywood,2023,92.6
47077,TN,Henderson,2023,95.9
47079,TN,Henry,2023,97.2
47081,TN,Hickman,2023,96.1
47083,TN,Houston,2023,99.0
47085,TN,Humphreys,2023,96.6
47087,TN,Jackson,2023,92.6
47089,TN,Jefferson,2023,97.2
47091,TN,Johnson,2023,92.1
47093,TN,Knox,2023,95.2
47095,TN,Lake,2023,96.5
47097,TN,Lauderdale,2023,98.8
47099,TN,Lawrence,2023,94.4
47101,TN,Lewis,2023,96.8
47103,TN,Lincoln,2023,96.0
47105,TN,Loudon,2023,95.5
47107,TN,McMinn,2023,96.9
47109,TN,McNairy,2023,94.7
47111,TN,Macon,2023,99.2
47113,TN,Madison,2023,95.4
47115,TN,Marion,2023,96.8
47117,TN,Marshall,2023,94.8
47119,TN,Maury,2023,91.8
47121,TN,Meigs,2023,96.1
47123,TN,Monroe,2023,96.7
47125,TN,Montgomery,2023,95.3
47127,TN,Moore,2023,85.0
47129,TN,Morgan,2023,95.7
47131,TN,Obion,2023,96.9
47133,TN,Overton,2023,95.9
47135,TN,Perry,2023,93.8
47137,TN,Pickett,2023,94.4
47139,TN,Polk,2023,94.7
47141,TN,Putnam,2023,96.0
47143,TN,Rhea,2023,97.0
47145,TN,Roane,2023,95.6
47147,TN,Robertson,2023,95.6
47149,TN,Rutherford,2023,95.6
47151,TN,Scott,2023,96.7
47153,TN,Sequatchie,2023,98.1
47155,TN,Sevier,2023,96.5
47157,TN,Shelby,2023,96.7
47159,TN,Smith,2023,95.9
47161,TN,Stewart,2023,96.3
47163,TN,Sullivan,2023,96.7
47165,TN,Sumner,2023,94.3
47167,TN,Tipton,2023,95.4
47169,TN,Trousdale,2023,87.6
47171,TN,Unicoi,2023,95.0
47173,TN,Union,2023,85.8
47175,TN,Van Buren,2023,93.5
47177,TN,Warren,2023,94.3
47179,TN,Washington,2023,95.4
47181,TN,Wayne,2023,97.6
47183,TN,Weakley,2023,95.8
47185,TN,White,2023,95.3
47187,TN,Williamson,2023,93.8
47189,TN,Wilson,2023,94.6
48001,TX,Anderson,2023,96.2
48003,TX,Andrews,2023,99.4
48005,TX,Angelina,2023,95.4
48007,TX,Aransas,2023,98.1
48009,TX,Archer,2023,94.2
48011,TX,Armstrong,2023,100.0
48013,TX,Atascosa,2023,97.2
48015,TX,Austin,2023,95.3
48017,TX,Bailey,2023,95.4
48019,TX,Bandera,2023,92.1
48021,TX,Bastrop,2023,93.0
48023,TX,Baylor,2023,96.1
48025,TX,Bee,2023,96.8
48027,TX,Bell,2023,96.5
48029,TX,Bexar,2023,93.5
48031,TX,Blanco,2023,85.6
48033,TX,Borden,2023,100.0
48035,TX,Bosque,2023,90.0
48037,TX,Bowie,2023,94.9
48039,TX,Brazoria,2023,96.5
48041,TX,Brazos,2023,96.0
48043,TX,Brewster,2023,89.4
48045,TX,Briscoe,2023,100.0
48047,TX,Brooks,2023,97.3
48049,TX,Brown,2023,96.1
48051,TX,Burleson,2023,98.2
48053,TX,Burnet,2023,92.4
48055,TX,Caldwell,2023,98.0
48057,TX,Calhoun,2023,98.0
48059,TX,Callahan,2023,91.8
48061,TX,Cameron,2023,98.1
48063,TX,Camp,2023,98.2
48065,TX,Carson,2023,95.2
48067,TX,Cass,2023,94.9
48069,TX,Castro,2023,97.7
48071,TX,Chambers,2023,95.8
48073,TX,Cherokee,2023,98.5
48075,TX,Childress,2023,100.0
48077,TX,Clay,2023,96.3
48079,TX,Cochran,2023,90.4
48081,TX,Coke,2023,90.9
48083,TX,Coleman,2023,91.6
48085,TX,Collin,2023,94.2
48087,TX,Collingsworth,2023,90.3
48089,TX,Colorado,2023,96.6
48091,TX,Comal,2023,92.7
48093,TX,Comanche,2023,98.8
48095,TX,Concho,2023,92.9
48097,TX,Cooke,2023,93.4
48099,TX,Coryell,2023,96.3
48101,TX,Cottle,2023,100.0
48103,TX,Crane,2023,93.2
48105,TX,Crockett,2023,100.0
48107,TX,Crosby,2023,98.4
48109,TX,Culberson,2023,97.3
48111,TX,Dallam,2023,96.2
48113,TX,Dallas,2023,94.2
48115,TX,Dawson,2023,86.5
48117,TX,Deaf Smith,2023,99.7
48119,TX,Delta,2023,98.5
48121,TX,Denton,2023,92.6
48123,TX,DeWitt,2023,97.9
48125,TX,Dickens,2023,86.4
48127,TX,Dimmit,2023,100.0
48129,TX,Donley,2023,95.1
48131,TX,Duval,2023,98.7
48133,TX,Eastland,2023,83.3
48135,TX,Ector,2023,94.3
48137,TX,Edwards,2023,97.4
48139,TX,Ellis,2023,94.6
48141,TX,El Paso,2023,96.6
48143,TX,Erath,2023,95.2
48145,TX,Falls,2023,92.1
48147,TX,Fannin,2023,92.8
48149,TX,Fayette,2023,97.8
48151,TX,Fisher,2023,91.4
48153,TX,Floyd,2023,97.1
48155,TX,Foard,2023,80.0
48157,TX,Fort Bend,2023,95.6
48159,TX,Franklin,2023,96.8
48161,TX,Freestone,2023,93.4
48163,TX,Frio,2023,98.1
48165,TX,Gaines,2023,82.8
48167,TX,Galveston,2023,95.6
48169,TX,Garza,2023,95.0
48171,TX,Gillespie,2023,93.2
48173,TX,Glasscock,2023,92.0
48175,TX,Goliad,2023,98.9
48177,TX,Gonzales,2023,98.8
48179,TX,Gray,2023,96.4
48181,TX,Grayson,2023,94.2
48183,TX,Gregg,2023,95.7
48185,TX,Grimes,2023,95.6
48187,TX,Guadalupe,2023,93.5
48189,TX,Hale,2023,98.1
48191,TX,Hall,2023,85.3
48193,TX,Hamilton,2023,93.8
48195,TX,Hansford,2023,93.2
48197,TX,Hardeman,2023,97.4
48199,TX,Hardin,2023,89.2
48201,TX,Harris,2023,93.3
48203,TX,Harrison,2023,96.0
48205,TX,Hartley,2023,86.2
48207,TX,Haskell,2023,92.0
48209,TX,Hays,2023,96.0
48211,TX,Hemphill,2023,93.9
48213,TX,Henderson,2023,94.4
48215,TX,Hidalgo,2023,95.7
48217,TX,Hill,2023,93.1
48219,TX,Hockley,2023,94.1
48221,TX,Hood,2023,89.2
48223,TX,Hopkins,2023,95.5
48225,TX,Houston,2023,89.8
48227,TX,Howard,2023,96.7
48229,TX,Hudspeth,2023,100.0
48231,TX,Hunt,2023,94.9
48233,TX,Hutchinson,2023,95.5
48235,TX,Irion,2023,93.9
48237,TX,Jack,2023,96.9
48239,TX,Jackson,2023,98.6
48241,TX,Jasper,2023,91.1
48243,TX,Jeff Davis,2023,90.9
48245,TX,Jefferson,2023,95.6
48247,TX,Jim Hogg,2023,98.4
48249,TX,Jim Wells,2023,90.8
48251,TX,Johnson,2023,94.3
48253,TX,Jones,2023,97.4
48255,TX,Karnes,2023,85.4
48257,TX,Kaufman,2023,96.7
48259,TX,Kendall,2023,90.0
48261,TX,Kenedy,2023,100.0
48263,TX,Kent,2023,100.0
48265,TX,Kerr,2023,91.9
48267,TX,Kimble,2023,100.0
48269,TX,King,2023,50.0
48271,TX,Kinney,2023,100.0
48273,TX,Kleberg,2023,94.7
48275,TX,Knox,2023,93.6
48277,TX,Lamar,2023,96.6
48279,TX,Lamb,2023,98.1
48281,TX,Lampasas,2023,92.5
48283,TX,La Salle,2023,96.6
48285,TX,Lavaca,2023,96.2
48287,TX,Lee,2023,96.8
48289,TX,Leon,2023,93.4
48291,TX,Liberty,2023,97.2
48293,TX,Limestone,2023,81.0
48295,TX,Lipscomb,2023,92.5
48297,TX,Live Oak,2023,99.3
48299,TX,Llano,2023,97.9
48303,TX,Lubbock,2023,91.3
48305,TX,Lynn,2023,90.6
48307,TX,McCulloch,2023,95.7
48309,TX,McLennan,2023,95.1
48311,TX,McMullen,2023,100.0
48313,TX,Madison,2023,97.0
48315,TX,Marion,2023,97.5
48317,TX,Martin,2023,94.6
48319,TX,Mason,2023,96.0
48321,TX,Matagorda,2023,97.6
48323,TX,Maverick,2023,86.8
48325,TX,Medina,2023,91.2
48327,TX,Menard,2023,100.0
48329,TX,Midland,2023,96.1
48331,TX,Milam,2023,96.0
48333,TX,Mills,2023,89.1
48335,TX,Mitchell,2023,97.2
48337,TX,Montague,2023,84.9
48339,TX,Montgomery,2023,94.2
48341,TX,Moore,2023,96.5
48343,TX,Morris,2023,98.4
48345,TX,Motley,2023,100.0
48347,TX,Nacogdoches,2023,96.2
48349,TX,Navarro,2023,95.5
48351,TX,Newton,2023,90.5
48353,TX,Nolan,2023,97.8
48355,TX,Nueces,2023,96.8
48357,TX,Ochiltree,2023,92.7
48359,TX,Oldham,2023,97.7
48361,TX,Orange,2023,93.4
48363,TX,Palo Pinto,2023,97.0
48365,TX,Panola,2023,93.5
48367,TX,Parker,2023,92.9
48369,TX,Parmer,2023,97.1
48371,TX,Pecos,2023,99.4
48373,TX,Polk,2023,65.0
48375,TX,Potter,2023,96.5
48377,TX,Presidio,2023,96.9
48379,TX,Rains,2023,92.9
48381,TX,Randall,2023,95.0
48383,TX,Reagan,2023,98.6
48385,TX,Real,2023,100.0
48387,TX,Red River,2023,97.2
48389,TX,Reeves,2023,87.0
48391,TX,Refugio,2023,94.3
48393,TX,Roberts,2023,100.0
48395,TX,Robertson,2023,97.2
48397,TX,Rockwall,2023,93.2
48399,TX,Runnels,2023,97.1
48401,TX,Rusk,2023,95.6
48403,TX,Sabine,2023,89.9
48405,TX,San Augustine,2023,98.6
48407,TX,San Jacinto,2023,98.0
48409,TX,San Patricio,2023,97.5
48411,TX,San Saba,2023,100.0
48413,TX,Schleicher,2023,100.0
48415,TX,Scurry,2023,96.9
48417,TX,Shackelford,2023,93.3
48419,TX,Shelby,2023,94.6
48421,TX,Sherman,2023,90.0
48423,TX,Smith,2023,93.6
48425,TX,Somervell,2023,96.1
48427,TX,Starr,2023,95.1
48429,TX,Stephens,2023,94.7
48431,TX,Sterling,2023,88.9
48433,TX,Stonewall,2023,85.7
48435,TX,Sutton,2023,98.0
48437,TX,Swisher,2023,93.2
48439,TX,Tarrant,2023,92.4
48441,TX,Taylor,2023,96.0
48443,TX,Terrell,2023,100.0
48445,TX,Terry,2023,91.8
48447,TX,Throckmorton,2023,85.7
48449,TX,Titus,2023,97.9
48451,TX,Tom Green,2023,97.6
48453,TX,Travis,2023,90.4
48455,TX,Trinity,2023,91.9
48457,TX,Tyler,2023,94.1
48459,TX,Upshur,2023,95.1
48461,TX,Upton,2023,100.0
48463,TX,Uvalde,2023,95.4
48465,TX,Val Verde,2023,92.9
48467,TX,Van Zandt,2023,94.3
48469,TX,Victoria,2023,98.2
48471,TX,Walker,2023,94.2
48473,TX,Waller,2023,96.7
48475,TX,Ward,2023,92.7
48477,TX,Washington,2023,94.9
48479,TX,Webb,2023,99.2
48481,TX,Wharton,2023,96.8
48483,TX,Wheeler,2023,98.5
48485,TX,Wichita,2023,97.5
48487,TX,Wilbarger,2023,98.0
48489,TX,Willacy,2023,97.3
48491,TX,Williamson,2023,94.1
48493,TX,Wilson,2023,97.7
48495,TX,Winkler,2023,98.5
48497,TX,Wise,2023,92.7
48499,TX,Wood,2023,94.1
48501,TX,Yoakum,2023,91.2
48503,TX,Young,2023,95.6
48505,TX,Zapata,2023,98.0
48507,TX,Zavala,2023,99.2
49001,UT,Beaver,2023,92.4
49003,UT,Box Elder,2023,93.0
49005,UT,Cache,2023,92.8
49007,UT,Carbon,2023,93.0
49011,UT,Davis,2023,90.9
49013,UT,Duchesne,2023,85.2
49015,UT,Emery,2023,92.1
49019,UT,Grand,2023,81.6
49021,UT,Iron,2023,88.6
49023,UT,Juab,2023,88.2
49025,UT,Kane,2023,80.2
49027,UT,Millard,2023,92.9
49029,UT,Morgan,2023,88.9
49035,UT,Salt Lake,2023,92.9
49037,UT,San Juan,2023,90.9
49039,UT,Sanpete,2023,89.0
49041,UT,Sevier,2023,88.6
49043,UT,Summit,2023,92.4
49045,UT,Tooele,2023,93.0
49047,UT,Uintah,2023,88.1
49049,UT,Utah,2023,90.2
49051,UT,Wasatch,2023,88.8
49053,UT,Washington,2023,82.8
49057,UT,Weber,2023,91.9
51001,VA,Accomack,2023,94.7
51003,VA,Albemarle,2023,90.2
51005,VA,Alleghany,2023,92.1
51007,VA,Amelia,2023,89.6
51009,VA,Amherst,2023,87.9
51011,VA,Appomattox,2023,91.2
51013,VA,Arlington,2023,91.4
51015,VA,Augusta,2023,93.1
51017,VA,Bath,2023,100.0
51019,VA,Bedford,2023,92.0
51021,VA,Bland,2023,91.1
51023,VA,Botetourt,2023,94.7
51025,VA,Brunswick,2023,94.3
51027,VA,Buchanan,2023,97.4
51029,VA,Buckingham,2023,88.9
51031,VA,Campbell,2023,80.4
51033,VA,Caroline,2023,91.6
51035,VA,Carroll,2023,96.0
51036,VA,Charles City,2023,59.0
51037,VA,Charlotte,2023,88.9
51041,VA,Chesterfield,2023,86.6
51043,VA,Clarke,2023,89.3
51045,VA,Craig,2023,92.0
51047,VA,Culpeper,2023,87.9
51049,VA,Cumberland,2023,93.8
51051,VA,Dickenson,2023,99.3
51053,VA,Dinwiddie,2023,90.2
51057,VA,Essex,2023,92.0
51059,VA,Fairfax County,2023,82.2
51061,VA,Fauquier,2023,86.0
51063,VA,Floyd,2023,84.5
51067,VA,Franklin County,2023,92.3
51069,VA,Frederick,2023,88.3
51071,VA,Giles,2023,95.1
51073,VA,Gloucester,2023,96.6
51075,VA,Goochland,2023,93.6
51077,VA,Grayson,2023,94.6
51081,VA,Greensville,2023,87.8
51083,VA,Halifax,2023,80.1
51085,VA,Hanover,2023,95.0
51087,VA,Henrico,2023,93.7
51089,VA,Henry,2023,87.7
51091,VA,Highland,2023,75.0
51093,VA,Isle of Wight,2023,86.7
51095,VA,James City,2023,86.4
51097,VA,King and Queen,2023,90.0
51099,VA,King George,2023,89.0
51101,VA,King William,2023,93.5
51103,VA,Lancaster,2023,88.0
51105,VA,Lee,2023,86.9
51107,VA,Loudoun,2023,94.1
51109,VA,Louisa,2023,93.1
51111,VA,Lunenburg,2023,91.9
51113,VA,Madison,2023,83.2
51115,VA,Mathews,2023,98.1
51117,VA,Mecklenburg,2023,95.2
51119,VA,Middlesex,2023,90.7
51121,VA,Montgomery,2023,90.5
51125,VA,Nelson,2023,86.9
51127,VA,New Kent,2023,93.9
51131,VA,Northampton,2023,96.7
51135,VA,Nottoway,2023,92.1
51137,VA,Orange,2023,84.7
51139,VA,Page,2023,91.9
51141,VA,Patrick,2023,93.8
51143,VA,Pittsylvania,2023,91.4
51145,VA,Powhatan,2023,89.1
51147,VA,Prince Edward,2023,98.0
51149,VA,Prince George,2023,90.8
51153,VA,Prince William,2023,94.0
51155,VA,Pulaski,2023,98.6
51157,VA,Rappahannock,2023,95.0
51159,VA,Richmond County,2023,93.9
51161,VA,Roanoke County,2023,95.4
51163,VA,Rockbridge,2023,88.0
51165,VA,Rockingham,2023,89.7
51167,VA,Russell,2023,95.6
51169,VA,Scott,2023,90.0
51171,VA,Shenandoah,2023,95.0
51173,VA,Smyth,2023,97.9
51175,VA,Southampton,2023,93.9
51177,VA,Spotsylvania,2023,89.2
51179,VA,Stafford,2023,94.1
51181,VA,Surry,2023,93.5
51183,VA,Sussex,2023,84.0
51185,VA,Tazewell,2023,83.1
51187,VA,Warren,2023,87.9
51191,VA,Washington,2023,89.2
51193,VA,Westmoreland,2023,90.8
51195,VA,Wise,2023,94.4
51197,VA,Wythe,2023,95.8
51199,VA,York,2023,90.5
51510,VA,Alexandria,2023,90.5
51520,VA,Bristol,2023,90.9
51530,VA,Buena Vista,2023,80.3
51540,VA,Charlottesville,2023,92.7
51550,VA,Chesapeake,2023,92.1
51570,VA,Colonial Heights,2023,92.4
51580,VA,Covington,2023,84.6
51590,VA,Danville,2023,90.3
51600,VA,Fairfax City,2023,82.2
51610,VA,Falls Church,2023,98.4
51620,VA,Franklin City,2023,90.4
51630,VA,Fredericksburg,2023,90.9
51640,VA,Galax,2023,96.4
51650,VA,Hampton,2023,92.8
51660,VA,Harrisonburg,2023,89.8
51670,VA,Hopewell,2023,88.1
51678,VA,Lexington,2023,91.7
51680,VA,Lynchburg,2023,57.4
51683,VA,Manassas,2023,96.5
51685,VA,Manassas Park,2023,87.5
51690,VA,Martinsville,2023,100.0
51700,VA,Newport News,2023,88.5
51710,VA,Norfolk,2023,87.1
51720,VA,Norton,2023,100.0
51730,VA,Petersburg,2023,64.1
51735,VA,Poquoson,2023,77.7
51740,VA,Portsmouth,2023,70.7
51750,VA,Radford,2023,96.1
51760,VA,Richmond City,2023,89.2
51770,VA,Roanoke City,2023,92.2
51775,VA,Salem,2023,90.0
51790,VA,Staunton,2023,95.1
51800,VA,Suffolk,2023,93.6
51810,VA,Virginia Beach,2023,89.9
51820,VA,Waynesboro,2023,92.9
51830,VA,Williamsburg,2023,91.7
51840,VA,Winchester,2023,93.3
50001,VT,Addison,2023,93.0
50003,VT,Bennington,2023,92.0
50005,VT,Caledonia,2023,94.0
50007,VT,Chittenden,2023,95.0
50011,VT,Franklin,2023,92.0
50015,VT,Lamoille,2023,86.0
50017,VT,Orange,2023,95.0
50019,VT,Orleans,2023,90.0
50021,VT,Rutland,2023,95.0
50023,VT,Washington,2023,90.0
50025,VT,Windham,2023,92.0
50027,VT,Windsor,2023,92.0
53001,WA,Adams,2023,95.8
53003,WA,Asotin,2023,54.7
53005,WA,Benton,2023,94.5
53007,WA,Chelan,2023,94.5
53009,WA,Clallam,2023,80.4
53011,WA,Clark,2023,90.8
53013,WA,Columbia,2023,76.2
53015,WA,Cowlitz,2023,92.8
53017,WA,Douglas,2023,96.6
53019,WA,Ferry,2023,87.7
53021,WA,Franklin,2023,95.8
53023,WA,Garfield,2023,100.0
53025,WA,Grant,2023,88.9
53027,WA,Grays Harbor,2023,93.7
53029,WA,Island,2023,91.7
53031,WA,Jefferson,2023,74.7
53033,WA,King,2023,92.1
53035,WA,Kitsap,2023,92.1
53037,WA,Kittitas,2023,88.1
53039,WA,Klickitat,2023,94.5
53041,WA,Lewis,2023,91.4
53043,WA,Lincoln,2023,82.9
53045,WA,Mason,2023,93.0
53047,WA,Okanogan,2023,86.4
53049,WA,Pacific,2023,86.7
53051,WA,Pend Oreille,2023,75.4
53053,WA,Pierce,2023,91.3
53055,WA,San Juan,2023,89.3
53057,WA,Skagit,2023,91.5
53059,WA,Skamania,2023,89.2
53061,WA,Snohomish,2023,92.5
53063,WA,Spokane,2023,86.6
53065,WA,Stevens,2023,76.6
53067,WA,Thurston,2023,93.5
53069,WA,Wahkiakum,2023,81.5
53071,WA,Walla Walla,2023,93.6
53073,WA,Whatcom,2023,86.8
53075,WA,Whitman,2023,90.0
53077,WA,Yakima,2023,96.7
55001,WI,Adams,2023,68.0
55003,WI,Ashland,2023,86.0
55005,WI,Barron,2023,82.0
55007,WI,Bayfield,2023,76.0
55009,WI,Brown,2023,87.0
55011,WI,Buffalo,2023,89.0
55013,WI,Burnett,2023,88.0
55015,WI,Calumet,2023,88.0
55017,WI,Chippewa,2023,69.0
55019,WI,Clark,2023,71.0
55021,WI,Columbia,2023,72.0
55023,WI,Crawford,2023,80.0
55025,WI,Dane,2023,89.0
55027,WI,Dodge,2023,84.0
55029,WI,Door,2023,83.0
55031,WI,Douglas,2023,88.0
55033,WI,Dunn,2023,72.0
55035,WI,Eau Claire,2023,88.0
55037,WI,Florence,2023,69.0
55039,WI,Fond du Lac,2023,88.0
55041,WI,Forest,2023,88.0
55043,WI,Grant,2023,86.0
55045,WI,Green,2023,78.0
55047,WI,Green Lake,2023,88.0
55049,WI,Iowa,2023,59.0
55051,WI,Iron,2023,79.0
55053,WI,Jackson,2023,87.0
55055,WI,Jefferson,2023,88.0
55057,WI,Juneau,2023,86.0
55059,WI,Kenosha,2023,71.0
55061,WI,Kewaunee,2023,89.0
55063,WI,La Crosse,2023,89.0
55065,WI,Lafayette,2023,57.0
55067,WI,Langlade,2023,85.0
55069,WI,Lincoln,2023,83.0
55071,WI,Manitowoc,2023,79.0
55073,WI,Marathon,2023,88.0
55075,WI,Marinette,2023,79.0
55077,WI,Marquette,2023,75.0
55078,WI,Menominee,2023,95.0
55079,WI,Milwaukee,2023,78.0
55081,WI,Monroe,2023,82.0
55083,WI,Oconto,2023,90.0
55085,WI,Oneida,2023,85.0
55087,WI,Outagamie,2023,87.0
55089,WI,Ozaukee,2023,89.0
55091,WI,Pepin,2023,90.0
55093,WI,Pierce,2023,65.0
55095,WI,Polk,2023,63.0
55097,WI,Portage,2023,88.0
55099,WI,Price,2023,58.0
55101,WI,Racine,2023,80.0
55103,WI,Richland,2023,77.0
55105,WI,Rock,2023,89.0
55107,WI,Rusk,2023,88.0
55109,WI,St Croix,2023,71.0
55111,WI,Sauk,2023,87.0
55113,WI,Sawyer,2023,89.0
55115,WI,Shawano,2023,86.0
55117,WI,Sheboygan,2023,88.0
55119,WI,Taylor,2023,91.0
55121,WI,Trempealeau,2023,93.0
55123,WI,Vernon,2023,73.0
55125,WI,Vilas,2023,85.0
55127,WI,Walworth,2023,84.0
55129,WI,Washburn,2023,80.0
55131,WI,Washington,2023,88.0
55133,WI,Waukesha,2023,90.0
55135,WI,Waupaca,2023,86.0
55137,WI,Waushara,2023,82.0
55139,WI,Winnebago,2023,75.0
55141,WI,Wood,2023,87.0
56001,WY,Albany,2023,94.0
56003,WY,Big Horn,2023,89.0
56005,WY,Campbell,2023,94.0
56007,WY,Carbon,2023,94.0
56009,WY,Converse,2023,93.0
56011,WY,Crook,2023,91.0
56013,WY,Fremont,2023,91.0
56015,WY,Goshen,2023,93.0
56017,WY,Hot Springs,2023,95.0
56019,WY,Johnson,2023,96.0
56021,WY,Laramie,2023,86.0
56023,WY,Lincoln,2023,92.0
56025,WY,Natrona,2023,94.0
56027,WY,Niobrara,2023,57.0
56029,WY,Park,2023,90.0
56031,WY,Platte,2023,80.0
56033,WY,Sheridan,2023,90.0
56035,WY,Sublette,2023,92.0
56037,WY,Sweetwater,2023,96.0
56039,WY,Teton,2023,95.0
56041,WY,Uinta,2023,92.0
56043,WY,Washakie,2023,90.0
56045,WY,Weston,2023,63.0
04001,AZ,Apache,2024,90.0
04003,AZ,Cochise,2024,89.1
04005,AZ,Coconino,2024,86.8
04007,AZ,Gila,2024,79.9
04009,AZ,Graham,2024,91.3
04011,AZ,Greenlee,2024,84.2
04012,AZ,La Paz,2024,95.2
04013,AZ,Maricopa,2024,87.5
04015,AZ,Mohave,2024,76.0
04017,AZ,Navajo,2024,79.7
04019,AZ,Pima,2024,92.8
04021,AZ,Pinal,2024,89.0
04023,AZ,Santa Cruz,2024,96.4
04025,AZ,Yavapai,2024,75.2
04027,AZ,Yuma,2024,95.4
06001,CA,Alameda,2024,96.4
06005,CA,Amador,2024,96.3
06007,CA,Butte,2024,96.9
06009,CA,Calaveras,2024,93.9
06011,CA,Colusa,2024,98.3
06013,CA,Contra Costa,2024,97.9
06015,CA,Del Norte,2024,92.0
06017,CA,El Dorado,2024,80.3
06019,CA,Fresno,2024,97.5
06021,CA,Glenn,2024,80.8
06023,CA,Humboldt,2024,92.8
06025,CA,Imperial,2024,97.9
06027,CA,Inyo,2024,95.6
06029,CA,Kern,2024,90.7
06031,CA,Kings,2024,98.1
06033,CA,Lake,2024,95.3
06035,CA,Lassen,2024,95.8
06037,CA,Los Angeles,2024,97.1
06039,CA,Madera,2024,98.2
06041,CA,Marin,2024,98.9
06043,CA,Mariposa,2024,96.7
06045,CA,Mendocino,2024,94.9
06047,CA,Merced,2024,97.5
06049,CA,Modoc,2024,99.0
06051,CA,Mono,2024,98.1
06053,CA,Monterey,2024,98.6
06055,CA,Napa,2024,99.0
06057,CA,Nevada,2024,88.7
06059,CA,Orange,2024,97.4
06061,CA,Placer,2024,96.3
06063,CA,Plumas,2024,92.6
06065,CA,Riverside,2024,95.9
06067,CA,Sacramento,2024,96.4
06069,CA,San Benito,2024,98.5
06071,CA,San Bernardino,2024,93.5
06073,CA,San Diego,2024,94.8
06075,CA,San Francisco,2024,98.4
06077,CA,San Joaquin,2024,96.3
06079,CA,San Luis Obispo,2024,96.5
06081,CA,San Mateo,2024,98.5
06083,CA,Santa Barbara,2024,98.2
06085,CA,Santa Clara,2024,98.6
06087,CA,Santa Cruz,2024,91.8
06089,CA,Shasta,2024,95.1
06091,CA,Sierra,2024,95.0
06093,CA,Siskiyou,2024,96.4
06095,CA,Solano,2024,98.2
06097,CA,Sonoma,2024,95.0
06099,CA,Stanislaus,2024,96.6
06101,CA,Sutter,2024,75.8
06103,CA,Tehama,2024,97.0
06105,CA,Trinity,2024,87.6
06107,CA,Tulare,2024,97.8
06109,CA,Tuolumne,2024,93.1
06111,CA,Ventura,2024,96.6
06113,CA,Yolo,2024,96.6
06115,CA,Yuba,2024,91.6
08001,CO,Adams,2024,92.0
08003,CO,Alamosa,2024,84.8
08005,CO,Arapahoe,2024,87.4
08007,CO,Archuleta,2024,82.1
08009,CO,Baca,2024,90.5
08011,CO,Bent,2024,83.3
08013,CO,Boulder,2024,91.5
08014,CO,Broomfield,2024,91.2
08015,CO,Chaffee,2024,79.2
08017,CO,Cheyenne,2024,92.3
08019,CO,Clear Creek,2024,83.0
08021,CO,Conejos,2024,87.2
08023,CO,Costilla,2024,95.0
08025,CO,Crowley,2024,90.5
08027,CO,Custer,2024,86.3
08029,CO,Delta,2024,80.2
08031,CO,Denver,2024,89.0
08033,CO,Dolores,2024,56.2
08035,CO,Douglas,2024,92.0
08037,CO,Eagle,2024,91.6
08039,CO,Elbert,2024,76.6
08041,CO,El Paso,2024,79.2
08043,CO,Fremont,2024,89.1
08045,CO,Garfield,2024,91.6
08047,CO,Gilpin,2024,77.8
08049,CO,Grand,2024,80.0
08051,CO,Gunnison,2024,88.6
08053,CO,Hinsdale,2024,100.0
08055,CO,Huerfano,2024,96.1
08057,CO,Jackson,2024,88.9
08059,CO,Jefferson,2024,91.5
08061,CO,Kiowa,2024,100.0
08063,CO,Kit Carson,2024,92.7
08065,CO,Lake,2024,70.8
08067,CO,La Plata,2024,87.7
08069,CO,Larimer,2024,87.7
08071,CO,Las Animas,2024,88.2
08073,CO,Lincoln,2024,81.5
08075,CO,Logan,2024,94.3
08077,CO,Mesa,2024,85.7
08079,CO,Mineral,2024,100.0
08081,CO,Moffat,2024,94.2
08083,CO,Montezuma,2024,87.7
08085,CO,Montrose,2024,88.0
08087,CO,Morgan,2024,92.7
08089,CO,Otero,2024,92.8
08091,CO,Ouray,2024,83.3
08093,CO,Park,2024,87.1
08095,CO,Phillips,2024,76.8
08097,CO,Pitkin,2024,92.8
08099,CO,Prowers,2024,99.4
08101,CO,Pueblo,2024,87.1
08103,CO,Rio Blanco,2024,87.8
08105,CO,Rio Grande,2024,87.5
08107,CO,Routt,2024,93.6
08109,CO,Saguache,2024,95.9
08111,CO,San Juan,2024,100.0
08113,CO,San Miguel,2024,86.2
08115,CO,Sedgwick,2024,82.8
08117,CO,Summit,2024,93.4
08119,CO,Teller,2024,78.3
08121,CO,Washington,2024,84.1
08123,CO,Weld,2024,93.5
08125,CO,Yuma,2024,94.4
09001,CT,Fairfield,2024,97.4
09003,CT,Hartford,2024,98.4
09005,CT,Litchfield,2024,98.1
09007,CT,Middlesex,2024,98.0
09009,CT,New Haven,2024,97.5
09011,CT,New London,2024,97.2
09013,CT,Tolland,2024,97.8
09015,CT,Windham,2024,96.6
11001,DC,District of Columbia,2024,92.0
12001,FL,Alachua,2024,92.7
12003,FL,Baker,2024,96.0
12005,FL,Bay,2024,84.6
12007,FL,Bradford,2024,93.1
12009,FL,Brevard,2024,91.6
12011,FL,Broward,2024,90.7
12013,FL,Calhoun,2024,95.0
12015,FL,Charlotte,2024,86.3
12017,FL,Citrus,2024,91.4
12019,FL,Clay,2024,92.6
12021,FL,Collier,2024,85.9
12023,FL,Columbia,2024,92.8
12027,FL,De Soto,2024,94.3
12029,FL,Dixie,2024,94.1
12031,FL,Duval,2024,87.6
12033,FL,Escambia,2024,88.4
12035,FL,Flagler,2024,86.8
12037,FL,Franklin,2024,94.1
12039,FL,Gadsden,2024,84.9
12041,FL,Gilchrist,2024,91.5
12043,FL,Glades,2024,93.8
12045,FL,Gulf,2024,85.7
12047,FL,Hamilton,2024,93.5
12049,FL,Hardee,2024,96.6
12051,FL,Hendry,2024,90.5
12053,FL,Hernando,2024,89.7
12055,FL,Highlands,2024,92.1
12057,FL,Hillsborough,2024,90.0
12059,FL,Holmes,2024,93.2
12061,FL,Indian River,2024,89.3
12063,FL,Jackson,2024,90.5
12065,FL,Jefferson,2024,85.2
12067,FL,Lafayette,2024,92.5
12069,FL,Lake,2024,85.0
12071,FL,Lee,2024,92.6
12073,FL,Leon,2024,94.5
12075,FL,Levy,2024,90.8
12077,FL,Liberty,2024,94.4
12079,FL,Madison,2024,95.9
12081,FL,Manatee,2024,90.2
12083,FL,Marion,2024,91.6
12085,FL,Martin,2024,91.4
12086,FL,Miami-Dade,2024,90.7
12087,FL,Monroe,2024,90.9
12089,FL,Nassau,2024,92.1
12091,FL,Okaloosa,2024,91.2
12093,FL,Okeechobee,2024,95.6
12095,FL,Orange,2024,87.0
12097,FL,Osceola,2024,85.3
12099,FL,Palm Beach,2024,90.1
12101,FL,Pasco,2024,91.8
12103,FL,Pinellas,2024,88.6
12105,FL,Polk,2024,92.8
12107,FL,Putnam,2024,92.5
12109,FL,St Johns,2024,90.0
12111,FL,St Lucie,2024,89.7
12113,FL,Santa Rosa,2024,89.1
12115,FL,Sarasota,2024,83.4
12117,FL,Seminole,2024,90.1
12119,FL,Sumter,2024,91.9
12121,FL,Suwannee,2024,93.6
12123,FL,Taylor,2024,95.3
12125,FL,Union,2024,95.4
12127,FL,Volusia,2024,87.8
12129,FL,Wakulla,2024,87.8
12131,FL,Walton,2024,88.8
12133,FL,Washington,2024,92.1
15001,HI,Hawaii,2024,75.1
15003,HI,Honolulu,2024,82.1
15007,HI,Kauai,2024,69.6
15009,HI,Maui,2024,66.6
19001,IA,Adair,2024,82.5
19003,IA,Adams,2024,100.0
19005,IA,Allamakee,2024,89.5
19007,IA,Appanoose,2024,81.3
19009,IA,Audubon,2024,94.0
19011,IA,Benton,2024,88.5
19013,IA,Black Hawk,2024,90.2
19015,IA,Boone,2024,95.0
19017,IA,Bremer,2024,74.7
19019,IA,Buchanan,2024,84.0
19021,IA,Buena Vista,2024,89.6
19023,IA,Butler,2024,94.2
19025,IA,Calhoun,2024,90.4
19027,IA,Carroll,2024,92.0
19029,IA,Cass,2024,81.5
19031,IA,Cedar,2024,94.8
19033,IA,Cerro Gordo,2024,85.5
19035,IA,Cherokee,2024,91.9
19037,IA,Chickasaw,2024,88.9
19039,IA,Clarke,2024,90.9
19041,IA,Clay,2024,92.6
19043,IA,Clayton,2024,87.2
19045,IA,Clinton,2024,85.6
19047,IA,Crawford,2024,95.8
19049,IA,Dallas,2024,92.8
19051,IA,Davis,2024,94.5
19053,IA,Decatur,2024,75.9
19055,IA,Delaware,2024,94.7
19057,IA,Des Moines,2024,89.0
19059,IA,Dickinson,2024,88.7
19061,IA,Dubuque,2024,89.2
19063,IA,Emmet,2024,89.7
19065,IA,Fayette,2024,86.6
19067,IA,Floyd,2024,91.9
19069,IA,Franklin,2024,92.5
19071,IA,Fremont,2024,80.3
19073,IA,Greene,2024,83.6
19075,IA,Grundy,2024,97.2
19077,IA,Guthrie,2024,86.6
19079,IA,Hamilton,2024,71.7
19081,IA,Hancock,2024,91.4
19083,IA,Hardin,2024,85.3
19085,IA,Harrison,2024,91.9
19087,IA,Henry,2024,89.9
19089,IA,Howard,2024,90.3
19091,IA,Humboldt,2024,74.6
19093,IA,Ida,2024,94.2
19095,IA,Iowa,2024,94.5
19097,IA,Jackson,2024,78.1
19099,IA,Jasper,2024,88.7
19101,IA,Jefferson,2024,80.5
19103,IA,Johnson,2024,85.4
19105,IA,Jones,2024,91.0
19107,IA,Keokuk,2024,79.5
19109,IA,Kossuth,2024,91.6
19111,IA,Lee,2024,93.2
19113,IA,Linn,2024,88.0
19115,IA,Louisa,2024,85.8
19117,IA,Lucas,2024,89.1
19119,IA,Lyon,2024,89.6
19121,IA,Madison,2024,89.8
19123,IA,Mahaska,2024,89.2
19125,IA,Marion,2024,86.4
19127,IA,Marshall,2024,88.4
19129,IA,Mills,2024,95.2
19131,IA,Mitchell,2024,89.4
19133,IA,Monona,2024,88.2
19135,IA,Monroe,2024,91.2
19137,IA,Montgomery,2024,93.3
19139,IA,Muscatine,2024,91.7
19141,IA,O'Brien,2024,87.4
19143,IA,Osceola,2024,93.9
19145,IA,Page,2024,92.5
19147,IA,Palo Alto,2024,93.1
19149,IA,Plymouth,2024,94.9
19151,IA,Pocahontas,2024,91.0
19153,IA,Polk,2024,88.8
19155,IA,Pottawattamie,2024,89.9
19157,IA,Poweshiek,2024,93.0
19159,IA,Ringgold,2024,92.9
19161,IA,Sac,2024,91.3
19163,IA,Scott,2024,89.3
19165,IA,Shelby,2024,88.6
19167,IA,Sioux,2024,87.0
19169,IA,Story,2024,93.9
19171,IA,Tama,2024,92.9
19173,IA,Taylor,2024,88.3
19175,IA,Union,2024,95.6
19177,IA,Van Buren,2024,88.3
19179,IA,Wapello,2024,88.8
19181,IA,Warren,2024,90.0
19183,IA,Washington,2024,82.8
19185,IA,Wayne,2024,83.1
19187,IA,Webster,2024,90.1
19189,IA,Winnebago,2024,91.5
19191,IA,Winneshiek,2024,91.6
19193,IA,Woodbury,2024,88.5
19195,IA,Worth,2024,98.6
19197,IA,Wright,2024,90.3
16001,ID,Ada,2024,83.0
16003,ID,Adams,2024,57.0
16005,ID,Bannock,2024,88.0
16007,ID,Bear Lake,2024,94.0
16009,ID,Benewah,2024,76.0
16011,ID,Bingham,2024,85.0
16013,ID,Blaine,2024,78.0
16015,ID,Boise,2024,53.0
16017,ID,Bonner,2024,65.0
16019,ID,Bonneville,2024,88.0
16021,ID,Boundary,2024,64.0
16023,ID,Butte,2024,71.0
16025,ID,Camas,2024,100.0
16027,ID,Canyon,2024,80.0
16029,ID,Caribou,2024,89.0
16031,ID,Cassia,2024,89.0
16033,ID,Clark,2024,83.0
16035,ID,Clearwater,2024,73.0
16037,ID,Custer,2024,84.0
16039,ID,Elmore,2024,87.0
16041,ID,Franklin,2024,86.0
16043,ID,Fremont,2024,76.0
16045,ID,Gem,2024,73.0
16047,ID,Gooding,2024,78.0
16049,ID,Idaho,2024,63.0
16051,ID,Jefferson,2024,85.0
16053,ID,Jerome,2024,88.0
16055,ID,Kootenai,2024,71.0
16057,ID,Latah,2024,82.0
16059,ID,Lemhi,2024,77.0
16061,ID,Lewis,2024,73.0
16063,ID,Lincoln,2024,80.0
16065,ID,Madison,2024,84.0
16067,ID,Minidoka,2024,91.0
16069,ID,Nez Perce,2024,85.0
16071,ID,Oneida,2024,93.0
16073,ID,Owyhee,2024,74.0
16075,ID,Payette,2024,83.0
16077,ID,Power,2024,92.0
16079,ID,Shoshone,2024,76.0
16081,ID,Teton,2024,66.0
16083,ID,Twin Falls,2024,83.0
16085,ID,Valley,2024,79.0
16087,ID,Washington,2024,77.0
17001,IL,Adams,2024,98.6
17003,IL,Alexander,2024,98.4
17005,IL,Bond,2024,97.9
17007,IL,Boone,2024,97.8
17009,IL,Brown,2024,97.9
17011,IL,Bureau,2024,97.1
17013,IL,Calhoun,2024,99.1
17015,IL,Carroll,2024,96.2
17017,IL,Cass,2024,97.8
17019,IL,Champaign,2024,98.1
17021,IL,Christian,2024,94.3
17023,IL,Clark,2024,99.1
17025,IL,Clay,2024,97.9
17027,IL,Clinton,2024,96.3
17029,IL,Coles,2024,95.6
17031,IL,Cook,2024,94.5
17033,IL,Crawford,2024,97.6
17035,IL,Cumberland,2024,99.2
17037,IL,DeKalb,2024,95.6
17039,IL,De Witt,2024,97.4
17041,IL,Douglas,2024,96.8
17043,IL,DuPage,2024,96.0
17045,IL,Edgar,2024,98.2
17047,IL,Edwards,2024,98.0
17049,IL,Effingham,2024,97.3
17051,IL,Fayette,2024,97.9
17053,IL,Ford,2024,94.3
17055,IL,Franklin,2024,97.1
17057,IL,Fulton,2024,97.2
17059,IL,Gallatin,2024,98.8
17061,IL,Greene,2024,98.6
17063,IL,Grundy,2024,97.1
17065,IL,Hamilton,2024,99.1
17067,IL,Hancock,2024,98.6
17069,IL,Hardin,2024,100.0
17071,IL,Henderson,2024,96.9
17073,IL,Henry,2024,97.2
17075,IL,Iroquois,2024,95.2
17077,IL,Jackson,2024,95.3
17079,IL,Jasper,2024,94.6
17081,IL,Jefferson,2024,98.9
17083,IL,Jersey,2024,99.3
17085,IL,Jo Daviess,2024,95.2
17087,IL,Johnson,2024,97.4
17089,IL,Kane,2024,95.8
17091,IL,Kankakee,2024,93.0
17093,IL,Kendall,2024,95.9
17095,IL,Knox,2024,94.4
17097,IL,Lake,2024,95.8
17099,IL,LaSalle,2024,97.9
17101,IL,Lawrence,2024,98.6
17103,IL,Lee,2024,96.6
17105,IL,Livingston,2024,95.7
17107,IL,Logan,2024,97.1
17109,IL,McDonough,2024,96.0
17111,IL,McHenry,2024,96.1
17113,IL,McLean,2024,97.8
17115,IL,Macon,2024,97.9
17117,IL,Macoupin,2024,98.0
17119,IL,Madison,2024,97.5
17121,IL,Marion,2024,98.0
17123,IL,Marshall,2024,99.1
17125,IL,Mason,2024,98.3
17127,IL,Massac,2024,89.6
17129,IL,Menard,2024,97.1
17131,IL,Mercer,2024,97.2
17133,IL,Monroe,2024,98.1
17135,IL,Montgomery,2024,98.0
17137,IL,Morgan,2024,97.6
17139,IL,Moultrie,2024,96.1
17141,IL,Ogle,2024,95.6
17143,IL,Peoria,2024,96.7
17145,IL,Perry,2024,98.9
17147,IL,Piatt,2024,97.4
17149,IL,Pike,2024,97.0
17151,IL,Pope,2024,78.4
17153,IL,Pulaski,2024,90.7
17155,IL,Putnam,2024,97.5
17157,IL,Randolph,2024,99.0
17159,IL,Richland,2024,99.3
17161,IL,Rock Island,2024,97.5
17163,IL,St Clair,2024,97.6
17165,IL,Saline,2024,97.3
17167,IL,Sangamon,2024,97.9
17169,IL,Schuyler,2024,98.7
17171,IL,Scott,2024,98.7
17173,IL,Shelby,2024,97.0
17175,IL,Stark,2024,96.9
17177,IL,Stephenson,2024,97.4
17179,IL,Tazewell,2024,94.5
17181,IL,Union,2024,97.2
17183,IL,Vermilion,2024,95.7
17185,IL,Wabash,2024,98.5
17187,IL,Warren,2024,98.3
17189,IL,Washington,2024,98.1
17191,IL,Wayne,2024,98.3
17193,IL,White,2024,98.3
17195,IL,Whiteside,2024,96.7
17197,IL,Will,2024,96.5
17199,IL,Williamson,2024,98.0
17201,IL,Winnebago,2024,96.0
17203,IL,Woodford,2024,96.6
18001,IN,Adams,2024,92.0
18003,IN,Allen,2024,95.1
18005,IN,Bartholomew,2024,94.2
18007,IN,Benton,2024,98.3
18009,IN,Blackford,2024,97.5
18011,IN,Boone,2024,97.1
18013,IN,Brown,2024,96.8
18015,IN,Carroll,2024,96.3
18017,IN,Cass,2024,96.7
18019,IN,Clark,2024,93.7
18021,IN,Clay,2024,95.3
18023,IN,Clinton,2024,95.8
18025,IN,Crawford,2024,97.2
18027,IN,Daviess,2024,93.5
18029,IN,Dearborn,2024,95.7
18031,IN,Decatur,2024,96.0
18033,IN,DeKalb,2024,92.9
18035,IN,Delaware,2024,94.3
18037,IN,Dubois,2024,95.0
18039,IN,Elkhart,2024,93.8
18041,IN,Fayette,2024,95.5
18043,IN,Floyd,2024,95.4
18045,IN,Fountain,2024,91.4
18047,IN,Franklin,2024,92.0
18049,IN,Fulton,2024,94.4
18051,IN,Gibson,2024,96.2
18053,IN,Grant,2024,94.0
18055,IN,Greene,2024,95.9
18057,IN,Hamilton,2024,96.3
18059,IN,Hancock,2024,96.8
18061,IN,Harrison,2024,94.0
18063,IN,Hendricks,2024,97.0
18065,IN,Henry,2024,93.9
18067,IN,Howard,2024,91.8
18069,IN,Huntington,2024,94.8
18071,IN,Jackson,2024,98.1
18073,IN,Jasper,2024,93.6
18075,IN,Jay,2024,95.3
18077,IN,Jefferson,2024,93.1
18079,IN,Jennings,2024,97.6
18081,IN,Johnson,2024,95.2
18083,IN,Knox,2024,96.7
18085,IN,Kosciusko,2024,92.4
18087,IN,LaGrange,2024,87.6
18089,IN,Lake,2024,93.4
18091,IN,La Porte,2024,93.2
18093,IN,Lawrence,2024,96.0
18095,IN,Madison,2024,94.8
18097,IN,Marion,2024,91.3
18099,IN,Marshall,2024,94.6
18101,IN,Martin,2024,94.5
18103,IN,Miami,2024,93.3
18105,IN,Monroe,2024,95.3
18107,IN,Montgomery,2024,96.8
18109,IN,Morgan,2024,93.4
18111,IN,Newton,2024,87.3
18113,IN,Noble,2024,94.7
18115,IN,Ohio,2024,93.2
18117,IN,Orange,2024,95.5
18119,IN,Owen,2024,96.6
18121,IN,Parke,2024,95.1
18123,IN,Perry,2024,95.3
18125,IN,Pike,2024,97.0
18127,IN,Porter,2024,93.9
18129,IN,Posey,2024,96.1
18131,IN,Pulaski,2024,91.4
18133,IN,Putnam,2024,95.4
18135,IN,Randolph,2024,88.8
18137,IN,Ripley,2024,92.1
18139,IN,Rush,2024,95.8
18141,IN,St Joseph,2024,95.8
18143,IN,Scott,2024,93.5
18145,IN,Shelby,2024,97.4
18147,IN,Spencer,2024,95.4
18149,IN,Starke,2024,90.1
18151,IN,Steuben,2024,91.0
18153,IN,Sullivan,2024,95.3
18155,IN,Switzerland,2024,96.6
18157,IN,Tippecanoe,2024,96.1
18159,IN,Tipton,2024,95.4
18161,IN,Union,2024,99.4
18163,IN,Vanderburgh,2024,97.8
18165,IN,Vermillion,2024,96.6
18167,IN,Vigo,2024,97.8
18169,IN,Wabash,2024,95.4
18171,IN,Warren,2024,96.3
18173,IN,Warrick,2024,97.1
18175,IN,Washington,2024,94.6
18177,IN,Wayne,2024,92.7
18179,IN,Wells,2024,92.8
18181,IN,White,2024,98.3
18183,IN,Whitley,2024,93.8
20001,KS,Allen,2024,93.0
20003,KS,Anderson,2024,82.0
20005,KS,Atchison,2024,87.0
20007,KS,Barber,2024,81.0
20009,KS,Barton,2024,90.0
20011,KS,Bourbon,2024,82.0
20013,KS,Brown,2024,97.0
20015,KS,Butler,2024,88.0
20017,KS,Chase,2024,74.0
20019,KS,Chautauqua,2024,73.0
20021,KS,Cherokee,2024,94.0
20023,KS,Cheyenne,2024,93.0
20025,KS,Clark,2024,87.0
20027,KS,Clay,2024,88.0
20029,KS,Cloud,2024,97.0
20031,KS,Coffey,2024,88.0
20033,KS,Comanche,2024,100.0
20035,KS,Cowley,2024,94.0
20037,KS,Crawford,2024,93.0
20039,KS,Decatur,2024,74.0
20041,KS,Dickinson,2024,87.0
20043,KS,Doniphan,2024,80.0
20045,KS,Douglas,2024,93.0
20047,KS,Edwards,2024,92.0
20049,KS,Elk,2024,86.0
20051,KS,Ellis,2024,93.0
20053,KS,Ellsworth,2024,89.0
20055,KS,Finney,2024,98.0
20057,KS,Ford,2024,87.0
20059,KS,Franklin,2024,93.0
20061,KS,Geary,2024,77.0
20063,KS,Gove,2024,72.0
20065,KS,Graham,2024,100.0
20067,KS,Grant,2024,99.0
20069,KS,Gray,2024,66.0
20071,KS,Greeley,2024,84.0
20073,KS,Greenwood,2024,86.0
20075,KS,Hamilton,2024,96.0
20077,KS,Harper,2024,70.0
20079,KS,Harvey,2024,94.0
20081,KS,Haskell,2024,58.0
20083,KS,Hodgeman,2024,80.0
20085,KS,Jackson,2024,94.0
20087,KS,Jefferson,2024,91.0
20089,KS,Jewell,2024,96.0
20091,KS,Johnson,2024,95.0
20093,KS,Kearny,2024,98.0
20095,KS,Kingman,2024,73.0
20099,KS,Labette,2024,95.0
20101,KS,Lane,2024,100.0
20103,KS,Leavenworth,2024,92.0
20105,KS,Lincoln,2024,81.0
20107,KS,Linn,2024,86.0
20109,KS,Logan,2024,84.0
20111,KS,Lyon,2024,90.0
20113,KS,McPherson,2024,93.0
20115,KS,Marion,2024,81.0
20117,KS,Marshall,2024,93.0
20119,KS,Meade,2024,74.0
20121,KS,Miami,2024,89.0
20123,KS,Mitchell,2024,75.0
20125,KS,Montgomery,2024,93.0
20127,KS,Morris,2024,89.0
20129,KS,Morton,2024,82.0
20131,KS,Nemaha,2024,95.0
20133,KS,Neosho,2024,91.0
20135,KS,Ness,2024,89.0
20137,KS,Norton,2024,99.0
20139,KS,Osage,2024,78.0
20143,KS,Ottawa,2024,92.0
20145,KS,Pawnee,2024,93.0
20147,KS,Phillips,2024,92.0
20149,KS,Pottawatomie,2024,91.0
20151,KS,Pratt,2024,90.0
20153,KS,Rawlins,2024,57.0
20155,KS,Reno,2024,89.0
20157,KS,Republic,2024,95.0
20159,KS,Rice,2024,93.0
20161,KS,Riley,2024,86.0
20163,KS,Rooks,2024,97.0
20165,KS,Rush,2024,95.0
20167,KS,Russell,2024,89.0
20169,KS,Saline,2024,95.0
20171,KS,Scott,2024,100.0
20173,KS,Sedgwick,2024,91.0
20175,KS,Seward,2024,94.0
20177,KS,Shawnee,2024,93.0
20179,KS,Sheridan,2024,96.0
20181,KS,Sherman,2024,97.0
20183,KS,Smith,2024,81.0
20185,KS,Stafford,2024,81.0
20187,KS,Stanton,2024,52.0
20189,KS,Stevens,2024,83.0
20191,KS,Sumner,2024,95.0
20193,KS,Thomas,2024,89.0
20195,KS,Trego,2024,95.0
20197,KS,Wabaunsee,2024,83.0
20201,KS,Washington,2024,97.0
20203,KS,Wichita,2024,100.0
20205,KS,Wilson,2024,93.0
20207,KS,Woodson,2024,92.0
20209,KS,Wyandotte,2024,75.0
21001,KY,Adair,2024,92.6
21003,KY,Allen,2024,87.6
21005,KY,Anderson,2024,92.4
21007,KY,Ballard,2024,98.9
21009,KY,Barren,2024,91.2
21011,KY,Bath,2024,84.8
21013,KY,Bell,2024,88.9
21015,KY,Boone,2024,93.9
21017,KY,Bourbon,2024,80.6
21019,KY,Boyd,2024,87.4
21021,KY,Boyle,2024,92.2
21023,KY,Bracken,2024,82.3
21025,KY,Breathitt,2024,95.3
21027,KY,Breckinridge,2024,89.1
21029,KY,Bullitt,2024,94.4
21031,KY,Butler,2024,90.3
21033,KY,Caldwell,2024,89.3
21035,KY,Calloway,2024,95.4
21037,KY,Campbell,2024,93.6
21039,KY,Carlisle,2024,95.9
21041,KY,Carroll,2024,94.3
21043,KY,Carter,2024,91.4
21045,KY,Casey,2024,86.9
21047,KY,Christian,2024,91.9
21049,KY,Clark,2024,94.2
21051,KY,Clay,2024,90.2
21053,KY,Clinton,2024,86.8
21055,KY,Crittenden,2024,92.4
21057,KY,Cumberland,2024,87.1
21059,KY,Daviess,2024,90.0
21061,KY,Edmonson,2024,90.6
21063,KY,Elliott,2024,78.1
21065,KY,Estill,2024,94.1
21067,KY,Fayette,2024,93.9
21069,KY,Fleming,2024,94.2
21071,KY,Floyd,2024,94.0
21073,KY,Franklin,2024,96.0
21075,KY,Fulton,2024,93.8
21077,KY,Gallatin,2024,91.5
21079,KY,Garrard,2024,82.0
21081,KY,Grant,2024,95.2
21083,KY,Graves,2024,92.7
21085,KY,Grayson,2024,95.9
21087,KY,Green,2024,98.2
21089,KY,Greenup,2024,91.8
21091,KY,Hancock,2024,89.5
21093,KY,Hardin,2024,86.0
21095,KY,Harlan,2024,77.6
21097,KY,Harrison,2024,89.8
21099,KY,Hart,2024,94.8
21101,KY,Henderson,2024,91.9
21103,KY,Henry,2024,93.6
21105,KY,Hickman,2024,95.0
21107,KY,Hopkins,2024,91.5
21109,KY,Jackson,2024,100.0
21111,KY,Jefferson,2024,81.6
21113,KY,Jessamine,2024,91.6
21115,KY,Johnson,2024,90.1
21117,KY,Kenton,2024,96.2
21119,KY,Knott,2024,66.3
21121,KY,Knox,2024,85.4
21123,KY,Larue,2024,81.5
21125,KY,Laurel,2024,95.0
21127,KY,Lawrence,2024,88.6
21129,KY,Lee,2024,91.8
21131,KY,Leslie,2024,87.8
21133,KY,Letcher,2024,93.0
21135,KY,Lewis,2024,93.2
21137,KY,Lincoln,2024,92.9
21139,KY,Livingston,2024,95.1
21141,KY,Logan,2024,84.1
21143,KY,Lyon,2024,93.9
21145,KY,Mccracken,2024,92.5
21147,KY,McCreary,2024,90.1
21149,KY,Mclean,2024,96.2
21151,KY,Madison,2024,93.7
21153,KY,Magoffin,2024,87.4
21155,KY,Marion,2024,93.7
21157,KY,Marshall,2024,86.9
21159,KY,Martin,2024,82.5
21161,KY,Mason,2024,93.1
21163,KY,Meade,2024,96.0
21165,KY,Menifee,2024,100.0
21167,KY,Mercer,2024,95.8
21169,KY,Metcalfe,2024,93.7
21171,KY,Monroe,2024,89.6
21173,KY,Montgomery,2024,97.5
21175,KY,Morgan,2024,95.2
21177,KY,Muhlenberg,2024,91.0
21179,KY,Nelson,2024,91.0
21181,KY,Nicholas,2024,96.3
21183,KY,Ohio,2024,87.7
21185,KY,Oldham,2024,96.6
21187,KY,Owen,2024,95.4
21189,KY,Owsley,2024,92.9
21191,KY,Pendleton,2024,97.5
21193,KY,Perry,2024,79.0
21195,KY,Pike,2024,96.7
21197,KY,Powell,2024,91.0
21199,KY,Pulaski,2024,94.0
21201,KY,Robertson,2024,97.1
21203,KY,Rockcastle,2024,85.8
21205,KY,Rowan,2024,91.3
21207,KY,Russell,2024,96.2
21209,KY,Scott,2024,92.0
21211,KY,Shelby,2024,92.0
21213,KY,Simpson,2024,92.4
21215,KY,Spencer,2024,92.2
21217,KY,Taylor,2024,91.9
21219,KY,Todd,2024,90.7
21221,KY,Trigg,2024,86.5
21223,KY,Trimble,2024,85.9
21225,KY,Union,2024,83.9
21227,KY,Warren,2024,86.5
21229,KY,Washington,2024,100.0
21231,KY,Wayne,2024,97.2
21233,KY,Webster,2024,87.7
21235,KY,Whitley,2024,84.9
21237,KY,Wolfe,2024,92.0
21239,KY,Woodford,2024,90.5
25001,MA,Barnstable,2024,93.9
25003,MA,Berkshire,2024,92.8
25005,MA,Bristol,2024,97.4
25007,MA,Dukes,2024,95.8
25009,MA,Essex,2024,97.0
25011,MA,Franklin,2024,92.5
25013,MA,Hampden,2024,92.6
25015,MA,Hampshire,2024,96.6
25017,MA,Middlesex,2024,97.8
25019,MA,Nantucket,2024,93.3
25021,MA,Norfolk,2024,97.7
25023,MA,Plymouth,2024,95.7
25025,MA,Suffolk,2024,93.8
25027,MA,Worcester,2024,95.9
24001,MD,Allegany,2024,97.0
24003,MD,Anne Arundel,2024,97.1
24005,MD,Baltimore,2024,97.1
24009,MD,Calvert,2024,97.3
24011,MD,Caroline,2024,97.9
24013,MD,Carroll,2024,96.2
24015,MD,Cecil,2024,95.7
24017,MD,Charles,2024,95.9
24019,MD,Dorchester,2024,99.3
24021,MD,Frederick,2024,97.0
24023,MD,Garrett,2024,96.6
24025,MD,Harford,2024,96.4
24027,MD,Howard,2024,97.8
24029,MD,Kent,2024,93.4
24031,MD,Montgomery,2024,96.3
24033,MD,Prince Georges,2024,96.7
24035,MD,Queen Annes,2024,98.3
24037,MD,St Marys,2024,96.6
24039,MD,Somerset,2024,98.9
24041,MD,Talbot,2024,98.6
24043,MD,Washington,2024,96.7
24045,MD,Wicomico,2024,95.6
24047,MD,Worcester,2024,94.5
24510,MD,Baltimore City,2024,95.6
23001,ME,Androscoggin,2024,98.1
23003,ME,Aroostook,2024,98.6
23005,ME,Cumberland,2024,95.8
23007,ME,Franklin,2024,96.3
23009,ME,Hancock,2024,97.8
23011,ME,Kennebec,2024,97.5
23013,ME,Knox,2024,94.6
23015,ME,Lincoln,2024,97.4
23017,ME,Oxford,2024,98.4
23019,ME,Penobscot,2024,98.6
23021,ME,Piscataquis,2024,93.2
23023,ME,Sagadahoc,2024,98.7
23025,ME,Somerset,2024,98.6
23027,ME,Waldo,2024,96.1
23029,ME,Washington,2024,95.4
23031,ME,York,2024,98.8
26001,MI,Alcona,2024,88.2
26003,MI,Alger,2024,94.6
26005,MI,Allegan,2024,92.4
26007,MI,Alpena,2024,90.8
26009,MI,Antrim,2024,81.7
26011,MI,Arenac,2024,90.9
26013,MI,Baraga,2024,91.2
26015,MI,Barry,2024,91.3
26017,MI,Bay,2024,91.7
26019,MI,Benzie,2024,88.0
26021,MI,Berrien,2024,91.3
26023,MI,Branch,2024,88.5
26025,MI,Calhoun,2024,90.6
26027,MI,Cass,2024,91.1
26029,MI,Charlevoix,2024,90.8
26031,MI,Cheboygan,2024,92.9
26033,MI,Chippewa,2024,88.2
26035,MI,Clare,2024,88.5
26037,MI,Clinton,2024,92.7
26039,MI,Crawford,2024,88.7
26041,MI,Delta,2024,91.7
26043,MI,Dickinson,2024,88.3
26045,MI,Eaton,2024,90.8
26047,MI,Emmet,2024,85.7
26049,MI,Genesee,2024,89.7
26051,MI,Gladwin,2024,89.9
26053,MI,Gogebic,2024,96.2
26055,MI,Grand Traverse,2024,86.6
26057,MI,Gratiot,2024,91.6
26059,MI,Hillsdale,2024,89.7
26061,MI,Houghton,2024,84.5
26063,MI,Huron,2024,89.0
26065,MI,Ingham,2024,91.3
26067,MI,Ionia,2024,90.3
26069,MI,Iosco,2024,90.6
26071,MI,Iron,2024,93.4
26073,MI,Isabella,2024,91.6
26075,MI,Jackson,2024,92.1
26077,MI,Kalamazoo,2024,91.9
26079,MI,Kalkaska,2024,89.8
26081,MI,Kent,2024,93.2
26087,MI,Lapeer,2024,83.5
26089,MI,Leelanau,2024,92.0
26091,MI,Lenawee,2024,89.6
26093,MI,Livingston,2024,87.4
26095,MI,Luce,2024,94.0
26097,MI,Mackinac,2024,87.8
26099,MI,Macomb,2024,87.1
26101,MI,Manistee,2024,83.6
26103,MI,Marquette,2024,91.0
26105,MI,Mason,2024,87.4
26107,MI,Mecosta,2024,93.9
26109,MI,Menominee,2024,86.8
26111,MI,Midland,2024,89.5
26113,MI,Missaukee,2024,86.4
26115,MI,Monroe,2024,91.8
26117,MI,Montcalm,2024,92.8
26119,MI,Montmorency,2024,83.6
26121,MI,Muskegon,2024,92.5
26123,MI,Newaygo,2024,85.0
26125,MI,Oakland,2024,88.3
26127,MI,Oceana,2024,88.8
26129,MI,Ogemaw,2024,90.3
26131,MI,Ontonagon,2024,90.0
26133,MI,Osceola,2024,86.2
26135,MI,Oscoda,2024,83.6
26137,MI,Otsego,2024,89.0
26139,MI,Ottawa,2024,94.3
26141,MI,Presque Isle,2024,92.1
26143,MI,Roscommon,2024,86.2
26145,MI,Saginaw,2024,93.0
26147,MI,St Clair,2024,87.2
26149,MI,St Joseph,2024,87.4
26151,MI,Sanilac,2024,90.6
26153,MI,Schoolcraft,2024,91.9
26155,MI,Shiawassee,2024,91.4
26157,MI,Tuscola,2024,89.4
26159,MI,Van Buren,2024,91.2
26161,MI,Washtenaw,2024,90.9
26163,MI,Wayne,2024,89.9
26165,MI,Wexford,2024,85.3
27001,MN,Aitkin,2024,78.9
27003,MN,Anoka,2024,87.6
27005,MN,Becker,2024,85.8
27007,MN,Beltrami,2024,85.5
27009,MN,Benton,2024,91.5
27011,MN,Big Stone,2024,86.6
27013,MN,Blue Earth,2024,91.0
27015,MN,Brown,2024,92.8
27017,MN,Carlton,2024,92.0
27019,MN,Carver,2024,90.2
27021,MN,Cass,2024,84.1
27023,MN,Chippewa,2024,89.7
27025,MN,Chisago,2024,88.9
27027,MN,Clay,2024,86.3
27029,MN,Clearwater,2024,70.1
27031,MN,Cook,2024,89.4
27033,MN,Cottonwood,2024,91.0
27035,MN,Crow Wing,2024,79.7
27037,MN,Dakota,2024,88.4
27039,MN,Dodge,2024,88.4
27041,MN,Douglas,2024,87.7
27043,MN,Faribault,2024,91.4
27045,MN,Fillmore,2024,81.1
27047,MN,Freeborn,2024,87.8
27049,MN,Goodhue,2024,91.8
27051,MN,Grant,2024,90.6
27053,MN,Hennepin,2024,84.1
27055,MN,Houston,2024,83.0
27057,MN,Hubbard,2024,84.8
27059,MN,Isanti,2024,87.6
27061,MN,Itasca,2024,86.9
27063,MN,Jackson,2024,89.6
27065,MN,Kanabec,2024,84.2
27067,MN,Kandiyohi,2024,89.0
27069,MN,Kittson,2024,90.6
27071,MN,Koochiching,2024,90.7
27073,MN,Lac qui Parle,2024,85.5
27075,MN,Lake,2024,81.9
27077,MN,Lake of the Woods,2024,78.6
27079,MN,Le Sueur,2024,90.3
27081,MN,Lincoln,2024,89.9
27083,MN,Lyon,2024,93.2
27085,MN,McLeod,2024,89.0
27087,MN,Mahnomen,2024,87.5
27089,MN,Marshall,2024,88.2
27091,MN,Martin,2024,81.6
27093,MN,Meeker,2024,84.9
27095,MN,Mille Lacs,2024,74.4
27097,MN,Morrison,2024,90.3
27099,MN,Mower,2024,95.1
27101,MN,Murray,2024,96.9
27103,MN,Nicollet,2024,92.0
27105,MN,Nobles,2024,89.5
27107,MN,Norman,2024,90.0
27109,MN,Olmsted,2024,92.5
27111,MN,Otter Tail,2024,82.6
27113,MN,Pennington,2024,93.2
27115,MN,Pine,2024,84.2
27117,MN,Pipestone,2024,92.2
27119,MN,Polk,2024,88.8
27121,MN,Pope,2024,93.0
27123,MN,Ramsey,2024,87.2
27125,MN,Red Lake,2024,90.0
27127,MN,Redwood,2024,88.1
27129,MN,Renville,2024,91.1
27131,MN,Rice,2024,85.0
27133,MN,Rock,2024,92.0
27135,MN,Roseau,2024,80.9
27137,MN,St Louis,2024,89.5
27139,MN,Scott,2024,86.4
27141,MN,Sherburne,2024,86.1
27143,MN,Sibley,2024,83.9
27145,MN,Stearns,2024,80.1
27147,MN,Steele,2024,92.2
27149,MN,Stevens,2024,91.3
27151,MN,Swift,2024,89.4
27153,MN,Todd,2024,94.8
27155,MN,Traverse,2024,95.1
27157,MN,Wabasha,2024,90.8
27159,MN,Wadena,2024,75.5
27161,MN,Waseca,2024,93.4
27163,MN,Washington,2024,92.5
27165,MN,Watonwan,2024,94.0
27167,MN,Wilkin,2024,97.4
27169,MN,Winona,2024,91.3
27171,MN,Wright,2024,84.9
27173,MN,Yellow Medicine,2024,95.1
29001,MO,Adair,2024,95.6
29003,MO,Andrew,2024,96.3
29005,MO,Atchison,2024,96.4
29007,MO,Audrain,2024,86.4
29009,MO,Barry,2024,90.7
29011,MO,Barton,2024,98.3
29013,MO,Bates,2024,84.4
29015,MO,Benton,2024,85.8
29017,MO,Bollinger,2024,91.4
29019,MO,Boone,2024,93.9
29021,MO,Buchanan,2024,95.8
29023,MO,Butler,2024,87.3
29025,MO,Caldwell,2024,86.3
29027,MO,Callaway,2024,91.1
29029,MO,Camden,2024,93.0
29031,MO,Cape Girardeau,2024,90.7
29033,MO,Carroll,2024,97.6
29035,MO,Carter,2024,89.0
29037,MO,Cass,2024,89.2
29039,MO,Cedar,2024,88.1
29041,MO,Chariton,2024,97.4
29043,MO,Christian,2024,78.8
29045,MO,Clark,2024,98.7
29047,MO,Clay,2024,91.5
29049,MO,Clinton,2024,90.0
29051,MO,Cole,2024,94.0
29053,MO,Cooper,2024,85.3
29055,MO,Crawford,2024,88.8
29057,MO,Dade,2024,92.5
29059,MO,Dallas,2024,95.4
29061,MO,Daviess,2024,74.7
29063,MO,DeKalb,2024,94.9
29065,MO,Dent,2024,91.6
29067,MO,Douglas,2024,66.4
29069,MO,Dunklin,2024,96.9
29071,MO,Franklin,2024,90.2
29073,MO,Gasconade,2024,94.0
29075,MO,Gentry,2024,97.6
29077,MO,Greene,2024,90.1
29079,MO,Grundy,2024,96.7
29081,MO,Harrison,2024,90.1
29083,MO,Henry,2024,84.5
29085,MO,Hickory,2024,88.9
29087,MO,Holt,2024,93.9
29089,MO,Howard,2024,95.9
29091,MO,Howell,2024,84.3
29093,MO,Iron,2024,92.9
29095,MO,Jackson,2024,89.7
29097,MO,Jasper,2024,91.5
29099,MO,Jefferson,2024,92.7
29101,MO,Johnson,2024,92.7
29103,MO,Knox,2024,100.0
29105,MO,Laclede,2024,93.5
29107,MO,Lafayette,2024,85.6
29109,MO,Lawrence,2024,83.0
29111,MO,Lewis,2024,94.2
29113,MO,Lincoln,2024,92.9
29115,MO,Linn,2024,92.7
29117,MO,Livingston,2024,91.1
29119,MO,McDonald,2024,95.1
29121,MO,Macon,2024,82.8
29123,MO,Madison,2024,97.0
29125,MO,Maries,2024,95.2
29127,MO,Marion,2024,93.0
29129,MO,Mercer,2024,89.2
29131,MO,Miller,2024,90.7
29133,MO,Mississippi,2024,97.8
29135,MO,Moniteau,2024,94.0
29137,MO,Monroe,2024,92.1
29139,MO,Montgomery,2024,93.5
29141,MO,Morgan,2024,90.6
29143,MO,New Madrid,2024,97.8
29145,MO,Newton,2024,91.6
29147,MO,Nodaway,2024,96.6
29149,MO,Oregon,2024,90.1
29151,MO,Osage,2024,93.8
29153,MO,Ozark,2024,82.5
29155,MO,Pemiscot,2024,78.2
29157,MO,Perry,2024,88.3
29159,MO,Pettis,2024,85.2
29161,MO,Phelps,2024,93.5
29163,MO,Pike,2024,92.8
29165,MO,Platte,2024,94.8
29167,MO,Polk,2024,90.7
29169,MO,Pulaski,2024,92.0
29171,MO,Putnam,2024,84.6
29173,MO,Ralls,2024,100.0
29175,MO,Randolph,2024,91.1
29177,MO,Ray,2024,92.1
29179,MO,Reynolds,2024,86.0
29181,MO,Ripley,2024,89.5
29183,MO,St Charles,2024,94.5
29185,MO,St Clair,2024,75.5
29186,MO,Ste Genevieve,2024,91.7
29187,MO,St Francois,2024,92.9
29189,MO,St Louis County,2024,91.9
29195,MO,Saline,2024,96.3
29197,MO,Schuyler,2024,100.0
29199,MO,Scotland,2024,61.1
29201,MO,Scott,2024,93.8
29203,MO,Shannon,2024,84.6
29205,MO,Shelby,2024,88.9
29207,MO,Stoddard,2024,95.2
29209,MO,Stone,2024,79.7
29211,MO,Sullivan,2024,93.2
29213,MO,Taney,2024,82.5
29215,MO,Texas,2024,82.6
29217,MO,Vernon,2024,89.8
29219,MO,Warren,2024,92.4
29221,MO,Washington,2024,88.9
29223,MO,Wayne,2024,90.6
29225,MO,Webster,2024,93.0
29227,MO,Worth,2024,100.0
29229,MO,Wright,2024,82.9
29510,MO,St Louis City,2024,74.5
28001,MS,Adams,2024,98.6
28003,MS,Alcorn,2024,98.3
28005,MS,Amite,2024,94.6
28007,MS,Attala,2024,100.0
28009,MS,Benton,2024,100.0
28011,MS,Bolivar,2024,98.6
28013,MS,Calhoun,2024,98.8
28015,MS,Carroll,2024,96.8
28017,MS,Chickasaw,2024,97.2
28019,MS,Choctaw,2024,99.1
28021,MS,Claiborne,2024,96.5
28023,MS,Clarke,2024,96.8
28025,MS,Clay,2024,98.7
28027,MS,Coahoma,2024,96.3
28029,MS,Copiah,2024,96.6
28031,MS,Covington,2024,98.0
28033,MS,DeSoto,2024,97.2
28035,MS,Forrest,2024,98.1
28037,MS,Franklin,2024,100.0
28039,MS,George,2024,96.7
28041,MS,Greene,2024,98.0
28043,MS,Grenada,2024,99.2
28045,MS,Hancock,2024,98.6
28047,MS,Harrison,2024,97.7
28049,MS,Hinds,2024,96.7
28051,MS,Holmes,2024,98.5
28055,MS,Issaquena,2024,100.0
28057,MS,Itawamba,2024,99.6
28059,MS,Jackson,2024,97.4
28061,MS,Jasper,2024,98.9
28063,MS,Jefferson,2024,98.6
28065,MS,Jefferson Davis,2024,96.0
28067,MS,Jones,2024,100.0
28069,MS,Kemper,2024,100.0
28071,MS,Lafayette,2024,96.6
28073,MS,Lamar,2024,98.8
28075,MS,Lauderdale,2024,98.5
28077,MS,Lawrence,2024,97.0
28079,MS,Leake,2024,98.2
28081,MS,Lee,2024,96.6
28083,MS,Leflore,2024,98.1
28085,MS,Lincoln,2024,97.2
28087,MS,Lowndes,2024,98.6
28089,MS,Madison,2024,97.4
28091,MS,Marion,2024,97.7
28093,MS,Marshall,2024,96.6
28095,MS,Monroe,2024,98.3
28097,MS,Montgomery,2024,98.3
28099,MS,Neshoba,2024,98.2
28101,MS,Newton,2024,96.3
28103,MS,Noxubee,2024,99.2
28105,MS,Oktibbeha,2024,98.5
28107,MS,Panola,2024,99.4
28109,MS,Pearl River,2024,85.8
28111,MS,Perry,2024,99.2
28113,MS,Pike,2024,96.4
28115,MS,Pontotoc,2024,93.8
28117,MS,Prentiss,2024,98.6
28119,MS,Quitman,2024,100.0
28121,MS,Rankin,2024,97.9
28123,MS,Scott,2024,94.2
28125,MS,Sharkey,2024,100.0
28127,MS,Simpson,2024,97.9
28129,MS,Smith,2024,97.8
28131,MS,Stone,2024,95.6
28133,MS,Sunflower,2024,99.5
28135,MS,Tallahatchie,2024,97.0
28137,MS,Tate,2024,97.8
28139,MS,Tippah,2024,98.0
28141,MS,Tishomingo,2024,98.3
28143,MS,Tunica,2024,99.3
28145,MS,Union,2024,97.6
28147,MS,Walthall,2024,99.3
28149,MS,Warren,2024,98.1
28151,MS,Washington,2024,98.9
28153,MS,Wayne,2024,94.1
28155,MS,Webster,2024,98.6
28157,MS,Wilkinson,2024,100.0
28159,MS,Winston,2024,98.2
28161,MS,Yalobusha,2024,100.0
28163,MS,Yazoo,2024,98.6
37001,NC,Alamance,2024,94.9
37003,NC,Alexander,2024,93.7
37005,NC,Alleghany,2024,94.2
37007,NC,Anson,2024,96.4
37009,NC,Ashe,2024,91.4
37011,NC,Avery,2024,93.3
37013,NC,Beaufort,2024,95.2
37015,NC,Bertie,2024,96.8
37017,NC,Bladen,2024,94.3
37019,NC,Brunswick,2024,94.9
37021,NC,Buncombe,2024,89.7
37023,NC,Burke,2024,95.9
37025,NC,Cabarrus,2024,92.0
37027,NC,Caldwell,2024,93.8
37029,NC,Camden,2024,96.4
37031,NC,Carteret,2024,93.0
37033,NC,Caswell,2024,92.1
37035,NC,Catawba,2024,94.0
37037,NC,Chatham,2024,94.1
37039,NC,Cherokee,2024,83.7
37041,NC,Chowan,2024,91.0
37043,NC,Clay,2024,86.9
37045,NC,Cleveland,2024,95.5
37047,NC,Columbus,2024,93.2
37049,NC,Craven,2024,94.4
37051,NC,Cumberland,2024,87.5
37053,NC,Currituck,2024,93.1
37055,NC,Dare,2024,97.1
37057,NC,Davidson,2024,95.2
37059,NC,Davie,2024,95.2
37061,NC,Duplin,2024,96.2
37063,NC,Durham,2024,91.5
37065,NC,Edgecombe,2024,90.3
37067,NC,Forsyth,2024,92.6
37069,NC,Franklin,2024,91.6
37071,NC,Gaston,2024,92.8
37073,NC,Gates,2024,95.5
37075,NC,Graham,2024,87.4
37077,NC,Granville,2024,95.9
37079,NC,Greene,2024,97.6
37081,NC,Guilford,2024,92.3
37083,NC,Halifax,2024,92.8
37085,NC,Harnett,2024,89.4
37087,NC,Haywood,2024,93.6
37089,NC,Henderson,2024,86.1
37091,NC,Hertford,2024,96.0
37093,NC,Hoke,2024,92.9
37095,NC,Hyde,2024,96.9
37097,NC,Iredell,2024,93.1
37099,NC,Jackson,2024,89.3
37101,NC,Johnston,2024,95.3
37103,NC,Jones,2024,97.5
37105,NC,Lee,2024,93.9
37107,NC,Lenoir,2024,92.8
37109,NC,Lincoln,2024,88.8
37111,NC,McDowell,2024,94.8
37113,NC,Macon,2024,92.5
37115,NC,Madison,2024,88.4
37117,NC,Martin,2024,94.6
37119,NC,Mecklenburg,2024,90.5
37121,NC,Mitchell,2024,87.9
37123,NC,Montgomery,2024,91.8
37125,NC,Moore,2024,94.6
37127,NC,Nash,2024,94.7
37129,NC,New Hanover,2024,92.4
37131,NC,Northampton,2024,95.1
37133,NC,Onslow,2024,90.8
37135,NC,Orange,2024,96.9
37137,NC,Pamlico,2024,94.4
37139,NC,Pasquotank,2024,93.5
37141,NC,Pender,2024,93.2
37143,NC,Perquimans,2024,94.5
37145,NC,Person,2024,96.3
37147,NC,Pitt,2024,93.4
37149,NC,Polk,2024,90.2
37151,NC,Randolph,2024,93.9
37153,NC,Richmond,2024,97.9
37155,NC,Robeson,2024,93.2
37157,NC,Rockingham,2024,94.2
37159,NC,Rowan,2024,91.0
37161,NC,Rutherford,2024,93.6
37163,NC,Sampson,2024,95.3
37165,NC,Scotland,2024,93.4
37167,NC,Stanly,2024,94.5
37169,NC,Stokes,2024,100.0
37171,NC,Surry,2024,95.9
37173,NC,Swain,2024,95.8
37175,NC,Transylvania,2024,93.5
37177,NC,Tyrrell,2024,90.8
37179,NC,Union,2024,95.7
37181,NC,Vance,2024,90.5
37183,NC,Wake,2024,91.5
37185,NC,Warren,2024,92.3
37187,NC,Washington,2024,94.0
37189,NC,Watauga,2024,95.5
37191,NC,Wayne,2024,92.7
37193,NC,Wilkes,2024,95.2
37195,NC,Wilson,2024,96.0
37197,NC,Yadkin,2024,89.8
37199,NC,Yancey,2024,96.6
38001,ND,Adams,2024,97.0
38003,ND,Barnes,2024,95.2
38005,ND,Benson,2024,95.0
38007,ND,Billings,2024,87.5
38009,ND,Bottineau,2024,87.7
38011,ND,Bowman,2024,94.1
38013,ND,Burke,2024,81.8
38015,ND,Burleigh,2024,88.7
38017,ND,Cass,2024,92.7
38019,ND,Cavalier,2024,96.7
38021,ND,Dickey,2024,77.6
38023,ND,Divide,2024,92.9
38025,ND,Dunn,2024,86.3
38027,ND,Eddy,2024,96.6
38029,ND,Emmons,2024,88.5
38031,ND,Foster,2024,97.7
38033,ND,Golden Valley,2024,87.5
38035,ND,Grand Forks,2024,93.4
38037,ND,Grant,2024,74.2
38039,ND,Griggs,2024,87.5
38041,ND,Hettinger,2024,92.0
38043,ND,Kidder,2024,86.7
38045,ND,La Moure,2024,80.0
38047,ND,Logan,2024,90.3
38049,ND,McHenry,2024,85.9
38051,ND,McIntosh,2024,96.9
38053,ND,McKenzie,2024,80.1
38055,ND,McLean,2024,86.8
38057,ND,Mercer,2024,86.6
38059,ND,Morton,2024,87.4
38061,ND,Mountrail,2024,86.2
38063,ND,Nelson,2024,95.5
38065,ND,Oliver,2024,90.9
38067,ND,Pembina,2024,93.7
38069,ND,Pierce,2024,92.7
38071,ND,Ramsey,2024,96.5
38073,ND,Ransom,2024,95.9
38075,ND,Renville,2024,87.5
38077,ND,Richland,2024,95.2
38079,ND,Rolette,2024,96.9
38081,ND,Sargent,2024,90.9
38083,ND,Sheridan,2024,75.0
38085,ND,Sioux,2024,94.5
38089,ND,Stark,2024,91.7
38091,ND,Steele,2024,66.7
38093,ND,Stutsman,2024,94.6
38095,ND,Towner,2024,90.9
38097,ND,Traill,2024,96.6
38099,ND,Walsh,2024,95.8
38101,ND,Ward,2024,92.7
38103,ND,Wells,2024,93.3
38105,ND,Williams,2024,83.5
31001,NE,Adams,2024,93.0
31003,NE,Antelope,2024,94.9
31007,NE,Banner,2024,100.0
31011,NE,Boone,2024,94.5
31013,NE,Box Butte,2024,97.2
31015,NE,Boyd,2024,95.7
31017,NE,Brown,2024,100.0
31019,NE,Buffalo,2024,96.5
31021,NE,Burt,2024,93.6
31023,NE,Butler,2024,91.7
31025,NE,Cass,2024,96.6
31027,NE,Cedar,2024,87.3
31029,NE,Chase,2024,97.5
31031,NE,Cherry,2024,93.9
31033,NE,Cheyenne,2024,86.7
31035,NE,Clay,2024,93.0
31037,NE,Colfax,2024,97.5
31039,NE,Cuming,2024,95.6
31043,NE,Dakota,2024,88.7
31045,NE,Dawes,2024,93.5
31047,NE,Dawson,2024,93.2
31051,NE,Dixon,2024,93.8
31053,NE,Dodge,2024,89.2
31055,NE,Douglas,2024,95.7
31057,NE,Dundy,2024,93.8
31059,NE,Fillmore,2024,95.2
31063,NE,Frontier,2024,82.5
31065,NE,Furnas,2024,95.7
31067,NE,Gage,2024,94.3
31069,NE,Garden,2024,93.8
31071,NE,Garfield,2024,95.7
31073,NE,Gosper,2024,100.0
31075,NE,Grant,2024,90.0
31077,NE,Greeley,2024,96.3
31079,NE,Hall,2024,96.3
31081,NE,Hamilton,2024,92.6
31083,NE,Harlan,2024,72.0
31087,NE,Hitchcock,2024,87.0
31089,NE,Holt,2024,95.3
31093,NE,Howard,2024,98.9
31095,NE,Jefferson,2024,97.7
31097,NE,Johnson,2024,95.8
31099,NE,Kearney,2024,94.4
31101,NE,Keith,2024,92.4
31103,NE,Keya Paha,2024,71.4
31105,NE,Kimball,2024,93.5
31107,NE,Knox,2024,95.4
31109,NE,Lancaster,2024,91.7
31111,NE,Lincoln,2024,95.0
31119,NE,Madison,2024,96.4
31121,NE,Merrick,2024,98.7
31123,NE,Morrill,2024,90.7
31125,NE,Nance,2024,95.7
31127,NE,Nemaha,2024,88.5
31129,NE,Nuckolls,2024,90.9
31131,NE,Otoe,2024,94.0
31135,NE,Perkins,2024,82.1
31137,NE,Phelps,2024,90.4
31139,NE,Pierce,2024,95.7
31141,NE,Platte,2024,96.9
31143,NE,Polk,2024,93.0
31145,NE,Red Willow,2024,93.3
31147,NE,Richardson,2024,95.4
31151,NE,Saline,2024,96.4
31153,NE,Sarpy,2024,94.9
31155,NE,Saunders,2024,96.2
31157,NE,Scotts Bluff,2024,93.5
31159,NE,Seward,2024,96.2
31161,NE,Sheridan,2024,83.3
31167,NE,Stanton,2024,96.6
31169,NE,Thayer,2024,91.5
31173,NE,Thurston,2024,99.3
31175,NE,Valley,2024,90.4
31177,NE,Washington,2024,79.8
31179,NE,Wayne,2024,97.5
31181,NE,Webster,2024,97.6
31183,NE,Wheeler,2024,85.7
31185,NE,York,2024,91.3
33001,NH,Belknap,2024,94.0
33003,NH,Carroll,2024,92.4
33005,NH,Cheshire,2024,92.0
33007,NH,Coos,2024,95.7
33009,NH,Grafton,2024,91.8
33011,NH,Hillsborough,2024,92.3
33013,NH,Merrimack,2024,91.1
33015,NH,Rockingham,2024,94.8
33017,NH,Strafford,2024,93.6
33019,NH,Sullivan,2024,93.0
34001,NJ,Atlantic,2024,92.2
34003,NJ,Bergen,2024,95.4
34005,NJ,Burlington,2024,93.4
34007,NJ,Camden,2024,95.0
34009,NJ,Cape May,2024,91.8
34011,NJ,Cumberland,2024,93.3
34013,NJ,Essex,2024,93.5
34015,NJ,Gloucester,2024,94.9
34017,NJ,Hudson,2024,93.9
34019,NJ,Hunterdon,2024,92.8
34021,NJ,Mercer,2024,93.7
34023,NJ,Middlesex,2024,95.6
34025,NJ,Monmouth,2024,90.2
34027,NJ,Morris,2024,94.1
34029,NJ,Ocean,2024,86.1
34031,NJ,Passaic,2024,95.3
34033,NJ,Salem,2024,95.4
34035,NJ,Somerset,2024,95.2
34037,NJ,Sussex,2024,89.6
34039,NJ,Union,2024,92.7
34041,NJ,Warren,2024,91.5
35001,NM,Bernalillo,2024,93.7
35003,NM,Catron,2024,53.3
35005,NM,Chaves,2024,97.5
35006,NM,Cibola,2024,90.7
35007,NM,Colfax,2024,96.6
35009,NM,Curry,2024,96.4
35011,NM,De Baca,2024,94.1
35013,NM,Dona Ana,2024,97.8
35015,NM,Eddy,2024,95.1
35017,NM,Grant,2024,97.1
35019,NM,Guadalupe,2024,94.4
35021,NM,Harding,2024,66.7
35023,NM,Hidalgo,2024,100.0
35025,NM,Lea,2024,97.9
35027,NM,Lincoln,2024,94.9
35028,NM,Los Alamos,2024,98.2
35029,NM,Luna,2024,99.7
35031,NM,McKinley,2024,86.8
35033,NM,Mora,2024,94.1
35035,NM,Otero,2024,98.2
35037,NM,Quay,2024,98.8
35039,NM,Rio Arriba,2024,91.8
35041,NM,Roosevelt,2024,96.7
35043,NM,Sandoval,2024,96.3
35045,NM,San Juan,2024,97.1
35047,NM,San Miguel,2024,86.1
35049,NM,Santa Fe,2024,93.6
35051,NM,Sierra,2024,96.3
35053,NM,Socorro,2024,93.2
35055,NM,Taos,2024,84.8
35057,NM,Torrance,2024,91.1
35059,NM,Union,2024,88.6
35061,NM,Valencia,2024,96.8
32001,NV,Churchill,2024,93.1
32003,NV,Clark,2024,91.5
32005,NV,Douglas,2024,86.2
32007,NV,Elko,2024,94.8
32009,NV,Esmeralda,2024,75.0
32011,NV,Eureka,2024,91.7
32013,NV,Humboldt,2024,93.0
32015,NV,Lander,2024,88.1
32017,NV,Lincoln,2024,63.3
32019,NV,Lyon,2024,93.9
32021,NV,Mineral,2024,89.3
32023,NV,Nye,2024,83.7
32027,NV,Pershing,2024,88.6
32029,NV,Storey,2024,95.8
32031,NV,Washoe,2024,94.8
32033,NV,White Pine,2024,83.0
32510,NV,Carson City,2024,92.3
36001,NY,Albany,2024,99.0
36003,NY,Allegany,2024,99.5
36005,NY,Bronx,2024,98.8
36007,NY,Broome,2024,99.7
36009,NY,Cattaraugus,2024,99.8
36011,NY,Cayuga,2024,100.0
36013,NY,Chautauqua,2024,99.3
36015,NY,Chemung,2024,99.9
36017,NY,Chenango,2024,100.0
36019,NY,Clinton,2024,100.0
36021,NY,Columbia,2024,99.5
36023,NY,Cortland,2024,100.0
36025,NY,Delaware,2024,99.9
36027,NY,Dutchess,2024,99.5
36029,NY,Erie,2024,99.6
36031,NY,Essex,2024,99.7
36033,NY,Franklin,2024,99.3
36035,NY,Fulton,2024,99.7
36037,NY,Genesee,2024,99.8
36039,NY,Greene,2024,99.8
36041,NY,Hamilton,2024,100.0
36043,NY,Herkimer,2024,99.9
36045,NY,Jefferson,2024,99.9
36047,NY,Kings,2024,98.1
36049,NY,Lewis,2024,99.0
36051,NY,Livingston,2024,99.9
36053,NY,Madison,2024,99.9
36055,NY,Monroe,2024,99.8
36057,NY,Montgomery,2024,99.8
36059,NY,Nassau,2024,99.5
36061,NY,New York,2024,99.4
36063,NY,Niagara,2024,99.8
36065,NY,Oneida,2024,99.9
36067,NY,Onondaga,2024,99.9
36069,NY,Ontario,2024,100.0
36071,NY,Orange,2024,98.8
36073,NY,Orleans,2024,99.7
36075,NY,Oswego,2024,99.5
36077,NY,Otsego,2024,100.0
36079,NY,Putnam,2024,99.8
36081,NY,Queens,2024,98.8
36083,NY,Rensselaer,2024,99.8
36085,NY,Richmond,2024,99.4
36087,NY,Rockland,2024,97.3
36089,NY,St Lawrence,2024,100.0
36091,NY,Saratoga,2024,99.9
36093,NY,Schenectady,2024,98.6
36095,NY,Schoharie,2024,99.7
36097,NY,Schuyler,2024,99.8
36099,NY,Seneca,2024,98.6
36101,NY,Steuben,2024,99.9
36103,NY,Suffolk,2024,99.7
36105,NY,Sullivan,2024,99.7
36107,NY,Tioga,2024,99.8
36109,NY,Tompkins,2024,99.8
36111,NY,Ulster,2024,99.6
36113,NY,Warren,2024,99.8
36115,NY,Washington,2024,100.0
36117,NY,Wayne,2024,100.0
36119,NY,Westchester,2024,99.6
36121,NY,Wyoming,2024,99.3
36123,NY,Yates,2024,93.1
40001,OK,Adair,2024,91.0
40003,OK,Alfalfa,2024,86.0
40005,OK,Atoka,2024,82.4
40007,OK,Beaver,2024,88.9
40009,OK,Beckham,2024,91.9
40011,OK,Blaine,2024,85.4
40013,OK,Bryan,2024,87.3
40015,OK,Caddo,2024,79.9
40017,OK,Canadian,2024,89.4
40019,OK,Carter,2024,88.8
40021,OK,Cherokee,2024,93.8
40023,OK,Choctaw,2024,82.7
40025,OK,Cimarron,2024,80.6
40027,OK,Cleveland,2024,93.4
40029,OK,Coal,2024,76.9
40031,OK,Comanche,2024,87.7
40033,OK,Cotton,2024,89.1
40035,OK,Craig,2024,90.1
40037,OK,Creek,2024,82.6
40039,OK,Custer,2024,90.8
40041,OK,Delaware,2024,92.7
40043,OK,Dewey,2024,75.0
40045,OK,Ellis,2024,89.3
40047,OK,Garfield,2024,95.6
40049,OK,Garvin,2024,88.8
40051,OK,Grady,2024,91.3
40053,OK,Grant,2024,90.5
40055,OK,Greer,2024,86.5
40057,OK,Harmon,2024,88.9
40059,OK,Harper,2024,97.2
40061,OK,Haskell,2024,88.2
40063,OK,Hughes,2024,91.3
40065,OK,Jackson,2024,95.9
40067,OK,Jefferson,2024,92.4
40069,OK,Johnston,2024,74.6
40071,OK,Kay,2024,97.4
40073,OK,Kingfisher,2024,86.7
40075,OK,Kiowa,2024,93.8
40077,OK,Latimer,2024,92.0
40079,OK,Le Flore,2024,93.9
40081,OK,Lincoln,2024,87.1
40083,OK,Logan,2024,83.8
40085,OK,Love,2024,91.0
40087,OK,McClain,2024,87.6
40089,OK,McCurtain,2024,85.3
40091,OK,McIntosh,2024,86.7
40093,OK,Major,2024,90.5
40095,OK,Marshall,2024,86.2
40097,OK,Mayes,2024,93.1
40099,OK,Murray,2024,79.4
40101,OK,Muskogee,2024,88.4
40103,OK,Noble,2024,75.2
40105,OK,Nowata,2024,93.6
40107,OK,Okfuskee,2024,93.2
40109,OK,Oklahoma,2024,87.6
40111,OK,Okmulgee,2024,89.1
40113,OK,Osage,2024,88.3
40115,OK,Ottawa,2024,85.2
40117,OK,Pawnee,2024,89.6
40119,OK,Payne,2024,92.0
40121,OK,Pittsburg,2024,90.2
40123,OK,Pontotoc,2024,95.3
40125,OK,Pottawatomie,2024,91.3
40127,OK,Pushmataha,2024,84.7
40129,OK,Roger Mills,2024,91.2
40131,OK,Rogers,2024,91.1
40133,OK,Seminole,2024,85.4
40135,OK,Sequoyah,2024,83.6
40137,OK,Stephens,2024,92.8
40139,OK,Texas,2024,91.8
40141,OK,Tillman,2024,83.1
40143,OK,Tulsa,2024,89.0
40145,OK,Wagoner,2024,88.0
40147,OK,Washington,2024,90.2
40149,OK,Washita,2024,90.8
40151,OK,Woods,2024,94.8
40153,OK,Woodward,2024,82.0
41001,OR,Baker,2024,84.0
41003,OR,Benton,2024,94.1
41005,OR,Clackamas,2024,91.0
41007,OR,Clatsop,2024,89.1
41009,OR,Columbia,2024,85.5
41011,OR,Coos,2024,91.3
41013,OR,Crook,2024,89.5
41015,OR,Curry,2024,84.2
41017,OR,Deschutes,2024,91.2
41019,OR,Douglas,2024,87.5
41021,OR,Gilliam,2024,85.0
41023,OR,Grant,2024,85.9
41025,OR,Harney,2024,89.1
41027,OR,Hood River,2024,89.3
41029,OR,Jackson,2024,87.4
41031,OR,Jefferson,2024,92.9
41033,OR,Josephine,2024,78.7
41035,OR,Klamath,2024,93.0
41037,OR,Lake,2024,88.9
41039,OR,Lane,2024,92.0
41041,OR,Lincoln,2024,91.7
41043,OR,Linn,2024,89.2
41045,OR,Malheur,2024,96.2
41047,OR,Marion,2024,93.0
41049,OR,Morrow,2024,89.9
41051,OR,Multnomah,2024,92.6
41053,OR,Polk,2024,90.6
41055,OR,Sherman,2024,89.9
41057,OR,Tillamook,2024,90.2
41059,OR,Umatilla,2024,93.7
41061,OR,Union,2024,89.8
41063,OR,Wallowa,2024,90.8
41065,OR,Wasco,2024,89.9
41067,OR,Washington,2024,95.3
41069,OR,Wheeler,2024,90.0
41071,OR,Yamhill,2024,89.1
42001,PA,Adams,2024,94.1
42003,PA,Allegheny,2024,94.4
42005,PA,Armstrong,2024,90.6
42007,PA,Beaver,2024,91.1
42009,PA,Bedford,2024,93.4
42011,PA,Berks,2024,95.1
42013,PA,Blair,2024,94.2
42015,PA,Bradford,2024,89.6
42017,PA,Bucks,2024,94.6
42019,PA,Butler,2024,94.1
42021,PA,Cambria,2024,95.7
42023,PA,Cameron,2024,84.2
42025,PA,Carbon,2024,92.9
42027,PA,Centre,2024,95.2
42029,PA,Chester,2024,94.7
42031,PA,Clarion,2024,92.9
42033,PA,Clearfield,2024,93.3
42035,PA,Clinton,2024,96.4
42037,PA,Columbia,2024,96.4
42039,PA,Crawford,2024,93.5
42041,PA,Cumberland,2024,95.3
42043,PA,Dauphin,2024,87.9
42045,PA,Delaware,2024,94.2
42047,PA,Elk,2024,95.6
42049,PA,Erie,2024,94.9
42051,PA,Fayette,2024,93.3
42053,PA,Forest,2024,100.0
42055,PA,Franklin,2024,92.5
42057,PA,Fulton,2024,88.2
42059,PA,Greene,2024,97.2
42061,PA,Huntingdon,2024,94.6
42063,PA,Indiana,2024,91.2
42065,PA,Jefferson,2024,96.3
42067,PA,Juniata,2024,87.7
42069,PA,Lackawanna,2024,96.3
42071,PA,Lancaster,2024,90.5
42073,PA,Lawrence,2024,94.6
42075,PA,Lebanon,2024,91.7
42077,PA,Lehigh,2024,95.9
42079,PA,Luzerne,2024,95.2
42081,PA,Lycoming,2024,96.0
42083,PA,McKean,2024,92.6
42085,PA,Mercer,2024,93.4
42087,PA,Mifflin,2024,96.2
42089,PA,Monroe,2024,91.1
42091,PA,Montgomery,2024,95.2
42093,PA,Montour,2024,98.9
42095,PA,Northampton,2024,95.1
42097,PA,Northumberland,2024,92.3
42099,PA,Perry,2024,96.6
42101,PA,Philadelphia,2024,94.5
42103,PA,Pike,2024,86.8
42105,PA,Potter,2024,92.2
42107,PA,Schuylkill,2024,95.3
42109,PA,Snyder,2024,89.1
42111,PA,Somerset,2024,93.5
42113,PA,Sullivan,2024,100.0
42115,PA,Susquehanna,2024,91.7
42117,PA,Tioga,2024,93.4
42119,PA,Union,2024,91.1
42121,PA,Venango,2024,92.9
42123,PA,Warren,2024,97.1
42125,PA,Washington,2024,95.0
42127,PA,Wayne,2024,87.0
42129,PA,Westmoreland,2024,92.4
42131,PA,Wyoming,2024,92.0
42133,PA,York,2024,94.9
44001,RI,Bristol,2024,97.8
44003,RI,Kent,2024,92.0
44005,RI,Newport,2024,93.7
44007,RI,Providence,2024,95.1
44009,RI,Washington,2024,97.1
45001,SC,Abbeville,2024,93.6
45003,SC,Aiken,2024,92.8
45005,SC,Allendale,2024,96.0
45007,SC,Anderson,2024,95.3
45009,SC,Bamberg,2024,98.5
45011,SC,Barnwell,2024,95.7
45013,SC,Beaufort,2024,95.1
45015,SC,Berkeley,2024,93.0
45017,SC,Calhoun,2024,92.4
45019,SC,Charleston,2024,93.5
45021,SC,Cherokee,2024,95.1
45023,SC,Chester,2024,95.2
45025,SC,Chesterfield,2024,97.1
45027,SC,Clarendon,2024,98.0
45029,SC,Colleton,2024,96.3
45031,SC,Darlington,2024,98.1
45033,SC,Dillon,2024,98.6
45035,SC,Dorchester,2024,94.7
45037,SC,Edgefield,2024,96.6
45039,SC,Fairfield,2024,89.7
45041,SC,Florence,2024,97.0
45043,SC,Georgetown,2024,95.8
45045,SC,Greenville,2024,93.0
45047,SC,Greenwood,2024,96.4
45049,SC,Hampton,2024,97.5
45051,SC,Horry,2024,90.9
45053,SC,Jasper,2024,89.7
45055,SC,Kershaw,2024,94.0
45057,SC,Lancaster,2024,94.7
45059,SC,Laurens,2024,95.2
45061,SC,Lee,2024,96.5
45063,SC,Lexington,2024,94.8
45065,SC,McCormick,2024,95.0
45067,SC,Marion,2024,98.9
45069,SC,Marlboro,2024,97.3
45071,SC,Newberry,2024,97.5
45073,SC,Oconee,2024,95.0
45075,SC,Orangeburg,2024,96.2
45077,SC,Pickens,2024,95.4
45079,SC,Richland,2024,91.3
45081,SC,Saluda,2024,94.7
45083,SC,Spartanburg,2024,91.2
45085,SC,Sumter,2024,95.9
45087,SC,Union,2024,97.8
45089,SC,Williamsburg,2024,97.5
45091,SC,York,2024,94.4
46003,SD,Aurora,2024,94.0
46005,SD,Beadle,2024,85.0
46007,SD,Bennett,2024,73.0
46009,SD,Bon Homme,2024,87.0
46011,SD,Brookings,2024,90.0
46013,SD,Brown,2024,96.0
46015,SD,Brule,2024,93.0
46019,SD,Butte,2024,96.0
46021,SD,Campbell,2024,83.0
46023,SD,Charles Mix,2024,82.0
46025,SD,Clark,2024,69.0
46027,SD,Clay,2024,94.0
46029,SD,Codington,2024,86.0
46031,SD,Corson,2024,93.0
46033,SD,Custer,2024,86.0
46035,SD,Davison,2024,94.0
46037,SD,Day,2024,98.0
46039,SD,Deuel,2024,100.0
46041,SD,Dewey,2024,92.0
46043,SD,Douglas,2024,78.0
46045,SD,Edmunds,2024,72.0
46047,SD,Fall River,2024,81.0
46049,SD,Faulk,2024,56.0
46051,SD,Grant,2024,92.0
46053,SD,Gregory,2024,78.0
46055,SD,Haakon,2024,96.0
46057,SD,Hamlin,2024,82.0
46059,SD,Hand,2024,88.0
46061,SD,Hanson,2024,79.0
46063,SD,Harding,2024,79.0
46065,SD,Hughes,2024,95.0
46067,SD,Hutchinson,2024,64.0
46069,SD,Hyde,2024,90.0
46071,SD,Jackson,2024,98.0
46073,SD,Jerauld,2024,81.0
46075,SD,Jones,2024,80.0
46077,SD,Kingsbury,2024,90.0
46079,SD,Lake,2024,80.0
46081,SD,Lawrence,2024,92.0
46083,SD,Lincoln,2024,95.0
46085,SD,Lyman,2024,89.0
46087,SD,McCook,2024,91.0
46089,SD,McPherson,2024,83.0
46091,SD,Marshall,2024,72.0
46093,SD,Meade,2024,95.0
46095,SD,Mellette,2024,94.0
46097,SD,Miner,2024,83.0
46099,SD,Minnehaha,2024,91.0
46101,SD,Moody,2024,89.0
46102,SD,Oglala Lakota,2024,85.0
46103,SD,Pennington,2024,95.0
46105,SD,Perkins,2024,85.0
46107,SD,Potter,2024,89.0
46109,SD,Roberts,2024,90.0
46111,SD,Sanborn,2024,66.0
46115,SD,Spink,2024,83.0
46117,SD,Stanley,2024,95.0
46119,SD,Sully,2024,100.0
46121,SD,Todd,2024,89.0
46123,SD,Tripp,2024,86.0
46125,SD,Turner,2024,89.0
46127,SD,Union,2024,95.0
46129,SD,Walworth,2024,90.0
46135,SD,Yankton,2024,97.0
46137,SD,Ziebach,2024,95.0
47001,TN,Anderson,2024,96.3
47003,TN,Bedford,2024,96.8
47005,TN,Benton,2024,96.4
47007,TN,Bledsoe,2024,97.6
47009,TN,Blount,2024,94.0
47011,TN,Bradley,2024,92.8
47013,TN,Campbell,2024,96.4
47015,TN,Cannon,2024,94.1
47017,TN,Carroll,2024,97.3
47019,TN,Carter,2024,96.9
47021,TN,Cheatham,2024,93.8
47023,TN,Chester,2024,90.3
47025,TN,Claiborne,2024,92.1
47027,TN,Clay,2024,95.7
47029,TN,Cocke,2024,98.2
47031,TN,Coffee,2024,96.7
47033,TN,Crockett,2024,95.3
47035,TN,Cumberland,2024,96.2
47037,TN,Davidson,2024,94.8
47039,TN,Decatur,2024,92.2
47041,TN,De Kalb,2024,96.1
47043,TN,Dickson,2024,95.4
47045,TN,Dyer,2024,97.8
47047,TN,Fayette,2024,98.3
47049,TN,Fentress,2024,89.8
47051,TN,Franklin,2024,95.8
47053,TN,Gibson,2024,93.5
47055,TN,Giles,2024,93.2
47057,TN,Grainger,2024,98.7
47059,TN,Greene,2024,97.5
47061,TN,Grundy,2024,83.2
47063,TN,Hamblen,2024,92.9
47065,TN,Hamilton,2024,92.2
47067,TN,Hancock,2024,94.1
47069,TN,Hardeman,2024,97.1
47071,TN,Hardin,2024,94.7
47073,TN,Hawkins,2024,95.1
47075,TN,Haywood,2024,95.7
47077,TN,Henderson,2024,94.9
47079,TN,Henry,2024,96.3
47081,TN,Hickman,2024,94.7
47083,TN,Houston,2024,98.9
47085,TN,Humphreys,2024,96.8
47087,TN,Jackson,2024,91.4
47089,TN,Jefferson,2024,94.3
47091,TN,Johnson,2024,98.0
47093,TN,Knox,2024,95.5
47095,TN,Lake,2024,98.0
47099,TN,Lawrence,2024,92.4
47101,TN,Lewis,2024,90.3
47103,TN,Lincoln,2024,94.7
47105,TN,Loudon,2024,95.1
47107,TN,McMinn,2024,95.6
47111,TN,Macon,2024,99.2
47113,TN,Madison,2024,95.5
47115,TN,Marion,2024,96.5
47117,TN,Marshall,2024,93.3
47119,TN,Maury,2024,91.3
47121,TN,Meigs,2024,94.4
47123,TN,Monroe,2024,94.4
47125,TN,Montgomery,2024,94.4
47127,TN,Moore,2024,91.7
47129,TN,Morgan,2024,96.0
47131,TN,Obion,2024,99.0
47133,TN,Overton,2024,97.4
47135,TN,Perry,2024,95.9
47137,TN,Pickett,2024,100.0
47139,TN,Polk,2024,92.0
47141,TN,Putnam,2024,93.9
47143,TN,Rhea,2024,96.5
47145,TN,Roane,2024,95.9
47147,TN,Robertson,2024,95.1
47149,TN,Rutherford,2024,95.2
47151,TN,Scott,2024,96.1
47153,TN,Sequatchie,2024,98.8
47155,TN,Sevier,2024,94.2
47157,TN,Shelby,2024,96.8
47159,TN,Smith,2024,95.9
47161,TN,Stewart,2024,98.0
47163,TN,Sullivan,2024,95.5
47165,TN,Sumner,2024,95.0
47167,TN,Tipton,2024,95.3
47169,TN,Trousdale,2024,90.7
47171,TN,Unicoi,2024,96.4
47173,TN,Union,2024,86.3
47175,TN,Van Buren,2024,66.7
47177,TN,Warren,2024,95.4
47179,TN,Washington,2024,95.9
47181,TN,Wayne,2024,96.3
47183,TN,Weakley,2024,96.3
47185,TN,White,2024,93.8
47187,TN,Williamson,2024,92.7
47189,TN,Wilson,2024,94.8
48001,TX,Anderson,2024,95.7
48003,TX,Andrews,2024,97.7
48005,TX,Angelina,2024,94.1
48007,TX,Aransas,2024,97.7
48009,TX,Archer,2024,95.4
48011,TX,Armstrong,2024,96.0
48013,TX,Atascosa,2024,98.5
48015,TX,Austin,2024,94.5
48017,TX,Bailey,2024,98.9
48019,TX,Bandera,2024,95.4
48021,TX,Bastrop,2024,94.9
48023,TX,Baylor,2024,92.3
48025,TX,Bee,2024,97.5
48027,TX,Bell,2024,95.9
48029,TX,Bexar,2024,94.4
48031,TX,Blanco,2024,86.2
48033,TX,Borden,2024,94.4
48035,TX,Bosque,2024,92.6
48037,TX,Bowie,2024,95.1
48039,TX,Brazoria,2024,96.7
48041,TX,Brazos,2024,96.4
48043,TX,Brewster,2024,94.7
48045,TX,Briscoe,2024,80.0
48047,TX,Brooks,2024,98.9
48049,TX,Brown,2024,93.6
48051,TX,Burleson,2024,97.6
48053,TX,Burnet,2024,91.4
48055,TX,Caldwell,2024,96.9
48057,TX,Calhoun,2024,98.7
48059,TX,Callahan,2024,94.1
48061,TX,Cameron,2024,98.5
48063,TX,Camp,2024,95.4
48065,TX,Carson,2024,91.7
48067,TX,Cass,2024,95.5
48069,TX,Castro,2024,99.0
48071,TX,Chambers,2024,94.3
48073,TX,Cherokee,2024,97.4
48075,TX,Childress,2024,70.5
48077,TX,Clay,2024,91.2
48079,TX,Cochran,2024,95.2
48081,TX,Coke,2024,88.6
48083,TX,Coleman,2024,89.7
48085,TX,Collin,2024,93.3
48087,TX,Collingsworth,2024,95.3
48089,TX,Colorado,2024,95.6
48091,TX,Comal,2024,92.3
48093,TX,Comanche,2024,97.3
48095,TX,Concho,2024,100.0
48097,TX,Cooke,2024,92.3
48099,TX,Coryell,2024,95.2
48101,TX,Cottle,2024,88.9
48105,TX,Crockett,2024,100.0
48107,TX,Crosby,2024,96.4
48109,TX,Culberson,2024,96.2
48111,TX,Dallam,2024,95.3
48113,TX,Dallas,2024,94.3
48115,TX,Dawson,2024,88.1
48117,TX,Deaf Smith,2024,98.4
48119,TX,Delta,2024,93.8
48121,TX,Denton,2024,91.7
48123,TX,DeWitt,2024,97.3
48125,TX,Dickens,2024,90.5
48127,TX,Dimmit,2024,98.2
48129,TX,Donley,2024,97.7
48131,TX,Duval,2024,97.7
48133,TX,Eastland,2024,95.6
48135,TX,Ector,2024,91.3
48137,TX,Edwards,2024,96.4
48139,TX,Ellis,2024,93.7
48141,TX,El Paso,2024,96.4
48143,TX,Erath,2024,93.9
48145,TX,Falls,2024,91.8
48147,TX,Fannin,2024,94.1
48149,TX,Fayette,2024,97.0
48151,TX,Fisher,2024,95.5
48153,TX,Floyd,2024,95.1
48155,TX,Foard,2024,66.7
48157,TX,Fort Bend,2024,95.7
48159,TX,Franklin,2024,95.2
48161,TX,Freestone,2024,92.5
48163,TX,Frio,2024,98.5
48165,TX,Gaines,2024,82.0
48167,TX,Galveston,2024,95.0
48169,TX,Garza,2024,97.1
48171,TX,Gillespie,2024,94.2
48173,TX,Glasscock,2024,94.4
48175,TX,Goliad,2024,93.2
48177,TX,Gonzales,2024,96.1
48179,TX,Gray,2024,90.7
48181,TX,Grayson,2024,93.4
48183,TX,Gregg,2024,94.6
48185,TX,Grimes,2024,94.3
48187,TX,Guadalupe,2024,97.1
48189,TX,Hale,2024,98.3
48191,TX,Hall,2024,70.6
48193,TX,Hamilton,2024,97.7
48195,TX,Hansford,2024,97.4
48197,TX,Hardeman,2024,100.0
48199,TX,Hardin,2024,92.7
48201,TX,Harris,2024,94.1
48203,TX,Harrison,2024,94.0
48205,TX,Hartley,2024,83.3
48207,TX,Haskell,2024,94.0
48209,TX,Hays,2024,95.1
48211,TX,Hemphill,2024,94.3
48213,TX,Henderson,2024,94.2
48215,TX,Hidalgo,2024,96.7
48217,TX,Hill,2024,89.4
48219,TX,Hockley,2024,94.4
48221,TX,Hood,2024,90.9
48223,TX,Hopkins,2024,95.0
48225,TX,Houston,2024,89.2
48227,TX,Howard,2024,97.3
48229,TX,Hudspeth,2024,92.1
48231,TX,Hunt,2024,94.2
48233,TX,Hutchinson,2024,95.7
48235,TX,Irion,2024,92.0
48237,TX,Jack,2024,92.7
48239,TX,Jackson,2024,98.8
48241,TX,Jasper,2024,89.8
48243,TX,Jeff Davis,2024,94.3
48245,TX,Jefferson,2024,95.8
48247,TX,Jim Hogg,2024,81.8
48249,TX,Jim Wells,2024,97.4
48251,TX,Johnson,2024,93.7
48253,TX,Jones,2024,95.7
48255,TX,Karnes,2024,97.8
48257,TX,Kaufman,2024,94.9
48259,TX,Kendall,2024,91.1
48261,TX,Kenedy,2024,92.9
48263,TX,Kent,2024,84.6
48265,TX,Kerr,2024,93.2
48267,TX,Kimble,2024,97.6
48269,TX,King,2024,100.0
48271,TX,Kinney,2024,97.4
48273,TX,Kleberg,2024,96.6
48275,TX,Knox,2024,94.6
48277,TX,Lamar,2024,96.8
48279,TX,Lamb,2024,97.4
48281,TX,Lampasas,2024,94.4
48283,TX,La Salle,2024,100.0
48285,TX,Lavaca,2024,92.5
48287,TX,Lee,2024,96.0
48289,TX,Leon,2024,94.8
48291,TX,Liberty,2024,96.5
48293,TX,Limestone,2024,92.6
48295,TX,Lipscomb,2024,88.6
48297,TX,Live Oak,2024,96.1
48299,TX,Llano,2024,90.8
48303,TX,Lubbock,2024,92.3
48305,TX,Lynn,2024,92.2
48307,TX,McCulloch,2024,94.0
48309,TX,McLennan,2024,96.5
48311,TX,McMullen,2024,95.5
48313,TX,Madison,2024,99.5
48315,TX,Marion,2024,98.4
48317,TX,Martin,2024,96.6
48319,TX,Mason,2024,89.1
48321,TX,Matagorda,2024,97.1
48323,TX,Maverick,2024,96.3
48325,TX,Medina,2024,94.9
48327,TX,Menard,2024,95.2
48329,TX,Midland,2024,94.8
48331,TX,Milam,2024,94.9
48333,TX,Mills,2024,93.8
48335,TX,Mitchell,2024,93.4
48337,TX,Montague,2024,85.2
48339,TX,Montgomery,2024,93.9
48341,TX,Moore,2024,97.4
48343,TX,Morris,2024,96.2
48345,TX,Motley,2024,93.3
48347,TX,Nacogdoches,2024,96.5
48349,TX,Navarro,2024,95.9
48351,TX,Newton,2024,85.9
48353,TX,Nolan,2024,91.8
48355,TX,Nueces,2024,96.5
48357,TX,Ochiltree,2024,97.3
48359,TX,Oldham,2024,84.0
48361,TX,Orange,2024,91.1
48363,TX,Palo Pinto,2024,94.0
48365,TX,Panola,2024,94.1
48367,TX,Parker,2024,91.8
48369,TX,Parmer,2024,95.0
48371,TX,Pecos,2024,78.4
48373,TX,Polk,2024,93.4
48375,TX,Potter,2024,96.3
48377,TX,Presidio,2024,90.7
48379,TX,Rains,2024,90.4
48381,TX,Randall,2024,93.9
48383,TX,Reagan,2024,100.0
48387,TX,Red River,2024,91.1
48389,TX,Reeves,2024,94.9
48391,TX,Refugio,2024,96.3
48393,TX,Roberts,2024,100.0
48395,TX,Robertson,2024,97.6
48397,TX,Rockwall,2024,91.5
48399,TX,Runnels,2024,93.8
48401,TX,Rusk,2024,92.5
48403,TX,Sabine,2024,94.0
48405,TX,San Augustine,2024,92.7
48407,TX,San Jacinto,2024,95.4
48409,TX,San Patricio,2024,97.6
48411,TX,San Saba,2024,97.5
48413,TX,Schleicher,2024,100.0
48415,TX,Scurry,2024,97.8
48417,TX,Shackelford,2024,83.3
48419,TX,Shelby,2024,94.3
48421,TX,Sherman,2024,96.2
48423,TX,Smith,2024,93.3
48425,TX,Somervell,2024,93.1
48427,TX,Starr,2024,97.2
48429,TX,Stephens,2024,85.7
48431,TX,Sterling,2024,76.5
48435,TX,Sutton,2024,97.9
48437,TX,Swisher,2024,95.6
48439,TX,Tarrant,2024,91.5
48441,TX,Taylor,2024,96.4
48443,TX,Terrell,2024,100.0
48445,TX,Terry,2024,95.5
48447,TX,Throckmorton,2024,72.7
48449,TX,Titus,2024,95.1
48451,TX,Tom Green,2024,96.9
48453,TX,Travis,2024,89.6
48455,TX,Trinity,2024,91.1
48457,TX,Tyler,2024,89.2
48459,TX,Upshur,2024,93.3
48461,TX,Upton,2024,94.7
48463,TX,Uvalde,2024,94.6
48465,TX,Val Verde,2024,92.7
48467,TX,Van Zandt,2024,92.7
48469,TX,Victoria,2024,97.9
48471,TX,Walker,2024,91.2
48473,TX,Waller,2024,96.1
48475,TX,Ward,2024,93.8
48477,TX,Washington,2024,96.8
48479,TX,Webb,2024,99.1
48481,TX,Wharton,2024,96.9
48483,TX,Wheeler,2024,96.3
48485,TX,Wichita,2024,96.6
48487,TX,Wilbarger,2024,98.5
48489,TX,Willacy,2024,99.2
48491,TX,Williamson,2024,94.9
48493,TX,Wilson,2024,97.2
48495,TX,Winkler,2024,99.2
48497,TX,Wise,2024,88.6
48499,TX,Wood,2024,93.9
48501,TX,Yoakum,2024,92.5
48503,TX,Young,2024,96.9
48505,TX,Zapata,2024,99.5
48507,TX,Zavala,2024,100.0
49001,UT,Beaver,2024,89.1
49003,UT,Box Elder,2024,90.7
49005,UT,Cache,2024,92.7
49007,UT,Carbon,2024,92.8
49011,UT,Davis,2024,88.8
49013,UT,Duchesne,2024,82.9
49015,UT,Emery,2024,89.3
49021,UT,Iron,2024,86.8
49023,UT,Juab,2024,82.1
49025,UT,Kane,2024,79.4
49027,UT,Millard,2024,84.9
49029,UT,Morgan,2024,86.6
49035,UT,Salt Lake,2024,92.3
49037,UT,San Juan,2024,92.8
49039,UT,Sanpete,2024,84.0
49041,UT,Sevier,2024,85.1
49043,UT,Summit,2024,91.4
49045,UT,Tooele,2024,93.3
49047,UT,Uintah,2024,86.9
49049,UT,Utah,2024,89.3
49051,UT,Wasatch,2024,89.9
49053,UT,Washington,2024,82.6
49057,UT,Weber,2024,92.1
51001,VA,Accomack,2024,88.5
51003,VA,Albemarle,2024,90.9
51005,VA,Alleghany,2024,94.2
51007,VA,Amelia,2024,93.2
51009,VA,Amherst,2024,90.7
51011,VA,Appomattox,2024,91.8
51013,VA,Arlington,2024,92.9
51015,VA,Augusta,2024,93.7
51017,VA,Bath,2024,97.6
51019,VA,Bedford,2024,89.5
51021,VA,Bland,2024,94.3
51023,VA,Botetourt,2024,89.1
51025,VA,Brunswick,2024,95.3
51027,VA,Buchanan,2024,98.2
51029,VA,Buckingham,2024,86.3
51031,VA,Campbell,2024,80.0
51033,VA,Caroline,2024,89.6
51035,VA,Carroll,2024,93.1
51037,VA,Charlotte,2024,90.8
51041,VA,Chesterfield,2024,83.7
51043,VA,Clarke,2024,92.9
51045,VA,Craig,2024,96.8
51047,VA,Culpeper,2024,90.4
51049,VA,Cumberland,2024,93.2
51051,VA,Dickenson,2024,99.1
51053,VA,Dinwiddie,2024,91.5
51057,VA,Essex,2024,93.1
51059,VA,Fairfax County,2024,83.0
51061,VA,Fauquier,2024,90.7
51063,VA,Floyd,2024,79.5
51067,VA,Franklin County,2024,92.4
51069,VA,Frederick,2024,87.1
51071,VA,Giles,2024,92.4
51073,VA,Gloucester,2024,91.0
51075,VA,Goochland,2024,92.8
51077,VA,Grayson,2024,92.6
51079,VA,Greene,2024,95.7
51081,VA,Greensville,2024,98.6
51083,VA,Halifax,2024,83.3
51085,VA,Hanover,2024,93.3
51087,VA,Henrico,2024,93.6
51089,VA,Henry,2024,89.6
51091,VA,Highland,2024,93.8
51093,VA,Isle of Wight,2024,81.1
51095,VA,James City,2024,88.2
51097,VA,King and Queen,2024,95.3
51099,VA,King George,2024,85.3
51101,VA,King William,2024,93.8
51103,VA,Lancaster,2024,78.5
51105,VA,Lee,2024,89.0
51107,VA,Loudoun,2024,92.9
51109,VA,Louisa,2024,92.2
51111,VA,Lunenburg,2024,96.4
51113,VA,Madison,2024,86.9
51115,VA,Mathews,2024,92.0
51117,VA,Mecklenburg,2024,91.4
51119,VA,Middlesex,2024,89.0
51121,VA,Montgomery,2024,88.7
51125,VA,Nelson,2024,92.4
51127,VA,New Kent,2024,91.3
51131,VA,Northampton,2024,93.1
51133,VA,Northumberland,2024,87.8
51135,VA,Nottoway,2024,83.3
51137,VA,Orange,2024,91.7
51139,VA,Page,2024,96.5
51141,VA,Patrick,2024,93.2
51143,VA,Pittsylvania,2024,96.3
51145,VA,Powhatan,2024,91.3
51147,VA,Prince Edward,2024,85.6
51149,VA,Prince George,2024,91.4
51153,VA,Prince William,2024,93.5
51155,VA,Pulaski,2024,79.1
51157,VA,Rappahannock,2024,89.0
51159,VA,Richmond County,2024,88.5
51161,VA,Roanoke County,2024,94.0
51163,VA,Rockbridge,2024,96.4
51165,VA,Rockingham,2024,90.7
51167,VA,Russell,2024,97.3
51169,VA,Scott,2024,90.8
51171,VA,Shenandoah,2024,94.3
51173,VA,Smyth,2024,97.7
51175,VA,Southampton,2024,95.4
51177,VA,Spotsylvania,2024,89.2
51179,VA,Stafford,2024,90.7
51181,VA,Surry,2024,91.2
51183,VA,Sussex,2024,85.3
51185,VA,Tazewell,2024,63.6
51187,VA,Warren,2024,67.7
51191,VA,Washington,2024,89.5
51193,VA,Westmoreland,2024,96.0
51195,VA,Wise,2024,87.4
51197,VA,Wythe,2024,93.9
51199,VA,York,2024,92.8
51510,VA,Alexandria,2024,94.1
51520,VA,Bristol,2024,90.2
51530,VA,Buena Vista,2024,84.4
51540,VA,Charlottesville,2024,92.6
51550,VA,Chesapeake,2024,91.1
51570,VA,Colonial Heights,2024,92.2
51580,VA,Covington,2024,84.5
51590,VA,Danville,2024,88.0
51610,VA,Falls Church,2024,93.8
51620,VA,Franklin City,2024,88.6
51630,VA,Fredericksburg,2024,95.4
51640,VA,Galax,2024,90.3
51650,VA,Hampton,2024,95.1
51660,VA,Harrisonburg,2024,90.8
51670,VA,Hopewell,2024,88.5
51678,VA,Lexington,2024,94.2
51680,VA,Lynchburg,2024,52.2
51683,VA,Manassas,2024,97.1
51685,VA,Manassas Park,2024,95.8
51690,VA,Martinsville,2024,92.2
51700,VA,Newport News,2024,82.5
51710,VA,Norfolk,2024,84.7
51730,VA,Petersburg,2024,82.4
51740,VA,Portsmouth,2024,69.5
51750,VA,Radford,2024,96.2
51760,VA,Richmond City,2024,89.8
51770,VA,Roanoke City,2024,90.9
51775,VA,Salem,2024,90.7
51790,VA,Staunton,2024,93.3
51800,VA,Suffolk,2024,92.5
51810,VA,Virginia Beach,2024,90.4
51820,VA,Waynesboro,2024,93.7
51830,VA,Williamsburg,2024,89.3
51840,VA,Winchester,2024,95.0
50001,VT,Addison,2024,95.0
50003,VT,Bennington,2024,91.0
50005,VT,Caledonia,2024,94.0
50007,VT,Chittenden,2024,95.0
50011,VT,Franklin,2024,94.0
50015,VT,Lamoille,2024,87.0
50017,VT,Orange,2024,95.0
50019,VT,Orleans,2024,91.0
50021,VT,Rutland,2024,92.0
50023,VT,Washington,2024,90.0
50025,VT,Windham,2024,90.0
50027,VT,Windsor,2024,93.0
53001,WA,Adams,2024,91.7
53003,WA,Asotin,2024,92.0
53005,WA,Benton,2024,94.4
53007,WA,Chelan,2024,93.8
53009,WA,Clallam,2024,82.8
53011,WA,Clark,2024,89.9
53013,WA,Columbia,2024,80.9
53015,WA,Cowlitz,2024,93.7
53017,WA,Douglas,2024,94.6
53019,WA,Ferry,2024,86.7
53021,WA,Franklin,2024,94.8
53023,WA,Garfield,2024,88.2
53025,WA,Grant,2024,91.0
53027,WA,Grays Harbor,2024,87.5
53029,WA,Island,2024,92.3
53031,WA,Jefferson,2024,79.2
53033,WA,King,2024,92.2
53035,WA,Kitsap,2024,91.8
53037,WA,Kittitas,2024,90.3
53039,WA,Klickitat,2024,86.3
53041,WA,Lewis,2024,88.9
53043,WA,Lincoln,2024,89.9
53045,WA,Mason,2024,87.9
53047,WA,Okanogan,2024,88.7
53049,WA,Pacific,2024,82.5
53051,WA,Pend Oreille,2024,80.0
53053,WA,Pierce,2024,91.6
53055,WA,San Juan,2024,90.1
53057,WA,Skagit,2024,90.7
53059,WA,Skamania,2024,85.3
53061,WA,Snohomish,2024,92.4
53063,WA,Spokane,2024,86.4
53065,WA,Stevens,2024,76.9
53067,WA,Thurston,2024,92.9
53069,WA,Wahkiakum,2024,90.6
53071,WA,Walla Walla,2024,90.9
53073,WA,Whatcom,2024,86.8
53075,WA,Whitman,2024,90.3
53077,WA,Yakima,2024,96.4
55001,WI,Adams,2024,78.0
55003,WI,Ashland,2024,89.0
55005,WI,Barron,2024,82.0
55007,WI,Bayfield,2024,73.0
55009,WI,Brown,2024,87.0
55011,WI,Buffalo,2024,89.0
55013,WI,Burnett,2024,70.0
55015,WI,Calumet,2024,82.0
55017,WI,Chippewa,2024,71.0
55019,WI,Clark,2024,85.0
55021,WI,Columbia,2024,87.0
55023,WI,Crawford,2024,80.0
55025,WI,Dane,2024,90.0
55027,WI,Dodge,2024,87.0
55029,WI,Door,2024,85.0
55031,WI,Douglas,2024,91.0
55033,WI,Dunn,2024,90.0
55035,WI,Eau Claire,2024,95.0
55037,WI,Florence,2024,72.0
55039,WI,Fond du Lac,2024,88.0
55041,WI,Forest,2024,84.0
55043,WI,Grant,2024,87.0
55045,WI,Green,2024,91.0
55047,WI,Green Lake,2024,84.0
55049,WI,Iowa,2024,55.0
55051,WI,Iron,2024,74.0
55053,WI,Jackson,2024,88.0
55055,WI,Jefferson,2024,87.0
55057,WI,Juneau,2024,75.0
55059,WI,Kenosha,2024,70.0
55061,WI,Kewaunee,2024,90.0
55063,WI,La Crosse,2024,74.0
55065,WI,Lafayette,2024,87.0
55067,WI,Langlade,2024,85.0
55069,WI,Lincoln,2024,78.0
55071,WI,Manitowoc,2024,92.0
55073,WI,Marathon,2024,90.0
55075,WI,Marinette,2024,89.0
55077,WI,Marquette,2024,84.0
55078,WI,Menominee,2024,81.0
55079,WI,Milwaukee,2024,70.0
55081,WI,Monroe,2024,83.0
55083,WI,Oconto,2024,89.0
55085,WI,Oneida,2024,83.0
55087,WI,Outagamie,2024,90.0
55089,WI,Ozaukee,2024,87.0
55091,WI,Pepin,2024,82.0
55093,WI,Pierce,2024,83.0
55095,WI,Polk,2024,64.0
55097,WI,Portage,2024,86.0
55099,WI,Price,2024,65.0
55101,WI,Racine,2024,83.0
55103,WI,Richland,2024,71.0
55105,WI,Rock,2024,86.0
55107,WI,Rusk,2024,83.0
55109,WI,St Croix,2024,62.0
55111,WI,Sauk,2024,87.0
55113,WI,Sawyer,2024,84.0
55115,WI,Shawano,2024,81.0
55117,WI,Sheboygan,2024,88.0
55119,WI,Taylor,2024,84.0
55121,WI,Trempealeau,2024,90.0
55123,WI,Vernon,2024,68.0
55125,WI,Vilas,2024,82.0
55127,WI,Walworth,2024,82.0
55129,WI,Washburn,2024,82.0
55131,WI,Washington,2024,86.0
55133,WI,Waukesha,2024,88.0
55135,WI,Waupaca,2024,77.0
55137,WI,Waushara,2024,83.0
55139,WI,Winnebago,2024,87.0
55141,WI,Wood,2024,87.0
01001,AL,Autauga,2025,93.6
01003,AL,Baldwin,2025,93.3
01005,AL,Barbour,2025,98.3
01007,AL,Bibb,2025,95.9
01009,AL,Blount,2025,97.2
01011,AL,Bullock,2025,94.9
01013,AL,Butler,2025,93.0
01015,AL,Calhoun,2025,94.4
01017,AL,Chambers,2025,97.0
01019,AL,Cherokee,2025,94.8
01021,AL,Chilton,2025,95.4
01023,AL,Choctaw,2025,89.8
01025,AL,Clarke,2025,94.8
01027,AL,Clay,2025,93.3
01029,AL,Cleburne,2025,91.4
01031,AL,Coffee,2025,95.4
01033,AL,Colbert,2025,96.0
01035,AL,Conecuh,2025,93.0
01037,AL,Coosa,2025,100.0
01039,AL,Covington,2025,96.3
01041,AL,Crenshaw,2025,95.3
01043,AL,Cullman,2025,93.8
01045,AL,Dale,2025,96.5
01047,AL,Dallas,2025,94.7
01049,AL,DeKalb,2025,92.7
01051,AL,Elmore,2025,92.9
01053,AL,Escambia,2025,96.6
01055,AL,Etowah,2025,94.1
01057,AL,Fayette,2025,93.6
01059,AL,Franklin,2025,99.4
01061,AL,Geneva,2025,98.2
01063,AL,Greene,2025,85.0
01065,AL,Hale,2025,96.3
01067,AL,Henry,2025,95.8
01069,AL,Houston,2025,95.1
01071,AL,Jackson,2025,93.5
01073,AL,Jefferson,2025,96.4
01075,AL,Lamar,2025,96.4
01077,AL,Lauderdale,2025,96.1
01079,AL,Lawrence,2025,94.1
01081,AL,Lee,2025,97.0
01083,AL,Limestone,2025,94.7
01085,AL,Lowndes,2025,91.0
01087,AL,Macon,2025,93.9
01089,AL,Madison,2025,95.3
01091,AL,Marengo,2025,94.7
01093,AL,Marion,2025,93.3
01095,AL,Marshall,2025,96.7
01097,AL,Mobile,2025,94.7
01099,AL,Monroe,2025,96.2
01101,AL,Montgomery,2025,95.0
01103,AL,Morgan,2025,96.1
01105,AL,Perry,2025,95.1
01107,AL,Pickens,2025,94.3
01109,AL,Pike,2025,96.6
01111,AL,Randolph,2025,96.7
01113,AL,Russell,2025,94.6
01115,AL,St Clair,2025,92.7
01117,AL,Shelby,2025,95.5
01119,AL,Sumter,2025,100.0
01121,AL,Talladega,2025,96.5
01123,AL,Tallapoosa,2025,97.3
01125,AL,Tuscaloosa,2025,92.7
01127,AL,Walker,2025,96.5
01129,AL,Washington,2025,92.8
01131,AL,Wilcox,2025,85.7
01133,AL,Winston,2025,92.3
04001,AZ,Apache,2025,87.8
04003,AZ,Cochise,2025,92.3
04005,AZ,Coconino,2025,85.2
04007,AZ,Gila,2025,85.4
04009,AZ,Graham,2025,87.3
04011,AZ,Greenlee,2025,80.6
04012,AZ,La Paz,2025,90.0
04013,AZ,Maricopa,2025,88.2
04015,AZ,Mohave,2025,78.4
04017,AZ,Navajo,2025,80.0
04019,AZ,Pima,2025,93.5
04021,AZ,Pinal,2025,89.9
04023,AZ,Santa Cruz,2025,98.2
04025,AZ,Yavapai,2025,75.3
04027,AZ,Yuma,2025,94.5
06001,CA,Alameda,2025,97.1
06005,CA,Amador,2025,95.3
06007,CA,Butte,2025,96.6
06009,CA,Calaveras,2025,94.9
06011,CA,Colusa,2025,96.2
06013,CA,Contra Costa,2025,97.9
06015,CA,Del Norte,2025,93.1
06017,CA,El Dorado,2025,76.6
06019,CA,Fresno,2025,97.4
06021,CA,Glenn,2025,84.5
06023,CA,Humboldt,2025,93.4
06025,CA,Imperial,2025,99.1
06027,CA,Inyo,2025,98.2
06029,CA,Kern,2025,89.3
06031,CA,Kings,2025,97.9
06033,CA,Lake,2025,97.8
06035,CA,Lassen,2025,95.1
06037,CA,Los Angeles,2025,97.4
06039,CA,Madera,2025,97.7
06041,CA,Marin,2025,99.0
06043,CA,Mariposa,2025,98.4
06045,CA,Mendocino,2025,96.4
06047,CA,Merced,2025,97.9
06049,CA,Modoc,2025,99.0
06051,CA,Mono,2025,99.0
06053,CA,Monterey,2025,98.2
06055,CA,Napa,2025,97.4
06057,CA,Nevada,2025,87.3
06059,CA,Orange,2025,97.8
06061,CA,Placer,2025,96.1
06063,CA,Plumas,2025,95.4
06065,CA,Riverside,2025,95.3
06067,CA,Sacramento,2025,96.3
06069,CA,San Benito,2025,98.9
06071,CA,San Bernardino,2025,93.7
06073,CA,San Diego,2025,93.7
06075,CA,San Francisco,2025,98.1
06077,CA,San Joaquin,2025,96.0
06079,CA,San Luis Obispo,2025,97.3
06081,CA,San Mateo,2025,97.6
06083,CA,Santa Barbara,2025,98.5
06085,CA,Santa Clara,2025,99.0
06087,CA,Santa Cruz,2025,91.1
06089,CA,Shasta,2025,94.4
06091,CA,Sierra,2025,94.8
06093,CA,Siskiyou,2025,96.9
06095,CA,Solano,2025,98.5
06097,CA,Sonoma,2025,96.1
06099,CA,Stanislaus,2025,95.6
06101,CA,Sutter,2025,77.2
06103,CA,Tehama,2025,97.5
06105,CA,Trinity,2025,90.4
06107,CA,Tulare,2025,97.5
06109,CA,Tuolumne,2025,90.0
06111,CA,Ventura,2025,96.4
06113,CA,Yolo,2025,97.7
06115,CA,Yuba,2025,96.1
08001,CO,Adams,2025,91.6
08003,CO,Alamosa,2025,80.0
08005,CO,Arapahoe,2025,86.7
08007,CO,Archuleta,2025,81.5
08009,CO,Baca,2025,90.7
08011,CO,Bent,2025,95.6
08013,CO,Boulder,2025,90.6
08014,CO,Broomfield,2025,92.6
08015,CO,Chaffee,2025,82.6
08017,CO,Cheyenne,2025,81.8
08019,CO,Clear Creek,2025,75.5
08021,CO,Conejos,2025,90.6
08023,CO,Costilla,2025,97.2
08025,CO,Crowley,2025,88.2
08027,CO,Custer,2025,89.5
08029,CO,Delta,2025,80.0
08031,CO,Denver,2025,86.9
08033,CO,Dolores,2025,77.8
08035,CO,Douglas,2025,91.0
08037,CO,Eagle,2025,90.4
08039,CO,Elbert,2025,79.5
08041,CO,El Paso,2025,76.5
08043,CO,Fremont,2025,87.3
08045,CO,Garfield,2025,93.9
08047,CO,Gilpin,2025,96.0
08049,CO,Grand,2025,84.0
08051,CO,Gunnison,2025,84.6
08053,CO,Hinsdale,2025,80.0
08055,CO,Huerfano,2025,91.8
08057,CO,Jackson,2025,87.5
08059,CO,Jefferson,2025,91.7
08061,CO,Kiowa,2025,100.0
08063,CO,Kit Carson,2025,89.5
08065,CO,Lake,2025,87.5
08067,CO,La Plata,2025,89.9
08069,CO,Larimer,2025,90.5
08071,CO,Las Animas,2025,81.8
08073,CO,Lincoln,2025,86.4
08075,CO,Logan,2025,93.8
08077,CO,Mesa,2025,85.7
08079,CO,Mineral,2025,100.0
08081,CO,Moffat,2025,95.1
08083,CO,Montezuma,2025,83.8
08085,CO,Montrose,2025,85.6
08087,CO,Morgan,2025,92.0
08089,CO,Otero,2025,93.2
08091,CO,Ouray,2025,88.5
08093,CO,Park,2025,85.9
08095,CO,Phillips,2025,98.0
08097,CO,Pitkin,2025,88.0
08099,CO,Prowers,2025,97.0
08101,CO,Pueblo,2025,87.1
08103,CO,Rio Blanco,2025,88.1
08105,CO,Rio Grande,2025,94.2
08107,CO,Routt,2025,94.3
08109,CO,Saguache,2025,81.2
08111,CO,San Juan,2025,83.3
08113,CO,San Miguel,2025,86.3
08115,CO,Sedgwick,2025,75.0
08117,CO,Summit,2025,94.8
08119,CO,Teller,2025,78.1
08121,CO,Washington,2025,92.6
08123,CO,Weld,2025,92.9
08125,CO,Yuma,2025,95.9
09110,CT,Capitol,2025,98.7
09120,CT,Greater Bridgeport,2025,96.2
09130,CT,Lower CT River Valley,2025,98.2
09140,CT,Naugatuck Valley,2025,98.7
09150,CT,Northeast CT,2025,97.5
09160,CT,Northwest Hills,2025,95.5
09170,CT,South Central,2025,98.7
09180,CT,Southeastern CT,2025,98.3
09190,CT,Western,2025,98.3
11001,DC,District of Columbia,2025,92.7
12001,FL,Alachua,2025,91.9
12003,FL,Baker,2025,95.4
12005,FL,Bay,2025,85.3
12007,FL,Bradford,2025,94.9
12009,FL,Brevard,2025,90.9
12011,FL,Broward,2025,82.2
12013,FL,Calhoun,2025,98.0
12015,FL,Charlotte,2025,89.2
12017,FL,Citrus,2025,90.8
12019,FL,Clay,2025,93.6
12021,FL,Collier,2025,86.3
12023,FL,Columbia,2025,92.9
12027,FL,De Soto,2025,91.1
12029,FL,Dixie,2025,93.6
12031,FL,Duval,2025,89.9
12033,FL,Escambia,2025,88.9
12035,FL,Flagler,2025,88.7
12037,FL,Franklin,2025,91.2
12039,FL,Gadsden,2025,79.8
12041,FL,Gilchrist,2025,92.1
12043,FL,Glades,2025,94.0
12045,FL,Gulf,2025,94.5
12047,FL,Hamilton,2025,97.0
12049,FL,Hardee,2025,95.4
12051,FL,Hendry,2025,91.2
12053,FL,Hernando,2025,89.0
12055,FL,Highlands,2025,89.8
12057,FL,Hillsborough,2025,86.0
12059,FL,Holmes,2025,93.6
12061,FL,Indian River,2025,91.2
12063,FL,Jackson,2025,92.2
12065,FL,Jefferson,2025,97.8
12067,FL,Lafayette,2025,91.8
12069,FL,Lake,2025,86.0
12071,FL,Lee,2025,92.4
12073,FL,Leon,2025,93.8
12075,FL,Levy,2025,95.4
12077,FL,Liberty,2025,93.6
12079,FL,Madison,2025,93.0
12081,FL,Manatee,2025,89.8
12083,FL,Marion,2025,90.8
12085,FL,Martin,2025,88.5
12086,FL,Miami-Dade,2025,91.0
12087,FL,Monroe,2025,92.0
12089,FL,Nassau,2025,91.8
12091,FL,Okaloosa,2025,90.0
12093,FL,Okeechobee,2025,93.8
12095,FL,Orange,2025,85.4
12097,FL,Osceola,2025,86.3
12099,FL,Palm Beach,2025,89.8
12101,FL,Pasco,2025,91.9
12103,FL,Pinellas,2025,87.3
12105,FL,Polk,2025,92.5
12107,FL,Putnam,2025,90.1
12109,FL,St Johns,2025,90.6
12111,FL,St Lucie,2025,88.0
12113,FL,Santa Rosa,2025,91.0
12115,FL,Sarasota,2025,79.9
12117,FL,Seminole,2025,90.0
12119,FL,Sumter,2025,90.6
12121,FL,Suwannee,2025,89.3
12123,FL,Taylor,2025,97.1
12125,FL,Union,2025,93.5
12127,FL,Volusia,2025,88.6
12129,FL,Wakulla,2025,86.3
12131,FL,Walton,2025,88.5
12133,FL,Washington,2025,88.1
15001,HI,Hawaii,2025,76.1
15003,HI,Honolulu,2025,82.8
15007,HI,Kauai,2025,66.2
15009,HI,Maui,2025,69.4
19001,IA,Adair,2025,90.0
19003,IA,Adams,2025,83.3
19005,IA,Allamakee,2025,88.8
19007,IA,Appanoose,2025,83.3
19009,IA,Audubon,2025,83.1
19011,IA,Benton,2025,91.0
19013,IA,Black Hawk,2025,90.7
19015,IA,Boone,2025,93.9
19017,IA,Bremer,2025,88.2
19019,IA,Buchanan,2025,82.6
19021,IA,Buena Vista,2025,80.8
19023,IA,Butler,2025,92.8
19025,IA,Calhoun,2025,84.9
19027,IA,Carroll,2025,90.1
19029,IA,Cass,2025,85.6
19031,IA,Cedar,2025,93.0
19033,IA,Cerro Gordo,2025,91.7
19035,IA,Cherokee,2025,85.9
19037,IA,Chickasaw,2025,91.2
19039,IA,Clarke,2025,92.7
19041,IA,Clay,2025,87.5
19043,IA,Clayton,2025,81.5
19045,IA,Clinton,2025,85.5
19047,IA,Crawford,2025,94.5
19049,IA,Dallas,2025,93.5
19051,IA,Davis,2025,89.8
19053,IA,Decatur,2025,84.6
19055,IA,Delaware,2025,88.4
19057,IA,Des Moines,2025,87.4
19059,IA,Dickinson,2025,84.6
19061,IA,Dubuque,2025,92.4
19063,IA,Emmet,2025,86.6
19065,IA,Fayette,2025,81.9
19067,IA,Floyd,2025,85.9
19069,IA,Franklin,2025,94.9
19071,IA,Fremont,2025,80.0
19073,IA,Greene,2025,83.0
19075,IA,Grundy,2025,95.3
19077,IA,Guthrie,2025,83.8
19079,IA,Hamilton,2025,85.5
19081,IA,Hancock,2025,92.1
19083,IA,Hardin,2025,87.2
19085,IA,Harrison,2025,74.8
19087,IA,Henry,2025,90.9
19089,IA,Howard,2025,90.9
19091,IA,Humboldt,2025,72.1
19093,IA,Ida,2025,88.4
19095,IA,Iowa,2025,91.6
19097,IA,Jackson,2025,87.8
19099,IA,Jasper,2025,90.2
19101,IA,Jefferson,2025,86.5
19103,IA,Johnson,2025,87.2
19105,IA,Jones,2025,94.4
19107,IA,Keokuk,2025,76.1
19109,IA,Kossuth,2025,88.1
19111,IA,Lee,2025,90.6
19113,IA,Linn,2025,90.5
19115,IA,Louisa,2025,93.1
19117,IA,Lucas,2025,85.6
19119,IA,Lyon,2025,90.7
19121,IA,Madison,2025,88.8
19123,IA,Mahaska,2025,92.1
19125,IA,Marion,2025,87.0
19127,IA,Marshall,2025,89.7
19129,IA,Mills,2025,88.0
19131,IA,Mitchell,2025,88.9
19133,IA,Monona,2025,84.9
19135,IA,Monroe,2025,87.2
19137,IA,Montgomery,2025,94.0
19139,IA,Muscatine,2025,89.8
19141,IA,O'Brien,2025,87.4
19143,IA,Osceola,2025,98.0
19145,IA,Page,2025,94.6
19147,IA,Palo Alto,2025,94.4
19149,IA,Plymouth,2025,88.2
19151,IA,Pocahontas,2025,83.6
19153,IA,Polk,2025,88.7
19155,IA,Pottawattamie,2025,86.9
19157,IA,Poweshiek,2025,87.7
19159,IA,Ringgold,2025,98.3
19161,IA,Sac,2025,93.5
19163,IA,Scott,2025,88.8
19165,IA,Shelby,2025,86.1
19167,IA,Sioux,2025,82.1
19169,IA,Story,2025,89.2
19171,IA,Tama,2025,98.2
19173,IA,Taylor,2025,81.7
19175,IA,Union,2025,96.1
19177,IA,Van Buren,2025,90.2
19179,IA,Wapello,2025,85.0
19181,IA,Warren,2025,87.0
19183,IA,Washington,2025,79.9
19185,IA,Wayne,2025,83.8
19187,IA,Webster,2025,85.5
19189,IA,Winnebago,2025,88.6
19191,IA,Winneshiek,2025,91.9
19193,IA,Woodbury,2025,90.1
19195,IA,Worth,2025,86.7
19197,IA,Wright,2025,94.1
16001,ID,Ada,2025,83.0
16003,ID,Adams,2025,60.0
16005,ID,Bannock,2025,90.0
16007,ID,Bear Lake,2025,86.0
16009,ID,Benewah,2025,70.0
16011,ID,Bingham,2025,82.0
16013,ID,Blaine,2025,73.0
16015,ID,Boise,2025,45.0
16017,ID,Bonner,2025,64.0
16019,ID,Bonneville,2025,88.0
16021,ID,Boundary,2025,68.0
16023,ID,Butte,2025,75.0
16025,ID,Camas,2025,40.0
16027,ID,Canyon,2025,79.0
16029,ID,Caribou,2025,83.0
16031,ID,Cassia,2025,82.0
16033,ID,Clark,2025,50.0
16035,ID,Clearwater,2025,77.0
16037,ID,Custer,2025,66.0
16039,ID,Elmore,2025,86.0
16041,ID,Franklin,2025,84.0
16043,ID,Fremont,2025,80.0
16045,ID,Gem,2025,71.0
16047,ID,Gooding,2025,72.0
16049,ID,Idaho,2025,54.0
16051,ID,Jefferson,2025,85.0
16053,ID,Jerome,2025,89.0
16055,ID,Kootenai,2025,70.0
16057,ID,Latah,2025,78.0
16059,ID,Lemhi,2025,76.0
16061,ID,Lewis,2025,78.0
16063,ID,Lincoln,2025,88.0
16065,ID,Madison,2025,84.0
16067,ID,Minidoka,2025,92.0
16069,ID,Nez Perce,2025,86.0
16071,ID,Oneida,2025,85.0
16073,ID,Owyhee,2025,80.0
16075,ID,Payette,2025,85.0
16077,ID,Power,2025,86.0
16079,ID,Shoshone,2025,70.0
16081,ID,Teton,2025,67.0
16083,ID,Twin Falls,2025,82.0
16085,ID,Valley,2025,80.0
16087,ID,Washington,2025,79.0
17001,IL,Adams,2025,98.5
17003,IL,Alexander,2025,93.3
17005,IL,Bond,2025,98.5
17007,IL,Boone,2025,96.9
17009,IL,Brown,2025,97.7
17011,IL,Bureau,2025,95.5
17013,IL,Calhoun,2025,98.2
17015,IL,Carroll,2025,96.1
17017,IL,Cass,2025,97.9
17019,IL,Champaign,2025,96.0
17021,IL,Christian,2025,94.7
17023,IL,Clark,2025,98.6
17025,IL,Clay,2025,97.9
17027,IL,Clinton,2025,97.7
17029,IL,Coles,2025,95.7
17031,IL,Cook,2025,94.8
17033,IL,Crawford,2025,97.6
17035,IL,Cumberland,2025,97.5
17037,IL,DeKalb,2025,96.8
17039,IL,De Witt,2025,97.8
17041,IL,Douglas,2025,97.9
17043,IL,DuPage,2025,95.9
17045,IL,Edgar,2025,98.2
17047,IL,Edwards,2025,98.2
17049,IL,Effingham,2025,96.5
17051,IL,Fayette,2025,96.1
17053,IL,Ford,2025,96.8
17055,IL,Franklin,2025,96.7
17057,IL,Fulton,2025,97.5
17059,IL,Gallatin,2025,97.9
17061,IL,Greene,2025,98.6
17063,IL,Grundy,2025,92.4
17065,IL,Hamilton,2025,98.9
17067,IL,Hancock,2025,98.2
17069,IL,Hardin,2025,100.0
17071,IL,Henderson,2025,96.6
17073,IL,Henry,2025,97.2
17075,IL,Iroquois,2025,97.1
17077,IL,Jackson,2025,96.7
17079,IL,Jasper,2025,96.7
17081,IL,Jefferson,2025,97.2
17083,IL,Jersey,2025,98.3
17085,IL,Jo Daviess,2025,96.2
17087,IL,Johnson,2025,97.8
17089,IL,Kane,2025,95.6
17091,IL,Kankakee,2025,94.7
17093,IL,Kendall,2025,96.3
17095,IL,Knox,2025,94.5
17097,IL,Lake,2025,95.5
17099,IL,LaSalle,2025,97.0
17101,IL,Lawrence,2025,98.9
17103,IL,Lee,2025,96.7
17105,IL,Livingston,2025,96.3
17107,IL,Logan,2025,94.6
17109,IL,McDonough,2025,95.6
17111,IL,McHenry,2025,95.7
17113,IL,McLean,2025,97.1
17115,IL,Macon,2025,97.0
17117,IL,Macoupin,2025,97.9
17119,IL,Madison,2025,97.4
17121,IL,Marion,2025,97.4
17123,IL,Marshall,2025,98.4
17125,IL,Mason,2025,96.8
17127,IL,Massac,2025,88.9
17129,IL,Menard,2025,95.4
17131,IL,Mercer,2025,97.1
17133,IL,Monroe,2025,98.4
17135,IL,Montgomery,2025,97.5
17137,IL,Morgan,2025,97.8
17139,IL,Moultrie,2025,95.6
17141,IL,Ogle,2025,95.2
17143,IL,Peoria,2025,96.6
17145,IL,Perry,2025,98.9
17147,IL,Piatt,2025,98.3
17149,IL,Pike,2025,92.4
17151,IL,Pope,2025,86.4
17153,IL,Pulaski,2025,85.4
17155,IL,Putnam,2025,97.3
17157,IL,Randolph,2025,96.8
17159,IL,Richland,2025,98.8
17161,IL,Rock Island,2025,96.8
17163,IL,St Clair,2025,98.0
17165,IL,Saline,2025,97.0
17167,IL,Sangamon,2025,97.8
17169,IL,Schuyler,2025,98.7
17171,IL,Scott,2025,97.7
17173,IL,Shelby,2025,96.3
17175,IL,Stark,2025,98.1
17177,IL,Stephenson,2025,96.3
17179,IL,Tazewell,2025,94.7
17181,IL,Union,2025,97.0
17183,IL,Vermilion,2025,95.7
17185,IL,Wabash,2025,98.5
17187,IL,Warren,2025,97.9
17189,IL,Washington,2025,98.9
17191,IL,Wayne,2025,98.1
17193,IL,White,2025,98.8
17195,IL,Whiteside,2025,96.6
17197,IL,Will,2025,96.3
17199,IL,Williamson,2025,97.3
17201,IL,Winnebago,2025,95.5
17203,IL,Woodford,2025,95.5
18001,IN,Adams,2025,91.6
18003,IN,Allen,2025,89.7
18005,IN,Bartholomew,2025,91.1
18007,IN,Benton,2025,99.1
18009,IN,Blackford,2025,93.0
18011,IN,Boone,2025,96.2
18013,IN,Brown,2025,91.3
18015,IN,Carroll,2025,92.2
18017,IN,Cass,2025,94.9
18019,IN,Clark,2025,89.3
18021,IN,Clay,2025,93.2
18023,IN,Clinton,2025,92.5
18025,IN,Crawford,2025,95.2
18027,IN,Daviess,2025,91.0
18029,IN,Dearborn,2025,92.3
18031,IN,Decatur,2025,92.5
18033,IN,DeKalb,2025,91.8
18035,IN,Delaware,2025,90.7
18037,IN,Dubois,2025,94.2
18039,IN,Elkhart,2025,89.8
18041,IN,Fayette,2025,96.0
18043,IN,Floyd,2025,92.7
18045,IN,Fountain,2025,87.9
18047,IN,Franklin,2025,80.6
18049,IN,Fulton,2025,94.0
18051,IN,Gibson,2025,94.5
18053,IN,Grant,2025,90.2
18055,IN,Greene,2025,95.4
18057,IN,Hamilton,2025,94.4
18059,IN,Hancock,2025,93.6
18061,IN,Harrison,2025,85.9
18063,IN,Hendricks,2025,91.6
18065,IN,Henry,2025,88.5
18067,IN,Howard,2025,88.8
18069,IN,Huntington,2025,94.5
18071,IN,Jackson,2025,98.8
18073,IN,Jasper,2025,84.4
18075,IN,Jay,2025,89.6
18077,IN,Jefferson,2025,87.4
18079,IN,Jennings,2025,91.5
18081,IN,Johnson,2025,94.1
18083,IN,Knox,2025,96.3
18085,IN,Kosciusko,2025,87.8
18087,IN,LaGrange,2025,76.9
18089,IN,Lake,2025,86.1
18091,IN,La Porte,2025,89.3
18093,IN,Lawrence,2025,91.0
18095,IN,Madison,2025,92.2
18097,IN,Marion,2025,89.2
18099,IN,Marshall,2025,88.0
18101,IN,Martin,2025,86.8
18103,IN,Miami,2025,83.3
18105,IN,Monroe,2025,92.1
18107,IN,Montgomery,2025,92.5
18109,IN,Morgan,2025,87.9
18111,IN,Newton,2025,92.5
18113,IN,Noble,2025,91.5
18115,IN,Ohio,2025,85.3
18117,IN,Orange,2025,91.4
18119,IN,Owen,2025,96.1
18121,IN,Parke,2025,97.1
18123,IN,Perry,2025,93.3
18125,IN,Pike,2025,96.2
18127,IN,Porter,2025,90.6
18129,IN,Posey,2025,88.5
18131,IN,Pulaski,2025,88.9
18133,IN,Putnam,2025,91.0
18135,IN,Randolph,2025,87.5
18137,IN,Ripley,2025,90.8
18139,IN,Rush,2025,93.4
18141,IN,St Joseph,2025,93.7
18143,IN,Scott,2025,84.8
18145,IN,Shelby,2025,97.2
18147,IN,Spencer,2025,90.7
18149,IN,Starke,2025,82.7
18151,IN,Steuben,2025,88.2
18153,IN,Sullivan,2025,84.5
18155,IN,Switzerland,2025,95.5
18157,IN,Tippecanoe,2025,95.2
18159,IN,Tipton,2025,87.7
18161,IN,Union,2025,98.0
18163,IN,Vanderburgh,2025,93.8
18165,IN,Vermillion,2025,97.4
18167,IN,Vigo,2025,97.1
18169,IN,Wabash,2025,89.2
18171,IN,Warren,2025,93.7
18173,IN,Warrick,2025,94.8
18175,IN,Washington,2025,92.3
18177,IN,Wayne,2025,89.5
18179,IN,Wells,2025,88.9
18181,IN,White,2025,96.6
18183,IN,Whitley,2025,90.4
20001,KS,Allen,2025,86.9
20003,KS,Anderson,2025,72.2
20005,KS,Atchison,2025,99.9
20007,KS,Barber,2025,76.7
20009,KS,Barton,2025,94.2
20011,KS,Bourbon,2025,94.6
20013,KS,Brown,2025,98.3
20015,KS,Butler,2025,89.6
20017,KS,Chase,2025,91.3
20019,KS,Chautauqua,2025,69.4
20021,KS,Cherokee,2025,95.9
20023,KS,Cheyenne,2025,81.9
20025,KS,Clark,2025,67.0
20027,KS,Clay,2025,95.4
20029,KS,Cloud,2025,93.7
20031,KS,Coffey,2025,92.0
20033,KS,Comanche,2025,94.4
20035,KS,Cowley,2025,96.0
20037,KS,Crawford,2025,93.3
20039,KS,Decatur,2025,60.0
20041,KS,Dickinson,2025,89.1
20043,KS,Doniphan,2025,93.9
20045,KS,Douglas,2025,92.6
20047,KS,Edwards,2025,87.9
20049,KS,Elk,2025,86.6
20051,KS,Ellis,2025,92.3
20053,KS,Ellsworth,2025,93.9
20055,KS,Finney,2025,98.5
20057,KS,Ford,2025,84.2
20059,KS,Franklin,2025,90.2
20061,KS,Geary,2025,66.6
20063,KS,Gove,2025,80.4
20065,KS,Graham,2025,97.9
20067,KS,Grant,2025,92.8
20069,KS,Gray,2025,90.4
20071,KS,Greeley,2025,89.5
20073,KS,Greenwood,2025,90.9
20075,KS,Hamilton,2025,92.9
20077,KS,Harper,2025,77.8
20079,KS,Harvey,2025,92.1
20081,KS,Haskell,2025,78.2
20083,KS,Hodgeman,2025,90.0
20085,KS,Jackson,2025,84.3
20087,KS,Jefferson,2025,94.6
20089,KS,Jewell,2025,79.4
20091,KS,Johnson,2025,95.2
20093,KS,Kearny,2025,93.3
20095,KS,Kingman,2025,57.7
20097,KS,Kiowa,2025,60.0
20099,KS,Labette,2025,93.4
20101,KS,Lane,2025,100.0
20103,KS,Leavenworth,2025,96.3
20105,KS,Lincoln,2025,70.6
20107,KS,Linn,2025,86.6
20109,KS,Logan,2025,82.6
20111,KS,Lyon,2025,91.3
20113,KS,McPherson,2025,89.0
20115,KS,Marion,2025,82.8
20117,KS,Marshall,2025,88.4
20119,KS,Meade,2025,81.3
20121,KS,Miami,2025,86.7
20123,KS,Mitchell,2025,86.5
20125,KS,Montgomery,2025,95.2
20127,KS,Morris,2025,87.5
20129,KS,Morton,2025,56.7
20131,KS,Nemaha,2025,94.8
20133,KS,Neosho,2025,80.4
20135,KS,Ness,2025,73.6
20137,KS,Norton,2025,84.2
20139,KS,Osage,2025,78.4
20141,KS,Osborne,2025,69.5
20143,KS,Ottawa,2025,91.8
20145,KS,Pawnee,2025,76.9
20147,KS,Phillips,2025,82.4
20149,KS,Pottawatomie,2025,89.0
20151,KS,Pratt,2025,89.1
20153,KS,Rawlins,2025,67.3
20155,KS,Reno,2025,91.6
20157,KS,Republic,2025,82.4
20159,KS,Rice,2025,87.5
20161,KS,Riley,2025,85.3
20163,KS,Rooks,2025,100.0
20165,KS,Rush,2025,95.6
20167,KS,Russell,2025,92.5
20169,KS,Saline,2025,94.2
20171,KS,Scott,2025,100.0
20173,KS,Sedgwick,2025,92.5
20175,KS,Seward,2025,97.4
20177,KS,Shawnee,2025,95.0
20179,KS,Sheridan,2025,86.0
20181,KS,Sherman,2025,92.6
20183,KS,Smith,2025,82.9
20185,KS,Stafford,2025,88.9
20187,KS,Stanton,2025,79.0
20189,KS,Stevens,2025,86.6
20191,KS,Sumner,2025,93.2
20193,KS,Thomas,2025,83.2
20195,KS,Trego,2025,98.0
20197,KS,Wabaunsee,2025,75.8
20199,KS,Wallace,2025,78.6
20201,KS,Washington,2025,97.1
20203,KS,Wichita,2025,100.0
20205,KS,Wilson,2025,92.2
20207,KS,Woodson,2025,95.7
20209,KS,Wyandotte,2025,82.9
21001,KY,Adair,2025,92.9
21003,KY,Allen,2025,96.3
21005,KY,Anderson,2025,85.2
21007,KY,Ballard,2025,90.1
21009,KY,Barren,2025,93.2
21011,KY,Bath,2025,85.8
21013,KY,Bell,2025,86.8
21015,KY,Boone,2025,92.8
21017,KY,Bourbon,2025,90.3
21019,KY,Boyd,2025,91.7
21021,KY,Boyle,2025,93.1
21023,KY,Bracken,2025,85.6
21025,KY,Breathitt,2025,94.3
21027,KY,Breckinridge,2025,89.2
21029,KY,Bullitt,2025,92.0
21031,KY,Butler,2025,90.2
21033,KY,Caldwell,2025,92.8
21035,KY,Calloway,2025,96.1
21037,KY,Campbell,2025,96.1
21039,KY,Carlisle,2025,86.5
21041,KY,Carroll,2025,96.4
21043,KY,Carter,2025,91.2
21045,KY,Casey,2025,90.1
21047,KY,Christian,2025,92.5
21049,KY,Clark,2025,98.2
21051,KY,Clay,2025,90.4
21053,KY,Clinton,2025,89.0
21055,KY,Crittenden,2025,92.9
21057,KY,Cumberland,2025,86.5
21059,KY,Daviess,2025,90.2
21061,KY,Edmonson,2025,94.4
21063,KY,Elliott,2025,92.9
21065,KY,Estill,2025,95.1
21067,KY,Fayette,2025,93.5
21069,KY,Fleming,2025,90.2
21071,KY,Floyd,2025,94.7
21073,KY,Franklin,2025,94.4
21075,KY,Fulton,2025,98.4
21077,KY,Gallatin,2025,94.5
21079,KY,Garrard,2025,85.2
21081,KY,Grant,2025,95.6
21083,KY,Graves,2025,91.4
21085,KY,Grayson,2025,96.8
21087,KY,Green,2025,96.2
21089,KY,Greenup,2025,93.7
21091,KY,Hancock,2025,90.5
21093,KY,Hardin,2025,80.5
21095,KY,Harlan,2025,81.9
21097,KY,Harrison,2025,91.7
21099,KY,Hart,2025,86.3
21101,KY,Henderson,2025,92.3
21103,KY,Henry,2025,95.5
21105,KY,Hickman,2025,93.3
21107,KY,Hopkins,2025,91.1
21109,KY,Jackson,2025,97.9
21111,KY,Jefferson,2025,64.9
21113,KY,Jessamine,2025,87.9
21115,KY,Johnson,2025,87.5
21117,KY,Kenton,2025,95.0
21119,KY,Knott,2025,81.1
21121,KY,Knox,2025,89.2
21123,KY,Larue,2025,93.0
21125,KY,Laurel,2025,94.6
21127,KY,Lawrence,2025,84.8
21129,KY,Lee,2025,90.8
21131,KY,Leslie,2025,89.6
21133,KY,Letcher,2025,92.1
21135,KY,Lewis,2025,95.1
21137,KY,Lincoln,2025,91.0
21139,KY,Livingston,2025,92.4
21141,KY,Logan,2025,62.2
21143,KY,Lyon,2025,96.0
21145,KY,Mccracken,2025,89.8
21147,KY,McCreary,2025,95.7
21149,KY,Mclean,2025,96.9
21151,KY,Madison,2025,92.1
21153,KY,Magoffin,2025,89.1
21155,KY,Marion,2025,94.4
21157,KY,Marshall,2025,89.8
21159,KY,Martin,2025,93.1
21161,KY,Mason,2025,86.5
21163,KY,Meade,2025,94.6
21167,KY,Mercer,2025,93.5
21169,KY,Metcalfe,2025,99.0
21171,KY,Monroe,2025,85.2
21173,KY,Montgomery,2025,96.8
21175,KY,Morgan,2025,95.0
21177,KY,Muhlenberg,2025,91.7
21179,KY,Nelson,2025,95.2
21181,KY,Nicholas,2025,96.2
21183,KY,Ohio,2025,78.9
21185,KY,Oldham,2025,94.9
21187,KY,Owen,2025,99.2
21189,KY,Owsley,2025,86.9
21191,KY,Pendleton,2025,95.6
21193,KY,Perry,2025,77.6
21195,KY,Pike,2025,96.0
21197,KY,Powell,2025,93.3
21199,KY,Pulaski,2025,94.9
21201,KY,Robertson,2025,95.2
21203,KY,Rockcastle,2025,79.8
21205,KY,Rowan,2025,89.9
21207,KY,Russell,2025,96.0
21209,KY,Scott,2025,91.7
21211,KY,Shelby,2025,92.3
21213,KY,Simpson,2025,93.7
21215,KY,Spencer,2025,94.0
21217,KY,Taylor,2025,83.2
21219,KY,Todd,2025,94.5
21221,KY,Trigg,2025,88.8
21223,KY,Trimble,2025,95.6
21225,KY,Union,2025,81.5
21227,KY,Warren,2025,88.6
21229,KY,Washington,2025,99.3
21231,KY,Wayne,2025,96.7
21233,KY,Webster,2025,93.4
21235,KY,Whitley,2025,85.3
21237,KY,Wolfe,2025,92.9
21239,KY,Woodford,2025,92.5
22001,LA,Acadia,2025,87.7
22003,LA,Allen,2025,93.5
22005,LA,Ascension,2025,95.5
22007,LA,Assumption,2025,96.0
22009,LA,Avoyelles,2025,95.2
22011,LA,Beauregard,2025,89.7
22013,LA,Bienville,2025,96.6
22015,LA,Bossier,2025,94.8
22017,LA,Caddo,2025,93.7
22019,LA,Calcasieu,2025,90.1
22021,LA,Caldwell,2025,91.8
22023,LA,Cameron,2025,90.4
22025,LA,Catahoula,2025,94.6
22027,LA,Claiborne,2025,90.4
22029,LA,Concordia,2025,87.5
22031,LA,De Soto,2025,91.7
22033,LA,East Baton Rouge,2025,88.3
22037,LA,East Feliciana,2025,93.0
22039,LA,Evangeline,2025,92.8
22041,LA,Franklin,2025,88.6
22043,LA,Grant,2025,90.0
22045,LA,Iberia,2025,93.7
22047,LA,Iberville,2025,95.6
22049,LA,Jackson,2025,96.0
22051,LA,Jefferson,2025,96.1
22053,LA,Jefferson Davis,2025,92.1
22055,LA,Lafayette,2025,89.0
22057,LA,Lafourche,2025,92.0
22059,LA,LaSalle,2025,92.6
22061,LA,Lincoln,2025,93.8
22063,LA,Livingston,2025,89.9
22065,LA,Madison,2025,88.6
22067,LA,Morehouse,2025,98.6
22069,LA,Natchitoches,2025,96.1
22071,LA,Orleans,2025,91.6
22073,LA,Ouachita,2025,84.1
22075,LA,Plaquemines,2025,94.3
22077,LA,Pointe Coupee,2025,98.0
22079,LA,Rapides,2025,93.8
22081,LA,Red River,2025,98.0
22083,LA,Richland,2025,88.6
22085,LA,Sabine,2025,95.8
22087,LA,St Bernard,2025,95.2
22089,LA,St Charles,2025,95.4
22091,LA,St Helena,2025,100.0
22093,LA,St James,2025,96.6
22095,LA,St John the Baptist,2025,93.7
22097,LA,St Landry,2025,93.8
22099,LA,St Martin,2025,92.7
22101,LA,St Mary,2025,91.0
22103,LA,St Tammany,2025,87.7
22105,LA,Tangipahoa,2025,91.9
22107,LA,Tensas,2025,86.4
22109,LA,Terrebonne,2025,89.7
22111,LA,Union,2025,87.7
22113,LA,Vermilion,2025,92.0
22115,LA,Vernon,2025,90.5
22117,LA,Washington,2025,94.0
22119,LA,Webster,2025,90.8
22121,LA,West Baton Rouge,2025,93.1
22123,LA,West Carroll,2025,77.8
22125,LA,West Feliciana,2025,97.1
22127,LA,Winn,2025,99.1
25001,MA,Barnstable,2025,95.2
25003,MA,Berkshire,2025,91.8
25005,MA,Bristol,2025,97.6
25007,MA,Dukes,2025,95.1
25009,MA,Essex,2025,96.5
25011,MA,Franklin,2025,91.5
25013,MA,Hampden,2025,93.8
25015,MA,Hampshire,2025,95.7
25017,MA,Middlesex,2025,98.1
25019,MA,Nantucket,2025,91.0
25021,MA,Norfolk,2025,97.8
25023,MA,Plymouth,2025,96.2
25025,MA,Suffolk,2025,94.1
25027,MA,Worcester,2025,96.6
24001,MD,Allegany,2025,95.0
24003,MD,Anne Arundel,2025,96.6
24005,MD,Baltimore,2025,97.7
24009,MD,Calvert,2025,96.8
24011,MD,Caroline,2025,98.5
24013,MD,Carroll,2025,96.8
24015,MD,Cecil,2025,95.1
24017,MD,Charles,2025,97.4
24019,MD,Dorchester,2025,97.2
24021,MD,Frederick,2025,96.1
24023,MD,Garrett,2025,94.6
24025,MD,Harford,2025,96.9
24027,MD,Howard,2025,96.6
24029,MD,Kent,2025,88.4
24031,MD,Montgomery,2025,97.3
24033,MD,Prince Georges,2025,94.7
24035,MD,Queen Annes,2025,96.5
24037,MD,St Marys,2025,97.6
24039,MD,Somerset,2025,97.4
24041,MD,Talbot,2025,97.5
24043,MD,Washington,2025,96.7
24045,MD,Wicomico,2025,96.9
24047,MD,Worcester,2025,97.1
24510,MD,Baltimore City,2025,94.7
23001,ME,Androscoggin,2025,96.9
23003,ME,Aroostook,2025,97.2
23005,ME,Cumberland,2025,97.7
23007,ME,Franklin,2025,96.6
23009,ME,Hancock,2025,98.3
23011,ME,Kennebec,2025,98.8
23013,ME,Knox,2025,95.3
23015,ME,Lincoln,2025,96.7
23017,ME,Oxford,2025,97.6
23019,ME,Penobscot,2025,97.4
23021,ME,Piscataquis,2025,91.7
23023,ME,Sagadahoc,2025,98.7
23025,ME,Somerset,2025,98.8
23027,ME,Waldo,2025,97.1
23029,ME,Washington,2025,97.4
23031,ME,York,2025,97.9
26001,MI,Alcona,2025,92.2
26003,MI,Alger,2025,98.3
26005,MI,Allegan,2025,90.3
26007,MI,Alpena,2025,87.9
26009,MI,Antrim,2025,87.7
26011,MI,Arenac,2025,91.4
26013,MI,Baraga,2025,87.1
26015,MI,Barry,2025,89.2
26017,MI,Bay,2025,90.2
26019,MI,Benzie,2025,77.5
26021,MI,Berrien,2025,90.2
26023,MI,Branch,2025,92.2
26025,MI,Calhoun,2025,90.7
26027,MI,Cass,2025,93.6
26029,MI,Charlevoix,2025,87.7
26031,MI,Cheboygan,2025,87.5
26033,MI,Chippewa,2025,91.4
26035,MI,Clare,2025,89.7
26037,MI,Clinton,2025,91.7
26039,MI,Crawford,2025,92.6
26041,MI,Delta,2025,90.3
26043,MI,Dickinson,2025,91.9
26045,MI,Eaton,2025,92.3
26047,MI,Emmet,2025,91.3
26049,MI,Genesee,2025,90.0
26051,MI,Gladwin,2025,88.8
26053,MI,Gogebic,2025,86.1
26055,MI,Grand Traverse,2025,88.8
26057,MI,Gratiot,2025,92.0
26059,MI,Hillsdale,2025,88.7
26061,MI,Houghton,2025,74.0
26063,MI,Huron,2025,89.0
26065,MI,Ingham,2025,90.6
26067,MI,Ionia,2025,90.9
26069,MI,Iosco,2025,90.1
26071,MI,Iron,2025,87.2
26073,MI,Isabella,2025,91.6
26075,MI,Jackson,2025,91.9
26077,MI,Kalamazoo,2025,91.3
26079,MI,Kalkaska,2025,88.8
26081,MI,Kent,2025,92.5
26085,MI,Lake,2025,90.9
26087,MI,Lapeer,2025,82.1
26089,MI,Leelanau,2025,88.2
26091,MI,Lenawee,2025,87.8
26093,MI,Livingston,2025,84.7
26095,MI,Luce,2025,91.9
26097,MI,Mackinac,2025,91.7
26099,MI,Macomb,2025,87.3
26101,MI,Manistee,2025,85.8
26103,MI,Marquette,2025,92.8
26105,MI,Mason,2025,88.9
26107,MI,Mecosta,2025,91.3
26109,MI,Menominee,2025,87.0
26111,MI,Midland,2025,88.2
26113,MI,Missaukee,2025,89.0
26115,MI,Monroe,2025,89.9
26117,MI,Montcalm,2025,90.9
26119,MI,Montmorency,2025,89.6
26121,MI,Muskegon,2025,92.2
26123,MI,Newaygo,2025,87.5
26125,MI,Oakland,2025,87.8
26127,MI,Oceana,2025,88.5
26129,MI,Ogemaw,2025,85.5
26131,MI,Ontonagon,2025,82.1
26133,MI,Osceola,2025,88.8
26135,MI,Oscoda,2025,77.6
26137,MI,Otsego,2025,83.0
26139,MI,Ottawa,2025,93.1
26141,MI,Presque Isle,2025,91.6
26143,MI,Roscommon,2025,89.4
26145,MI,Saginaw,2025,92.6
26147,MI,St Clair,2025,86.9
26149,MI,St Joseph,2025,89.4
26151,MI,Sanilac,2025,88.9
26153,MI,Schoolcraft,2025,95.1
26155,MI,Shiawassee,2025,89.7
26157,MI,Tuscola,2025,90.7
26159,MI,Van Buren,2025,94.3
26161,MI,Washtenaw,2025,91.5
26165,MI,Wexford,2025,85.6
27001,MN,Aitkin,2025,78.4
27003,MN,Anoka,2025,86.4
27005,MN,Becker,2025,90.5
27007,MN,Beltrami,2025,87.0
27009,MN,Benton,2025,90.0
27011,MN,Big Stone,2025,92.3
27013,MN,Blue Earth,2025,89.7
27015,MN,Brown,2025,91.8
27017,MN,Carlton,2025,92.3
27019,MN,Carver,2025,85.8
27021,MN,Cass,2025,82.5
27023,MN,Chippewa,2025,88.1
27025,MN,Chisago,2025,88.4
27027,MN,Clay,2025,87.4
27029,MN,Clearwater,2025,68.1
27031,MN,Cook,2025,71.9
27033,MN,Cottonwood,2025,96.2
27035,MN,Crow Wing,2025,79.8
27037,MN,Dakota,2025,86.5
27039,MN,Dodge,2025,89.1
27041,MN,Douglas,2025,88.4
27043,MN,Faribault,2025,88.3
27045,MN,Fillmore,2025,91.6
27047,MN,Freeborn,2025,85.1
27049,MN,Goodhue,2025,92.3
27051,MN,Grant,2025,91.4
27053,MN,Hennepin,2025,84.4
27055,MN,Houston,2025,77.0
27057,MN,Hubbard,2025,83.0
27059,MN,Isanti,2025,84.3
27061,MN,Itasca,2025,89.7
27063,MN,Jackson,2025,88.8
27065,MN,Kanabec,2025,85.3
27067,MN,Kandiyohi,2025,84.8
27069,MN,Kittson,2025,71.2
27071,MN,Koochiching,2025,86.0
27073,MN,Lac qui Parle,2025,84.0
27075,MN,Lake,2025,84.0
27077,MN,Lake of the Woods,2025,91.4
27079,MN,Le Sueur,2025,87.3
27081,MN,Lincoln,2025,86.2
27083,MN,Lyon,2025,87.1
27085,MN,McLeod,2025,88.7
27087,MN,Mahnomen,2025,93.1
27089,MN,Marshall,2025,92.1
27091,MN,Martin,2025,82.2
27093,MN,Meeker,2025,83.3
27095,MN,Mille Lacs,2025,85.1
27097,MN,Morrison,2025,89.7
27099,MN,Mower,2025,94.3
27101,MN,Murray,2025,92.4
27103,MN,Nicollet,2025,92.6
27105,MN,Nobles,2025,85.8
27107,MN,Norman,2025,91.4
27109,MN,Olmsted,2025,93.3
27111,MN,Otter Tail,2025,81.8
27113,MN,Pennington,2025,95.3
27115,MN,Pine,2025,84.4
27117,MN,Pipestone,2025,89.8
27119,MN,Polk,2025,85.5
27121,MN,Pope,2025,88.9
27123,MN,Ramsey,2025,88.6
27125,MN,Red Lake,2025,91.5
27127,MN,Redwood,2025,84.3
27129,MN,Renville,2025,92.3
27131,MN,Rice,2025,85.1
27133,MN,Rock,2025,87.1
27135,MN,Roseau,2025,82.3
27137,MN,St Louis,2025,90.7
27139,MN,Scott,2025,84.8
27141,MN,Sherburne,2025,82.2
27143,MN,Sibley,2025,80.8
27145,MN,Stearns,2025,77.7
27147,MN,Steele,2025,88.3
27149,MN,Stevens,2025,86.4
27151,MN,Swift,2025,88.0
27153,MN,Todd,2025,78.6
27155,MN,Traverse,2025,100.0
27157,MN,Wabasha,2025,87.0
27159,MN,Wadena,2025,67.0
27161,MN,Waseca,2025,89.1
27163,MN,Washington,2025,91.1
27165,MN,Watonwan,2025,95.0
27167,MN,Wilkin,2025,94.2
27169,MN,Winona,2025,90.3
27171,MN,Wright,2025,85.2
27173,MN,Yellow Medicine,2025,95.7
29001,MO,Adair,2025,94.4
29003,MO,Andrew,2025,94.8
29005,MO,Atchison,2025,91.3
29007,MO,Audrain,2025,96.7
29009,MO,Barry,2025,92.0
29011,MO,Barton,2025,93.3
29013,MO,Bates,2025,86.9
29015,MO,Benton,2025,80.6
29017,MO,Bollinger,2025,90.8
29019,MO,Boone,2025,94.9
29021,MO,Buchanan,2025,96.5
29023,MO,Butler,2025,86.1
29025,MO,Caldwell,2025,95.1
29027,MO,Callaway,2025,90.5
29029,MO,Camden,2025,90.7
29031,MO,Cape Girardeau,2025,90.0
29033,MO,Carroll,2025,94.6
29035,MO,Carter,2025,85.9
29037,MO,Cass,2025,89.8
29039,MO,Cedar,2025,74.4
29041,MO,Chariton,2025,94.2
29043,MO,Christian,2025,81.5
29045,MO,Clark,2025,96.0
29047,MO,Clay,2025,89.9
29049,MO,Clinton,2025,88.4
29051,MO,Cole,2025,94.8
29053,MO,Cooper,2025,93.2
29055,MO,Crawford,2025,91.3
29057,MO,Dade,2025,90.7
29059,MO,Dallas,2025,84.4
29061,MO,Daviess,2025,74.4
29063,MO,DeKalb,2025,97.4
29065,MO,Dent,2025,87.9
29067,MO,Douglas,2025,75.4
29069,MO,Dunklin,2025,96.1
29071,MO,Franklin,2025,91.4
29073,MO,Gasconade,2025,94.2
29075,MO,Gentry,2025,98.3
29077,MO,Greene,2025,87.3
29079,MO,Grundy,2025,91.0
29081,MO,Harrison,2025,88.0
29083,MO,Henry,2025,91.2
29085,MO,Hickory,2025,89.1
29087,MO,Holt,2025,87.2
29089,MO,Howard,2025,99.1
29091,MO,Howell,2025,83.9
29093,MO,Iron,2025,95.9
29095,MO,Jackson,2025,89.5
29097,MO,Jasper,2025,91.9
29099,MO,Jefferson,2025,94.1
29101,MO,Johnson,2025,90.2
29103,MO,Knox,2025,97.5
29105,MO,Laclede,2025,90.9
29107,MO,Lafayette,2025,85.7
29109,MO,Lawrence,2025,85.8
29111,MO,Lewis,2025,87.5
29113,MO,Lincoln,2025,93.6
29115,MO,Linn,2025,91.6
29117,MO,Livingston,2025,92.5
29119,MO,McDonald,2025,91.0
29121,MO,Macon,2025,88.8
29123,MO,Madison,2025,96.7
29125,MO,Maries,2025,89.9
29127,MO,Marion,2025,94.2
29129,MO,Mercer,2025,100.0
29131,MO,Miller,2025,89.8
29133,MO,Mississippi,2025,93.6
29135,MO,Moniteau,2025,94.0
29137,MO,Monroe,2025,92.3
29139,MO,Montgomery,2025,95.9
29141,MO,Morgan,2025,85.6
29143,MO,New Madrid,2025,96.3
29145,MO,Newton,2025,89.3
29147,MO,Nodaway,2025,96.2
29149,MO,Oregon,2025,85.8
29151,MO,Osage,2025,91.9
29153,MO,Ozark,2025,72.9
29155,MO,Pemiscot,2025,68.1
29157,MO,Perry,2025,88.2
29159,MO,Pettis,2025,82.4
29161,MO,Phelps,2025,94.7
29163,MO,Pike,2025,94.2
29165,MO,Platte,2025,93.1
29167,MO,Polk,2025,87.3
29169,MO,Pulaski,2025,90.6
29171,MO,Putnam,2025,91.3
29173,MO,Ralls,2025,97.4
29175,MO,Randolph,2025,94.7
29177,MO,Ray,2025,95.2
29179,MO,Reynolds,2025,91.1
29181,MO,Ripley,2025,87.6
29183,MO,St Charles,2025,94.7
29185,MO,St Clair,2025,88.1
29186,MO,Ste Genevieve,2025,87.0
29187,MO,St Francois,2025,95.3
29189,MO,St Louis County,2025,91.0
29195,MO,Saline,2025,94.1
29197,MO,Schuyler,2025,97.7
29199,MO,Scotland,2025,94.1
29201,MO,Scott,2025,94.7
29203,MO,Shannon,2025,87.5
29205,MO,Shelby,2025,90.1
29207,MO,Stoddard,2025,91.5
29209,MO,Stone,2025,87.6
29211,MO,Sullivan,2025,95.9
29213,MO,Taney,2025,83.5
29215,MO,Texas,2025,82.2
29217,MO,Vernon,2025,89.1
29219,MO,Warren,2025,92.1
29221,MO,Washington,2025,90.0
29223,MO,Wayne,2025,91.1
29225,MO,Webster,2025,93.3
29227,MO,Worth,2025,100.0
29229,MO,Wright,2025,77.3
29510,MO,St Louis City,2025,74.0
28001,MS,Adams,2025,98.2
28003,MS,Alcorn,2025,98.6
28005,MS,Amite,2025,96.2
28007,MS,Attala,2025,99.1
28009,MS,Benton,2025,98.8
28011,MS,Bolivar,2025,99.8
28013,MS,Calhoun,2025,98.8
28015,MS,Carroll,2025,98.4
28017,MS,Chickasaw,2025,99.6
28019,MS,Choctaw,2025,96.5
28021,MS,Claiborne,2025,100.0
28023,MS,Clarke,2025,98.3
28025,MS,Clay,2025,97.9
28027,MS,Coahoma,2025,99.6
28029,MS,Copiah,2025,98.4
28031,MS,Covington,2025,99.2
28033,MS,DeSoto,2025,97.2
28035,MS,Forrest,2025,97.0
28037,MS,Franklin,2025,96.9
28039,MS,George,2025,96.0
28041,MS,Greene,2025,98.5
28043,MS,Grenada,2025,96.3
28045,MS,Hancock,2025,98.0
28047,MS,Harrison,2025,97.8
28049,MS,Hinds,2025,97.5
28051,MS,Holmes,2025,97.7
28053,MS,Humphreys,2025,100.0
28055,MS,Issaquena,2025,100.0
28057,MS,Itawamba,2025,96.4
28059,MS,Jackson,2025,96.4
28061,MS,Jasper,2025,96.7
28063,MS,Jefferson,2025,100.0
28065,MS,Jefferson Davis,2025,98.9
28067,MS,Jones,2025,96.7
28069,MS,Kemper,2025,98.7
28071,MS,Lafayette,2025,98.0
28073,MS,Lamar,2025,98.8
28075,MS,Lauderdale,2025,99.2
28077,MS,Lawrence,2025,98.4
28079,MS,Leake,2025,99.6
28081,MS,Lee,2025,97.2
28083,MS,Leflore,2025,98.0
28085,MS,Lincoln,2025,94.4
28087,MS,Lowndes,2025,98.0
28089,MS,Madison,2025,96.8
28091,MS,Marion,2025,97.9
28093,MS,Marshall,2025,96.2
28095,MS,Monroe,2025,98.6
28097,MS,Montgomery,2025,97.2
28099,MS,Neshoba,2025,99.2
28101,MS,Newton,2025,97.2
28103,MS,Noxubee,2025,95.6
28105,MS,Oktibbeha,2025,99.3
28107,MS,Panola,2025,99.4
28109,MS,Pearl River,2025,97.2
28111,MS,Perry,2025,99.2
28113,MS,Pike,2025,98.1
28115,MS,Pontotoc,2025,95.3
28117,MS,Prentiss,2025,99.6
28119,MS,Quitman,2025,100.0
28121,MS,Rankin,2025,97.0
28123,MS,Scott,2025,97.7
28125,MS,Sharkey,2025,100.0
28127,MS,Simpson,2025,97.2
28129,MS,Smith,2025,98.6
28131,MS,Stone,2025,98.1
28133,MS,Sunflower,2025,98.7
28135,MS,Tallahatchie,2025,100.0
28137,MS,Tate,2025,96.0
28139,MS,Tippah,2025,99.3
28141,MS,Tishomingo,2025,95.8
28143,MS,Tunica,2025,99.3
28145,MS,Union,2025,97.4
28147,MS,Walthall,2025,97.0
28149,MS,Warren,2025,98.6
28151,MS,Washington,2025,99.2
28153,MS,Wayne,2025,99.3
28155,MS,Webster,2025,99.2
28157,MS,Wilkinson,2025,100.0
28159,MS,Winston,2025,96.4
28161,MS,Yalobusha,2025,96.3
28163,MS,Yazoo,2025,98.8
37001,NC,Alamance,2025,95.1
37003,NC,Alexander,2025,94.1
37005,NC,Alleghany,2025,95.4
37007,NC,Anson,2025,95.3
37009,NC,Ashe,2025,97.1
37011,NC,Avery,2025,89.5
37013,NC,Beaufort,2025,95.3
37015,NC,Bertie,2025,100.0
37017,NC,Bladen,2025,96.7
37019,NC,Brunswick,2025,92.9
37021,NC,Buncombe,2025,89.2
37023,NC,Burke,2025,95.9
37025,NC,Cabarrus,2025,92.2
37027,NC,Caldwell,2025,96.4
37029,NC,Camden,2025,96.2
37031,NC,Carteret,2025,94.9
37033,NC,Caswell,2025,95.3
37035,NC,Catawba,2025,91.8
37037,NC,Chatham,2025,95.2
37039,NC,Cherokee,2025,86.7
37041,NC,Chowan,2025,93.7
37043,NC,Clay,2025,87.6
37045,NC,Cleveland,2025,94.1
37047,NC,Columbus,2025,95.1
37049,NC,Craven,2025,92.7
37051,NC,Cumberland,2025,92.2
37053,NC,Currituck,2025,94.2
37055,NC,Dare,2025,95.3
37057,NC,Davidson,2025,96.4
37059,NC,Davie,2025,96.1
37061,NC,Duplin,2025,98.0
37063,NC,Durham,2025,88.0
37065,NC,Edgecombe,2025,95.4
37067,NC,Forsyth,2025,92.8
37069,NC,Franklin,2025,94.0
37071,NC,Gaston,2025,90.8
37073,NC,Gates,2025,97.0
37075,NC,Graham,2025,93.6
37077,NC,Granville,2025,97.5
37079,NC,Greene,2025,99.5
37081,NC,Guilford,2025,93.0
37083,NC,Halifax,2025,94.8
37085,NC,Harnett,2025,90.4
37087,NC,Haywood,2025,92.3
37089,NC,Henderson,2025,90.8
37091,NC,Hertford,2025,97.5
37093,NC,Hoke,2025,91.1
37095,NC,Hyde,2025,92.3
37097,NC,Iredell,2025,91.5
37099,NC,Jackson,2025,92.9
37101,NC,Johnston,2025,93.7
37103,NC,Jones,2025,95.7
37105,NC,Lee,2025,93.6
37107,NC,Lenoir,2025,95.2
37109,NC,Lincoln,2025,88.8
37111,NC,McDowell,2025,97.5
37113,NC,Macon,2025,86.3
37115,NC,Madison,2025,87.4
37117,NC,Martin,2025,97.6
37119,NC,Mecklenburg,2025,92.0
37121,NC,Mitchell,2025,90.9
37123,NC,Montgomery,2025,98.7
37125,NC,Moore,2025,94.7
37127,NC,Nash,2025,96.0
37129,NC,New Hanover,2025,92.9
37131,NC,Northampton,2025,98.4
37133,NC,Onslow,2025,84.2
37135,NC,Orange,2025,96.6
37137,NC,Pamlico,2025,96.0
37139,NC,Pasquotank,2025,91.3
37141,NC,Pender,2025,92.9
37143,NC,Perquimans,2025,91.3
37145,NC,Person,2025,96.2
37147,NC,Pitt,2025,95.3
37149,NC,Polk,2025,83.9
37151,NC,Randolph,2025,95.0
37153,NC,Richmond,2025,97.4
37155,NC,Robeson,2025,95.2
37157,NC,Rockingham,2025,96.2
37159,NC,Rowan,2025,89.6
37161,NC,Rutherford,2025,92.9
37163,NC,Sampson,2025,94.0
37165,NC,Scotland,2025,89.3
37167,NC,Stanly,2025,93.6
37169,NC,Stokes,2025,96.2
37171,NC,Surry,2025,94.6
37173,NC,Swain,2025,97.5
37175,NC,Transylvania,2025,84.5
37177,NC,Tyrrell,2025,88.0
37179,NC,Union,2025,88.6
37181,NC,Vance,2025,92.3
37183,NC,Wake,2025,94.1
37185,NC,Warren,2025,98.7
37187,NC,Washington,2025,100.0
37189,NC,Watauga,2025,89.6
37191,NC,Wayne,2025,94.9
37193,NC,Wilkes,2025,95.5
37195,NC,Wilson,2025,92.0
37197,NC,Yadkin,2025,95.2
37199,NC,Yancey,2025,92.6
38001,ND,Adams,2025,87.5
38003,ND,Barnes,2025,92.0
38005,ND,Benson,2025,100.0
38007,ND,Billings,2025,66.7
38009,ND,Bottineau,2025,91.8
38011,ND,Bowman,2025,89.4
38013,ND,Burke,2025,83.3
38015,ND,Burleigh,2025,88.6
38017,ND,Cass,2025,92.8
38019,ND,Cavalier,2025,95.6
38021,ND,Dickey,2025,71.7
38023,ND,Divide,2025,91.2
38025,ND,Dunn,2025,81.2
38027,ND,Eddy,2025,93.1
38029,ND,Emmons,2025,86.2
38031,ND,Foster,2025,92.2
38033,ND,Golden Valley,2025,92.0
38035,ND,Grand Forks,2025,92.0
38037,ND,Grant,2025,59.1
38039,ND,Griggs,2025,88.6
38041,ND,Hettinger,2025,89.7
38043,ND,Kidder,2025,88.0
38045,ND,La Moure,2025,88.9
38047,ND,Logan,2025,70.0
38049,ND,McHenry,2025,76.2
38051,ND,McIntosh,2025,85.7
38053,ND,McKenzie,2025,70.0
38055,ND,McLean,2025,82.4
38057,ND,Mercer,2025,82.0
38059,ND,Morton,2025,87.9
38061,ND,Mountrail,2025,87.2
38063,ND,Nelson,2025,94.3
38065,ND,Oliver,2025,92.9
38067,ND,Pembina,2025,95.6
38069,ND,Pierce,2025,91.7
38071,ND,Ramsey,2025,98.2
38073,ND,Ransom,2025,95.0
38075,ND,Renville,2025,91.7
38077,ND,Richland,2025,93.3
38079,ND,Rolette,2025,98.2
38081,ND,Sargent,2025,84.8
38083,ND,Sheridan,2025,57.1
38085,ND,Sioux,2025,87.5
38089,ND,Stark,2025,87.3
38091,ND,Steele,2025,100.0
38093,ND,Stutsman,2025,91.6
38095,ND,Towner,2025,94.1
38097,ND,Traill,2025,95.4
38099,ND,Walsh,2025,95.7
38101,ND,Ward,2025,92.0
38103,ND,Wells,2025,78.3
38105,ND,Williams,2025,80.5
31001,NE,Adams,2025,95.8
31003,NE,Antelope,2025,87.5
31007,NE,Banner,2025,57.1
31011,NE,Boone,2025,98.5
31013,NE,Box Butte,2025,89.4
31015,NE,Boyd,2025,81.8
31017,NE,Brown,2025,93.5
31019,NE,Buffalo,2025,97.6
31021,NE,Burt,2025,97.4
31023,NE,Butler,2025,93.4
31025,NE,Cass,2025,92.5
31027,NE,Cedar,2025,86.4
31029,NE,Chase,2025,94.0
31031,NE,Cherry,2025,89.9
31033,NE,Cheyenne,2025,95.7
31035,NE,Clay,2025,91.7
31037,NE,Colfax,2025,98.5
31039,NE,Cuming,2025,95.9
31041,NE,Custer,2025,90.0
31043,NE,Dakota,2025,95.5
31045,NE,Dawes,2025,94.2
31047,NE,Dawson,2025,97.6
31049,NE,Deuel,2025,85.7
31051,NE,Dixon,2025,98.0
31053,NE,Dodge,2025,94.3
31055,NE,Douglas,2025,98.1
31057,NE,Dundy,2025,90.9
31059,NE,Fillmore,2025,94.7
31063,NE,Frontier,2025,89.8
31065,NE,Furnas,2025,94.9
31067,NE,Gage,2025,93.7
31069,NE,Garden,2025,63.6
31071,NE,Garfield,2025,100.0
31073,NE,Gosper,2025,66.7
31075,NE,Grant,2025,78.6
31077,NE,Greeley,2025,89.2
31079,NE,Hall,2025,96.3
31081,NE,Hamilton,2025,87.6
31083,NE,Harlan,2025,95.7
31085,NE,Hayes,2025,37.5
31087,NE,Hitchcock,2025,90.5
31089,NE,Holt,2025,95.1
31093,NE,Howard,2025,94.5
31095,NE,Jefferson,2025,97.3
31097,NE,Johnson,2025,97.4
31099,NE,Kearney,2025,97.7
31101,NE,Keith,2025,93.1
31103,NE,Keya Paha,2025,75.0
31105,NE,Kimball,2025,96.2
31107,NE,Knox,2025,90.8
31109,NE,Lancaster,2025,89.4
31111,NE,Lincoln,2025,94.5
31113,NE,Logan,2025,85.7
31115,NE,Loup,2025,60.0
31117,NE,McPherson,2025,100.0
31119,NE,Madison,2025,96.9
31121,NE,Merrick,2025,97.3
31123,NE,Morrill,2025,84.4
31125,NE,Nance,2025,95.5
31127,NE,Nemaha,2025,88.5
31129,NE,Nuckolls,2025,91.8
31131,NE,Otoe,2025,94.4
31133,NE,Pawnee,2025,95.7
31135,NE,Perkins,2025,95.8
31137,NE,Phelps,2025,96.2
31139,NE,Pierce,2025,90.1
31141,NE,Platte,2025,97.8
31143,NE,Polk,2025,92.9
31145,NE,Red Willow,2025,97.7
31147,NE,Richardson,2025,96.0
31151,NE,Saline,2025,97.0
31153,NE,Sarpy,2025,95.3
31155,NE,Saunders,2025,95.2
31157,NE,Scotts Bluff,2025,90.2
31159,NE,Seward,2025,97.0
31161,NE,Sheridan,2025,87.8
31163,NE,Sherman,2025,92.3
31165,NE,Sioux,2025,100.0
31167,NE,Stanton,2025,100.0
31169,NE,Thayer,2025,96.3
31173,NE,Thurston,2025,90.3
31175,NE,Valley,2025,89.7
31177,NE,Washington,2025,93.7
31179,NE,Wayne,2025,96.2
31181,NE,Webster,2025,100.0
31183,NE,Wheeler,2025,93.8
31185,NE,York,2025,96.4
33001,NH,Belknap,2025,93.5
33003,NH,Carroll,2025,90.4
33005,NH,Cheshire,2025,90.5
33007,NH,Coos,2025,94.4
33009,NH,Grafton,2025,91.1
33011,NH,Hillsborough,2025,92.9
33013,NH,Merrimack,2025,91.7
33015,NH,Rockingham,2025,93.7
33017,NH,Strafford,2025,93.2
33019,NH,Sullivan,2025,90.6
34001,NJ,Atlantic,2025,88.9
34003,NJ,Bergen,2025,94.9
34005,NJ,Burlington,2025,93.3
34007,NJ,Camden,2025,94.9
34009,NJ,Cape May,2025,89.3
34011,NJ,Cumberland,2025,95.4
34013,NJ,Essex,2025,92.4
34015,NJ,Gloucester,2025,94.8
34017,NJ,Hudson,2025,93.7
34019,NJ,Hunterdon,2025,92.4
34021,NJ,Mercer,2025,95.3
34023,NJ,Middlesex,2025,95.1
34025,NJ,Monmouth,2025,88.8
34027,NJ,Morris,2025,94.1
34029,NJ,Ocean,2025,84.3
34031,NJ,Passaic,2025,94.7
34033,NJ,Salem,2025,94.8
34035,NJ,Somerset,2025,94.9
34037,NJ,Sussex,2025,90.9
34039,NJ,Union,2025,94.8
34041,NJ,Warren,2025,92.8
35001,NM,Bernalillo,2025,93.7
35003,NM,Catron,2025,50.0
35005,NM,Chaves,2025,98.1
35006,NM,Cibola,2025,92.4
35007,NM,Colfax,2025,90.0
35009,NM,Curry,2025,97.8
35011,NM,De Baca,2025,93.3
35013,NM,Dona Ana,2025,97.8
35015,NM,Eddy,2025,95.4
35017,NM,Grant,2025,87.1
35019,NM,Guadalupe,2025,97.0
35021,NM,Harding,2025,100.0
35023,NM,Hidalgo,2025,96.4
35025,NM,Lea,2025,96.7
35027,NM,Lincoln,2025,93.1
35028,NM,Los Alamos,2025,98.3
35029,NM,Luna,2025,98.0
35031,NM,McKinley,2025,90.6
35033,NM,Mora,2025,100.0
35035,NM,Otero,2025,96.5
35037,NM,Quay,2025,93.6
35039,NM,Rio Arriba,2025,93.6
35041,NM,Roosevelt,2025,96.4
35043,NM,Sandoval,2025,96.0
35045,NM,San Juan,2025,95.5
35047,NM,San Miguel,2025,90.9
35049,NM,Santa Fe,2025,92.3
35051,NM,Sierra,2025,90.2
35053,NM,Socorro,2025,87.8
35055,NM,Taos,2025,89.4
35057,NM,Torrance,2025,90.9
35059,NM,Union,2025,90.6
35061,NM,Valencia,2025,95.1
32001,NV,Churchill,2025,92.9
32003,NV,Clark,2025,90.6
32005,NV,Douglas,2025,87.5
32007,NV,Elko,2025,92.1
32009,NV,Esmeralda,2025,66.7
32011,NV,Eureka,2025,75.0
32013,NV,Humboldt,2025,84.8
32015,NV,Lander,2025,100.0
32017,NV,Lincoln,2025,69.6
32019,NV,Lyon,2025,91.7
32021,NV,Mineral,2025,97.3
32023,NV,Nye,2025,82.5
32027,NV,Pershing,2025,78.0
32029,NV,Storey,2025,96.6
32031,NV,Washoe,2025,85.5
32033,NV,White Pine,2025,85.4
32510,NV,Carson City,2025,95.5
36001,NY,Albany,2025,98.5
36003,NY,Allegany,2025,99.5
36005,NY,Bronx,2025,97.1
36007,NY,Broome,2025,99.8
36009,NY,Cattaraugus,2025,99.7
36011,NY,Cayuga,2025,99.5
36013,NY,Chautauqua,2025,99.2
36015,NY,Chemung,2025,99.8
36017,NY,Chenango,2025,99.9
36019,NY,Clinton,2025,99.9
36021,NY,Columbia,2025,99.2
36023,NY,Cortland,2025,99.9
36025,NY,Delaware,2025,99.8
36027,NY,Dutchess,2025,98.9
36029,NY,Erie,2025,97.9
36031,NY,Essex,2025,99.4
36033,NY,Franklin,2025,100.0
36035,NY,Fulton,2025,99.8
36037,NY,Genesee,2025,99.8
36039,NY,Greene,2025,99.9
36041,NY,Hamilton,2025,100.0
36043,NY,Herkimer,2025,99.8
36045,NY,Jefferson,2025,99.4
36047,NY,Kings,2025,97.7
36049,NY,Lewis,2025,99.6
36051,NY,Livingston,2025,99.9
36053,NY,Madison,2025,99.7
36055,NY,Monroe,2025,99.4
36057,NY,Montgomery,2025,99.4
36059,NY,Nassau,2025,98.7
36061,NY,New York,2025,98.9
36063,NY,Niagara,2025,98.0
36065,NY,Oneida,2025,97.6
36067,NY,Onondaga,2025,99.6
36069,NY,Ontario,2025,99.9
36071,NY,Orange,2025,96.9
36073,NY,Orleans,2025,99.9
36075,NY,Oswego,2025,99.9
36077,NY,Otsego,2025,99.9
36079,NY,Putnam,2025,99.7
36081,NY,Queens,2025,97.6
36083,NY,Rensselaer,2025,99.9
36085,NY,Richmond,2025,99.3
36087,NY,Rockland,2025,98.3
36089,NY,St Lawrence,2025,99.9
36091,NY,Saratoga,2025,99.9
36093,NY,Schenectady,2025,97.0
36095,NY,Schoharie,2025,99.9
36097,NY,Schuyler,2025,99.5
36099,NY,Seneca,2025,98.4
36101,NY,Steuben,2025,99.8
36103,NY,Suffolk,2025,99.6
36105,NY,Sullivan,2025,98.5
36107,NY,Tioga,2025,99.8
36109,NY,Tompkins,2025,99.8
36111,NY,Ulster,2025,99.8
36113,NY,Warren,2025,99.8
36115,NY,Washington,2025,99.8
36117,NY,Wayne,2025,99.8
36119,NY,Westchester,2025,99.4
36121,NY,Wyoming,2025,99.2
36123,NY,Yates,2025,100.0
39001,OH,Adams,2025,96.9
39003,OH,Allen,2025,85.7
39005,OH,Ashland,2025,89.7
39007,OH,Ashtabula,2025,93.5
39009,OH,Athens,2025,93.9
39011,OH,Auglaize,2025,83.5
39013,OH,Belmont,2025,93.2
39015,OH,Brown,2025,95.2
39017,OH,Butler,2025,92.1
39019,OH,Carroll,2025,90.1
39021,OH,Champaign,2025,91.7
39023,OH,Clark,2025,90.5
39025,OH,Clermont,2025,94.3
39027,OH,Clinton,2025,83.3
39029,OH,Columbiana,2025,88.8
39031,OH,Coshocton,2025,93.4
39033,OH,Crawford,2025,92.0
39035,OH,Cuyahoga,2025,86.4
39037,OH,Darke,2025,92.5
39039,OH,Defiance,2025,90.3
39041,OH,Delaware,2025,92.5
39043,OH,Erie,2025,83.5
39045,OH,Fairfield,2025,93.1
39047,OH,Fayette,2025,93.4
39049,OH,Franklin,2025,89.6
39051,OH,Fulton,2025,88.2
39053,OH,Gallia,2025,96.5
39055,OH,Geauga,2025,89.6
39057,OH,Greene,2025,90.9
39059,OH,Guernsey,2025,95.1
39061,OH,Hamilton,2025,77.1
39063,OH,Hancock,2025,86.4
39065,OH,Hardin,2025,88.9
39069,OH,Henry,2025,87.2
39071,OH,Highland,2025,94.2
39073,OH,Hocking,2025,91.5
39075,OH,Holmes,2025,59.3
39077,OH,Huron,2025,86.1
39079,OH,Jackson,2025,91.9
39081,OH,Jefferson,2025,92.7
39083,OH,Knox,2025,84.1
39085,OH,Lake,2025,89.5
39087,OH,Lawrence,2025,96.0
39089,OH,Licking,2025,90.6
39091,OH,Logan,2025,84.2
39093,OH,Lorain,2025,91.9
39095,OH,Lucas,2025,84.2
39097,OH,Madison,2025,93.8
39099,OH,Mahoning,2025,88.4
39101,OH,Marion,2025,93.1
39103,OH,Medina,2025,91.7
39105,OH,Meigs,2025,97.9
39107,OH,Mercer,2025,89.1
39109,OH,Miami,2025,89.2
39111,OH,Monroe,2025,97.5
39113,OH,Montgomery,2025,84.6
39115,OH,Morgan,2025,97.1
39117,OH,Morrow,2025,87.9
39119,OH,Muskingum,2025,97.2
39121,OH,Noble,2025,94.1
39123,OH,Ottawa,2025,87.0
39125,OH,Paulding,2025,89.5
39127,OH,Perry,2025,91.5
39129,OH,Pickaway,2025,93.7
39131,OH,Pike,2025,94.9
39133,OH,Portage,2025,89.7
39135,OH,Preble,2025,89.4
39137,OH,Putnam,2025,93.7
39139,OH,Richland,2025,85.2
39141,OH,Ross,2025,89.7
39143,OH,Sandusky,2025,86.4
39145,OH,Scioto,2025,97.1
39147,OH,Seneca,2025,85.7
39149,OH,Shelby,2025,77.6
39151,OH,Stark,2025,89.7
39153,OH,Summit,2025,86.0
39155,OH,Trumbull,2025,91.8
39157,OH,Tuscarawas,2025,92.5
39159,OH,Union,2025,89.0
39161,OH,Van Wert,2025,78.6
39163,OH,Vinton,2025,90.2
39165,OH,Warren,2025,91.8
39167,OH,Washington,2025,93.3
39169,OH,Wayne,2025,87.0
39171,OH,Williams,2025,87.8
39173,OH,Wood,2025,92.9
39175,OH,Wyandot,2025,94.1
40001,OK,Adair,2025,86.4
40003,OK,Alfalfa,2025,90.0
40005,OK,Atoka,2025,86.3
40007,OK,Beaver,2025,85.2
40009,OK,Beckham,2025,93.3
40011,OK,Blaine,2025,92.9
40013,OK,Bryan,2025,91.3
40015,OK,Caddo,2025,80.9
40017,OK,Canadian,2025,86.8
40019,OK,Carter,2025,89.0
40021,OK,Cherokee,2025,88.5
40023,OK,Choctaw,2025,85.5
40025,OK,Cimarron,2025,50.0
40027,OK,Cleveland,2025,92.8
40029,OK,Coal,2025,71.4
40031,OK,Comanche,2025,85.4
40033,OK,Cotton,2025,87.3
40035,OK,Craig,2025,89.1
40037,OK,Creek,2025,87.8
40039,OK,Custer,2025,90.1
40041,OK,Delaware,2025,91.4
40043,OK,Dewey,2025,51.6
40045,OK,Ellis,2025,89.1
40047,OK,Garfield,2025,93.5
40049,OK,Garvin,2025,86.6
40051,OK,Grady,2025,88.8
40053,OK,Grant,2025,94.8
40055,OK,Greer,2025,98.0
40057,OK,Harmon,2025,88.9
40059,OK,Harper,2025,96.3
40061,OK,Haskell,2025,91.8
40063,OK,Hughes,2025,89.9
40065,OK,Jackson,2025,95.9
40067,OK,Jefferson,2025,84.6
40069,OK,Johnston,2025,89.2
40071,OK,Kay,2025,94.2
40073,OK,Kingfisher,2025,85.9
40075,OK,Kiowa,2025,92.8
40077,OK,Latimer,2025,94.9
40079,OK,Le Flore,2025,90.8
40081,OK,Lincoln,2025,83.0
40083,OK,Logan,2025,89.7
40085,OK,Love,2025,68.4
40087,OK,McClain,2025,88.4
40089,OK,McCurtain,2025,83.3
40091,OK,McIntosh,2025,92.1
40093,OK,Major,2025,91.3
40095,OK,Marshall,2025,91.6
40097,OK,Mayes,2025,90.0
40099,OK,Murray,2025,79.4
40101,OK,Muskogee,2025,88.2
40103,OK,Noble,2025,93.0
40105,OK,Nowata,2025,86.7
40107,OK,Okfuskee,2025,86.8
40109,OK,Oklahoma,2025,86.5
40111,OK,Okmulgee,2025,92.9
40113,OK,Osage,2025,84.5
40115,OK,Ottawa,2025,86.1
40117,OK,Pawnee,2025,87.4
40119,OK,Payne,2025,84.1
40121,OK,Pittsburg,2025,89.5
40123,OK,Pontotoc,2025,93.1
40125,OK,Pottawatomie,2025,91.0
40127,OK,Pushmataha,2025,81.7
40129,OK,Roger Mills,2025,92.9
40131,OK,Rogers,2025,87.6
40133,OK,Seminole,2025,82.0
40135,OK,Sequoyah,2025,85.2
40137,OK,Stephens,2025,91.2
40139,OK,Texas,2025,95.6
40141,OK,Tillman,2025,88.9
40143,OK,Tulsa,2025,90.6
40145,OK,Wagoner,2025,87.0
40147,OK,Washington,2025,88.8
40149,OK,Washita,2025,89.2
40151,OK,Woods,2025,85.0
40153,OK,Woodward,2025,78.0
41001,OR,Baker,2025,81.9
41003,OR,Benton,2025,94.2
41005,OR,Clackamas,2025,89.9
41007,OR,Clatsop,2025,90.5
41009,OR,Columbia,2025,86.1
41011,OR,Coos,2025,91.5
41013,OR,Crook,2025,87.2
41015,OR,Curry,2025,87.8
41017,OR,Deschutes,2025,90.0
41019,OR,Douglas,2025,89.2
41021,OR,Gilliam,2025,92.3
41023,OR,Grant,2025,81.4
41025,OR,Harney,2025,89.9
41027,OR,Hood River,2025,91.1
41029,OR,Jackson,2025,85.3
41031,OR,Jefferson,2025,94.1
41033,OR,Josephine,2025,77.5
41035,OR,Klamath,2025,87.3
41037,OR,Lake,2025,79.5
41039,OR,Lane,2025,91.6
41041,OR,Lincoln,2025,93.2
41043,OR,Linn,2025,89.2
41045,OR,Malheur,2025,92.1
41047,OR,Marion,2025,91.6
41049,OR,Morrow,2025,93.3
41051,OR,Multnomah,2025,91.8
41053,OR,Polk,2025,90.0
41055,OR,Sherman,2025,91.1
41057,OR,Tillamook,2025,86.5
41059,OR,Umatilla,2025,93.5
41061,OR,Union,2025,90.6
41063,OR,Wallowa,2025,85.7
41065,OR,Wasco,2025,91.1
41067,OR,Washington,2025,94.7
41069,OR,Wheeler,2025,61.5
41071,OR,Yamhill,2025,88.9
42001,PA,Adams,2025,92.9
42003,PA,Allegheny,2025,94.1
42005,PA,Armstrong,2025,95.1
42007,PA,Beaver,2025,91.5
42009,PA,Bedford,2025,95.3
42011,PA,Berks,2025,94.5
42013,PA,Blair,2025,92.0
42015,PA,Bradford,2025,89.4
42017,PA,Bucks,2025,94.3
42019,PA,Butler,2025,94.3
42021,PA,Cambria,2025,95.4
42023,PA,Cameron,2025,80.6
42025,PA,Carbon,2025,95.5
42027,PA,Centre,2025,94.4
42029,PA,Chester,2025,94.5
42031,PA,Clarion,2025,94.3
42033,PA,Clearfield,2025,93.0
42035,PA,Clinton,2025,93.1
42037,PA,Columbia,2025,96.5
42039,PA,Crawford,2025,92.4
42041,PA,Cumberland,2025,95.1
42043,PA,Dauphin,2025,86.8
42045,PA,Delaware,2025,94.3
42047,PA,Elk,2025,94.8
42049,PA,Erie,2025,94.1
42051,PA,Fayette,2025,92.5
42053,PA,Forest,2025,100.0
42055,PA,Franklin,2025,93.3
42057,PA,Fulton,2025,87.9
42059,PA,Greene,2025,92.3
42061,PA,Huntingdon,2025,92.6
42063,PA,Indiana,2025,93.0
42065,PA,Jefferson,2025,93.7
42067,PA,Juniata,2025,93.4
42069,PA,Lackawanna,2025,96.7
42071,PA,Lancaster,2025,88.5
42073,PA,Lawrence,2025,94.2
42075,PA,Lebanon,2025,93.2
42077,PA,Lehigh,2025,95.6
42079,PA,Luzerne,2025,93.9
42081,PA,Lycoming,2025,95.2
42083,PA,McKean,2025,93.8
42085,PA,Mercer,2025,92.7
42087,PA,Mifflin,2025,92.3
42089,PA,Monroe,2025,87.8
42091,PA,Montgomery,2025,95.3
42093,PA,Montour,2025,97.4
42095,PA,Northampton,2025,94.9
42097,PA,Northumberland,2025,93.2
42099,PA,Perry,2025,91.9
42101,PA,Philadelphia,2025,94.7
42103,PA,Pike,2025,88.3
42105,PA,Potter,2025,92.6
42107,PA,Schuylkill,2025,95.4
42109,PA,Snyder,2025,88.1
42111,PA,Somerset,2025,92.3
42113,PA,Sullivan,2025,94.1
42115,PA,Susquehanna,2025,92.3
42117,PA,Tioga,2025,95.1
42119,PA,Union,2025,94.0
42121,PA,Venango,2025,94.1
42123,PA,Warren,2025,96.4
42125,PA,Washington,2025,95.6
42127,PA,Wayne,2025,87.5
42129,PA,Westmoreland,2025,92.1
42131,PA,Wyoming,2025,97.3
42133,PA,York,2025,93.6
44001,RI,Bristol,2025,96.8
44003,RI,Kent,2025,96.5
44005,RI,Newport,2025,94.0
44007,RI,Providence,2025,95.0
44009,RI,Washington,2025,93.9
45001,SC,Abbeville,2025,94.2
45003,SC,Aiken,2025,92.7
45005,SC,Allendale,2025,98.0
45007,SC,Anderson,2025,95.1
45009,SC,Bamberg,2025,97.7
45011,SC,Barnwell,2025,94.6
45013,SC,Beaufort,2025,95.2
45015,SC,Berkeley,2025,93.5
45017,SC,Calhoun,2025,95.7
45019,SC,Charleston,2025,92.0
45021,SC,Cherokee,2025,93.2
45023,SC,Chester,2025,96.5
45025,SC,Chesterfield,2025,97.3
45027,SC,Clarendon,2025,98.4
45029,SC,Colleton,2025,96.6
45031,SC,Darlington,2025,97.6
45033,SC,Dillon,2025,98.4
45035,SC,Dorchester,2025,95.1
45037,SC,Edgefield,2025,96.2
45039,SC,Fairfield,2025,89.4
45041,SC,Florence,2025,96.9
45043,SC,Georgetown,2025,95.8
45045,SC,Greenville,2025,94.2
45047,SC,Greenwood,2025,96.3
45049,SC,Hampton,2025,98.1
45051,SC,Horry,2025,90.8
45053,SC,Jasper,2025,82.5
45055,SC,Kershaw,2025,95.1
45057,SC,Lancaster,2025,94.2
45059,SC,Laurens,2025,96.0
45061,SC,Lee,2025,96.0
45063,SC,Lexington,2025,94.8
45065,SC,McCormick,2025,96.4
45067,SC,Marion,2025,98.6
45069,SC,Marlboro,2025,96.3
45071,SC,Newberry,2025,97.5
45073,SC,Oconee,2025,94.3
45075,SC,Orangeburg,2025,95.6
45077,SC,Pickens,2025,94.5
45079,SC,Richland,2025,91.3
45081,SC,Saluda,2025,97.0
45083,SC,Spartanburg,2025,90.0
45085,SC,Sumter,2025,96.2
45087,SC,Union,2025,96.4
45089,SC,Williamsburg,2025,97.4
45091,SC,York,2025,93.6
46003,SD,Aurora,2025,89.0
46005,SD,Beadle,2025,88.0
46007,SD,Bennett,2025,78.0
46009,SD,Bon Homme,2025,86.0
46011,SD,Brookings,2025,90.0
46013,SD,Brown,2025,95.0
46015,SD,Brule,2025,82.0
46019,SD,Butte,2025,97.0
46021,SD,Campbell,2025,93.0
46023,SD,Charles Mix,2025,81.0
46025,SD,Clark,2025,63.0
46027,SD,Clay,2025,93.0
46029,SD,Codington,2025,90.0
46031,SD,Corson,2025,87.0
46033,SD,Custer,2025,88.0
46035,SD,Davison,2025,93.0
46037,SD,Day,2025,99.0
46039,SD,Deuel,2025,89.0
46041,SD,Dewey,2025,94.0
46043,SD,Douglas,2025,72.0
46045,SD,Edmunds,2025,77.0
46047,SD,Fall River,2025,81.0
46049,SD,Faulk,2025,56.0
46051,SD,Grant,2025,91.0
46053,SD,Gregory,2025,87.0
46055,SD,Haakon,2025,90.0
46057,SD,Hamlin,2025,85.0
46059,SD,Hand,2025,83.0
46061,SD,Hanson,2025,77.0
46063,SD,Harding,2025,95.0
46065,SD,Hughes,2025,94.0
46067,SD,Hutchinson,2025,63.0
46069,SD,Hyde,2025,89.0
46071,SD,Jackson,2025,100.0
46073,SD,Jerauld,2025,74.0
46075,SD,Jones,2025,100.0
46077,SD,Kingsbury,2025,92.0
46079,SD,Lake,2025,83.0
46081,SD,Lawrence,2025,93.0
46083,SD,Lincoln,2025,93.0
46085,SD,Lyman,2025,98.0
46087,SD,McCook,2025,78.0
46089,SD,McPherson,2025,86.0
46091,SD,Marshall,2025,73.0
46093,SD,Meade,2025,90.0
46095,SD,Mellette,2025,94.0
46097,SD,Miner,2025,87.0
46099,SD,Minnehaha,2025,90.0
46101,SD,Moody,2025,89.0
46102,SD,Oglala Lakota,2025,88.0
46103,SD,Pennington,2025,92.0
46105,SD,Perkins,2025,96.0
46107,SD,Potter,2025,88.0
46109,SD,Roberts,2025,93.0
46111,SD,Sanborn,2025,76.0
46115,SD,Spink,2025,85.0
46117,SD,Stanley,2025,83.0
46119,SD,Sully,2025,83.0
46121,SD,Todd,2025,86.0
46123,SD,Tripp,2025,84.0
46125,SD,Turner,2025,86.0
46127,SD,Union,2025,94.0
46129,SD,Walworth,2025,91.0
46135,SD,Yankton,2025,97.0
46137,SD,Ziebach,2025,100.0
47001,TN,Anderson,2025,95.9
47003,TN,Bedford,2025,97.1
47005,TN,Benton,2025,94.6
47007,TN,Bledsoe,2025,94.4
47009,TN,Blount,2025,93.9
47011,TN,Bradley,2025,90.0
47013,TN,Campbell,2025,96.8
47015,TN,Cannon,2025,92.1
47017,TN,Carroll,2025,92.3
47019,TN,Carter,2025,94.6
47021,TN,Cheatham,2025,96.5
47023,TN,Chester,2025,92.0
47025,TN,Claiborne,2025,92.9
47027,TN,Clay,2025,93.7
47029,TN,Cocke,2025,94.5
47031,TN,Coffee,2025,95.6
47033,TN,Crockett,2025,98.4
47035,TN,Cumberland,2025,95.2
47037,TN,Davidson,2025,95.6
47039,TN,Decatur,2025,88.1
47041,TN,De Kalb,2025,92.5
47043,TN,Dickson,2025,96.4
47045,TN,Dyer,2025,96.8
47047,TN,Fayette,2025,93.8
47049,TN,Fentress,2025,89.5
47051,TN,Franklin,2025,95.2
47053,TN,Gibson,2025,92.5
47055,TN,Giles,2025,93.3
47057,TN,Grainger,2025,98.7
47059,TN,Greene,2025,95.5
47061,TN,Grundy,2025,80.9
47063,TN,Hamblen,2025,92.5
47065,TN,Hamilton,2025,92.0
47067,TN,Hancock,2025,79.7
47069,TN,Hardeman,2025,99.1
47071,TN,Hardin,2025,94.9
47073,TN,Hawkins,2025,95.6
47075,TN,Haywood,2025,95.5
47077,TN,Henderson,2025,93.0
47079,TN,Henry,2025,94.0
47081,TN,Hickman,2025,95.8
47083,TN,Houston,2025,97.7
47085,TN,Humphreys,2025,94.0
47087,TN,Jackson,2025,90.8
47089,TN,Jefferson,2025,95.2
47091,TN,Johnson,2025,88.4
47093,TN,Knox,2025,94.2
47095,TN,Lake,2025,92.2
47099,TN,Lawrence,2025,91.4
47101,TN,Lewis,2025,87.2
47103,TN,Lincoln,2025,92.5
47105,TN,Loudon,2025,93.1
47107,TN,McMinn,2025,93.2
47109,TN,McNairy,2025,92.5
47111,TN,Macon,2025,98.3
47113,TN,Madison,2025,95.7
47115,TN,Marion,2025,95.3
47117,TN,Marshall,2025,91.8
47119,TN,Maury,2025,89.2
47121,TN,Meigs,2025,94.0
47123,TN,Monroe,2025,95.2
47125,TN,Montgomery,2025,94.8
47127,TN,Moore,2025,91.7
47129,TN,Morgan,2025,97.1
47131,TN,Obion,2025,95.4
47133,TN,Overton,2025,94.4
47135,TN,Perry,2025,95.6
47139,TN,Polk,2025,91.9
47141,TN,Putnam,2025,92.7
47143,TN,Rhea,2025,95.7
47145,TN,Roane,2025,96.6
47147,TN,Robertson,2025,96.1
47149,TN,Rutherford,2025,96.2
47151,TN,Scott,2025,97.3
47153,TN,Sequatchie,2025,97.9
47155,TN,Sevier,2025,96.8
47157,TN,Shelby,2025,94.6
47159,TN,Smith,2025,93.3
47161,TN,Stewart,2025,92.5
47163,TN,Sullivan,2025,94.9
47165,TN,Sumner,2025,93.1
47167,TN,Tipton,2025,95.3
47169,TN,Trousdale,2025,96.1
47171,TN,Unicoi,2025,98.7
47173,TN,Union,2025,93.8
47175,TN,Van Buren,2025,94.3
47177,TN,Warren,2025,90.6
47179,TN,Washington,2025,94.1
47181,TN,Wayne,2025,92.8
47183,TN,Weakley,2025,96.3
47185,TN,White,2025,89.0
47187,TN,Williamson,2025,91.2
47189,TN,Wilson,2025,93.4
48001,TX,Anderson,2025,94.8
48003,TX,Andrews,2025,95.5
48005,TX,Angelina,2025,93.9
48007,TX,Aransas,2025,97.3
48009,TX,Archer,2025,95.0
48011,TX,Armstrong,2025,92.3
48013,TX,Atascosa,2025,96.1
48015,TX,Austin,2025,94.8
48017,TX,Bailey,2025,96.3
48019,TX,Bandera,2025,93.5
48021,TX,Bastrop,2025,95.5
48023,TX,Baylor,2025,97.5
48025,TX,Bee,2025,96.7
48027,TX,Bell,2025,95.1
48029,TX,Bexar,2025,94.7
48031,TX,Blanco,2025,86.0
48033,TX,Borden,2025,88.2
48035,TX,Bosque,2025,93.0
48037,TX,Bowie,2025,92.6
48039,TX,Brazoria,2025,96.2
48041,TX,Brazos,2025,98.0
48043,TX,Brewster,2025,84.0
48045,TX,Briscoe,2025,100.0
48047,TX,Brooks,2025,100.0
48049,TX,Brown,2025,96.0
48051,TX,Burleson,2025,96.2
48053,TX,Burnet,2025,88.1
48055,TX,Caldwell,2025,97.2
48057,TX,Calhoun,2025,97.2
48059,TX,Callahan,2025,91.5
48061,TX,Cameron,2025,98.2
48063,TX,Camp,2025,93.2
48065,TX,Carson,2025,92.0
48067,TX,Cass,2025,95.6
48069,TX,Castro,2025,96.3
48071,TX,Chambers,2025,93.9
48073,TX,Cherokee,2025,97.8
48075,TX,Childress,2025,84.1
48077,TX,Clay,2025,89.2
48079,TX,Cochran,2025,92.7
48081,TX,Coke,2025,91.2
48083,TX,Coleman,2025,94.3
48085,TX,Collin,2025,93.0
48087,TX,Collingsworth,2025,87.8
48089,TX,Colorado,2025,97.5
48091,TX,Comal,2025,91.6
48093,TX,Comanche,2025,97.0
48095,TX,Concho,2025,100.0
48097,TX,Cooke,2025,91.5
48099,TX,Coryell,2025,94.3
48101,TX,Cottle,2025,100.0
48103,TX,Crane,2025,97.7
48105,TX,Crockett,2025,100.0
48107,TX,Crosby,2025,95.8
48109,TX,Culberson,2025,100.0
48111,TX,Dallam,2025,96.6
48113,TX,Dallas,2025,90.1
48115,TX,Dawson,2025,87.5
48117,TX,Deaf Smith,2025,99.3
48119,TX,Delta,2025,94.3
48121,TX,Denton,2025,91.7
48123,TX,DeWitt,2025,95.2
48125,TX,Dickens,2025,88.9
48127,TX,Dimmit,2025,99.2
48129,TX,Donley,2025,90.9
48131,TX,Duval,2025,96.8
48133,TX,Eastland,2025,90.3
48135,TX,Ector,2025,93.6
48137,TX,Edwards,2025,93.3
48139,TX,Ellis,2025,93.0
48141,TX,El Paso,2025,97.8
48143,TX,Erath,2025,94.9
48145,TX,Falls,2025,95.5
48147,TX,Fannin,2025,91.7
48149,TX,Fayette,2025,95.8
48151,TX,Fisher,2025,92.7
48153,TX,Floyd,2025,96.9
48155,TX,Foard,2025,100.0
48157,TX,Fort Bend,2025,95.2
48159,TX,Franklin,2025,94.1
48161,TX,Freestone,2025,94.6
48163,TX,Frio,2025,98.3
48165,TX,Gaines,2025,77.3
48167,TX,Galveston,2025,94.0
48169,TX,Garza,2025,86.5
48171,TX,Gillespie,2025,91.2
48173,TX,Glasscock,2025,100.0
48175,TX,Goliad,2025,96.7
48177,TX,Gonzales,2025,97.5
48179,TX,Gray,2025,97.2
48181,TX,Grayson,2025,93.1
48183,TX,Gregg,2025,95.3
48185,TX,Grimes,2025,93.3
48187,TX,Guadalupe,2025,95.9
48189,TX,Hale,2025,97.6
48191,TX,Hall,2025,77.8
48193,TX,Hamilton,2025,89.6
48195,TX,Hansford,2025,96.3
48197,TX,Hardeman,2025,97.2
48199,TX,Hardin,2025,91.9
48201,TX,Harris,2025,91.0
48203,TX,Harrison,2025,93.0
48205,TX,Hartley,2025,76.7
48207,TX,Haskell,2025,93.8
48209,TX,Hays,2025,94.6
48211,TX,Hemphill,2025,95.8
48213,TX,Henderson,2025,92.8
48215,TX,Hidalgo,2025,96.9
48217,TX,Hill,2025,89.3
48219,TX,Hockley,2025,94.5
48221,TX,Hood,2025,91.4
48223,TX,Hopkins,2025,96.8
48225,TX,Houston,2025,92.4
48227,TX,Howard,2025,95.4
48229,TX,Hudspeth,2025,93.8
48231,TX,Hunt,2025,93.4
48233,TX,Hutchinson,2025,95.2
48235,TX,Irion,2025,65.2
48237,TX,Jack,2025,83.5
48239,TX,Jackson,2025,95.3
48241,TX,Jasper,2025,90.6
48243,TX,Jeff Davis,2025,87.5
48245,TX,Jefferson,2025,95.1
48247,TX,Jim Hogg,2025,94.3
48249,TX,Jim Wells,2025,96.9
48251,TX,Johnson,2025,92.8
48253,TX,Jones,2025,96.6
48255,TX,Karnes,2025,98.1
48257,TX,Kaufman,2025,94.4
48259,TX,Kendall,2025,91.2
48261,TX,Kenedy,2025,92.3
48263,TX,Kent,2025,100.0
48265,TX,Kerr,2025,92.9
48267,TX,Kimble,2025,93.0
48269,TX,King,2025,100.0
48271,TX,Kinney,2025,90.6
48273,TX,Kleberg,2025,96.2
48275,TX,Knox,2025,92.0
48277,TX,Lamar,2025,94.3
48279,TX,Lamb,2025,92.5
48281,TX,Lampasas,2025,95.6
48283,TX,La Salle,2025,97.1
48285,TX,Lavaca,2025,95.4
48287,TX,Lee,2025,94.7
48289,TX,Leon,2025,95.2
48291,TX,Liberty,2025,96.6
48293,TX,Limestone,2025,92.2
48295,TX,Lipscomb,2025,72.1
48297,TX,Live Oak,2025,98.5
48299,TX,Llano,2025,89.6
48303,TX,Lubbock,2025,91.3
48305,TX,Lynn,2025,91.3
48307,TX,McCulloch,2025,94.0
48309,TX,McLennan,2025,95.3
48311,TX,McMullen,2025,93.8
48313,TX,Madison,2025,96.6
48315,TX,Marion,2025,98.6
48317,TX,Martin,2025,93.0
48319,TX,Mason,2025,92.3
48321,TX,Matagorda,2025,97.0
48323,TX,Maverick,2025,93.9
48325,TX,Medina,2025,96.7
48327,TX,Menard,2025,100.0
48329,TX,Midland,2025,94.4
48331,TX,Milam,2025,93.1
48333,TX,Mills,2025,100.0
48335,TX,Mitchell,2025,84.0
48337,TX,Montague,2025,87.0
48339,TX,Montgomery,2025,92.7
48341,TX,Moore,2025,96.6
48343,TX,Morris,2025,96.7
48345,TX,Motley,2025,100.0
48347,TX,Nacogdoches,2025,94.6
48349,TX,Navarro,2025,96.3
48351,TX,Newton,2025,92.9
48353,TX,Nolan,2025,97.2
48355,TX,Nueces,2025,96.6
48357,TX,Ochiltree,2025,97.9
48359,TX,Oldham,2025,84.2
48361,TX,Orange,2025,91.6
48363,TX,Palo Pinto,2025,92.8
48365,TX,Panola,2025,93.6
48367,TX,Parker,2025,89.8
48369,TX,Parmer,2025,97.2
48371,TX,Pecos,2025,80.0
48373,TX,Polk,2025,94.0
48375,TX,Potter,2025,96.0
48377,TX,Presidio,2025,100.0
48379,TX,Rains,2025,96.8
48381,TX,Randall,2025,92.9
48383,TX,Reagan,2025,98.5
48385,TX,Real,2025,94.4
48387,TX,Red River,2025,96.6
48389,TX,Reeves,2025,98.6
48391,TX,Refugio,2025,96.8
48393,TX,Roberts,2025,100.0
48395,TX,Robertson,2025,96.8
48397,TX,Rockwall,2025,90.9
48399,TX,Runnels,2025,98.1
48401,TX,Rusk,2025,91.8
48403,TX,Sabine,2025,89.4
48405,TX,San Augustine,2025,89.9
48407,TX,San Jacinto,2025,96.0
48409,TX,San Patricio,2025,97.1
48411,TX,San Saba,2025,92.3
48413,TX,Schleicher,2025,100.0
48415,TX,Scurry,2025,97.3
48417,TX,Shackelford,2025,90.2
48419,TX,Shelby,2025,93.8
48421,TX,Sherman,2025,92.6
48423,TX,Smith,2025,92.9
48425,TX,Somervell,2025,89.5
48427,TX,Starr,2025,94.6
48429,TX,Stephens,2025,91.8
48431,TX,Sterling,2025,100.0
48433,TX,Stonewall,2025,100.0
48435,TX,Sutton,2025,94.4
48437,TX,Swisher,2025,94.0
48439,TX,Tarrant,2025,93.6
48441,TX,Taylor,2025,96.2
48443,TX,Terrell,2025,100.0
48445,TX,Terry,2025,93.1
48447,TX,Throckmorton,2025,92.9
48449,TX,Titus,2025,97.9
48451,TX,Tom Green,2025,95.8
48453,TX,Travis,2025,86.7
48455,TX,Trinity,2025,91.7
48457,TX,Tyler,2025,90.6
48459,TX,Upshur,2025,89.7
48461,TX,Upton,2025,98.1
48463,TX,Uvalde,2025,94.2
48465,TX,Val Verde,2025,91.0
48467,TX,Van Zandt,2025,92.1
48469,TX,Victoria,2025,97.9
48471,TX,Walker,2025,94.0
48473,TX,Waller,2025,95.8
48475,TX,Ward,2025,93.4
48477,TX,Washington,2025,95.3
48479,TX,Webb,2025,99.4
48481,TX,Wharton,2025,98.4
48483,TX,Wheeler,2025,94.5
48485,TX,Wichita,2025,96.2
48487,TX,Wilbarger,2025,97.9
48489,TX,Willacy,2025,97.3
48491,TX,Williamson,2025,93.1
48493,TX,Wilson,2025,93.5
48495,TX,Winkler,2025,99.2
48497,TX,Wise,2025,90.7
48499,TX,Wood,2025,92.6
48501,TX,Yoakum,2025,94.6
48503,TX,Young,2025,91.0
48505,TX,Zapata,2025,98.4
48507,TX,Zavala,2025,100.0
49003,UT,Box Elder,2025,90.1
49005,UT,Cache,2025,93.1
49007,UT,Carbon,2025,87.5
49011,UT,Davis,2025,92.2
49013,UT,Duchesne,2025,89.5
49015,UT,Emery,2025,90.0
49021,UT,Iron,2025,82.4
49023,UT,Juab,2025,78.4
49025,UT,Kane,2025,83.2
49027,UT,Millard,2025,91.6
49029,UT,Morgan,2025,86.8
49035,UT,Salt Lake,2025,92.6
49037,UT,San Juan,2025,88.5
49039,UT,Sanpete,2025,88.1
49041,UT,Sevier,2025,85.1
49043,UT,Summit,2025,89.3
49045,UT,Tooele,2025,93.3
49047,UT,Uintah,2025,88.2
49049,UT,Utah,2025,88.2
49051,UT,Wasatch,2025,88.8
49053,UT,Washington,2025,79.2
49057,UT,Weber,2025,92.0
51001,VA,Accomack,2025,78.6
51003,VA,Albemarle,2025,89.3
51005,VA,Alleghany,2025,87.8
51007,VA,Amelia,2025,88.6
51009,VA,Amherst,2025,81.6
51011,VA,Appomattox,2025,93.0
51013,VA,Arlington,2025,92.2
51015,VA,Augusta,2025,93.1
51017,VA,Bath,2025,89.6
51019,VA,Bedford,2025,89.7
51021,VA,Bland,2025,89.8
51023,VA,Botetourt,2025,92.8
51025,VA,Brunswick,2025,92.9
51027,VA,Buchanan,2025,98.2
51029,VA,Buckingham,2025,97.9
51031,VA,Campbell,2025,89.0
51033,VA,Caroline,2025,89.3
51035,VA,Carroll,2025,94.0
51036,VA,Charles City,2025,64.5
51037,VA,Charlotte,2025,76.4
51041,VA,Chesterfield,2025,86.6
51043,VA,Clarke,2025,92.3
51045,VA,Craig,2025,100.0
51047,VA,Culpeper,2025,94.7
51049,VA,Cumberland,2025,98.1
51051,VA,Dickenson,2025,99.1
51053,VA,Dinwiddie,2025,88.6
51057,VA,Essex,2025,87.0
51059,VA,Fairfax County,2025,91.0
51061,VA,Fauquier,2025,92.2
51063,VA,Floyd,2025,87.3
51067,VA,Franklin County,2025,90.2
51069,VA,Frederick,2025,91.1
51071,VA,Giles,2025,87.6
51073,VA,Gloucester,2025,78.2
51075,VA,Goochland,2025,97.0
51077,VA,Grayson,2025,95.9
51079,VA,Greene,2025,88.9
51081,VA,Greensville,2025,98.5
51083,VA,Halifax,2025,80.9
51085,VA,Hanover,2025,94.9
51087,VA,Henrico,2025,92.7
51089,VA,Henry,2025,91.8
51091,VA,Highland,2025,100.0
51093,VA,Isle of Wight,2025,80.2
51095,VA,James City,2025,86.1
51097,VA,King and Queen,2025,90.7
51099,VA,King George,2025,89.8
51101,VA,King William,2025,91.5
51103,VA,Lancaster,2025,90.3
51105,VA,Lee,2025,95.4
51107,VA,Loudoun,2025,94.1
51109,VA,Louisa,2025,90.8
51111,VA,Lunenburg,2025,93.1
51113,VA,Madison,2025,88.8
51115,VA,Mathews,2025,97.8
51117,VA,Mecklenburg,2025,91.1
51119,VA,Middlesex,2025,96.8
51121,VA,Montgomery,2025,87.9
51125,VA,Nelson,2025,85.4
51127,VA,New Kent,2025,92.2
51131,VA,Northampton,2025,90.4
51133,VA,Northumberland,2025,90.4
51135,VA,Nottoway,2025,94.4
51137,VA,Orange,2025,89.0
51139,VA,Page,2025,96.6
51141,VA,Patrick,2025,95.2
51143,VA,Pittsylvania,2025,89.0
51145,VA,Powhatan,2025,89.0
51147,VA,Prince Edward,2025,100.0
51149,VA,Prince George,2025,92.2
51153,VA,Prince William,2025,95.0
51155,VA,Pulaski,2025,93.3
51157,VA,Rappahannock,2025,70.3
51159,VA,Richmond County,2025,90.8
51161,VA,Roanoke County,2025,91.3
51163,VA,Rockbridge,2025,91.9
51165,VA,Rockingham,2025,89.1
51167,VA,Russell,2025,93.8
51169,VA,Scott,2025,95.4
51171,VA,Shenandoah,2025,93.3
51173,VA,Smyth,2025,96.1
51175,VA,Southampton,2025,95.7
51177,VA,Spotsylvania,2025,88.7
51179,VA,Stafford,2025,91.0
51181,VA,Surry,2025,91.8
51183,VA,Sussex,2025,75.0
51185,VA,Tazewell,2025,85.8
51187,VA,Warren,2025,73.9
51191,VA,Washington,2025,89.2
51193,VA,Westmoreland,2025,93.4
51195,VA,Wise,2025,93.2
51197,VA,Wythe,2025,89.7
51199,VA,York,2025,93.4
51510,VA,Alexandria,2025,85.2
51520,VA,Bristol,2025,81.1
51530,VA,Buena Vista,2025,92.9
51540,VA,Charlottesville,2025,86.7
51550,VA,Chesapeake,2025,89.3
51570,VA,Colonial Heights,2025,93.8
51580,VA,Covington,2025,98.7
51590,VA,Danville,2025,91.2
51600,VA,Fairfax City,2025,91.0
51610,VA,Falls Church,2025,96.1
51620,VA,Franklin City,2025,75.9
51630,VA,Fredericksburg,2025,89.8
51640,VA,Galax,2025,89.2
51650,VA,Hampton,2025,92.6
51660,VA,Harrisonburg,2025,88.4
51670,VA,Hopewell,2025,72.0
51678,VA,Lexington,2025,96.2
51680,VA,Lynchburg,2025,71.5
51683,VA,Manassas,2025,95.5
51685,VA,Manassas Park,2025,95.8
51690,VA,Martinsville,2025,99.1
51700,VA,Newport News,2025,87.5
51710,VA,Norfolk,2025,89.8
51730,VA,Petersburg,2025,87.7
51740,VA,Portsmouth,2025,81.6
51750,VA,Radford,2025,95.9
51760,VA,Richmond City,2025,89.6
51770,VA,Roanoke City,2025,93.0
51775,VA,Salem,2025,87.9
51790,VA,Staunton,2025,96.7
51800,VA,Suffolk,2025,93.6
51810,VA,Virginia Beach,2025,90.8
51820,VA,Waynesboro,2025,94.6
51830,VA,Williamsburg,2025,89.2
51840,VA,Winchester,2025,93.5
50001,VT,Addison,2025,94.0
50003,VT,Bennington,2025,90.0
50005,VT,Caledonia,2025,92.0
50007,VT,Chittenden,2025,95.0
50011,VT,Franklin,2025,95.0
50015,VT,Lamoille,2025,91.0
50017,VT,Orange,2025,95.0
50019,VT,Orleans,2025,92.0
50021,VT,Rutland,2025,93.0
50023,VT,Washington,2025,93.0
50025,VT,Windham,2025,91.0
50027,VT,Windsor,2025,95.0
53001,WA,Adams,2025,95.4
53003,WA,Asotin,2025,88.4
53005,WA,Benton,2025,93.1
53007,WA,Chelan,2025,92.4
53009,WA,Clallam,2025,77.9
53011,WA,Clark,2025,86.8
53013,WA,Columbia,2025,85.2
53015,WA,Cowlitz,2025,90.6
53017,WA,Douglas,2025,93.9
53019,WA,Ferry,2025,82.5
53021,WA,Franklin,2025,94.1
53023,WA,Garfield,2025,100.0
53025,WA,Grant,2025,89.7
53027,WA,Grays Harbor,2025,90.0
53029,WA,Island,2025,91.8
53031,WA,Jefferson,2025,81.9
53033,WA,King,2025,92.4
53035,WA,Kitsap,2025,91.0
53037,WA,Kittitas,2025,90.5
53039,WA,Klickitat,2025,87.4
53041,WA,Lewis,2025,89.2
53043,WA,Lincoln,2025,82.3
53045,WA,Mason,2025,90.2
53047,WA,Okanogan,2025,89.2
53049,WA,Pacific,2025,57.4
53051,WA,Pend Oreille,2025,74.0
53053,WA,Pierce,2025,90.2
53055,WA,San Juan,2025,88.8
53057,WA,Skagit,2025,89.8
53059,WA,Skamania,2025,83.8
53061,WA,Snohomish,2025,92.2
53063,WA,Spokane,2025,86.8
53065,WA,Stevens,2025,76.4
53067,WA,Thurston,2025,92.6
53069,WA,Wahkiakum,2025,95.5
53071,WA,Walla Walla,2025,92.7
53073,WA,Whatcom,2025,86.0
53075,WA,Whitman,2025,90.8
53077,WA,Yakima,2025,96.2
55001,WI,Adams,2025,79.0
55003,WI,Ashland,2025,90.0
55005,WI,Barron,2025,85.0
55007,WI,Bayfield,2025,49.0
55009,WI,Brown,2025,85.0
55011,WI,Buffalo,2025,89.0
55013,WI,Burnett,2025,66.0
55015,WI,Calumet,2025,85.0
55017,WI,Chippewa,2025,71.0
55019,WI,Clark,2025,78.0
55021,WI,Columbia,2025,84.0
55023,WI,Crawford,2025,77.0
55025,WI,Dane,2025,90.0
55027,WI,Dodge,2025,82.0
55029,WI,Door,2025,81.0
55031,WI,Douglas,2025,93.0
55033,WI,Dunn,2025,85.0
55035,WI,Eau Claire,2025,86.0
55037,WI,Florence,2025,76.0
55039,WI,Fond du Lac,2025,83.0
55041,WI,Forest,2025,90.0
55043,WI,Grant,2025,82.0
55045,WI,Green,2025,89.0
55047,WI,Green Lake,2025,86.0
55049,WI,Iowa,2025,53.0
55051,WI,Iron,2025,83.0
55053,WI,Jackson,2025,79.0
55055,WI,Jefferson,2025,84.0
55057,WI,Juneau,2025,72.0
55059,WI,Kenosha,2025,74.0
55061,WI,Kewaunee,2025,90.0
55063,WI,La Crosse,2025,86.0
55065,WI,Lafayette,2025,87.0
55067,WI,Langlade,2025,86.0
55069,WI,Lincoln,2025,85.0
55071,WI,Manitowoc,2025,88.0
55073,WI,Marathon,2025,87.0
55075,WI,Marinette,2025,88.0
55077,WI,Marquette,2025,76.0
55078,WI,Menominee,2025,80.0
55079,WI,Milwaukee,2025,70.0
55081,WI,Monroe,2025,84.0
55083,WI,Oconto,2025,83.0
55085,WI,Oneida,2025,91.0
55087,WI,Outagamie,2025,88.0
55089,WI,Ozaukee,2025,89.0
55091,WI,Pepin,2025,83.0
55093,WI,Pierce,2025,83.0
55095,WI,Polk,2025,84.0
55097,WI,Portage,2025,87.0
55099,WI,Price,2025,50.0
55101,WI,Racine,2025,81.0
55103,WI,Richland,2025,72.0
55105,WI,Rock,2025,88.0
55107,WI,Rusk,2025,86.0
55109,WI,St Croix,2025,77.0
55111,WI,Sauk,2025,83.0
55113,WI,Sawyer,2025,82.0
55115,WI,Shawano,2025,86.0
55117,WI,Sheboygan,2025,87.0
55119,WI,Taylor,2025,84.0
55121,WI,Trempealeau,2025,86.0
55123,WI,Vernon,2025,71.0
55125,WI,Vilas,2025,78.0
55127,WI,Walworth,2025,84.0
55129,WI,Washburn,2025,77.0
55131,WI,Washington,2025,85.0
55133,WI,Waukesha,2025,88.0
55135,WI,Waupaca,2025,83.0
55137,WI,Waushara,2025,80.0
55139,WI,Winnebago,2025,85.0
55141,WI,Wood,2025,49.0
