st,year,pop,pc_income
AK,1950,135000,2899.0
AK,1951,158000,3401.0
AK,1952,189000,3255.0
AK,1953,205000,3169.0
AK,1954,215000,2927.0
AK,1955,222000,2886.0
AK,1956,224000,3022.0
AK,1957,231000,2897.0
AK,1958,224000,3001.0
AK,1959,224000,3126.0
AK,1960,229000,3521.0
AK,1961,238000,3347.0
AK,1962,246000,3378.0
AK,1963,256000,3518.0
AK,1964,263000,3835.0
AK,1965,271000,4016.0
AK,1966,271000,4276.0
AK,1967,278000,4545.0
AK,1968,285000,4790.0
AK,1969,296000,5322.0
AK,1970,304328,5911.0
AK,1971,316494,6269.0
AK,1972,326494,6636.0
AK,1973,333232,7525.0
AK,1974,344696,8827.0
AK,1975,370973,11205.0
AK,1976,393115,12447.0
AK,1977,397363,12789.0
AK,1978,402191,13018.0
AK,1979,403544,13744.0
AK,1980,405315,15507.0
AK,1981,418493,17086.0
AK,1982,449606,19417.0
AK,1983,488418,19479.0
AK,1984,513704,19690.0
AK,1985,532496,20586.0
AK,1986,544269,20322.0
AK,1987,539310,19642.0
AK,1988,541984,20406.0
AK,1989,547160,22117.0
AK,1990,553290,23207.0
AK,1991,570193,23518.0
AK,1992,588736,24227.0
AK,1993,599432,25020.0
AK,1994,603308,25691.0
AK,1995,604412,26369.0
AK,1996,608569,26910.0
AK,1997,612968,28219.0
AK,1998,619932,29287.0
AK,1999,624779,29941.0
AK,2000,627963,31996.0
AK,2001,633714,33591.0
AK,2002,642337,34766.0
AK,2003,648414,36045.0
AK,2004,659286,37054.0
AK,2005,666946,39013.0
AK,2006,675302,41013.0
AK,2007,680300,43747.0
AK,2008,687455,47800.0
AK,2009,698895,47221.0
AK,2010,714015,49555.0
AK,2011,722513,52420.0
AK,2012,731106,53343.0
AK,2013,738054,52257.0
AK,2014,737634,55077.0
AK,2015,739120,56690.0
AK,2016,743397,55513.0
AK,2017,741937,56476.0
AK,2018,737710,58975.0
AK,2019,734820,60483.0
AK,2020,732906,61892.0
AK,2021,734590,65773.0
AK,2022,733659,69151.0
AK,2023,734654,72563.0
AK,2024,736537,76842.0
AK,2025,737270,80510.0
AL,1929,2644000,319.0
AL,1930,2647000,263.0
AL,1931,2649000,220.0
AL,1932,2653000,159.0
AL,1933,2661000,164.0
AL,1934,2685000,207.0
AL,1935,2719000,216.0
AL,1936,2743000,249.0
AL,1937,2762000,266.0
AL,1938,2787000,242.0
AL,1939,2814000,251.0
AL,1940,2845000,281.0
AL,1941,2902000,379.0
AL,1942,2950000,532.0
AL,1943,2887000,676.0
AL,1944,2799000,753.0
AL,1945,2770000,799.0
AL,1946,2906000,763.0
AL,1947,2944000,809.0
AL,1948,2969000,881.0
AL,1949,3000000,838.0
AL,1950,3058000,919.0
AL,1951,3059000,1071.0
AL,1952,3068000,1137.0
AL,1953,3053000,1193.0
AL,1954,3014000,1167.0
AL,1955,3050000,1305.0
AL,1956,3071000,1390.0
AL,1957,3109000,1460.0
AL,1958,3163000,1496.0
AL,1959,3204000,1553.0
AL,1960,3274000,1585.0
AL,1961,3316000,1616.0
AL,1962,3323000,1695.0
AL,1963,3358000,1782.0
AL,1964,3395000,1914.0
AL,1965,3443000,2048.0
AL,1966,3464000,2184.0
AL,1967,3458000,2311.0
AL,1968,3446000,2536.0
AL,1969,3440000,2831.0
AL,1970,3449846,3081.0
AL,1971,3497452,3345.0
AL,1972,3540080,3672.0
AL,1973,3580769,4088.0
AL,1974,3627805,4477.0
AL,1975,3680533,4918.0
AL,1976,3737204,5438.0
AL,1977,3782736,5920.0
AL,1978,3834120,6609.0
AL,1979,3869444,7275.0
AL,1980,3900368,7959.0
AL,1981,3918533,8793.0
AL,1982,3925263,9269.0
AL,1983,3934100,9908.0
AL,1984,3951824,10840.0
AL,1985,3972520,11601.0
AL,1986,3991569,12220.0
AL,1987,4015262,12830.0
AL,1988,4023842,13800.0
AL,1989,4030219,14975.0
AL,1990,4050055,15860.0
AL,1991,4099156,16585.0
AL,1992,4154014,17574.0
AL,1993,4214202,18116.0
AL,1994,4260229,18963.0
AL,1995,4296800,19874.0
AL,1996,4331102,20599.0
AL,1997,4367935,21487.0
AL,1998,4404701,22651.0
AL,1999,4430141,23296.0
AL,2000,4452173,24258.0
AL,2001,4467634,25046.0
AL,2002,4480089,25671.0
AL,2003,4503491,26700.0
AL,2004,4530729,28385.0
AL,2005,4569805,29780.0
AL,2006,4628981,31264.0
AL,2007,4672840,32516.0
AL,2008,4718206,33441.0
AL,2009,4757938,32705.0
AL,2010,4788095,33830.0
AL,2011,4812576,34868.0
AL,2012,4839947,35544.0
AL,2013,4865253,35693.0
AL,2014,4887757,36710.0
AL,2015,4909177,38177.0
AL,2016,4931579,38692.0
AL,2017,4953096,39955.0
AL,2018,4977088,41314.0
AL,2019,5003778,42996.0
AL,2020,5032962,45874.0
AL,2021,5050058,50651.0
AL,2022,5076868,51706.0
AL,2023,5117850,54760.0
AL,2024,5163055,57167.0
AL,2025,5193088,59754.0
AR,1929,1852000,303.0
AR,1930,1859000,224.0
AR,1931,1848000,207.0
AR,1932,1836000,152.0
AR,1933,1854000,153.0
AR,1934,1878000,182.0
AR,1935,1890000,204.0
AR,1936,1892000,243.0
AR,1937,1903000,253.0
AR,1938,1928000,228.0
AR,1939,1948000,246.0
AR,1940,1955000,257.0
AR,1941,1966000,344.0
AR,1942,1983000,491.0
AR,1943,1839000,572.0
AR,1944,1771000,698.0
AR,1945,1758000,753.0
AR,1946,1805000,760.0
AR,1947,1835000,740.0
AR,1948,1825000,881.0
AR,1949,1844000,818.0
AR,1950,1908000,849.0
AR,1951,1901000,970.0
AR,1952,1838000,1043.0
AR,1953,1780000,1084.0
AR,1954,1734000,1100.0
AR,1955,1725000,1202.0
AR,1956,1704000,1262.0
AR,1957,1733000,1280.0
AR,1958,1726000,1339.0
AR,1959,1756000,1436.0
AR,1960,1789000,1424.0
AR,1961,1806000,1535.0
AR,1962,1853000,1600.0
AR,1963,1875000,1676.0
AR,1964,1897000,1799.0
AR,1965,1894000,1902.0
AR,1966,1899000,2109.0
AR,1967,1901000,2238.0
AR,1968,1902000,2419.0
AR,1969,1913000,2681.0
AR,1970,1930077,2915.0
AR,1971,1972028,3176.0
AR,1972,2018116,3504.0
AR,1973,2058491,4069.0
AR,1974,2100385,4453.0
AR,1975,2158291,4769.0
AR,1976,2168688,5247.0
AR,1977,2207228,5736.0
AR,1978,2241019,6546.0
AR,1979,2269115,7090.0
AR,1980,2288738,7601.0
AR,1981,2293204,8592.0
AR,1982,2294254,9021.0
AR,1983,2305766,9518.0
AR,1984,2319767,10538.0
AR,1985,2327046,11165.0
AR,1986,2331988,11708.0
AR,1987,2342357,12106.0
AR,1988,2342655,13015.0
AR,1989,2346354,13934.0
AR,1990,2356586,14621.0
AR,1991,2383144,15313.0
AR,1992,2415984,16431.0
AR,1993,2456303,16945.0
AR,1994,2494019,17743.0
AR,1995,2535399,18582.0
AR,1996,2572109,19427.0
AR,1997,2601090,20176.0
AR,1998,2626289,21203.0
AR,1999,2651860,21842.0
AR,2000,2678588,22731.0
AR,2001,2691571,23841.0
AR,2002,2705927,24280.0
AR,2003,2724816,25564.0
AR,2004,2749686,27024.0
AR,2005,2781097,28043.0
AR,2006,2821761,29376.0
AR,2007,2848650,31036.0
AR,2008,2874554,32157.0
AR,2009,2896843,31419.0
AR,2010,2921546,32231.0
AR,2011,2938773,34194.0
AR,2012,2948793,36299.0
AR,2013,2954563,36296.0
AR,2014,2961050,38229.0
AR,2015,2970210,39275.0
AR,2016,2980475,40188.0
AR,2017,2990702,41408.0
AR,2018,2997195,43035.0
AR,2019,3004206,43745.0
AR,2020,3014399,47140.0
AR,2021,3027127,53374.0
AR,2022,3047429,53718.0
AR,2023,3069856,56569.0
AR,2024,3096080,59403.0
AR,2025,3114791,61697.0
AZ,1929,430000,598.0
AZ,1930,434000,518.0
AZ,1931,429000,430.0
AZ,1932,426000,322.0
AZ,1933,426000,309.0
AZ,1934,428000,362.0
AZ,1935,434000,416.0
AZ,1936,443000,462.0
AZ,1937,453000,506.0
AZ,1938,466000,479.0
AZ,1939,484000,491.0
AZ,1940,499000,506.0
AZ,1941,492000,649.0
AZ,1942,530000,953.0
AZ,1943,661000,1045.0
AZ,1944,618000,1076.0
AZ,1945,591000,1150.0
AZ,1946,618000,1131.0
AZ,1947,652000,1199.0
AZ,1948,690000,1354.0
AZ,1949,714000,1343.0
AZ,1950,756000,1408.0
AZ,1951,785000,1677.0
AZ,1952,842000,1779.0
AZ,1953,894000,1778.0
AZ,1954,933000,1766.0
AZ,1955,987000,1833.0
AZ,1956,1053000,1937.0
AZ,1957,1125000,1984.0
AZ,1958,1193000,1988.0
AZ,1959,1261000,2076.0
AZ,1960,1321000,2162.0
AZ,1961,1407000,2210.0
AZ,1962,1471000,2277.0
AZ,1963,1521000,2315.0
AZ,1964,1556000,2427.0
AZ,1965,1584000,2528.0
AZ,1966,1614000,2701.0
AZ,1967,1646000,2879.0
AZ,1968,1682000,3233.0
AZ,1969,1737000,3643.0
AZ,1970,1794912,4020.0
AZ,1971,1896108,4354.0
AZ,1972,2008847,4711.0
AZ,1973,2125281,5145.0
AZ,1974,2224342,5546.0
AZ,1975,2286348,5825.0
AZ,1976,2347976,6309.0
AZ,1977,2427310,6858.0
AZ,1978,2517852,7768.0
AZ,1979,2638582,8712.0
AZ,1980,2737774,9676.0
AZ,1981,2810108,10755.0
AZ,1982,2889860,11129.0
AZ,1983,2968924,11942.0
AZ,1984,3067134,13038.0
AZ,1985,3183539,13987.0
AZ,1986,3308261,14720.0
AZ,1987,3437103,15208.0
AZ,1988,3535183,16025.0
AZ,1989,3622184,16779.0
AZ,1990,3684097,17317.0
AZ,1991,3788576,17745.0
AZ,1992,3915740,18287.0
AZ,1993,4065440,18924.0
AZ,1994,4245089,19836.0
AZ,1995,4432499,20712.0
AZ,1996,4586940,21681.0
AZ,1997,4736990,22757.0
AZ,1998,4883342,24130.0
AZ,1999,5023823,24866.0
AZ,2000,5160586,26271.0
AZ,2001,5273477,26946.0
AZ,2002,5396255,27325.0
AZ,2003,5510364,28384.0
AZ,2004,5652404,30154.0
AZ,2005,5839077,32150.0
AZ,2006,6029141,34460.0
AZ,2007,6167681,35602.0
AZ,2008,6280362,35586.0
AZ,2009,6343154,33295.0
AZ,2010,6401304,33536.0
AZ,2011,6443158,35032.0
AZ,2012,6501800,36171.0
AZ,2013,6555926,36752.0
AZ,2014,6629890,38127.0
AZ,2015,6705607,39773.0
AZ,2016,6793278,41085.0
AZ,2017,6872380,43182.0
AZ,2018,6964300,45223.0
AZ,2019,7067695,47646.0
AZ,2020,7186647,51996.0
AZ,2021,7274022,57116.0
AZ,2022,7370065,59055.0
AZ,2023,7452073,63159.0
AZ,2024,7556424,65563.0
AZ,2025,7623818,68373.0
CA,1929,5531000,994.0
CA,1930,5711000,889.0
CA,1931,5824000,753.0
CA,1932,5894000,584.0
CA,1933,5963000,550.0
CA,1934,6060000,605.0
CA,1935,6175000,665.0
CA,1936,6341000,776.0
CA,1937,6528000,801.0
CA,1938,6656000,779.0
CA,1939,6785000,790.0
CA,1940,6950000,856.0
CA,1941,7269000,1034.0
CA,1942,7814000,1324.0
CA,1943,8623000,1589.0
CA,1944,9261000,1616.0
CA,1945,9619000,1620.0
CA,1946,9727000,1706.0
CA,1947,9912000,1724.0
CA,1948,10064000,1816.0
CA,1949,10337000,1800.0
CA,1950,10677000,1947.0
CA,1951,11134000,2166.0
CA,1952,11635000,2303.0
CA,1953,12251000,2345.0
CA,1954,12746000,2323.0
CA,1955,13133000,2478.0
CA,1956,13713000,2597.0
CA,1957,14264000,2683.0
CA,1958,14880000,2705.0
CA,1959,15467000,2847.0
CA,1960,15870000,2931.0
CA,1961,16497000,2986.0
CA,1962,17072000,3110.0
CA,1963,17668000,3211.0
CA,1964,18151000,3383.0
CA,1965,18585000,3531.0
CA,1966,18858000,3784.0
CA,1967,19176000,4001.0
CA,1968,19394000,4334.0
CA,1969,19711000,4676.0
CA,1970,20023181,4965.0
CA,1971,20345575,5209.0
CA,1972,20584794,5652.0
CA,1973,20867737,6123.0
CA,1974,21172548,6731.0
CA,1975,21536715,7320.0
CA,1976,21934505,7975.0
CA,1977,22350247,8681.0
CA,1978,22838960,9661.0
CA,1979,23255069,10758.0
CA,1980,23800800,11950.0
CA,1981,24285933,13150.0
CA,1982,24820007,13785.0
CA,1983,25360023,14587.0
CA,1984,25844397,15877.0
CA,1985,26441107,16788.0
CA,1986,27102238,17581.0
CA,1987,27777160,18418.0
CA,1988,28464250,19590.0
CA,1989,29218165,20542.0
CA,1990,29959515,21483.0
CA,1991,30470736,21877.0
CA,1992,30974659,22664.0
CA,1993,31274928,22990.0
CA,1994,31484435,23556.0
CA,1995,31696582,24596.0
CA,1996,32018834,25864.0
CA,1997,32486010,26979.0
CA,1998,32987675,28901.0
CA,1999,33499204,30529.0
CA,2000,33987977,33175.0
CA,2001,34479458,33915.0
CA,2002,34871843,34047.0
CA,2003,35253159,35191.0
CA,2004,35574576,36969.0
CA,2005,35827943,38737.0
CA,2006,36021202,41454.0
CA,2007,36250311,43070.0
CA,2008,36604337,43391.0
CA,2009,36961229,41664.0
CA,2010,37322523,43145.0
CA,2011,37651212,45517.0
CA,2012,37971412,47800.0
CA,2013,38292557,48079.0
CA,2014,38637421,50631.0
CA,2015,38966939,53828.0
CA,2016,39223789,55873.0
CA,2017,39424315,58225.0
CA,2018,39535920,60994.0
CA,2019,39547995,64230.0
CA,2020,39527808,70098.0
CA,2021,39152927,77140.0
CA,2022,39125347,77221.0
CA,2023,39181667,81318.0
CA,2024,39364774,86761.0
CA,2025,39355309,90957.0
CO,1929,1008000,631.0
CO,1930,1040000,574.0
CO,1931,1056000,472.0
CO,1932,1066000,357.0
CO,1933,1071000,353.0
CO,1934,1075000,372.0
CO,1935,1078000,445.0
CO,1936,1090000,542.0
CO,1937,1104000,534.0
CO,1938,1112000,508.0
CO,1939,1120000,519.0
CO,1940,1130000,548.0
CO,1941,1124000,655.0
CO,1942,1133000,917.0
CO,1943,1151000,1067.0
CO,1944,1124000,1087.0
CO,1945,1113000,1213.0
CO,1946,1196000,1231.0
CO,1947,1236000,1372.0
CO,1948,1263000,1489.0
CO,1949,1295000,1478.0
CO,1950,1325000,1584.0
CO,1951,1326000,1881.0
CO,1952,1365000,1973.0
CO,1953,1431000,1905.0
CO,1954,1493000,1881.0
CO,1955,1546000,1979.0
CO,1956,1625000,2078.0
CO,1957,1664000,2223.0
CO,1958,1667000,2272.0
CO,1959,1710000,2379.0
CO,1960,1769000,2461.0
CO,1961,1844000,2540.0
CO,1962,1899000,2602.0
CO,1963,1936000,2673.0
CO,1964,1970000,2779.0
CO,1965,1985000,2942.0
CO,1966,2007000,3127.0
CO,1967,2053000,3294.0
CO,1968,2120000,3539.0
CO,1969,2166000,3896.0
CO,1970,2223979,4290.0
CO,1971,2303502,4671.0
CO,1972,2404576,5064.0
CO,1973,2495803,5579.0
CO,1974,2541318,6142.0
CO,1975,2586144,6670.0
CO,1976,2632244,7211.0
CO,1977,2696007,7854.0
CO,1978,2766725,8824.0
CO,1979,2849181,9818.0
CO,1980,2908803,11019.0
CO,1981,2977899,12372.0
CO,1982,3061562,13218.0
CO,1983,3133634,13943.0
CO,1984,3169995,15009.0
CO,1985,3208726,15720.0
CO,1986,3237448,16185.0
CO,1987,3260477,16617.0
CO,1988,3262280,17620.0
CO,1989,3275815,18903.0
CO,1990,3307618,19843.0
CO,1991,3387119,20558.0
CO,1992,3495939,21600.0
CO,1993,3613734,22608.0
CO,1994,3724168,23586.0
CO,1995,3826653,24948.0
CO,1996,3919972,26269.0
CO,1997,4018293,27554.0
CO,1998,4116639,29776.0
CO,1999,4226018,31167.0
CO,2000,4326921,33872.0
CO,2001,4425687,34812.0
CO,2002,4490406,34405.0
CO,2003,4528732,34757.0
CO,2004,4575013,35753.0
CO,2005,4631888,37619.0
CO,2006,4720423,39869.0
CO,2007,4803868,41760.0
CO,2008,4889730,42961.0
CO,2009,4972195,40244.0
CO,2010,5046928,40809.0
CO,2011,5118837,43714.0
CO,2012,5188139,45480.0
CO,2013,5262801,47076.0
CO,2014,5342212,50221.0
CO,2015,5441452,51371.0
CO,2016,5528510,51282.0
CO,2017,5599635,54145.0
CO,2018,5676918,57765.0
CO,2019,5735797,61242.0
CO,2020,5786873,64669.0
CO,2021,5814368,71934.0
CO,2022,5853355,76616.0
CO,2023,5912240,79761.0
CO,2024,5988502,82498.0
CO,2025,6012561,86342.0
CT,1929,1594000,1029.0
CT,1930,1613000,927.0
CT,1931,1628000,807.0
CT,1932,1637000,627.0
CT,1933,1642000,591.0
CT,1934,1650000,661.0
CT,1935,1666000,715.0
CT,1936,1672000,815.0
CT,1937,1678000,870.0
CT,1938,1684000,779.0
CT,1939,1696000,847.0
CT,1940,1708000,931.0
CT,1941,1751000,1159.0
CT,1942,1798000,1440.0
CT,1943,1797000,1621.0
CT,1944,1801000,1622.0
CT,1945,1782000,1592.0
CT,1946,1911000,1600.0
CT,1947,1969000,1721.0
CT,1948,2014000,1742.0
CT,1949,2032000,1682.0
CT,1950,2016000,1918.0
CT,1951,2028000,2191.0
CT,1952,2081000,2336.0
CT,1953,2168000,2431.0
CT,1954,2249000,2389.0
CT,1955,2300000,2516.0
CT,1956,2316000,2730.0
CT,1957,2359000,2859.0
CT,1958,2446000,2673.0
CT,1959,2523000,2769.0
CT,1960,2544000,2860.0
CT,1961,2586000,2978.0
CT,1962,2647000,3108.0
CT,1963,2727000,3187.0
CT,1964,2798000,3336.0
CT,1965,2857000,3514.0
CT,1966,2903000,3797.0
CT,1967,2935000,4118.0
CT,1968,2964000,4328.0
CT,1969,3000000,4898.0
CT,1970,3038782,5158.0
CT,1971,3061448,5394.0
CT,1972,3069617,5800.0
CT,1973,3069140,6319.0
CT,1974,3075784,6879.0
CT,1975,3084726,7367.0
CT,1976,3085984,7951.0
CT,1977,3088729,8752.0
CT,1978,3094839,9720.0
CT,1979,3099907,10909.0
CT,1980,3113174,12371.0
CT,1981,3128837,13800.0
CT,1982,3139014,14852.0
CT,1983,3162355,15797.0
CT,1984,3180014,17536.0
CT,1985,3201131,18723.0
CT,1986,3223741,20007.0
CT,1987,3247290,21590.0
CT,1988,3271954,23717.0
CT,1989,3283404,25633.0
CT,1990,3291967,26392.0
CT,1991,3302895,26615.0
CT,1992,3300712,28540.0
CT,1993,3309175,29390.0
CT,1994,3316121,30153.0
CT,1995,3324144,31733.0
CT,1996,3336685,33122.0
CT,1997,3349348,35017.0
CT,1998,3365352,37638.0
CT,1999,3386401,39479.0
CT,2000,3411777,42857.0
CT,2001,3432835,45032.0
CT,2002,3458749,44656.0
CT,2003,3484336,44898.0
CT,2004,3496094,47098.0
CT,2005,3506956,49424.0
CT,2006,3517460,53224.0
CT,2007,3527270,57112.0
CT,2008,3545579,60543.0
CT,2009,3561807,59588.0
CT,2010,3580281,61395.0
CT,2011,3594181,62967.0
CT,2012,3605215,63557.0
CT,2013,3610238,61999.0
CT,2014,3614584,64464.0
CT,2015,3611891,66213.0
CT,2016,3607614,67543.0
CT,2017,3607550,69139.0
CT,2018,3611229,72152.0
CT,2019,3607133,74167.0
CT,2020,3579643,76820.0
CT,2021,3607765,82159.0
CT,2022,3618707,85378.0
CT,2023,3641369,91847.0
CT,2024,3674449,97810.0
CT,2025,3688496,102307.0
DC,1929,483000,1324.0
DC,1930,488000,1314.0
DC,1931,504000,1253.0
DC,1932,513000,1107.0
DC,1933,529000,945.0
DC,1934,568000,963.0
DC,1935,608000,1031.0
DC,1936,629000,1143.0
DC,1937,616000,1211.0
DC,1938,638000,1142.0
DC,1939,658000,1164.0
DC,1940,690000,1221.0
DC,1941,764000,1271.0
DC,1942,846000,1474.0
DC,1943,888000,1630.0
DC,1944,862000,1670.0
DC,1945,865000,1754.0
DC,1946,893000,1826.0
DC,1947,873000,1878.0
DC,1948,840000,2120.0
DC,1949,807000,2286.0
DC,1950,806000,2427.0
DC,1951,808000,2547.0
DC,1952,805000,2693.0
DC,1953,810000,2599.0
DC,1954,791000,2621.0
DC,1955,785000,2623.0
DC,1956,759000,2840.0
DC,1957,763000,2939.0
DC,1958,757000,3027.0
DC,1959,761000,3106.0
DC,1960,765000,3125.0
DC,1961,778000,3236.0
DC,1962,788000,3438.0
DC,1963,798000,3605.0
DC,1964,798000,3827.0
DC,1965,797000,4129.0
DC,1966,791000,4344.0
DC,1967,791000,4655.0
DC,1968,778000,4968.0
DC,1969,762000,4939.0
DC,1970,755087,5528.0
DC,1971,750641,6191.0
DC,1972,743775,6781.0
DC,1973,733674,7246.0
DC,1974,720755,8004.0
DC,1975,710308,8834.0
DC,1976,696305,9548.0
DC,1977,681768,10469.0
DC,1978,670046,11349.0
DC,1979,655616,12204.0
DC,1980,638284,13234.0
DC,1981,636893,14248.0
DC,1982,634174,15253.0
DC,1983,632433,16108.0
DC,1984,633382,17523.0
DC,1985,634549,18539.0
DC,1986,638269,19397.0
DC,1987,636930,20434.0
DC,1988,630432,22666.0
DC,1989,624168,24243.0
DC,1990,605321,26117.0
DC,1991,600870,27527.0
DC,1992,597565,29036.0
DC,1993,595301,30311.0
DC,1994,589239,31325.0
DC,1995,580517,32021.0
DC,1996,572377,33799.0
DC,1997,567736,35657.0
DC,1998,565230,38064.0
DC,1999,570213,39679.0
DC,2000,572046,43401.0
DC,2001,574504,44809.0
DC,2002,573158,45124.0
DC,2003,568502,45978.0
DC,2004,567754,49986.0
DC,2005,567136,52686.0
DC,2006,570681,55384.0
DC,2007,574404,59358.0
DC,2008,580236,60609.0
DC,2009,592228,59881.0
DC,2010,604718,62977.0
DC,2011,617465,66793.0
DC,2012,630643,67356.0
DC,2013,644203,66930.0
DC,2014,653986,70395.0
DC,2015,665135,74650.0
DC,2016,673428,77354.0
DC,2017,680670,79409.0
DC,2018,685476,82090.0
DC,2019,687320,83429.0
DC,2020,670958,90449.0
DC,2021,669637,97855.0
DC,2022,674501,100947.0
DC,2023,682559,107332.0
DC,2024,691310,115442.0
DC,2025,693645,119772.0
DE,1929,236000,1031.0
DE,1930,239000,858.0
DE,1931,242000,776.0
DE,1932,245000,591.0
DE,1933,248000,566.0
DE,1934,250000,647.0
DE,1935,252000,706.0
DE,1936,253000,872.0
DE,1937,254000,955.0
DE,1938,257000,801.0
DE,1939,263000,907.0
DE,1940,269000,1038.0
DE,1941,276000,1179.0
DE,1942,281000,1312.0
DE,1943,281000,1491.0
DE,1944,286000,1529.0
DE,1945,286000,1552.0
DE,1946,300000,1579.0
DE,1947,306000,1677.0
DE,1948,312000,1679.0
DE,1949,316000,1804.0
DE,1950,321000,2082.0
DE,1951,331000,2168.0
DE,1952,341000,2258.0
DE,1953,351000,2350.0
DE,1954,368000,2329.0
DE,1955,389000,2542.0
DE,1956,408000,2797.0
DE,1957,426000,2697.0
DE,1958,433000,2728.0
DE,1959,441000,2793.0
DE,1960,449000,2873.0
DE,1961,461000,2888.0
DE,1962,469000,3014.0
DE,1963,483000,3140.0
DE,1964,497000,3302.0
DE,1965,507000,3561.0
DE,1966,516000,3687.0
DE,1967,525000,3868.0
DE,1968,534000,4148.0
DE,1969,540000,4521.0
DE,1970,550332,4724.0
DE,1971,565207,5032.0
DE,1972,573821,5446.0
DE,1973,579078,5979.0
DE,1974,583150,6426.0
DE,1975,588756,6844.0
DE,1976,592755,7430.0
DE,1977,594821,7971.0
DE,1978,598188,8696.0
DE,1979,598830,9549.0
DE,1980,594919,10815.0
DE,1981,595974,11886.0
DE,1982,599148,12720.0
DE,1983,605459,13431.0
DE,1984,611565,14643.0
DE,1985,618279,15727.0
DE,1986,627559,16492.0
DE,1987,636946,17490.0
DE,1988,647621,18912.0
DE,1989,658274,20692.0
DE,1990,669567,21462.0
DE,1991,683080,22276.0
DE,1992,694925,22808.0
DE,1993,706378,23300.0
DE,1994,717545,23912.0
DE,1995,729734,24882.0
DE,1996,740977,26190.0
DE,1997,751487,27022.0
DE,1998,763335,29444.0
DE,1999,774990,31119.0
DE,2000,786373,33810.0
DE,2001,795699,36917.0
DE,2002,806169,37660.0
DE,2003,818003,37985.0
DE,2004,830803,38843.0
DE,2005,845150,39133.0
DE,2006,859268,40736.0
DE,2007,871749,41539.0
DE,2008,883874,41254.0
DE,2009,891730,41062.0
DE,2010,899773,41109.0
DE,2011,908220,43789.0
DE,2012,916654,43779.0
DE,2013,925704,43950.0
DE,2014,935278,45364.0
DE,2015,944716,47242.0
DE,2016,953146,48188.0
DE,2017,961604,49998.0
DE,2018,971152,52669.0
DE,2019,981340,53776.0
DE,2020,991890,55519.0
DE,2021,1005130,59893.0
DE,2022,1020279,64077.0
DE,2023,1035354,63773.0
DE,2024,1050123,65328.0
DE,2025,1059952,68630.0
FL,1929,1445000,519.0
FL,1930,1471000,468.0
FL,1931,1493000,397.0
FL,1932,1521000,317.0
FL,1933,1552000,289.0
FL,1934,1585000,348.0
FL,1935,1613000,378.0
FL,1936,1651000,453.0
FL,1937,1709000,491.0
FL,1938,1771000,466.0
FL,1939,1836000,502.0
FL,1940,1915000,531.0
FL,1941,2028000,634.0
FL,1942,2190000,837.0
FL,1943,2497000,1057.0
FL,1944,2542000,1154.0
FL,1945,2515000,1215.0
FL,1946,2473000,1200.0
FL,1947,2539000,1195.0
FL,1948,2578000,1240.0
FL,1949,2668000,1246.0
FL,1950,2810000,1351.0
FL,1951,2980000,1440.0
FL,1952,3157000,1539.0
FL,1953,3310000,1636.0
FL,1954,3505000,1628.0
FL,1955,3747000,1743.0
FL,1956,4047000,1870.0
FL,1957,4372000,1915.0
FL,1958,4630000,1967.0
FL,1959,4808000,2091.0
FL,1960,5004000,2105.0
FL,1961,5243000,2130.0
FL,1962,5458000,2209.0
FL,1963,5628000,2299.0
FL,1964,5781000,2449.0
FL,1965,5954000,2599.0
FL,1966,6104000,2781.0
FL,1967,6242000,3007.0
FL,1968,6433000,3355.0
FL,1969,6641000,3765.0
FL,1970,6845353,4131.0
FL,1971,7163026,4433.0
FL,1972,7520324,4860.0
FL,1973,7927099,5371.0
FL,1974,8317034,5757.0
FL,1975,8541660,6107.0
FL,1976,8695356,6557.0
FL,1977,8888958,7182.0
FL,1978,9131554,8064.0
FL,1979,9470585,8941.0
FL,1980,9839835,10153.0
FL,1981,10192775,11337.0
FL,1982,10471405,11924.0
FL,1983,10749849,12850.0
FL,1984,11039925,13908.0
FL,1985,11351120,14814.0
FL,1986,11667503,15597.0
FL,1987,11997282,16330.0
FL,1988,12306400,17580.0
FL,1989,12637718,19057.0
FL,1990,13033307,19765.0
FL,1991,13369798,20109.0
FL,1992,13650553,20812.0
FL,1993,13927185,21623.0
FL,1994,14239444,22289.0
FL,1995,14537875,23464.0
FL,1996,14853360,24443.0
FL,1997,15186304,25397.0
FL,1998,15486559,26909.0
FL,1999,15759421,27662.0
FL,2000,16047515,29387.0
FL,2001,16356966,30405.0
FL,2002,16689370,30815.0
FL,2003,17004085,31779.0
FL,2004,17415318,33706.0
FL,2005,17842038,35736.0
FL,2006,18166990,38009.0
FL,2007,18367842,39184.0
FL,2008,18527305,39185.0
FL,2009,18652644,36784.0
FL,2010,18842405,38785.0
FL,2011,19036879,40439.0
FL,2012,19268256,41209.0
FL,2013,19502928,40742.0
FL,2014,19790139,42877.0
FL,2015,20140379,44959.0
FL,2016,20533473,45732.0
FL,2017,20868335,48450.0
FL,2018,21131181,51019.0
FL,2019,21353320,53666.0
FL,2020,21591325,56600.0
FL,2021,21836698,62627.0
FL,2022,22413989,65326.0
FL,2023,22929248,71123.0
FL,2024,23265838,74880.0
FL,2025,23462518,78345.0
GA,1929,2903000,343.0
GA,1930,2910000,303.0
GA,1931,2924000,254.0
GA,1932,2935000,197.0
GA,1933,2950000,202.0
GA,1934,2964000,241.0
GA,1935,2955000,267.0
GA,1936,2978000,300.0
GA,1937,3037000,312.0
GA,1938,3091000,288.0
GA,1939,3120000,308.0
GA,1940,3119000,338.0
GA,1941,3186000,432.0
GA,1942,3215000,592.0
GA,1943,3245000,749.0
GA,1944,3161000,852.0
GA,1945,3089000,899.0
GA,1946,3251000,859.0
GA,1947,3271000,896.0
GA,1948,3259000,997.0
GA,1949,3325000,983.0
GA,1950,3458000,1087.0
GA,1951,3531000,1240.0
GA,1952,3584000,1322.0
GA,1953,3558000,1369.0
GA,1954,3602000,1351.0
GA,1955,3636000,1475.0
GA,1956,3701000,1552.0
GA,1957,3766000,1580.0
GA,1958,3804000,1631.0
GA,1959,3868000,1709.0
GA,1960,3956000,1749.0
GA,1961,4015000,1799.0
GA,1962,4086000,1901.0
GA,1963,4172000,2024.0
GA,1964,4258000,2148.0
GA,1965,4332000,2331.0
GA,1966,4379000,2545.0
GA,1967,4408000,2750.0
GA,1968,4482000,2986.0
GA,1969,4551000,3292.0
GA,1970,4605421,3542.0
GA,1971,4710272,3823.0
GA,1972,4807151,4203.0
GA,1973,4906940,4656.0
GA,1974,4994870,5019.0
GA,1975,5058535,5354.0
GA,1976,5126155,5881.0
GA,1977,5211771,6396.0
GA,1978,5286148,7154.0
GA,1979,5391265,7850.0
GA,1980,5486174,8604.0
GA,1981,5568346,9594.0
GA,1982,5649788,10237.0
GA,1983,5728248,11066.0
GA,1984,5834943,12305.0
GA,1985,5962639,13191.0
GA,1986,6084645,14104.0
GA,1987,6208479,14847.0
GA,1988,6316139,15948.0
GA,1989,6411117,16928.0
GA,1990,6512602,17831.0
GA,1991,6653005,18333.0
GA,1992,6817203,19347.0
GA,1993,6978240,20070.0
GA,1994,7157165,21070.0
GA,1995,7328413,22210.0
GA,1996,7501069,23437.0
GA,1997,7685099,24356.0
GA,1998,7863536,26107.0
GA,1999,8045965,27184.0
GA,2000,8227303,28760.0
GA,2001,8377038,29693.0
GA,2002,8508256,30086.0
GA,2003,8622793,30805.0
GA,2004,8769252,31982.0
GA,2005,8925922,33283.0
GA,2006,9155813,34574.0
GA,2007,9349988,35440.0
GA,2008,9504843,35272.0
GA,2009,9620846,34230.0
GA,2010,9712616,34764.0
GA,2011,9805666,36783.0
GA,2012,9907250,37272.0
GA,2013,9980892,37510.0
GA,2014,10078133,39575.0
GA,2015,10191912,41552.0
GA,2016,10318636,42765.0
GA,2017,10428854,44860.0
GA,2018,10532841,46650.0
GA,2019,10643103,48553.0
GA,2020,10732595,51522.0
GA,2021,10793038,56293.0
GA,2022,10929992,57422.0
GA,2023,11063669,60060.0
GA,2024,11204208,62672.0
GA,2025,11302748,65111.0
HI,1950,499000,1580.0
HI,1951,502000,1839.0
HI,1952,495000,2056.0
HI,1953,499000,2114.0
HI,1954,504000,2110.0
HI,1955,529000,2105.0
HI,1956,548000,2130.0
HI,1957,573000,2161.0
HI,1958,605000,2121.0
HI,1959,622000,2290.0
HI,1960,642000,2516.0
HI,1961,659000,2661.0
HI,1962,684000,2750.0
HI,1963,682000,2949.0
HI,1964,700000,3125.0
HI,1965,704000,3412.0
HI,1966,710000,3674.0
HI,1967,723000,3915.0
HI,1968,734000,4338.0
HI,1969,743000,4903.0
HI,1970,762920,5538.0
HI,1971,791580,5791.0
HI,1972,818104,6170.0
HI,1973,841851,6643.0
HI,1974,858121,7412.0
HI,1975,875052,7907.0
HI,1976,892335,8367.0
HI,1977,915749,8828.0
HI,1978,928816,9640.0
HI,1979,950050,10572.0
HI,1980,967710,11872.0
HI,1981,978195,12705.0
HI,1982,993780,13243.0
HI,1983,1012717,14265.0
HI,1984,1027922,15038.0
HI,1985,1039698,15819.0
HI,1986,1051762,16593.0
HI,1987,1067917,17380.0
HI,1988,1079827,18952.0
HI,1989,1094588,20880.0
HI,1990,1113491,22431.0
HI,1991,1136754,23272.0
HI,1992,1158613,24530.0
HI,1993,1172838,25115.0
HI,1994,1187536,25376.0
HI,1995,1196854,25756.0
HI,1996,1203755,25620.0
HI,1997,1211640,26192.0
HI,1998,1215233,26625.0
HI,1999,1210300,27618.0
HI,2000,1213519,29174.0
HI,2001,1225948,30178.0
HI,2002,1239613,31353.0
HI,2003,1251154,32557.0
HI,2004,1273569,34336.0
HI,2005,1292729,36278.0
HI,2006,1309731,38315.0
HI,2007,1315675,40301.0
HI,2008,1332213,41887.0
HI,2009,1346717,41154.0
HI,2010,1365117,41512.0
HI,2011,1385141,42770.0
HI,2012,1405255,43534.0
HI,2013,1423345,43561.0
HI,2014,1434323,45458.0
HI,2015,1446452,47161.0
HI,2016,1456816,48570.0
HI,2017,1458161,50515.0
HI,2018,1459965,51561.0
HI,2019,1456943,53949.0
HI,2020,1451130,57040.0
HI,2021,1446909,61275.0
HI,2022,1437812,63312.0
HI,2023,1434950,67420.0
HI,2024,1434952,71733.0
HI,2025,1432820,76966.0
IA,1929,2460000,571.0
IA,1930,2475000,501.0
IA,1931,2482000,396.0
IA,1932,2489000,293.0
IA,1933,2495000,252.0
IA,1934,2510000,271.0
IA,1935,2524000,418.0
IA,1936,2509000,391.0
IA,1937,2498000,513.0
IA,1938,2494000,451.0
IA,1939,2520000,468.0
IA,1940,2537000,494.0
IA,1941,2491000,603.0
IA,1942,2441000,829.0
IA,1943,2332000,1024.0
IA,1944,2294000,1004.0
IA,1945,2301000,1096.0
IA,1946,2467000,1238.0
IA,1947,2509000,1211.0
IA,1948,2543000,1621.0
IA,1949,2578000,1362.0
IA,1950,2625000,1539.0
IA,1951,2617000,1647.0
IA,1952,2626000,1743.0
IA,1953,2629000,1676.0
IA,1954,2626000,1815.0
IA,1955,2679000,1696.0
IA,1956,2703000,1784.0
IA,1957,2716000,1969.0
IA,1958,2708000,2017.0
IA,1959,2729000,2053.0
IA,1960,2756000,2085.0
IA,1961,2756000,2207.0
IA,1962,2750000,2307.0
IA,1963,2747000,2455.0
IA,1964,2746000,2571.0
IA,1965,2742000,2851.0
IA,1966,2762000,3082.0
IA,1967,2793000,3105.0
IA,1968,2803000,3335.0
IA,1969,2805000,3698.0
IA,1970,2828534,3923.0
IA,1971,2851828,4082.0
IA,1972,2860506,4559.0
IA,1973,2864031,5466.0
IA,1974,2867941,5657.0
IA,1975,2881425,6293.0
IA,1976,2903770,6640.0
IA,1977,2914308,7300.0
IA,1978,2919008,8406.0
IA,1979,2916803,9017.0
IA,1980,2914018,9612.0
IA,1981,2907985,10895.0
IA,1982,2888190,11268.0
IA,1983,2870547,11557.0
IA,1984,2858615,12914.0
IA,1985,2829684,13504.0
IA,1986,2791969,14139.0
IA,1987,2767006,14899.0
IA,1988,2768393,15434.0
IA,1989,2770590,16785.0
IA,1990,2781018,17627.0
IA,1991,2797613,17948.0
IA,1992,2818401,19076.0
IA,1993,2836972,19036.0
IA,1994,2850746,20657.0
IA,1995,2867373,21363.0
IA,1996,2880000,23168.0
IA,1997,2891119,24180.0
IA,1998,2902872,25198.0
IA,1999,2917634,25705.0
IA,2000,2929067,27341.0
IA,2001,2931997,28145.0
IA,2002,2934234,28804.0
IA,2003,2941999,29344.0
IA,2004,2953635,31615.0
IA,2005,2964454,32411.0
IA,2006,2982644,34197.0
IA,2007,2999212,36366.0
IA,2008,3016734,38490.0
IA,2009,3032870,37196.0
IA,2010,3051473,38106.0
IA,2011,3070048,40805.0
IA,2012,3082748,42499.0
IA,2013,3102460,42953.0
IA,2014,3121790,44061.0
IA,2015,3136310,45389.0
IA,2016,3149607,45624.0
IA,2017,3162752,46725.0
IA,2018,3171540,48745.0
IA,2019,3183858,49670.0
IA,2020,3191081,52677.0
IA,2021,3199037,58306.0
IA,2022,3201890,61343.0
IA,2023,3214739,62669.0
IA,2024,3230454,64920.0
IA,2025,3238387,67321.0
ID,1929,447000,499.0
ID,1930,447000,488.0
ID,1931,454000,366.0
ID,1932,459000,268.0
ID,1933,464000,228.0
ID,1934,473000,389.0
ID,1935,481000,394.0
ID,1936,495000,466.0
ID,1937,507000,421.0
ID,1938,513000,421.0
ID,1939,521000,431.0
ID,1940,522000,459.0
ID,1941,502000,594.0
ID,1942,481000,919.0
ID,1943,499000,1040.0
ID,1944,514000,1110.0
ID,1945,490000,1144.0
ID,1946,509000,1203.0
ID,1947,522000,1273.0
ID,1948,551000,1352.0
ID,1949,570000,1297.0
ID,1950,590000,1352.0
ID,1951,589000,1532.0
ID,1952,587000,1693.0
ID,1953,596000,1596.0
ID,1954,600000,1612.0
ID,1955,618000,1651.0
ID,1956,628000,1792.0
ID,1957,642000,1857.0
ID,1958,646000,1882.0
ID,1959,657000,1959.0
ID,1960,671000,1961.0
ID,1961,684000,2035.0
ID,1962,692000,2150.0
ID,1963,683000,2230.0
ID,1964,680000,2316.0
ID,1965,686000,2615.0
ID,1966,689000,2638.0
ID,1967,688000,2808.0
ID,1968,695000,2971.0
ID,1969,707000,3382.0
ID,1970,717255,3691.0
ID,1971,738749,3918.0
ID,1972,763229,4329.0
ID,1973,782061,4885.0
ID,1974,807973,5566.0
ID,1975,831981,5850.0
ID,1976,856979,6343.0
ID,1977,883446,6726.0
ID,1978,910962,7497.0
ID,1979,932636,8007.0
ID,1980,947983,8857.0
ID,1981,962204,9597.0
ID,1982,973719,9956.0
ID,1983,981866,10795.0
ID,1984,990841,11385.0
ID,1985,994052,11995.0
ID,1986,990222,12286.0
ID,1987,984997,12867.0
ID,1988,985661,13948.0
ID,1989,994422,15209.0
ID,1990,1012384,16143.0
ID,1991,1041316,16517.0
ID,1992,1071685,17619.0
ID,1993,1108768,18660.0
ID,1994,1145140,19329.0
ID,1995,1177322,20206.0
ID,1996,1203083,20999.0
ID,1997,1228520,21465.0
ID,1998,1252330,22756.0
ID,1999,1275674,23658.0
ID,2000,1299430,25139.0
ID,2001,1319962,25803.0
ID,2002,1340372,26272.0
ID,2003,1363380,26739.0
ID,2004,1391802,28299.0
ID,2005,1428241,29214.0
ID,2006,1468669,31244.0
ID,2007,1505105,32459.0
ID,2008,1534320,32690.0
ID,2009,1554439,31205.0
ID,2010,1571339,31958.0
ID,2011,1586880,33453.0
ID,2012,1600611,34815.0
ID,2013,1618841,35697.0
ID,2014,1641124,37101.0
ID,2015,1663458,38805.0
ID,2016,1697093,39640.0
ID,2017,1734888,41187.0
ID,2018,1769305,43243.0
ID,2019,1808378,45866.0
ID,2020,1849328,49715.0
ID,2021,1904855,55618.0
ID,2022,1942951,57050.0
ID,2023,1970497,58454.0
ID,2024,2000872,61345.0
ID,2025,2029733,64200.0
IL,1929,7606000,951.0
IL,1930,7644000,810.0
IL,1931,7687000,673.0
IL,1932,7736000,489.0
IL,1933,7768000,441.0
IL,1934,7772000,508.0
IL,1935,7797000,576.0
IL,1936,7840000,654.0
IL,1937,7857000,734.0
IL,1938,7866000,652.0
IL,1939,7890000,710.0
IL,1940,7905000,758.0
IL,1941,7995000,901.0
IL,1942,8054000,1049.0
IL,1943,7765000,1278.0
IL,1944,7718000,1405.0
IL,1945,7612000,1488.0
IL,1946,8164000,1550.0
IL,1947,8344000,1651.0
IL,1948,8552000,1817.0
IL,1949,8670000,1690.0
IL,1950,8738000,1842.0
IL,1951,8790000,2041.0
IL,1952,8956000,2106.0
IL,1953,9065000,2223.0
IL,1954,9252000,2193.0
IL,1955,9435000,2288.0
IL,1956,9530000,2473.0
IL,1957,9668000,2542.0
IL,1958,9886000,2511.0
IL,1959,9986000,2639.0
IL,1960,10086000,2698.0
IL,1961,10130000,2792.0
IL,1962,10280000,2907.0
IL,1963,10402000,2989.0
IL,1964,10580000,3142.0
IL,1965,10693000,3373.0
IL,1966,10836000,3608.0
IL,1967,10947000,3801.0
IL,1968,10995000,4055.0
IL,1969,11039000,4392.0
IL,1970,11124681,4632.0
IL,1971,11205816,4936.0
IL,1972,11258111,5332.0
IL,1973,11260248,5947.0
IL,1974,11273745,6494.0
IL,1975,11306351,7064.0
IL,1976,11360274,7644.0
IL,1977,11406312,8369.0
IL,1978,11434421,9213.0
IL,1979,11422782,10118.0
IL,1980,11434702,10954.0
IL,1981,11443461,12127.0
IL,1982,11423413,12860.0
IL,1983,11408817,13417.0
IL,1984,11412128,14765.0
IL,1985,11399803,15537.0
IL,1986,11387256,16362.0
IL,1987,11391176,17242.0
IL,1988,11390186,18655.0
IL,1989,11409782,19869.0
IL,1990,11453316,21024.0
IL,1991,11568964,21276.0
IL,1992,11694184,22714.0
IL,1993,11809579,23299.0
IL,1994,11912585,24327.0
IL,1995,12008437,25602.0
IL,1996,12101997,27020.0
IL,1997,12185715,28360.0
IL,1998,12271847,29873.0
IL,1999,12359020,30958.0
IL,2000,12434161,33072.0
IL,2001,12488445,34206.0
IL,2002,12525556,34520.0
IL,2003,12556006,35081.0
IL,2004,12589773,36366.0
IL,2005,12609903,37720.0
IL,2006,12643955,40021.0
IL,2007,12695866,42148.0
IL,2008,12747038,43238.0
IL,2009,12796778,41080.0
IL,2010,12845460,42093.0
IL,2011,12892409,44059.0
IL,2012,12927420,45923.0
IL,2013,12959880,46725.0
IL,2014,12968905,48526.0
IL,2015,12963110,50681.0
IL,2016,12944999,51341.0
IL,2017,12922894,53051.0
IL,2018,12887397,56073.0
IL,2019,12849440,57740.0
IL,2020,12795348,61602.0
IL,2021,12703354,66894.0
IL,2022,12609577,68136.0
IL,2023,12633389,72309.0
IL,2024,12703033,75507.0
IL,2025,12719141,78987.0
IN,1929,3226000,605.0
IN,1930,3242000,512.0
IN,1931,3257000,435.0
IN,1932,3281000,308.0
IN,1933,3304000,294.0
IN,1934,3319000,357.0
IN,1935,3332000,419.0
IN,1936,3348000,481.0
IN,1937,3374000,546.0
IN,1938,3386000,472.0
IN,1939,3403000,518.0
IN,1940,3433000,552.0
IN,1941,3481000,726.0
IN,1942,3516000,919.0
IN,1943,3444000,1150.0
IN,1944,3435000,1209.0
IN,1945,3423000,1265.0
IN,1946,3703000,1211.0
IN,1947,3779000,1316.0
IN,1948,3877000,1448.0
IN,1949,3958000,1357.0
IN,1950,3967000,1525.0
IN,1951,4096000,1719.0
IN,1952,4148000,1786.0
IN,1953,4182000,1952.0
IN,1954,4264000,1810.0
IN,1955,4363000,1908.0
IN,1956,4458000,2011.0
IN,1957,4529000,2046.0
IN,1958,4583000,2023.0
IN,1959,4613000,2141.0
IN,1960,4674000,2223.0
IN,1961,4730000,2264.0
IN,1962,4736000,2421.0
IN,1963,4799000,2509.0
IN,1964,4856000,2639.0
IN,1965,4922000,2877.0
IN,1966,4999000,3058.0
IN,1967,5053000,3170.0
IN,1968,5093000,3419.0
IN,1969,5143000,3741.0
IN,1970,5203700,3849.0
IN,1971,5249921,4151.0
IN,1972,5296129,4503.0
IN,1973,5329122,5136.0
IN,1974,5349886,5472.0
IN,1975,5351080,5907.0
IN,1976,5371552,6540.0
IN,1977,5405075,7197.0
IN,1978,5446403,7968.0
IN,1979,5474909,8732.0
IN,1980,5490721,9368.0
IN,1981,5480440,10288.0
IN,1982,5467918,10682.0
IN,1983,5450396,11246.0
IN,1984,5458322,12448.0
IN,1985,5459214,13149.0
IN,1986,5454103,13862.0
IN,1987,5473023,14616.0
IN,1988,5491733,15634.0
IN,1989,5523679,16924.0
IN,1990,5557798,17763.0
IN,1991,5616388,18134.0
IN,1992,5674547,19396.0
IN,1993,5739019,20212.0
IN,1994,5793526,21271.0
IN,1995,5851459,22014.0
IN,1996,5906013,23043.0
IN,1997,5955267,24066.0
IN,1998,5998880,25758.0
IN,1999,6044969,26545.0
IN,2000,6091866,28075.0
IN,2001,6127760,28596.0
IN,2002,6155967,28902.0
IN,2003,6196638,29445.0
IN,2004,6233007,30657.0
IN,2005,6278616,31376.0
IN,2006,6332669,32905.0
IN,2007,6379599,33845.0
IN,2008,6424806,35270.0
IN,2009,6459325,34200.0
IN,2010,6491385,35586.0
IN,2011,6521409,37675.0
IN,2012,6546485,39145.0
IN,2013,6581401,39424.0
IN,2014,6610174,40686.0
IN,2015,6628925,42115.0
IN,2016,6658719,43121.0
IN,2017,6686218,44564.0
IN,2018,6725960,46547.0
IN,2019,6761818,48256.0
IN,2020,6790290,51764.0
IN,2021,6814223,57387.0
IN,2022,6841491,58697.0
IN,2023,6881373,60940.0
IN,2024,6934754,63777.0
IN,2025,6973333,66455.0
KS,1929,1867000,526.0
KS,1930,1883000,460.0
KS,1931,1881000,394.0
KS,1932,1883000,267.0
KS,1933,1877000,251.0
KS,1934,1868000,288.0
KS,1935,1872000,360.0
KS,1936,1869000,387.0
KS,1937,1856000,427.0
KS,1938,1842000,383.0
KS,1939,1824000,382.0
KS,1940,1788000,425.0
KS,1941,1767000,556.0
KS,1942,1769000,860.0
KS,1943,1802000,1062.0
KS,1944,1763000,1182.0
KS,1945,1719000,1179.0
KS,1946,1803000,1142.0
KS,1947,1851000,1304.0
KS,1948,1892000,1350.0
KS,1949,1925000,1314.0
KS,1950,1916000,1481.0
KS,1951,1950000,1622.0
KS,1952,1977000,1864.0
KS,1953,1994000,1779.0
KS,1954,2042000,1839.0
KS,1955,2093000,1800.0
KS,1956,2119000,1871.0
KS,1957,2128000,1966.0
KS,1958,2142000,2144.0
KS,1959,2160000,2149.0
KS,1960,2183000,2211.0
KS,1961,2215000,2275.0
KS,1962,2231000,2351.0
KS,1963,2217000,2420.0
KS,1964,2209000,2558.0
KS,1965,2206000,2731.0
KS,1966,2200000,2933.0
KS,1967,2197000,3075.0
KS,1968,2216000,3321.0
KS,1969,2236000,3665.0
KS,1970,2247823,3956.0
KS,1971,2246132,4298.0
KS,1972,2255525,4772.0
KS,1973,2264369,5417.0
KS,1974,2267881,5848.0
KS,1975,2278621,6358.0
KS,1976,2298645,6850.0
KS,1977,2317836,7413.0
KS,1978,2332815,8151.0
KS,1979,2347370,9251.0
KS,1980,2369039,10080.0
KS,1981,2384853,11338.0
KS,1982,2401207,12208.0
KS,1983,2415529,12649.0
KS,1984,2424088,13815.0
KS,1985,2427401,14521.0
KS,1986,2432614,15189.0
KS,1987,2445367,15748.0
KS,1988,2461995,16520.0
KS,1989,2472838,17414.0
KS,1990,2481349,18436.0
KS,1991,2498722,18957.0
KS,1992,2532394,20105.0
KS,1993,2556547,20836.0
KS,1994,2580513,21579.0
KS,1995,2601007,22321.0
KS,1996,2614554,23645.0
KS,1997,2635292,24932.0
KS,1998,2660598,26201.0
KS,1999,2678338,26871.0
KS,2000,2693681,28166.0
KS,2001,2702162,29047.0
KS,2002,2713535,29218.0
KS,2003,2723004,30029.0
KS,2004,2734373,30748.0
KS,2005,2745299,32340.0
KS,2006,2762931,35411.0
KS,2007,2783785,37748.0
KS,2008,2808076,41060.0
KS,2009,2832704,39383.0
KS,2010,2858835,39823.0
KS,2011,2872529,42891.0
KS,2012,2891164,44911.0
KS,2013,2901727,45666.0
KS,2014,2911564,46285.0
KS,2015,2922703,46591.0
KS,2016,2927251,46711.0
KS,2017,2927448,48265.0
KS,2018,2931587,50273.0
KS,2019,2933756,52142.0
KS,2020,2938274,55221.0
KS,2021,2938966,59210.0
KS,2022,2938034,61915.0
KS,2023,2949749,63304.0
KS,2024,2965252,65693.0
KS,2025,2977220,69149.0
KY,1929,2606000,388.0
KY,1930,2623000,322.0
KY,1931,2652000,287.0
KY,1932,2676000,209.0
KY,1933,2698000,204.0
KY,1934,2722000,232.0
KY,1935,2748000,264.0
KY,1936,2768000,293.0
KY,1937,2784000,339.0
KY,1938,2800000,296.0
KY,1939,2825000,305.0
KY,1940,2859000,322.0
KY,1941,2851000,401.0
KY,1942,2809000,551.0
KY,1943,2690000,717.0
KY,1944,2616000,778.0
KY,1945,2604000,815.0
KY,1946,2757000,835.0
KY,1947,2802000,870.0
KY,1948,2817000,1001.0
KY,1949,2849000,940.0
KY,1950,2936000,998.0
KY,1951,2941000,1172.0
KY,1952,2920000,1256.0
KY,1953,2903000,1327.0
KY,1954,2902000,1311.0
KY,1955,2910000,1368.0
KY,1956,2898000,1452.0
KY,1957,2928000,1508.0
KY,1958,2961000,1561.0
KY,1959,2999000,1621.0
KY,1960,3041000,1651.0
KY,1961,3054000,1750.0
KY,1962,3079000,1844.0
KY,1963,3096000,1928.0
KY,1964,3129000,1990.0
KY,1965,3140000,2150.0
KY,1966,3147000,2345.0
KY,1967,3172000,2518.0
KY,1968,3195000,2733.0
KY,1969,3198000,3037.0
KY,1970,3230587,3261.0
KY,1971,3298262,3476.0
KY,1972,3336106,3801.0
KY,1973,3371573,4227.0
KY,1974,3417039,4698.0
KY,1975,3468755,5039.0
KY,1976,3530443,5536.0
KY,1977,3575001,6135.0
KY,1978,3611382,6769.0
KY,1979,3643655,7535.0
KY,1980,3664221,8154.0
KY,1981,3670395,9051.0
KY,1982,3683449,9607.0
KY,1983,3694469,9951.0
KY,1984,3695459,11101.0
KY,1985,3694816,11584.0
KY,1986,3687805,11932.0
KY,1987,3683330,12583.0
KY,1988,3680002,13733.0
KY,1989,3677318,14770.0
KY,1990,3694048,15610.0
KY,1991,3722328,16359.0
KY,1992,3765469,17397.0
KY,1993,3812206,17855.0
KY,1994,3849088,18584.0
KY,1995,3887427,19283.0
KY,1996,3919535,20279.0
KY,1997,3952747,21369.0
KY,1998,3985390,22433.0
KY,1999,4018053,23189.0
KY,2000,4049021,24815.0
KY,2001,4068132,25564.0
KY,2002,4089875,26053.0
KY,2003,4117170,26661.0
KY,2004,4146101,28030.0
KY,2005,4182742,29104.0
KY,2006,4219239,30476.0
KY,2007,4256672,31529.0
KY,2008,4289878,32830.0
KY,2009,4317074,32203.0
KY,2010,4349159,33199.0
KY,2011,4374302,34616.0
KY,2012,4394147,35636.0
KY,2013,4415978,35762.0
KY,2014,4428854,37226.0
KY,2015,4443778,38768.0
KY,2016,4457755,39319.0
KY,2017,4475829,40400.0
KY,2018,4487302,41654.0
KY,2019,4498163,43464.0
KY,2020,4508271,47084.0
KY,2021,4508348,51941.0
KY,2022,4521238,52599.0
KY,2023,4549953,55618.0
KY,2024,4584046,58270.0
KY,2025,4606864,60835.0
LA,1929,2086000,409.0
LA,1930,2105000,353.0
LA,1931,2124000,315.0
LA,1932,2155000,238.0
LA,1933,2178000,226.0
LA,1934,2202000,263.0
LA,1935,2228000,289.0
LA,1936,2246000,328.0
LA,1937,2257000,352.0
LA,1938,2285000,347.0
LA,1939,2334000,359.0
LA,1940,2370000,365.0
LA,1941,2500000,465.0
LA,1942,2541000,617.0
LA,1943,2560000,811.0
LA,1944,2479000,896.0
LA,1945,2413000,908.0
LA,1946,2540000,845.0
LA,1947,2579000,890.0
LA,1948,2596000,1023.0
LA,1949,2634000,1082.0
LA,1950,2697000,1132.0
LA,1951,2769000,1234.0
LA,1952,2842000,1309.0
LA,1953,2866000,1374.0
LA,1954,2883000,1364.0
LA,1955,2946000,1419.0
LA,1956,3032000,1532.0
LA,1957,3115000,1650.0
LA,1958,3155000,1669.0
LA,1959,3208000,1716.0
LA,1960,3260000,1715.0
LA,1961,3287000,1770.0
LA,1962,3345000,1841.0
LA,1963,3377000,1944.0
LA,1964,3446000,2036.0
LA,1965,3496000,2174.0
LA,1966,3550000,2369.0
LA,1967,3581000,2576.0
LA,1968,3603000,2805.0
LA,1969,3619000,2975.0
LA,1970,3650209,3195.0
LA,1971,3710666,3427.0
LA,1972,3761967,3698.0
LA,1973,3788840,4098.0
LA,1974,3820720,4620.0
LA,1975,3886963,5113.0
LA,1976,3951636,5672.0
LA,1977,4015582,6234.0
LA,1978,4073288,7029.0
LA,1979,4139316,7846.0
LA,1980,4223101,8850.0
LA,1981,4283297,10053.0
LA,1982,4352609,10649.0
LA,1983,4395311,11018.0
LA,1984,4400474,11693.0
LA,1985,4408113,12161.0
LA,1986,4406922,12177.0
LA,1987,4344151,12376.0
LA,1988,4288859,13250.0
LA,1989,4252896,14168.0
LA,1990,4221532,15363.0
LA,1991,4253279,16091.0
LA,1992,4293003,17051.0
LA,1993,4316428,17791.0
LA,1994,4347481,18816.0
LA,1995,4378779,19601.0
LA,1996,4398877,20370.0
LA,1997,4421071,21307.0
LA,1998,4440344,22265.0
LA,1999,4460811,22677.0
LA,2000,4471885,23907.0
LA,2001,4477875,25630.0
LA,2002,4497267,26281.0
LA,2003,4521042,26987.0
LA,2004,4552238,27983.0
LA,2005,4576628,29970.0
LA,2006,4302665,33627.0
LA,2007,4375581,36208.0
LA,2008,4435586,38328.0
LA,2009,4491648,36807.0
LA,2010,4544804,38077.0
LA,2011,4577089,38980.0
LA,2012,4603590,40674.0
LA,2013,4628239,41009.0
LA,2014,4648813,42547.0
LA,2015,4670550,42498.0
LA,2016,4685576,42145.0
LA,2017,4678580,43500.0
LA,2018,4670033,45480.0
LA,2019,4664544,47029.0
LA,2020,4652145,50194.0
LA,2021,4628595,55141.0
LA,2022,4600892,55328.0
LA,2023,4598777,58671.0
LA,2024,4614878,61201.0
LA,2025,4618189,64103.0
MA,1929,4229000,911.0
MA,1930,4250000,842.0
MA,1931,4248000,766.0
MA,1932,4259000,622.0
MA,1933,4282000,568.0
MA,1934,4305000,618.0
MA,1935,4343000,653.0
MA,1936,4355000,725.0
MA,1937,4358000,742.0
MA,1938,4365000,683.0
MA,1939,4347000,736.0
MA,1940,4318000,793.0
MA,1941,4400000,921.0
MA,1942,4386000,1102.0
MA,1943,4277000,1296.0
MA,1944,4361000,1330.0
MA,1945,4310000,1382.0
MA,1946,4536000,1422.0
MA,1947,4589000,1458.0
MA,1948,4674000,1532.0
MA,1949,4741000,1498.0
MA,1950,4686000,1685.0
MA,1951,4654000,1857.0
MA,1952,4650000,1944.0
MA,1953,4806000,1994.0
MA,1954,4910000,1973.0
MA,1955,4882000,2116.0
MA,1956,4891000,2241.0
MA,1957,4929000,2350.0
MA,1958,5010000,2362.0
MA,1959,5117000,2468.0
MA,1960,5160000,2548.0
MA,1961,5219000,2647.0
MA,1962,5263000,2773.0
MA,1963,5344000,2845.0
MA,1964,5448000,2980.0
MA,1965,5502000,3148.0
MA,1966,5535000,3369.0
MA,1967,5594000,3622.0
MA,1968,5618000,3938.0
MA,1969,5650000,4255.0
MA,1970,5703706,4552.0
MA,1971,5738589,4834.0
MA,1972,5762122,5203.0
MA,1973,5783809,5632.0
MA,1974,5776992,6090.0
MA,1975,5762138,6560.0
MA,1976,5748868,7078.0
MA,1977,5744097,7712.0
MA,1978,5742923,8522.0
MA,1979,5746188,9482.0
MA,1980,5746075,10688.0
MA,1981,5768685,11859.0
MA,1982,5771222,12996.0
MA,1983,5799405,14046.0
MA,1984,5840774,15715.0
MA,1985,5880734,16881.0
MA,1986,5902677,18143.0
MA,1987,5935205,19477.0
MA,1988,5979983,21343.0
MA,1989,6015478,22455.0
MA,1990,6022639,23115.0
MA,1991,6018470,23510.0
MA,1992,6028709,24613.0
MA,1993,6060569,25448.0
MA,1994,6095241,26579.0
MA,1995,6141445,27928.0
MA,1996,6179756,29490.0
MA,1997,6226058,31026.0
MA,1998,6271838,32767.0
MA,1999,6317345,34767.0
MA,2000,6361104,38381.0
MA,2001,6397634,39711.0
MA,2002,6417206,39419.0
MA,2003,6422565,40158.0
MA,2004,6412281,42242.0
MA,2005,6403290,44061.0
MA,2006,6410084,47311.0
MA,2007,6431559,49662.0
MA,2008,6468967,51546.0
MA,2009,6517613,50750.0
MA,2010,6569724,52706.0
MA,2011,6630673,54758.0
MA,2012,6693932,56259.0
MA,2013,6757991,56118.0
MA,2014,6820869,58132.0
MA,2015,6866661,61549.0
MA,2016,6909664,63487.0
MA,2017,6959114,66079.0
MA,2018,6994446,69202.0
MA,2019,7016781,72392.0
MA,2020,6985320,77608.0
MA,2021,6996721,84192.0
MA,2022,7025465,85458.0
MA,2023,7073479,90713.0
MA,2024,7138560,94747.0
MA,2025,7154084,98700.0
MD,1929,1621000,775.0
MD,1930,1636000,721.0
MD,1931,1657000,646.0
MD,1932,1678000,522.0
MD,1933,1694000,475.0
MD,1934,1710000,532.0
MD,1935,1729000,558.0
MD,1936,1745000,627.0
MD,1937,1754000,674.0
MD,1938,1766000,644.0
MD,1939,1793000,673.0
MD,1940,1839000,723.0
MD,1941,1917000,896.0
MD,1942,2012000,1157.0
MD,1943,2097000,1325.0
MD,1944,2156000,1359.0
MD,1945,2146000,1349.0
MD,1946,2227000,1352.0
MD,1947,2256000,1385.0
MD,1948,2271000,1548.0
MD,1949,2329000,1541.0
MD,1950,2355000,1702.0
MD,1951,2441000,1895.0
MD,1952,2500000,2039.0
MD,1953,2567000,2115.0
MD,1954,2685000,2032.0
MD,1955,2742000,2141.0
MD,1956,2811000,2281.0
MD,1957,2873000,2377.0
MD,1958,2982000,2337.0
MD,1959,3066000,2402.0
MD,1960,3113000,2486.0
MD,1961,3176000,2593.0
MD,1962,3263000,2727.0
MD,1963,3386000,2815.0
MD,1964,3492000,2974.0
MD,1965,3600000,3144.0
MD,1966,3695000,3377.0
MD,1967,3757000,3615.0
MD,1968,3815000,3932.0
MD,1969,3868000,4456.0
MD,1970,3938051,4867.0
MD,1971,4022507,5252.0
MD,1972,4081121,5679.0
MD,1973,4109038,6221.0
MD,1974,4133341,6751.0
MD,1975,4157208,7265.0
MD,1976,4172132,7887.0
MD,1977,4194639,8505.0
MD,1978,4211641,9407.0
MD,1979,4223398,10311.0
MD,1980,4227643,11477.0
MD,1981,4261905,12669.0
MD,1982,4282923,13670.0
MD,1983,4313329,14559.0
MD,1984,4365246,15941.0
MD,1985,4413072,17100.0
MD,1986,4486956,18167.0
MD,1987,4565558,19214.0
MD,1988,4657903,20757.0
MD,1989,4727303,22110.0
MD,1990,4799770,23104.0
MD,1991,4867641,23627.0
MD,1992,4923368,24492.0
MD,1993,4971889,25222.0
MD,1994,5023060,26140.0
MD,1995,5070033,27039.0
MD,1996,5111986,28070.0
MD,1997,5157328,29363.0
MD,1998,5204464,31417.0
MD,1999,5254509,32948.0
MD,2000,5311034,35480.0
MD,2001,5374691,37012.0
MD,2002,5440389,37995.0
MD,2003,5496269,39295.0
MD,2004,5546935,41515.0
MD,2005,5592379,43311.0
MD,2006,5627367,45293.0
MD,2007,5653408,47033.0
MD,2008,5684965,49026.0
MD,2009,5730388,48457.0
MD,2010,5791715,49629.0
MD,2011,5854930,51811.0
MD,2012,5914854,52492.0
MD,2013,5963434,51882.0
MD,2014,6010059,53085.0
MD,2015,6050280,55042.0
MD,2016,6080556,56615.0
MD,2017,6113486,58252.0
MD,2018,6139211,59922.0
MD,2019,6163769,61730.0
MD,2020,6178387,64871.0
MD,2021,6176035,69296.0
MD,2022,6183257,70900.0
MD,2023,6204927,75673.0
MD,2024,6245314,79558.0
MD,2025,6265347,82387.0
ME,1929,797000,600.0
ME,1930,800000,574.0
ME,1931,807000,492.0
ME,1932,815000,380.0
ME,1933,821000,373.0
ME,1934,829000,418.0
ME,1935,836000,435.0
ME,1936,840000,509.0
ME,1937,842000,514.0
ME,1938,843000,476.0
ME,1939,846000,500.0
ME,1940,849000,532.0
ME,1941,852000,641.0
ME,1942,838000,873.0
ME,1943,806000,1126.0
ME,1944,805000,1123.0
ME,1945,802000,1101.0
ME,1946,835000,1148.0
ME,1947,854000,1182.0
ME,1948,878000,1270.0
ME,1949,903000,1214.0
ME,1950,917000,1226.0
ME,1951,916000,1360.0
ME,1952,915000,1490.0
ME,1953,913000,1505.0
ME,1954,927000,1508.0
ME,1955,934000,1644.0
ME,1956,938000,1733.0
ME,1957,943000,1793.0
ME,1958,944000,1866.0
ME,1959,957000,1924.0
ME,1960,975000,2002.0
ME,1961,995000,1987.0
ME,1962,994000,2067.0
ME,1963,993000,2137.0
ME,1964,993000,2309.0
ME,1965,997000,2482.0
ME,1966,999000,2632.0
ME,1967,1004000,2750.0
ME,1968,994000,2958.0
ME,1969,992000,3262.0
ME,1970,996784,3569.0
ME,1971,1015677,3764.0
ME,1972,1034817,4047.0
ME,1973,1046420,4498.0
ME,1974,1060050,4933.0
ME,1975,1073280,5266.0
ME,1976,1089960,5915.0
ME,1977,1105369,6340.0
ME,1978,1115457,6939.0
ME,1979,1124927,7635.0
ME,1980,1126860,8568.0
ME,1981,1133033,9389.0
ME,1982,1136683,10173.0
ME,1983,1144772,10893.0
ME,1984,1155634,11908.0
ME,1985,1162935,12793.0
ME,1986,1170126,13766.0
ME,1987,1184577,14701.0
ME,1988,1203840,15996.0
ME,1989,1219961,17201.0
ME,1990,1231719,17748.0
ME,1991,1237081,17995.0
ME,1992,1238508,18809.0
ME,1993,1242302,19364.0
ME,1994,1242662,20148.0
ME,1995,1243480,21009.0
ME,1996,1249060,22079.0
ME,1997,1254774,23260.0
ME,1998,1259127,24830.0
ME,1999,1266808,25793.0
ME,2000,1277072,27478.0
ME,2001,1285692,28821.0
ME,2002,1295960,29546.0
ME,2003,1306513,30740.0
ME,2004,1313688,32096.0
ME,2005,1318787,32684.0
ME,2006,1323619,34168.0
ME,2007,1327040,35402.0
ME,2008,1330509,36960.0
ME,2009,1329590,37115.0
ME,2010,1327967,38030.0
ME,2011,1330060,39516.0
ME,2012,1330954,40006.0
ME,2013,1332673,39962.0
ME,2014,1336617,41131.0
ME,2015,1335768,42939.0
ME,2016,1340292,44233.0
ME,2017,1344956,45901.0
ME,2018,1350606,47724.0
ME,2019,1357523,49978.0
ME,2020,1364546,54326.0
ME,2021,1379009,59400.0
ME,2022,1391585,61595.0
ME,2023,1401992,65138.0
ME,2024,1408438,68600.0
ME,2025,1414874,71742.0
MI,1929,4795000,792.0
MI,1930,4834000,658.0
MI,1931,4798000,540.0
MI,1932,4780000,395.0
MI,1933,4780000,348.0
MI,1934,4798000,454.0
MI,1935,4838000,532.0
MI,1936,4889000,621.0
MI,1937,4968000,687.0
MI,1938,5056000,574.0
MI,1939,5156000,628.0
MI,1940,5315000,683.0
MI,1941,5468000,834.0
MI,1942,5552000,1058.0
MI,1943,5396000,1372.0
MI,1944,5459000,1403.0
MI,1945,5468000,1342.0
MI,1946,5874000,1338.0
MI,1947,6075000,1474.0
MI,1948,6213000,1561.0
MI,1949,6332000,1523.0
MI,1950,6407000,1717.0
MI,1951,6497000,1896.0
MI,1952,6650000,1984.0
MI,1953,6822000,2198.0
MI,1954,7066000,2069.0
MI,1955,7285000,2229.0
MI,1956,7467000,2270.0
MI,1957,7569000,2304.0
MI,1958,7667000,2233.0
MI,1959,7767000,2334.0
MI,1960,7834000,2411.0
MI,1961,7893000,2402.0
MI,1962,7933000,2561.0
MI,1963,8058000,2692.0
MI,1964,8187000,2904.0
MI,1965,8357000,3156.0
MI,1966,8512000,3379.0
MI,1967,8630000,3475.0
MI,1968,8696000,3813.0
MI,1969,8781000,4107.0
MI,1970,8896558,4200.0
MI,1971,8971835,4530.0
MI,1972,9024681,5001.0
MI,1973,9071764,5554.0
MI,1974,9109374,5918.0
MI,1975,9107840,6340.0
MI,1976,9117481,7070.0
MI,1977,9157247,7913.0
MI,1978,9201953,8778.0
MI,1979,9248814,9566.0
MI,1980,9255553,10232.0
MI,1981,9209287,10987.0
MI,1982,9115196,11492.0
MI,1983,9047764,12333.0
MI,1984,9049454,13594.0
MI,1985,9076287,14710.0
MI,1986,9127774,15553.0
MI,1987,9187484,16003.0
MI,1988,9218002,17074.0
MI,1989,9253298,18313.0
MI,1990,9311319,19048.0
MI,1991,9400446,19312.0
MI,1992,9479065,20265.0
MI,1993,9540114,21198.0
MI,1994,9597737,22660.0
MI,1995,9676211,23767.0
MI,1996,9758645,24773.0
MI,1997,9809051,25800.0
MI,1998,9847942,27286.0
MI,1999,9897116,28506.0
MI,2000,9952450,30250.0
MI,2001,9991120,30694.0
MI,2002,10015710,30595.0
MI,2003,10041152,31267.0
MI,2004,10055315,32092.0
MI,2005,10051137,32756.0
MI,2006,10036081,33563.0
MI,2007,10001284,34669.0
MI,2008,9946889,35826.0
MI,2009,9901591,34258.0
MI,2010,9880111,35648.0
MI,2011,9895652,37702.0
MI,2012,9921001,39052.0
MI,2013,9947598,39300.0
MI,2014,9974914,40832.0
MI,2015,9987448,42988.0
MI,2016,10017194,44085.0
MI,2017,10049914,45267.0
MI,2018,10070532,47091.0
MI,2019,10078126,48582.0
MI,2020,10072294,52826.0
MI,2021,10042362,57106.0
MI,2022,10043906,58083.0
MI,2023,10062124,61175.0
MI,2024,10099962,64255.0
MI,2025,10127884,67245.0
MN,1929,2572000,594.0
MN,1930,2576000,547.0
MN,1931,2614000,457.0
MN,1932,2646000,361.0
MN,1933,2673000,310.0
MN,1934,2695000,359.0
MN,1935,2717000,449.0
MN,1936,2734000,474.0
MN,1937,2746000,538.0
MN,1938,2753000,493.0
MN,1939,2771000,517.0
MN,1940,2790000,524.0
MN,1941,2719000,616.0
MN,1942,2662000,799.0
MN,1943,2572000,955.0
MN,1944,2523000,1012.0
MN,1945,2534000,1119.0
MN,1946,2737000,1193.0
MN,1947,2796000,1271.0
MN,1948,2868000,1451.0
MN,1949,2935000,1335.0
MN,1950,2997000,1447.0
MN,1951,3010000,1595.0
MN,1952,3030000,1650.0
MN,1953,3050000,1731.0
MN,1954,3113000,1748.0
MN,1955,3172000,1818.0
MN,1956,3240000,1864.0
MN,1957,3274000,1958.0
MN,1958,3313000,2044.0
MN,1959,3366000,2090.0
MN,1960,3425000,2182.0
MN,1961,3470000,2263.0
MN,1962,3513000,2356.0
MN,1963,3531000,2486.0
MN,1964,3558000,2566.0
MN,1965,3592000,2808.0
MN,1966,3617000,3023.0
MN,1967,3659000,3211.0
MN,1968,3703000,3493.0
MN,1969,3758000,3829.0
MN,1970,3815249,4117.0
MN,1971,3851901,4353.0
MN,1972,3866878,4714.0
MN,1973,3885164,5500.0
MN,1974,3898450,5903.0
MN,1975,3925793,6340.0
MN,1976,3956602,6801.0
MN,1977,3979844,7612.0
MN,1978,4004676,8487.0
MN,1979,4038150,9359.0
MN,1980,4085017,10284.0
MN,1981,4111733,11313.0
MN,1982,4131450,12063.0
MN,1983,4141458,12698.0
MN,1984,4157704,14335.0
MN,1985,4184301,15134.0
MN,1986,4205213,15927.0
MN,1987,4235136,16815.0
MN,1988,4296163,17539.0
MN,1989,4338056,18969.0
MN,1990,4389857,19929.0
MN,1991,4440859,20337.0
MN,1992,4495572,21562.0
MN,1993,4555954,21921.0
MN,1994,4610355,23211.0
MN,1995,4660180,24283.0
MN,1996,4712827,25878.0
MN,1997,4763390,27067.0
MN,1998,4813412,29141.0
MN,1999,4873481,30240.0
MN,2000,4933692,32348.0
MN,2001,4982796,33417.0
MN,2002,5018935,33889.0
MN,2003,5053572,35195.0
MN,2004,5087713,37084.0
MN,2005,5119598,37812.0
MN,2006,5163555,39362.0
MN,2007,5207203,41325.0
MN,2008,5247018,42983.0
MN,2009,5281203,40962.0
MN,2010,5312197,42530.0
MN,2011,5352946,45118.0
MN,2012,5388902,47385.0
MN,2013,5431187,47399.0
MN,2014,5474193,49330.0
MN,2015,5510593,51336.0
MN,2016,5557028,51966.0
MN,2017,5606013,53812.0
MN,2018,5650556,56186.0
MN,2019,5686910,57889.0
MN,2020,5710562,61358.0
MN,2021,5714055,67743.0
MN,2022,5727565,69471.0
MN,2023,5752998,72565.0
MN,2024,5797405,75040.0
MN,2025,5830405,78197.0
MO,1929,3622000,619.0
MO,1930,3646000,560.0
MO,1931,3711000,489.0
MO,1932,3746000,365.0
MO,1933,3773000,334.0
MO,1934,3784000,368.0
MO,1935,3798000,421.0
MO,1936,3801000,467.0
MO,1937,3794000,508.0
MO,1938,3781000,476.0
MO,1939,3783000,504.0
MO,1940,3786000,520.0
MO,1941,3815000,646.0
MO,1942,3829000,819.0
MO,1943,3694000,980.0
MO,1944,3556000,1083.0
MO,1945,3513000,1147.0
MO,1946,3759000,1200.0
MO,1947,3846000,1230.0
MO,1948,3844000,1378.0
MO,1949,3882000,1332.0
MO,1950,3964000,1438.0
MO,1951,4015000,1574.0
MO,1952,3972000,1682.0
MO,1953,4020000,1763.0
MO,1954,4066000,1756.0
MO,1955,4134000,1849.0
MO,1956,4163000,1937.0
MO,1957,4189000,1980.0
MO,1958,4186000,2109.0
MO,1959,4258000,2196.0
MO,1960,4326000,2226.0
MO,1961,4349000,2289.0
MO,1962,4357000,2407.0
MO,1963,4392000,2505.0
MO,1964,4442000,2616.0
MO,1965,4467000,2828.0
MO,1966,4523000,2993.0
MO,1967,4539000,3174.0
MO,1968,4568000,3492.0
MO,1969,4640000,3645.0
MO,1970,4684768,3945.0
MO,1971,4722703,4222.0
MO,1972,4753234,4562.0
MO,1973,4774601,5045.0
MO,1974,4785391,5386.0
MO,1975,4795383,5883.0
MO,1976,4823554,6409.0
MO,1977,4845042,7070.0
MO,1978,4871171,7828.0
MO,1979,4889327,8695.0
MO,1980,4921966,9374.0
MO,1981,4932069,10438.0
MO,1982,4929456,11166.0
MO,1983,4943735,11889.0
MO,1984,4975276,13086.0
MO,1985,5000260,13940.0
MO,1986,5023055,14608.0
MO,1987,5056702,15232.0
MO,1988,5081737,16147.0
MO,1989,5095844,17258.0
MO,1990,5128880,17917.0
MO,1991,5170800,18580.0
MO,1992,5217101,19566.0
MO,1993,5271175,20247.0
MO,1994,5324497,21271.0
MO,1995,5378247,22201.0
MO,1996,5431553,23270.0
MO,1997,5481193,24469.0
MO,1998,5521765,25506.0
MO,1999,5561948,26281.0
MO,2000,5607285,27857.0
MO,2001,5641142,28634.0
MO,2002,5674825,29144.0
MO,2003,5709403,30054.0
MO,2004,5747741,31396.0
MO,2005,5790300,32256.0
MO,2006,5842704,33860.0
MO,2007,5887612,35228.0
MO,2008,5923916,37124.0
MO,2009,5961088,36309.0
MO,2010,5996167,36988.0
MO,2011,6011574,38406.0
MO,2012,6026733,39984.0
MO,2013,6044008,40119.0
MO,2014,6060462,41373.0
MO,2015,6077056,42671.0
MO,2016,6093343,43819.0
MO,2017,6113654,44772.0
MO,2018,6128572,46672.0
MO,2019,6143374,48422.0
MO,2020,6155074,52203.0
MO,2021,6172551,56916.0
MO,2022,6179285,58528.0
MO,2023,6205956,63466.0
MO,2024,6243544,66746.0
MO,2025,6270541,69836.0
MS,1929,1998000,277.0
MS,1930,2006000,197.0
MS,1931,1994000,169.0
MS,1932,2004000,122.0
MS,1933,2031000,127.0
MS,1934,2050000,167.0
MS,1935,2061000,174.0
MS,1936,2072000,222.0
MS,1937,2086000,220.0
MS,1938,2127000,196.0
MS,1939,2168000,201.0
MS,1940,2176000,212.0
MS,1941,2188000,316.0
MS,1942,2204000,457.0
MS,1943,2255000,553.0
MS,1944,2119000,642.0
MS,1945,2079000,640.0
MS,1946,2072000,618.0
MS,1947,2108000,669.0
MS,1948,2076000,797.0
MS,1949,2085000,711.0
MS,1950,2176000,780.0
MS,1951,2163000,866.0
MS,1952,2152000,921.0
MS,1953,2105000,955.0
MS,1954,2064000,946.0
MS,1955,2060000,1069.0
MS,1956,2086000,1077.0
MS,1957,2088000,1088.0
MS,1958,2086000,1180.0
MS,1959,2138000,1275.0
MS,1960,2182000,1267.0
MS,1961,2206000,1359.0
MS,1962,2243000,1397.0
MS,1963,2244000,1534.0
MS,1964,2241000,1590.0
MS,1965,2246000,1722.0
MS,1966,2245000,1879.0
MS,1967,2228000,2048.0
MS,1968,2219000,2250.0
MS,1969,2220000,2496.0
MS,1970,2221128,2736.0
MS,1971,2265529,2974.0
MS,1972,2307291,3327.0
MS,1973,2349802,3736.0
MS,1974,2378603,4056.0
MS,1975,2399924,4360.0
MS,1976,2430324,4887.0
MS,1977,2459810,5375.0
MS,1978,2488033,5917.0
MS,1979,2507967,6634.0
MS,1980,2525342,7168.0
MS,1981,2539032,8007.0
MS,1982,2556776,8394.0
MS,1983,2567719,8746.0
MS,1984,2578053,9509.0
MS,1985,2588103,9974.0
MS,1986,2593596,10324.0
MS,1987,2588545,10916.0
MS,1988,2580349,11737.0
MS,1989,2574272,12707.0
MS,1990,2578897,13353.0
MS,1991,2598733,13973.0
MS,1992,2623734,14881.0
MS,1993,2655100,15656.0
MS,1994,2688992,16724.0
MS,1995,2722659,17470.0
MS,1996,2748085,18360.0
MS,1997,2777004,19219.0
MS,1998,2804834,20173.0
MS,1999,2828408,20681.0
MS,2000,2848353,21628.0
MS,2001,2852994,22806.0
MS,2002,2858681,23202.0
MS,2003,2868312,24060.0
MS,2004,2889010,25287.0
MS,2005,2905943,26716.0
MS,2006,2904978,27827.0
MS,2007,2928350,29432.0
MS,2008,2947806,30736.0
MS,2009,2958774,30238.0
MS,2010,2970367,31238.0
MS,2011,2977902,32482.0
MS,2012,2982356,33465.0
MS,2013,2986599,34000.0
MS,2014,2987656,34646.0
MS,2015,2985000,35118.0
MS,2016,2984364,35653.0
MS,2017,2983448,36590.0
MS,2018,2974657,37637.0
MS,2019,2969008,39157.0
MS,2020,2958385,42478.0
MS,2021,2947603,47072.0
MS,2022,2941237,47071.0
MS,2023,2942470,49698.0
MS,2024,2950172,51611.0
MS,2025,2954160,54433.0
MT,1929,524000,592.0
MT,1930,539000,501.0
MT,1931,540000,387.0
MT,1932,540000,334.0
MT,1933,541000,299.0
MT,1934,545000,365.0
MT,1935,550000,475.0
MT,1936,554000,478.0
MT,1937,554000,514.0
MT,1938,552000,515.0
MT,1939,555000,530.0
MT,1940,558000,566.0
MT,1941,543000,708.0
MT,1942,521000,901.0
MT,1943,483000,1155.0
MT,1944,471000,1185.0
MT,1945,477000,1212.0
MT,1946,514000,1309.0
MT,1947,530000,1480.0
MT,1948,542000,1638.0
MT,1949,569000,1433.0
MT,1950,593000,1678.0
MT,1951,596000,1834.0
MT,1952,602000,1855.0
MT,1953,616000,1842.0
MT,1954,624000,1807.0
MT,1955,636000,1934.0
MT,1956,656000,1971.0
MT,1957,667000,2034.0
MT,1958,666000,2124.0
MT,1959,669000,2081.0
MT,1960,679000,2137.0
MT,1961,696000,2090.0
MT,1962,698000,2437.0
MT,1963,703000,2406.0
MT,1964,706000,2447.0
MT,1965,706000,2629.0
MT,1966,707000,2814.0
MT,1967,701000,2895.0
MT,1968,700000,3040.0
MT,1969,694000,3387.0
MT,1970,697172,3735.0
MT,1971,711037,3920.0
MT,1972,719138,4492.0
MT,1973,727389,5149.0
MT,1974,737203,5521.0
MT,1975,749208,5978.0
MT,1976,758521,6337.0
MT,1977,771354,6739.0
MT,1978,784043,7768.0
MT,1979,789167,8299.0
MT,1980,788752,9148.0
MT,1981,795325,10303.0
MT,1982,803984,10737.0
MT,1983,814029,11157.0
MT,1984,820904,11687.0
MT,1985,822320,11840.0
MT,1986,813738,12440.0
MT,1987,805064,12862.0
MT,1988,800200,13346.0
MT,1989,799634,14711.0
MT,1990,800204,15470.0
MT,1991,809680,16323.0
MT,1992,825770,16965.0
MT,1993,844761,17939.0
MT,1994,861306,18082.0
MT,1995,876553,18710.0
MT,1996,886254,19378.0
MT,1997,889865,20127.0
MT,1998,892431,21431.0
MT,1999,897507,21723.0
MT,2000,903773,22982.0
MT,2001,906961,23910.0
MT,2002,911667,24516.0
MT,2003,919630,26114.0
MT,2004,930009,28034.0
MT,2005,940102,29839.0
MT,2006,952692,31870.0
MT,2007,964706,33841.0
MT,2008,976415,35569.0
MT,2009,983982,34489.0
MT,2010,990874,36015.0
MT,2011,998243,38165.0
MT,2012,1005475,40228.0
MT,2013,1016046,40151.0
MT,2014,1025126,41858.0
MT,2015,1034544,43102.0
MT,2016,1045768,43308.0
MT,2017,1058073,45374.0
MT,2018,1066610,47211.0
MT,2019,1075495,49657.0
MT,2020,1087156,53575.0
MT,2021,1106416,59263.0
MT,2022,1121533,62101.0
MT,2023,1130612,65336.0
MT,2024,1137557,68809.0
MT,2025,1144694,72066.0
NC,1929,3133000,327.0
NC,1930,3167000,287.0
NC,1931,3184000,244.0
NC,1932,3227000,183.0
NC,1933,3268000,203.0
NC,1934,3304000,247.0
NC,1935,3323000,267.0
NC,1936,3346000,294.0
NC,1937,3385000,321.0
NC,1938,3440000,291.0
NC,1939,3514000,312.0
NC,1940,3574000,323.0
NC,1941,3596000,430.0
NC,1942,3590000,588.0
NC,1943,3641000,713.0
NC,1944,3632000,778.0
NC,1945,3523000,835.0
NC,1946,3727000,875.0
NC,1947,3772000,905.0
NC,1948,3837000,1008.0
NC,1949,3911000,978.0
NC,1950,4068000,1095.0
NC,1951,4120000,1217.0
NC,1952,4109000,1256.0
NC,1953,4120000,1304.0
NC,1954,4131000,1330.0
NC,1955,4242000,1404.0
NC,1956,4309000,1473.0
NC,1957,4368000,1462.0
NC,1958,4376000,1540.0
NC,1959,4458000,1619.0
NC,1960,4573000,1666.0
NC,1961,4663000,1729.0
NC,1962,4707000,1840.0
NC,1963,4742000,1921.0
NC,1964,4802000,2055.0
NC,1965,4863000,2194.0
NC,1966,4896000,2421.0
NC,1967,4952000,2588.0
NC,1968,5004000,2825.0
NC,1969,5031000,3152.0
NC,1970,5099150,3397.0
NC,1971,5200760,3626.0
NC,1972,5296085,4025.0
NC,1973,5382441,4491.0
NC,1974,5461112,4881.0
NC,1975,5535097,5229.0
NC,1976,5593463,5745.0
NC,1977,5668494,6211.0
NC,1978,5740286,6922.0
NC,1979,5801563,7568.0
NC,1980,5898980,8350.0
NC,1981,5956653,9309.0
NC,1982,6019108,9864.0
NC,1983,6077059,10639.0
NC,1984,6164004,11850.0
NC,1985,6253957,12628.0
NC,1986,6321576,13470.0
NC,1987,6403693,14301.0
NC,1988,6480591,15510.0
NC,1989,6565462,16692.0
NC,1990,6664016,17481.0
NC,1991,6784280,17978.0
NC,1992,6897214,19222.0
NC,1993,7042818,20067.0
NC,1994,7187398,20928.0
NC,1995,7344674,21959.0
NC,1996,7500670,23000.0
NC,1997,7656825,24189.0
NC,1998,7809121,25385.0
NC,1999,7949361,26158.0
NC,2000,8081614,27410.0
NC,2001,8210122,27782.0
NC,2002,8326201,27856.0
NC,2003,8422501,28709.0
NC,2004,8553152,30586.0
NC,2005,8705407,32209.0
NC,2006,8917270,34189.0
NC,2007,9118037,35960.0
NC,2008,9309449,37772.0
NC,2009,9449566,35933.0
NC,2010,9571037,35867.0
NC,2011,9641131,36842.0
NC,2012,9719755,38895.0
NC,2013,9800429,38092.0
NC,2014,9876774,39888.0
NC,2015,9962464,41645.0
NC,2016,10072775,42607.0
NC,2017,10172498,44228.0
NC,2018,10273864,46057.0
NC,2019,10369657,48384.0
NC,2020,10450215,51824.0
NC,2021,10565503,57247.0
NC,2022,10705768,59123.0
NC,2023,10871849,61953.0
NC,2024,11052061,65247.0
NC,2025,11197968,68274.0
ND,1929,674000,377.0
ND,1930,682000,308.0
ND,1931,680000,195.0
ND,1932,676000,178.0
ND,1933,674000,151.0
ND,1934,672000,184.0
ND,1935,670000,271.0
ND,1936,664000,238.0
ND,1937,655000,324.0
ND,1938,647000,282.0
ND,1939,644000,316.0
ND,1940,640000,352.0
ND,1941,615000,521.0
ND,1942,583000,658.0
ND,1943,546000,959.0
ND,1944,534000,1020.0
ND,1945,544000,1037.0
ND,1946,570000,1079.0
ND,1947,578000,1467.0
ND,1948,580000,1462.0
ND,1949,597000,1231.0
ND,1950,619000,1388.0
ND,1951,604000,1480.0
ND,1952,608000,1351.0
ND,1953,609000,1372.0
ND,1954,611000,1407.0
ND,1955,615000,1544.0
ND,1956,613000,1615.0
ND,1957,612000,1662.0
ND,1958,606000,1931.0
ND,1959,618000,1757.0
ND,1960,634000,1909.0
ND,1961,641000,1730.0
ND,1962,637000,2441.0
ND,1963,644000,2249.0
ND,1964,649000,2220.0
ND,1965,649000,2584.0
ND,1966,647000,2623.0
ND,1967,626000,2714.0
ND,1968,621000,2864.0
ND,1969,621000,3205.0
ND,1970,618851,3397.0
ND,1971,626659,3868.0
ND,1972,630937,4576.0
ND,1973,632411,6383.0
ND,1974,634212,6304.0
ND,1975,638469,6549.0
ND,1976,645293,6357.0
ND,1977,649168,6564.0
ND,1978,650648,8235.0
ND,1979,652152,8446.0
ND,1980,654380,8059.0
ND,1981,659504,10469.0
ND,1982,668972,11144.0
ND,1983,676687,11583.0
ND,1984,680499,12427.0
ND,1985,676979,12915.0
ND,1986,669513,13250.0
ND,1987,661141,13773.0
ND,1988,655330,12911.0
ND,1989,646351,14656.0
ND,1990,637685,16084.0
ND,1991,635753,16362.0
ND,1992,638223,17839.0
ND,1993,641216,17991.0
ND,1994,644804,19435.0
ND,1995,647832,19376.0
ND,1996,650382,21584.0
ND,1997,649716,21194.0
ND,1998,647532,23286.0
ND,1999,644259,23683.0
ND,2000,642023,25842.0
ND,2001,639062,26493.0
ND,2002,638168,27197.0
ND,2003,638817,29663.0
ND,2004,644705,29984.0
ND,2005,646089,31731.0
ND,2006,649422,33120.0
ND,2007,652822,36501.0
ND,2008,657569,40973.0
ND,2009,664968,40177.0
ND,2010,675097,44072.0
ND,2011,687257,48866.0
ND,2012,705347,56047.0
ND,2013,727655,54328.0
ND,2014,744628,56632.0
ND,2015,762814,52955.0
ND,2016,764781,51280.0
ND,2017,766807,51811.0
ND,2018,771499,55157.0
ND,2019,776548,56640.0
ND,2020,779612,60434.0
ND,2021,777977,66165.0
ND,2022,780191,71081.0
ND,2023,787071,72066.0
ND,2024,793387,73125.0
ND,2025,799358,77438.0
NE,1929,1375000,584.0
NE,1930,1380000,510.0
NE,1931,1384000,409.0
NE,1932,1386000,303.0
NE,1933,1385000,273.0
NE,1934,1382000,264.0
NE,1935,1375000,405.0
NE,1936,1358000,395.0
NE,1937,1339000,414.0
NE,1938,1326000,402.0
NE,1939,1318000,399.0
NE,1940,1316000,440.0
NE,1941,1272000,548.0
NE,1942,1245000,823.0
NE,1943,1235000,1029.0
NE,1944,1214000,1101.0
NE,1945,1210000,1197.0
NE,1946,1256000,1187.0
NE,1947,1266000,1269.0
NE,1948,1265000,1545.0
NE,1949,1302000,1361.0
NE,1950,1327000,1583.0
NE,1951,1316000,1667.0
NE,1952,1311000,1797.0
NE,1953,1318000,1705.0
NE,1954,1340000,1793.0
NE,1955,1374000,1693.0
NE,1956,1397000,1718.0
NE,1957,1394000,1996.0
NE,1958,1383000,2108.0
NE,1959,1397000,2112.0
NE,1960,1417000,2216.0
NE,1961,1446000,2223.0
NE,1962,1464000,2386.0
NE,1963,1476000,2433.0
NE,1964,1482000,2491.0
NE,1965,1471000,2761.0
NE,1966,1456000,2995.0
NE,1967,1457000,3097.0
NE,1968,1467000,3282.0
NE,1969,1474000,3649.0
NE,1970,1487963,3897.0
NE,1971,1504208,4234.0
NE,1972,1518293,4645.0
NE,1973,1528517,5382.0
NE,1974,1537809,5570.0
NE,1975,1541440,6336.0
NE,1976,1548901,6597.0
NE,1977,1554466,7123.0
NE,1978,1560826,8208.0
NE,1979,1564356,8844.0
NE,1980,1572296,9392.0
NE,1981,1578517,10858.0
NE,1982,1581776,11643.0
NE,1983,1584293,12031.0
NE,1984,1588638,13344.0
NE,1985,1584661,14101.0
NE,1986,1574328,14606.0
NE,1987,1566544,15307.0
NE,1988,1571477,16359.0
NE,1989,1574858,17320.0
NE,1990,1581660,18486.0
NE,1991,1595919,19014.0
NE,1992,1611687,19974.0
NE,1993,1625590,20460.0
NE,1994,1639041,21592.0
NE,1995,1656992,22561.0
NE,1996,1673740,24321.0
NE,1997,1686418,24880.0
NE,1998,1695816,26387.0
NE,1999,1704764,27467.0
NE,2000,1713820,28924.0
NE,2001,1719836,30184.0
NE,2002,1728292,30553.0
NE,2003,1738643,32268.0
NE,2004,1749370,33496.0
NE,2005,1761497,34401.0
NE,2006,1772693,35718.0
NE,2007,1783440,38184.0
NE,2008,1796378,40291.0
NE,2009,1812683,39432.0
NE,2010,1830194,41097.0
NE,2011,1843937,45615.0
NE,2012,1859140,46390.0
NE,2013,1873681,45915.0
NE,2014,1890242,48189.0
NE,2015,1904766,49709.0
NE,2016,1921616,48687.0
NE,2017,1934551,49530.0
NE,2018,1945483,51438.0
NE,2019,1954962,53519.0
NE,2020,1963318,56928.0
NE,2021,1964697,63744.0
NE,2022,1972595,66452.0
NE,2023,1988172,71114.0
NE,2024,2005591,72368.0
NE,2025,2018006,76055.0
NH,1929,467000,688.0
NH,1930,466000,648.0
NH,1931,470000,560.0
NH,1932,474000,430.0
NH,1933,477000,420.0
NH,1934,480000,480.0
NH,1935,481000,504.0
NH,1936,481000,542.0
NH,1937,481000,570.0
NH,1938,485000,537.0
NH,1939,490000,566.0
NH,1940,492000,586.0
NH,1941,491000,720.0
NH,1942,482000,871.0
NH,1943,461000,1002.0
NH,1944,460000,1082.0
NH,1945,464000,1139.0
NH,1946,495000,1168.0
NH,1947,509000,1233.0
NH,1948,520000,1312.0
NH,1949,533000,1297.0
NH,1950,532000,1373.0
NH,1951,529000,1538.0
NH,1952,535000,1612.0
NH,1953,547000,1692.0
NH,1954,554000,1746.0
NH,1955,557000,1869.0
NH,1956,566000,1951.0
NH,1957,572000,2065.0
NH,1958,581000,2071.0
NH,1959,596000,2198.0
NH,1960,609000,2271.0
NH,1961,618000,2356.0
NH,1962,632000,2464.0
NH,1963,649000,2503.0
NH,1964,663000,2635.0
NH,1965,676000,2787.0
NH,1966,681000,3031.0
NH,1967,697000,3235.0
NH,1968,709000,3513.0
NH,1969,724000,3842.0
NH,1970,741932,3997.0
NH,1971,762173,4225.0
NH,1972,781699,4557.0
NH,1973,801824,5005.0
NH,1974,817073,5406.0
NH,1975,830025,5786.0
NH,1976,847025,6418.0
NH,1977,871860,7050.0
NH,1978,893974,7932.0
NH,1979,911893,8896.0
NH,1980,924250,10043.0
NH,1981,936621,11217.0
NH,1982,947720,12199.0
NH,1983,958134,13270.0
NH,1984,976863,14693.0
NH,1985,996753,15883.0
NH,1986,1025054,17072.0
NH,1987,1054289,18292.0
NH,1988,1082576,19682.0
NH,1989,1104523,20665.0
NH,1990,1112384,20681.0
NH,1991,1109929,21459.0
NH,1992,1117784,22323.0
NH,1993,1129458,22812.0
NH,1994,1142560,24071.0
NH,1995,1157561,25205.0
NH,1996,1174719,26298.0
NH,1997,1189425,27985.0
NH,1998,1205940,30348.0
NH,1999,1222014,31857.0
NH,2000,1239882,35323.0
NH,2001,1255517,36782.0
NH,2002,1269089,37013.0
NH,2003,1279840,37374.0
NH,2004,1290121,39324.0
NH,2005,1298492,40404.0
NH,2006,1308389,42866.0
NH,2007,1312540,44422.0
NH,2008,1315906,45713.0
NH,2009,1316102,45123.0
NH,2010,1317105,46988.0
NH,2011,1321939,49092.0
NH,2012,1327372,50718.0
NH,2013,1331163,50418.0
NH,2014,1339344,51961.0
NH,2015,1343764,54119.0
NH,2016,1351178,55622.0
NH,2017,1359076,57826.0
NH,2018,1364941,60267.0
NH,2019,1371857,63840.0
NH,2020,1378752,67448.0
NH,2021,1387907,73868.0
NH,2022,1396647,75187.0
NH,2023,1401530,79646.0
NH,2024,1408518,84302.0
NH,2025,1415342,88145.0
NJ,1929,3989000,921.0
NJ,1930,4068000,851.0
NJ,1931,4120000,741.0
NJ,1932,4120000,593.0
NJ,1933,4107000,529.0
NJ,1934,4089000,578.0
NJ,1935,4085000,631.0
NJ,1936,4084000,715.0
NJ,1937,4088000,753.0
NJ,1938,4100000,704.0
NJ,1939,4129000,757.0
NJ,1940,4175000,830.0
NJ,1941,4255000,969.0
NJ,1942,4314000,1185.0
NJ,1943,4206000,1454.0
NJ,1944,4171000,1576.0
NJ,1945,4122000,1609.0
NJ,1946,4505000,1547.0
NJ,1947,4628000,1589.0
NJ,1948,4774000,1667.0
NJ,1949,4889000,1639.0
NJ,1950,4872000,1820.0
NJ,1951,5006000,2024.0
NJ,1952,5125000,2144.0
NJ,1953,5229000,2262.0
NJ,1954,5360000,2246.0
NJ,1955,5502000,2322.0
NJ,1956,5615000,2469.0
NJ,1957,5737000,2575.0
NJ,1958,5890000,2480.0
NJ,1959,6015000,2611.0
NJ,1960,6103000,2712.0
NJ,1961,6265000,2777.0
NJ,1962,6376000,2936.0
NJ,1963,6531000,3008.0
NJ,1964,6660000,3163.0
NJ,1965,6767000,3344.0
NJ,1966,6851000,3577.0
NJ,1967,6928000,3810.0
NJ,1968,7005000,4135.0
NJ,1969,7095000,4581.0
NJ,1970,7190282,4909.0
NJ,1971,7281935,5229.0
NJ,1972,7336538,5642.0
NJ,1973,7335240,6143.0
NJ,1974,7335227,6673.0
NJ,1975,7341417,7203.0
NJ,1976,7344079,7817.0
NJ,1977,7342027,8554.0
NJ,1978,7356414,9475.0
NJ,1979,7373048,10493.0
NJ,1980,7376330,11806.0
NJ,1981,7407471,13118.0
NJ,1982,7430970,14127.0
NJ,1983,7467784,15193.0
NJ,1984,7515474,16684.0
NJ,1985,7565530,17776.0
NJ,1986,7622161,18891.0
NJ,1987,7670741,20169.0
NJ,1988,7712333,22105.0
NJ,1989,7726086,23671.0
NJ,1990,7762963,24755.0
NJ,1991,7814676,25103.0
NJ,1992,7880508,26699.0
NJ,1993,7948915,27350.0
NJ,1994,8014306,28083.0
NJ,1995,8083242,29555.0
NJ,1996,8149596,30999.0
NJ,1997,8218808,32705.0
NJ,1998,8287418,34580.0
NJ,1999,8359592,35854.0
NJ,2000,8430621,39095.0
NJ,2001,8492671,40189.0
NJ,2002,8552643,40454.0
NJ,2003,8601402,41167.0
NJ,2004,8634561,42825.0
NJ,2005,8651974,44238.0
NJ,2006,8661679,47366.0
NJ,2007,8677885,50133.0
NJ,2008,8711090,51606.0
NJ,2009,8755602,49838.0
NJ,2010,8809368,50975.0
NJ,2011,8878245,52871.0
NJ,2012,8935248,54249.0
NJ,2013,8987175,54381.0
NJ,2014,9036406,56384.0
NJ,2015,9079218,58424.0
NJ,2016,9122374,59791.0
NJ,2017,9176713,61717.0
NJ,2018,9220072,64213.0
NJ,2019,9259376,67532.0
NJ,2020,9270476,70476.0
NJ,2021,9266509,76391.0
NJ,2022,9298402,77470.0
NJ,2023,9395315,81654.0
NJ,2024,9506354,85526.0
NJ,2025,9548215,89720.0
NM,1929,420000,405.0
NM,1930,427000,333.0
NM,1931,436000,287.0
NM,1932,441000,208.0
NM,1933,449000,211.0
NM,1934,461000,246.0
NM,1935,475000,293.0
NM,1936,489000,343.0
NM,1937,503000,362.0
NM,1938,513000,338.0
NM,1939,523000,356.0
NM,1940,531000,377.0
NM,1941,505000,476.0
NM,1942,508000,656.0
NM,1943,533000,803.0
NM,1944,526000,908.0
NM,1945,530000,971.0
NM,1946,562000,947.0
NM,1947,582000,1026.0
NM,1948,604000,1156.0
NM,1949,644000,1188.0
NM,1950,689000,1260.0
NM,1951,717000,1410.0
NM,1952,735000,1506.0
NM,1953,756000,1536.0
NM,1954,763000,1557.0
NM,1955,785000,1641.0
NM,1956,806000,1725.0
NM,1957,847000,1842.0
NM,1958,886000,1952.0
NM,1959,919000,2022.0
NM,1960,954000,2004.0
NM,1961,965000,2073.0
NM,1962,979000,2124.0
NM,1963,989000,2174.0
NM,1964,1006000,2260.0
NM,1965,1012000,2383.0
NM,1966,1007000,2517.0
NM,1967,1000000,2620.0
NM,1968,994000,2854.0
NM,1969,1011000,3109.0
NM,1970,1023206,3420.0
NM,1971,1053258,3677.0
NM,1972,1077815,4039.0
NM,1973,1104225,4421.0
NM,1974,1129568,4858.0
NM,1975,1162682,5391.0
NM,1976,1195162,5846.0
NM,1977,1225245,6382.0
NM,1978,1251848,7148.0
NM,1979,1280539,7877.0
NM,1980,1309400,8649.0
NM,1981,1332747,9597.0
NM,1982,1363822,10273.0
NM,1983,1394362,10820.0
NM,1984,1416719,11612.0
NM,1985,1438360,12384.0
NM,1986,1462728,12656.0
NM,1987,1478519,13010.0
NM,1988,1490336,13675.0
NM,1989,1503901,14514.0
NM,1990,1521574,15308.0
NM,1991,1555305,16044.0
NM,1992,1595442,16784.0
NM,1993,1636453,17595.0
NM,1994,1682398,18265.0
NM,1995,1720394,19191.0
NM,1996,1752326,19782.0
NM,1997,1774839,20509.0
NM,1998,1793484,21318.0
NM,1999,1808082,21523.0
NM,2000,1821204,23019.0
NM,2001,1831690,24545.0
NM,2002,1855309,25237.0
NM,2003,1877574,26108.0
NM,2004,1903808,27366.0
NM,2005,1932274,28744.0
NM,2006,1962137,30433.0
NM,2007,1990070,31780.0
NM,2008,2010662,33552.0
NM,2009,2036802,32910.0
NM,2010,2064898,33674.0
NM,2011,2082130,35084.0
NM,2012,2090282,35705.0
NM,2013,2096538,34868.0
NM,2014,2095081,36889.0
NM,2015,2096056,37763.0
NM,2016,2099682,38485.0
NM,2017,2101111,39203.0
NM,2018,2103161,40982.0
NM,2019,2110180,43234.0
NM,2020,2118446,46574.0
NM,2021,2117300,50885.0
NM,2022,2112859,53170.0
NM,2023,2119349,55338.0
NM,2024,2126774,58447.0
NM,2025,2125498,62089.0
NV,1929,90000,874.0
NV,1930,92000,834.0
NV,1931,94000,665.0
NV,1932,96000,557.0
NV,1933,96000,499.0
NV,1934,98000,560.0
NV,1935,100000,667.0
NV,1936,101000,845.0
NV,1937,103000,775.0
NV,1938,105000,785.0
NV,1939,107000,864.0
NV,1940,113000,902.0
NV,1941,122000,1001.0
NV,1942,139000,1592.0
NV,1943,152000,1550.0
NV,1944,155000,1526.0
NV,1945,147000,1658.0
NV,1946,145000,1786.0
NV,1947,149000,1791.0
NV,1948,156000,1811.0
NV,1949,157000,1868.0
NV,1950,162000,2089.0
NV,1951,168000,2315.0
NV,1952,181000,2513.0
NV,1953,195000,2574.0
NV,1954,213000,2542.0
NV,1955,237000,2657.0
NV,1956,250000,2634.0
NV,1957,260000,2719.0
NV,1958,269000,2780.0
NV,1959,279000,2932.0
NV,1960,291000,3079.0
NV,1961,315000,3153.0
NV,1962,352000,3369.0
NV,1963,397000,3350.0
NV,1964,426000,3388.0
NV,1965,444000,3480.0
NV,1966,446000,3656.0
NV,1967,449000,3857.0
NV,1968,464000,4340.0
NV,1969,480000,4747.0
NV,1970,493223,5191.0
NV,1971,519989,5501.0
NV,1972,546736,5847.0
NV,1973,568910,6381.0
NV,1974,596713,6746.0
NV,1975,619847,7331.0
NV,1976,646823,7994.0
NV,1977,678134,8815.0
NV,1978,719345,10045.0
NV,1979,765121,10942.0
NV,1980,810215,11949.0
NV,1981,847656,12975.0
NV,1982,881538,13332.0
NV,1983,901978,13893.0
NV,1984,924921,14741.0
NV,1985,951032,15553.0
NV,1986,980614,16295.0
NV,1987,1023374,17009.0
NV,1988,1075023,18443.0
NV,1989,1137382,19632.0
NV,1990,1220695,20512.0
NV,1991,1296171,21250.0
NV,1992,1351367,22540.0
NV,1993,1411215,23337.0
NV,1994,1499298,24306.0
NV,1995,1581578,25339.0
NV,1996,1666320,26608.0
NV,1997,1764104,27464.0
NV,1998,1853191,29256.0
NV,1999,1934718,30301.0
NV,2000,2018741,31858.0
NV,2001,2098399,32418.0
NV,2002,2173791,32180.0
NV,2003,2248850,33136.0
NV,2004,2346222,35173.0
NV,2005,2432143,37907.0
NV,2006,2522658,39437.0
NV,2007,2601072,39870.0
NV,2008,2653630,38640.0
NV,2009,2684665,36141.0
NV,2010,2701888,37312.0
NV,2011,2710129,38621.0
NV,2012,2739290,39706.0
NV,2013,2769188,39356.0
NV,2014,2808779,41150.0
NV,2015,2855986,43821.0
NV,2016,2904614,44734.0
NV,2017,2954768,47008.0
NV,2018,3011007,49307.0
NV,2019,3068665,51962.0
NV,2020,3116851,54708.0
NV,2021,3148472,61082.0
NV,2022,3177672,62732.0
NV,2023,3211077,67120.0
NV,2024,3253543,70490.0
NV,2025,3282188,73767.0
NY,1929,12171000,1156.0
NY,1930,12647000,1042.0
NY,1931,12848000,889.0
NY,1932,13001000,686.0
NY,1933,13126000,634.0
NY,1934,13253000,688.0
NY,1935,13375000,732.0
NY,1936,13481000,819.0
NY,1937,13511000,848.0
NY,1938,13512000,801.0
NY,1939,13523000,837.0
NY,1940,13456000,883.0
NY,1941,13270000,1012.0
NY,1942,13010000,1191.0
NY,1943,12871000,1416.0
NY,1944,12683000,1569.0
NY,1945,12532000,1681.0
NY,1946,13434000,1725.0
NY,1947,13993000,1751.0
NY,1948,14497000,1783.0
NY,1949,14892000,1738.0
NY,1950,14865000,1868.0
NY,1951,14890000,2020.0
NY,1952,15192000,2075.0
NY,1953,15527000,2160.0
NY,1954,15814000,2190.0
NY,1955,15966000,2310.0
NY,1956,16112000,2432.0
NY,1957,16374000,2542.0
NY,1958,16601000,2608.0
NY,1959,16685000,2750.0
NY,1960,16838000,2847.0
NY,1961,17061000,2936.0
NY,1962,17301000,3055.0
NY,1963,17461000,3160.0
NY,1964,17589000,3351.0
NY,1965,17734000,3531.0
NY,1966,17843000,3768.0
NY,1967,17935000,4044.0
NY,1968,18051000,4435.0
NY,1969,18105000,4619.0
NY,1970,18271605,4920.0
NY,1971,18364865,5234.0
NY,1972,18351767,5603.0
NY,1973,18194767,6022.0
NY,1974,18072768,6533.0
NY,1975,18032254,7066.0
NY,1976,17974654,7510.0
NY,1977,17851507,8158.0
NY,1978,17720421,8949.0
NY,1979,17633646,9832.0
NY,1980,17566754,11006.0
NY,1981,17567731,12263.0
NY,1982,17589737,13312.0
NY,1983,17686907,14288.0
NY,1984,17745676,15726.0
NY,1985,17791678,16801.0
NY,1986,17833421,17903.0
NY,1987,17868844,18991.0
NY,1988,17941309,20814.0
NY,1989,17983084,22439.0
NY,1990,18020784,23992.0
NY,1991,18122510,23898.0
NY,1992,18246653,25050.0
NY,1993,18374954,25561.0
NY,1994,18459470,26234.0
NY,1995,18524104,27549.0
NY,1996,18588460,28886.0
NY,1997,18656546,30398.0
NY,1998,18755906,31995.0
NY,1999,18882725,33641.0
NY,2000,19001780,35955.0
NY,2001,19082838,37176.0
NY,2002,19137800,36972.0
NY,2003,19175939,37420.0
NY,2004,19171567,39093.0
NY,2005,19132610,40645.0
NY,2006,19104631,43760.0
NY,2007,19132335,47020.0
NY,2008,19212436,47909.0
NY,2009,19307066,46936.0
NY,2010,19420354,48580.0
NY,2011,19602134,50775.0
NY,2012,19758616,52628.0
NY,2013,19892558,52877.0
NY,2014,20001317,54508.0
NY,2015,20087023,56604.0
NY,2016,20148134,58396.0
NY,2017,20187407,62201.0
NY,2018,20219472,64224.0
NY,2019,20220321,66455.0
NY,2020,20122262,70349.0
NY,2021,19835345,76446.0
NY,2022,19713025,77434.0
NY,2023,19786543,82530.0
NY,2024,20001419,86835.0
NY,2025,20002427,91504.0
OH,1929,6626000,772.0
OH,1930,6662000,664.0
OH,1931,6694000,563.0
OH,1932,6717000,403.0
OH,1933,6740000,387.0
OH,1934,6751000,457.0
OH,1935,6787000,519.0
OH,1936,6801000,597.0
OH,1937,6809000,651.0
OH,1938,6837000,565.0
OH,1939,6886000,620.0
OH,1940,6929000,664.0
OH,1941,6958000,828.0
OH,1942,6970000,1032.0
OH,1943,6866000,1273.0
OH,1944,6928000,1330.0
OH,1945,6915000,1361.0
OH,1946,7516000,1324.0
OH,1947,7705000,1411.0
OH,1948,7876000,1541.0
OH,1949,7973000,1456.0
OH,1950,7980000,1611.0
OH,1951,8061000,1841.0
OH,1952,8275000,1923.0
OH,1953,8591000,2031.0
OH,1954,8873000,1974.0
OH,1955,9017000,2098.0
OH,1956,9207000,2193.0
OH,1957,9410000,2256.0
OH,1958,9599000,2194.0
OH,1959,9671000,2331.0
OH,1960,9734000,2410.0
OH,1961,9854000,2426.0
OH,1962,9929000,2539.0
OH,1963,9986000,2630.0
OH,1964,10080000,2781.0
OH,1965,10201000,2970.0
OH,1966,10330000,3200.0
OH,1967,10414000,3325.0
OH,1968,10516000,3633.0
OH,1969,10563000,3957.0
OH,1970,10668839,4137.0
OH,1971,10734782,4376.0
OH,1972,10746920,4743.0
OH,1973,10767205,5252.0
OH,1974,10765613,5752.0
OH,1975,10770498,6143.0
OH,1976,10752731,6752.0
OH,1977,10771232,7464.0
OH,1978,10795431,8231.0
OH,1979,10798562,9088.0
OH,1980,10800650,9928.0
OH,1981,10788336,10807.0
OH,1982,10757085,11342.0
OH,1983,10737631,12029.0
OH,1984,10737743,13271.0
OH,1985,10734926,14098.0
OH,1986,10730272,14764.0
OH,1987,10760081,15379.0
OH,1988,10798554,16496.0
OH,1989,10829216,17687.0
OH,1990,10864162,18682.0
OH,1991,10945762,18991.0
OH,1992,11029431,20044.0
OH,1993,11101140,20735.0
OH,1994,11152454,21796.0
OH,1995,11202751,22742.0
OH,1996,11242827,23719.0
OH,1997,11277357,25024.0
OH,1998,11311536,26388.0
OH,1999,11335454,27119.0
OH,2000,11363543,28496.0
OH,2001,11387404,29261.0
OH,2002,11407889,29669.0
OH,2003,11434788,30471.0
OH,2004,11452251,31588.0
OH,2005,11463320,32419.0
OH,2006,11481213,33976.0
OH,2007,11500468,35371.0
OH,2008,11515391,36654.0
OH,2009,11528896,35604.0
OH,2010,11541932,36596.0
OH,2011,11558178,38940.0
OH,2012,11573400,40293.0
OH,2013,11612081,40767.0
OH,2014,11648921,42290.0
OH,2015,11674622,43812.0
OH,2016,11702354,44583.0
OH,2017,11737959,46120.0
OH,2018,11763104,47825.0
OH,2019,11788679,49399.0
OH,2020,11798534,52855.0
OH,2021,11761443,57558.0
OH,2022,11764950,58387.0
OH,2023,11808390,61623.0
OH,2024,11860621,64569.0
OH,2025,11900510,67584.0
OK,1929,2372000,449.0
OK,1930,2401000,365.0
OK,1931,2403000,294.0
OK,1932,2394000,214.0
OK,1933,2392000,220.0
OK,1934,2391000,250.0
OK,1935,2386000,296.0
OK,1936,2365000,322.0
OK,1937,2334000,375.0
OK,1938,2324000,345.0
OK,1939,2333000,348.0
OK,1940,2325000,374.0
OK,1941,2262000,436.0
OK,1942,2228000,639.0
OK,1943,2203000,802.0
OK,1944,2056000,965.0
OK,1945,2025000,989.0
OK,1946,2131000,960.0
OK,1947,2133000,1031.0
OK,1948,2089000,1144.0
OK,1949,2105000,1180.0
OK,1950,2229000,1164.0
OK,1951,2210000,1319.0
OK,1952,2219000,1438.0
OK,1953,2182000,1518.0
OK,1954,2209000,1504.0
OK,1955,2250000,1560.0
OK,1956,2273000,1642.0
OK,1957,2282000,1711.0
OK,1958,2267000,1856.0
OK,1959,2289000,1919.0
OK,1960,2336000,1974.0
OK,1961,2380000,2006.0
OK,1962,2427000,2054.0
OK,1963,2439000,2112.0
OK,1964,2446000,2256.0
OK,1965,2440000,2424.0
OK,1966,2454000,2585.0
OK,1967,2489000,2784.0
OK,1968,2503000,3032.0
OK,1969,2535000,3335.0
OK,1970,2566485,3634.0
OK,1971,2617944,3882.0
OK,1972,2657448,4197.0
OK,1973,2694182,4696.0
OK,1974,2732454,5153.0
OK,1975,2771858,5677.0
OK,1976,2823396,6145.0
OK,1977,2865935,6733.0
OK,1978,2913056,7517.0
OK,1979,2970080,8557.0
OK,1980,3040758,9631.0
OK,1981,3096159,11044.0
OK,1982,3206129,11902.0
OK,1983,3290404,11880.0
OK,1984,3285535,12752.0
OK,1985,3271333,13326.0
OK,1986,3252735,13486.0
OK,1987,3210124,13588.0
OK,1988,3167064,14393.0
OK,1989,3150304,15387.0
OK,1990,3148825,16232.0
OK,1991,3175440,16604.0
OK,1992,3220517,17389.0
OK,1993,3252285,17895.0
OK,1994,3280940,18520.0
OK,1995,3308208,19152.0
OK,1996,3340129,20092.0
OK,1997,3372917,21071.0
OK,1998,3405194,22009.0
OK,1999,3437147,22390.0
OK,2000,3454365,24124.0
OK,2001,3467100,25557.0
OK,2002,3489080,25999.0
OK,2003,3504892,27184.0
OK,2004,3525233,29194.0
OK,2005,3548597,31699.0
OK,2006,3594090,34650.0
OK,2007,3634349,35493.0
OK,2008,3668976,39154.0
OK,2009,3717572,35840.0
OK,2010,3759558,37167.0
OK,2011,3786536,39703.0
OK,2012,3815196,41910.0
OK,2013,3847936,43611.0
OK,2014,3871400,45883.0
OK,2015,3900900,44276.0
OK,2016,3916688,42047.0
OK,2017,3920316,43864.0
OK,2018,3928371,46020.0
OK,2019,3943727,48163.0
OK,2020,3965243,49993.0
OK,2021,3992760,54630.0
OK,2022,4025327,57944.0
OK,2023,4062716,60437.0
OK,2024,4097758,63133.0
OK,2025,4123288,66055.0
OR,1929,947000,666.0
OR,1930,956000,605.0
OR,1931,966000,504.0
OR,1932,972000,377.0
OR,1933,978000,357.0
OR,1934,985000,437.0
OR,1935,1001000,459.0
OR,1936,1025000,547.0
OR,1937,1048000,556.0
OR,1938,1067000,531.0
OR,1939,1081000,571.0
OR,1940,1086000,611.0
OR,1941,1070000,823.0
OR,1942,1128000,1132.0
OR,1943,1228000,1403.0
OR,1944,1249000,1402.0
OR,1945,1260000,1372.0
OR,1946,1342000,1390.0
OR,1947,1364000,1515.0
OR,1948,1405000,1676.0
OR,1949,1431000,1641.0
OR,1950,1532000,1695.0
OR,1951,1556000,1876.0
OR,1952,1582000,1961.0
OR,1953,1601000,1973.0
OR,1954,1626000,1929.0
OR,1955,1659000,2048.0
OR,1956,1698000,2146.0
OR,1957,1712000,2133.0
OR,1958,1718000,2182.0
OR,1959,1746000,2322.0
OR,1960,1772000,2366.0
OR,1961,1787000,2435.0
OR,1962,1818000,2542.0
OR,1963,1853000,2626.0
OR,1964,1888000,2773.0
OR,1965,1937000,2933.0
OR,1966,1969000,3107.0
OR,1967,1979000,3278.0
OR,1968,2004000,3524.0
OR,1969,2062000,3798.0
OR,1970,2100388,4065.0
OR,1971,2149890,4364.0
OR,1972,2195219,4788.0
OR,1973,2238878,5291.0
OR,1974,2280956,5889.0
OR,1975,2324622,6418.0
OR,1976,2372155,7091.0
OR,1977,2439355,7712.0
OR,1978,2509609,8592.0
OR,1979,2578312,9460.0
OR,1980,2641218,10237.0
OR,1981,2667985,10927.0
OR,1982,2664919,11254.0
OR,1983,2653071,12029.0
OR,1984,2666589,12953.0
OR,1985,2672648,13581.0
OR,1986,2683526,14233.0
OR,1987,2700996,14820.0
OR,1988,2741297,15952.0
OR,1989,2790579,17213.0
OR,1990,2860375,18153.0
OR,1991,2928507,18686.0
OR,1992,2991755,19528.0
OR,1993,3060367,20428.0
OR,1994,3121264,21444.0
OR,1995,3184369,22624.0
OR,1996,3247111,23919.0
OR,1997,3304310,24900.0
OR,1998,3352449,25915.0
OR,1999,3393941,26498.0
OR,2000,3429708,28257.0
OR,2001,3467937,28774.0
OR,2002,3513424,28759.0
OR,2003,3547376,29523.0
OR,2004,3569463,30980.0
OR,2005,3613202,32125.0
OR,2006,3670883,34488.0
OR,2007,3722417,35624.0
OR,2008,3768748,36856.0
OR,2009,3808600,35287.0
OR,2010,3837609,35941.0
OR,2011,3872651,37531.0
OR,2012,3900064,39127.0
OR,2013,3924055,39460.0
OR,2014,3965375,41645.0
OR,2015,4018453,44156.0
OR,2016,4093165,45458.0
OR,2017,4147171,47556.0
OR,2018,4183398,50198.0
OR,2019,4215959,52182.0
OR,2020,4243544,56655.0
OR,2021,4254691,62668.0
OR,2022,4245964,63702.0
OR,2023,4250392,66911.0
OR,2024,4265324,70225.0
OR,2025,4273586,73283.0
PA,1929,9723000,776.0
PA,1930,9649000,717.0
PA,1931,9707000,605.0
PA,1932,9764000,455.0
PA,1933,9784000,423.0
PA,1934,9795000,487.0
PA,1935,9774000,524.0
PA,1936,9767000,608.0
PA,1937,9790000,643.0
PA,1938,9952000,570.0
PA,1939,9901000,609.0
PA,1940,9896000,659.0
PA,1941,9918000,786.0
PA,1942,9714000,965.0
PA,1943,9424000,1169.0
PA,1944,9247000,1272.0
PA,1945,9180000,1305.0
PA,1946,9880000,1305.0
PA,1947,10201000,1378.0
PA,1948,10287000,1437.0
PA,1949,10390000,1403.0
PA,1950,10507000,1552.0
PA,1951,10461000,1719.0
PA,1952,10503000,1797.0
PA,1953,10662000,1903.0
PA,1954,10817000,1835.0
PA,1955,10939000,1923.0
PA,1956,10972000,2071.0
PA,1957,10954000,2184.0
PA,1958,11058000,2175.0
PA,1959,11234000,2247.0
PA,1960,11329000,2305.0
PA,1961,11392000,2342.0
PA,1962,11355000,2452.0
PA,1963,11424000,2530.0
PA,1964,11519000,2684.0
PA,1965,11620000,2854.0
PA,1966,11664000,3066.0
PA,1967,11681000,3279.0
PA,1968,11741000,3546.0
PA,1969,11741000,3862.0
PA,1970,11811561,4135.0
PA,1971,11884354,4362.0
PA,1972,11904541,4753.0
PA,1973,11885202,5219.0
PA,1974,11863936,5743.0
PA,1975,11897778,6259.0
PA,1976,11887478,6838.0
PA,1977,11881857,7505.0
PA,1978,11864774,8283.0
PA,1979,11873563,9156.0
PA,1980,11868305,10038.0
PA,1981,11858569,11079.0
PA,1982,11845146,11847.0
PA,1983,11837726,12436.0
PA,1984,11815175,13437.0
PA,1985,11770865,14298.0
PA,1986,11782754,15022.0
PA,1987,11810869,15818.0
PA,1988,11845755,17137.0
PA,1989,11865992,18526.0
PA,1990,11903299,19566.0
PA,1991,11982164,20267.0
PA,1992,12049450,21238.0
PA,1993,12119724,21911.0
PA,1994,12166050,22592.0
PA,1995,12198403,23556.0
PA,1996,12220464,24699.0
PA,1997,12227814,25935.0
PA,1998,12245672,27309.0
PA,1999,12263805,28416.0
PA,2000,12284173,30339.0
PA,2001,12298970,31563.0
PA,2002,12331031,32084.0
PA,2003,12374658,33066.0
PA,2004,12410722,34860.0
PA,2005,12449990,36173.0
PA,2006,12510809,37803.0
PA,2007,12563937,40008.0
PA,2008,12612285,41467.0
PA,2009,12666858,40446.0
PA,2010,12716596,42099.0
PA,2011,12773059,44120.0
PA,2012,12816003,45638.0
PA,2013,12847236,45904.0
PA,2014,12880907,47470.0
PA,2015,12899169,49294.0
PA,2016,12918673,50575.0
PA,2017,12945701,51887.0
PA,2018,12980946,54468.0
PA,2019,12991539,56142.0
PA,2020,12995576,60285.0
PA,2021,13016628,64033.0
PA,2022,12984655,65239.0
PA,2023,13009406,68474.0
PA,2024,13045848,71486.0
PA,2025,13059432,75370.0
RI,1929,684000,881.0
RI,1930,686000,795.0
RI,1931,681000,718.0
RI,1932,677000,584.0
RI,1933,675000,569.0
RI,1934,675000,609.0
RI,1935,678000,655.0
RI,1936,686000,721.0
RI,1937,694000,742.0
RI,1938,694000,683.0
RI,1939,701000,732.0
RI,1940,719000,767.0
RI,1941,744000,958.0
RI,1942,778000,1189.0
RI,1943,868000,1246.0
RI,1944,846000,1312.0
RI,1945,842000,1318.0
RI,1946,790000,1405.0
RI,1947,784000,1488.0
RI,1948,787000,1468.0
RI,1949,801000,1414.0
RI,1950,786000,1601.0
RI,1951,784000,1779.0
RI,1952,802000,1835.0
RI,1953,815000,1930.0
RI,1954,816000,1931.0
RI,1955,823000,2040.0
RI,1956,840000,2081.0
RI,1957,851000,2110.0
RI,1958,858000,2197.0
RI,1959,857000,2317.0
RI,1960,855000,2358.0
RI,1961,858000,2457.0
RI,1962,871000,2603.0
RI,1963,876000,2703.0
RI,1964,885000,2849.0
RI,1965,893000,3049.0
RI,1966,899000,3307.0
RI,1967,909000,3546.0
RI,1968,922000,3820.0
RI,1969,932000,4015.0
RI,1970,950561,4306.0
RI,1971,963974,4499.0
RI,1972,976365,4836.0
RI,1973,978010,5158.0
RI,1974,953503,5547.0
RI,1975,946339,6068.0
RI,1976,950321,6600.0
RI,1977,955128,7187.0
RI,1978,957237,7868.0
RI,1979,956643,8742.0
RI,1980,948773,9901.0
RI,1981,953012,10971.0
RI,1982,954170,11799.0
RI,1983,956382,12741.0
RI,1984,961895,13890.0
RI,1985,968956,14864.0
RI,1986,977340,15799.0
RI,1987,989605,16655.0
RI,1988,996407,18289.0
RI,1989,1000666,19816.0
RI,1990,1005995,20309.0
RI,1991,1010649,20431.0
RI,1992,1012581,21305.0
RI,1993,1015112,22149.0
RI,1994,1015960,22689.0
RI,1995,1017002,23873.0
RI,1996,1020893,24599.0
RI,1997,1025353,25898.0
RI,1998,1031155,27493.0
RI,1999,1040402,28432.0
RI,2000,1050268,30350.0
RI,2001,1057142,31795.0
RI,2002,1065995,32801.0
RI,2003,1071342,34256.0
RI,2004,1074579,35867.0
RI,2005,1067916,36746.0
RI,2006,1063096,38719.0
RI,2007,1057315,40608.0
RI,2008,1055003,41487.0
RI,2009,1053646,40554.0
RI,2010,1054975,42591.0
RI,2011,1058746,44056.0
RI,2012,1063756,45263.0
RI,2013,1068358,45071.0
RI,2014,1073245,46608.0
RI,2015,1077555,48037.0
RI,2016,1082431,48503.0
RI,2017,1085105,50400.0
RI,2018,1091824,52118.0
RI,2019,1094580,55110.0
RI,2020,1096487,59267.0
RI,2021,1097381,63115.0
RI,2022,1098275,64547.0
RI,2023,1101183,68463.0
RI,2024,1110415,72004.0
RI,2025,1114521,75233.0
SC,1929,1739000,267.0
SC,1930,1745000,239.0
SC,1931,1753000,203.0
SC,1932,1748000,156.0
SC,1933,1752000,172.0
SC,1934,1760000,207.0
SC,1935,1769000,228.0
SC,1936,1781000,256.0
SC,1937,1802000,271.0
SC,1938,1834000,248.0
SC,1939,1872000,275.0
SC,1940,1902000,314.0
SC,1941,1963000,415.0
SC,1942,2017000,580.0
SC,1943,1974000,675.0
SC,1944,1950000,753.0
SC,1945,1921000,772.0
SC,1946,1944000,791.0
SC,1947,1996000,803.0
SC,1948,1996000,926.0
SC,1949,2029000,885.0
SC,1950,2113000,943.0
SC,1951,2167000,1158.0
SC,1952,2178000,1238.0
SC,1953,2181000,1274.0
SC,1954,2176000,1210.0
SC,1955,2200000,1272.0
SC,1956,2229000,1306.0
SC,1957,2274000,1337.0
SC,1958,2304000,1368.0
SC,1959,2348000,1448.0
SC,1960,2392000,1493.0
SC,1961,2409000,1556.0
SC,1962,2423000,1658.0
SC,1963,2460000,1728.0
SC,1964,2475000,1845.0
SC,1965,2494000,2024.0
SC,1966,2520000,2251.0
SC,1967,2533000,2416.0
SC,1968,2559000,2656.0
SC,1969,2570000,2959.0
SC,1970,2598210,3225.0
SC,1971,2661836,3449.0
SC,1972,2718404,3792.0
SC,1973,2775442,4213.0
SC,1974,2843199,4655.0
SC,1975,2900158,4963.0
SC,1976,2941407,5472.0
SC,1977,2988979,5886.0
SC,1978,3041068,6537.0
SC,1979,3086885,7219.0
SC,1980,3134502,7967.0
SC,1981,3179255,8839.0
SC,1982,3207611,9315.0
SC,1983,3234068,10034.0
SC,1984,3271864,11048.0
SC,1985,3303211,11713.0
SC,1986,3342759,12371.0
SC,1987,3380507,13087.0
SC,1988,3412097,14128.0
SC,1989,3456777,15178.0
SC,1990,3501155,16106.0
SC,1991,3570404,16505.0
SC,1992,3620464,17306.0
SC,1993,3663314,17976.0
SC,1994,3705397,18848.0
SC,1995,3748582,19740.0
SC,1996,3796200,20719.0
SC,1997,3859696,21685.0
SC,1998,3919235,22900.0
SC,1999,3974682,23687.0
SC,2000,4024223,25025.0
SC,2001,4064995,25644.0
SC,2002,4107795,26122.0
SC,2003,4150297,26792.0
SC,2004,4210921,27892.0
SC,2005,4270150,29136.0
SC,2006,4357847,30789.0
SC,2007,4444110,32190.0
SC,2008,4528996,33110.0
SC,2009,4589872,31989.0
SC,2010,4633669,32773.0
SC,2011,4661744,34435.0
SC,2012,4699358,35833.0
SC,2013,4738067,35948.0
SC,2014,4789723,37777.0
SC,2015,4850136,39618.0
SC,2016,4908404,40769.0
SC,2017,4963742,42399.0
SC,2018,5019607,43831.0
SC,2019,5076874,46165.0
SC,2020,5131992,48779.0
SC,2021,5194346,53415.0
SC,2022,5288957,54558.0
SC,2023,5390798,57815.0
SC,2024,5490316,60724.0
SC,2025,5570274,63435.0
SD,1929,690000,415.0
SD,1930,693000,357.0
SD,1931,694000,242.0
SD,1932,692000,189.0
SD,1933,690000,136.0
SD,1934,682000,190.0
SD,1935,674000,305.0
SD,1936,666000,248.0
SD,1937,656000,321.0
SD,1938,649000,317.0
SD,1939,645000,341.0
SD,1940,641000,357.0
SD,1941,613000,470.0
SD,1942,597000,755.0
SD,1943,587000,853.0
SD,1944,562000,976.0
SD,1945,573000,1083.0
SD,1946,588000,1121.0
SD,1947,600000,1254.0
SD,1948,612000,1503.0
SD,1949,631000,1121.0
SD,1950,655000,1298.0
SD,1951,655000,1520.0
SD,1952,651000,1357.0
SD,1953,648000,1483.0
SD,1954,655000,1509.0
SD,1955,663000,1391.0
SD,1956,670000,1474.0
SD,1957,666000,1737.0
SD,1958,656000,1811.0
SD,1959,667000,1621.0
SD,1960,683000,1940.0
SD,1961,693000,1924.0
SD,1962,705000,2154.0
SD,1963,708000,2081.0
SD,1964,701000,2062.0
SD,1965,692000,2350.0
SD,1966,683000,2574.0
SD,1967,671000,2662.0
SD,1968,669000,2861.0
SD,1969,668000,3108.0
SD,1970,666641,3386.0
SD,1971,671382,3684.0
SD,1972,677389,4215.0
SD,1973,678939,5310.0
SD,1974,679877,5313.0
SD,1975,681420,5829.0
SD,1976,686843,5726.0
SD,1977,688992,6477.0
SD,1978,689293,7460.0
SD,1979,689018,8222.0
SD,1980,690851,8275.0
SD,1981,689584,9648.0
SD,1982,690597,10153.0
SD,1983,693009,10501.0
SD,1984,697250,11858.0
SD,1985,698404,12144.0
SD,1986,696036,12711.0
SD,1987,696034,13366.0
SD,1988,698160,13952.0
SD,1989,696698,15044.0
SD,1990,697101,16474.0
SD,1991,703669,17028.0
SD,1992,712801,18147.0
SD,1993,722159,18722.0
SD,1994,730790,19943.0
SD,1995,737925,20144.0
SD,1996,742213,22117.0
SD,1997,744223,22571.0
SD,1998,746058,24265.0
SD,1999,750412,25251.0
SD,2000,755844,26727.0
SD,2001,757972,27563.0
SD,2002,760020,27497.0
SD,2003,763729,29883.0
SD,2004,770396,31871.0
SD,2005,775493,33534.0
SD,2006,783033,34983.0
SD,2007,791623,38330.0
SD,2008,799124,40891.0
SD,2009,807067,39423.0
SD,2010,816068,41255.0
SD,2011,823113,44503.0
SD,2012,832730,44961.0
SD,2013,841120,44949.0
SD,2014,847538,46687.0
SD,2015,852029,48273.0
SD,2016,860557,48255.0
SD,2017,870094,49380.0
SD,2018,875247,51541.0
SD,2019,882486,54378.0
SD,2020,887808,59554.0
SD,2021,896303,67095.0
SD,2022,909156,69215.0
SD,2023,917739,72735.0
SD,2024,927110,74490.0
SD,2025,935094,78999.0
TN,1929,2604000,373.0
TN,1930,2619000,321.0
TN,1931,2657000,273.0
TN,1932,2711000,194.0
TN,1933,2747000,201.0
TN,1934,2784000,242.0
TN,1935,2798000,263.0
TN,1936,2791000,303.0
TN,1937,2795000,332.0
TN,1938,2821000,298.0
TN,1939,2874000,310.0
TN,1940,2935000,339.0
TN,1941,2976000,441.0
TN,1942,2953000,570.0
TN,1943,2939000,745.0
TN,1944,2877000,879.0
TN,1945,2875000,926.0
TN,1946,3077000,880.0
TN,1947,3168000,896.0
TN,1948,3216000,970.0
TN,1949,3236000,959.0
TN,1950,3315000,1040.0
TN,1951,3372000,1140.0
TN,1952,3352000,1200.0
TN,1953,3319000,1300.0
TN,1954,3359000,1300.0
TN,1955,3415000,1351.0
TN,1956,3415000,1448.0
TN,1957,3434000,1507.0
TN,1958,3471000,1553.0
TN,1959,3522000,1640.0
TN,1960,3575000,1659.0
TN,1961,3622000,1733.0
TN,1962,3673000,1815.0
TN,1963,3718000,1902.0
TN,1964,3771000,2016.0
TN,1965,3798000,2182.0
TN,1966,3822000,2387.0
TN,1967,3859000,2532.0
TN,1968,3878000,2809.0
TN,1969,3897000,3032.0
TN,1970,3936975,3264.0
TN,1971,4010238,3538.0
TN,1972,4088445,3906.0
TN,1973,4138417,4384.0
TN,1974,4201621,4778.0
TN,1975,4260829,5138.0
TN,1976,4329160,5664.0
TN,1977,4401939,6174.0
TN,1978,4461639,6943.0
TN,1979,4533297,7620.0
TN,1980,4600252,8280.0
TN,1981,4627662,9157.0
TN,1982,4646043,9693.0
TN,1983,4659757,10317.0
TN,1984,4686743,11403.0
TN,1985,4715292,12130.0
TN,1986,4738708,12916.0
TN,1987,4782939,13751.0
TN,1988,4822438,14850.0
TN,1989,4854432,15836.0
TN,1990,4894492,16710.0
TN,1991,4966587,17334.0
TN,1992,5049742,18619.0
TN,1993,5137584,19472.0
TN,1994,5231438,20345.0
TN,1995,5326936,21452.0
TN,1996,5416643,22274.0
TN,1997,5499233,23237.0
TN,1998,5570045,25091.0
TN,1999,5638706,25756.0
TN,2000,5703719,26998.0
TN,2001,5750789,27496.0
TN,2002,5795918,28102.0
TN,2003,5847812,29059.0
TN,2004,5910809,30435.0
TN,2005,5991057,31410.0
TN,2006,6088766,32878.0
TN,2007,6175727,33963.0
TN,2008,6247411,34954.0
TN,2009,6306019,34432.0
TN,2010,6356388,35818.0
TN,2011,6404657,37706.0
TN,2012,6463610,39089.0
TN,2013,6508290,39108.0
TN,2014,6559452,40235.0
TN,2015,6613679,41945.0
TN,2016,6673101,42944.0
TN,2017,6740060,44410.0
TN,2018,6806981,46452.0
TN,2019,6862615,48908.0
TN,2020,6927736,51977.0
TN,2021,6966687,57725.0
TN,2022,7063325,59044.0
TN,2023,7153029,62975.0
TN,2024,7251291,66188.0
TN,2025,7315076,69274.0
TX,1929,5762000,474.0
TX,1930,5844000,407.0
TX,1931,5907000,345.0
TX,1932,5961000,262.0
TX,1933,6014000,254.0
TX,1934,6053000,291.0
TX,1935,6123000,325.0
TX,1936,6192000,372.0
TX,1937,6250000,418.0
TX,1938,6301000,404.0
TX,1939,6360000,417.0
TX,1940,6425000,438.0
TX,1941,6599000,539.0
TX,1942,6770000,742.0
TX,1943,6944000,970.0
TX,1944,6861000,1068.0
TX,1945,6822000,1082.0
TX,1946,7199000,1061.0
TX,1947,7384000,1154.0
TX,1948,7626000,1221.0
TX,1949,7623000,1319.0
TX,1950,7776000,1392.0
TX,1951,8111000,1524.0
TX,1952,8314000,1606.0
TX,1953,8336000,1641.0
TX,1954,8382000,1681.0
TX,1955,8660000,1752.0
TX,1956,8830000,1837.0
TX,1957,9070000,1913.0
TX,1958,9252000,1934.0
TX,1959,9405000,2013.0
TX,1960,9624000,2020.0
TX,1961,9820000,2092.0
TX,1962,10053000,2147.0
TX,1963,10159000,2219.0
TX,1964,10270000,2354.0
TX,1965,10378000,2507.0
TX,1966,10492000,2713.0
TX,1967,10599000,2934.0
TX,1968,10819000,3203.0
TX,1969,11045000,3493.0
TX,1970,11236772,3782.0
TX,1971,11509640,4007.0
TX,1972,11758760,4352.0
TX,1973,12018970,4835.0
TX,1974,12267865,5342.0
TX,1975,12568182,5947.0
TX,1976,12903268,6528.0
TX,1977,13191790,7124.0
TX,1978,13497726,8023.0
TX,1979,13887312,8978.0
TX,1980,14338208,9986.0
TX,1981,14746318,11407.0
TX,1982,15331408,12095.0
TX,1983,15751674,12577.0
TX,1984,16007088,13533.0
TX,1985,16272722,14346.0
TX,1986,16561103,14422.0
TX,1987,16621767,14605.0
TX,1988,16667040,15480.0
TX,1989,16806729,16399.0
TX,1990,17056755,17451.0
TX,1991,17398005,17913.0
TX,1992,17759738,18941.0
TX,1993,18161612,19604.0
TX,1994,18564062,20266.0
TX,1995,18958751,21223.0
TX,1996,19340342,22362.0
TX,1997,19740317,23924.0
TX,1998,20157531,25543.0
TX,1999,20558220,26452.0
TX,2000,20944499,28253.0
TX,2001,21319622,29601.0
TX,2002,21690325,29481.0
TX,2003,22030931,30176.0
TX,2004,22394023,31097.0
TX,2005,22778123,33136.0
TX,2006,23359580,35422.0
TX,2007,23831983,36879.0
TX,2008,24309039,39841.0
TX,2009,24801761,37244.0
TX,2010,25238386,38925.0
TX,2011,25627909,41954.0
TX,2012,26052403,43880.0
TX,2013,26433846,44415.0
TX,2014,26903208,46758.0
TX,2015,27394564,46778.0
TX,2016,27825975,45880.0
TX,2017,28188852,48535.0
TX,2018,28508309,51359.0
TX,2019,28856455,53283.0
TX,2020,29237895,54838.0
TX,2021,29572672,60451.0
TX,2022,30118002,63783.0
TX,2023,30719247,67836.0
TX,2024,31318578,70185.0
TX,2025,31709821,73156.0
US,1929,121769000,699.0
US,1930,123075000,621.0
US,1931,124038000,528.0
US,1932,124839000,402.0
US,1933,125580000,375.0
US,1934,126372000,427.0
US,1935,127251000,477.0
US,1936,128054000,539.0
US,1937,128822000,579.0
US,1938,129825000,531.0
US,1939,130884000,561.0
US,1940,131955000,600.0
US,1941,133417000,730.0
US,1942,134670000,930.0
US,1943,134697000,1133.0
US,1944,134075000,1218.0
US,1945,133387000,1261.0
US,1946,140638000,1278.0
US,1947,143665000,1340.0
US,1948,146091000,1448.0
US,1949,148666000,1406.0
US,1950,151871000,1533.0
US,1951,153970000,1704.0
US,1952,156369000,1793.0
US,1953,158946000,1869.0
US,1954,161881000,1855.0
US,1955,165058000,1952.0
US,1956,168078000,2059.0
US,1957,171178000,2138.0
US,1958,174153000,2160.0
US,1959,177136000,2260.0
US,1960,179972000,2321.0
US,1961,182976000,2383.0
US,1962,185739000,2498.0
US,1963,188434000,2589.0
US,1964,191085000,2735.0
US,1965,193460000,2918.0
US,1966,195499000,3134.0
US,1967,197375000,3328.0
US,1968,199312000,3617.0
US,1969,201298000,3931.0
US,1970,203798722,4198.0
US,1971,206817509,4471.0
US,1972,209274882,4857.0
US,1973,211349205,5363.0
US,1974,213333635,5836.0
US,1975,215456585,6324.0
US,1976,217553859,6875.0
US,1977,219760875,7516.0
US,1978,222098244,8356.0
US,1979,224568579,9232.0
US,1980,227224719,10184.0
US,1981,229465744,11291.0
US,1982,231664432,11990.0
US,1983,233792014,12701.0
US,1984,235824907,13889.0
US,1985,237923734,14746.0
US,1986,240132831,15482.0
US,1987,242288936,16228.0
US,1988,244499004,17442.0
US,1989,246819222,18658.0
US,1990,249622814,19619.0
US,1991,252980941,20050.0
US,1992,256514224,21077.0
US,1993,259918588,21713.0
US,1994,263125821,22552.0
US,1995,266278393,23577.0
US,1996,269394284,24725.0
US,1997,272646925,25925.0
US,1998,275854104,27493.0
US,1999,279040168,28592.0
US,2000,282162411,30551.0
US,2001,284968955,31548.0
US,2002,287625193,31801.0
US,2003,290107933,32659.0
US,2004,292805298,34183.0
US,2005,295516599,35669.0
US,2006,298379912,37843.0
US,2007,301231207,39588.0
US,2008,304093966,40854.0
US,2009,306771529,39307.0
US,2010,309378227,40557.0
US,2011,311839461,42650.0
US,2012,314339099,44238.0
US,2013,316726282,44402.0
US,2014,319257560,46289.0
US,2015,321815121,48062.0
US,2016,324353340,48974.0
US,2017,326608609,51006.0
US,2018,328529577,53311.0
US,2019,330226227,55567.0
US,2020,331578104,59151.0
US,2021,332100166,64718.0
US,2022,333996304,66316.0
US,2023,336755052,70191.0
US,2024,340003797,73634.0
US,2025,341784857,77028.0
UT,1929,508000,548.0
UT,1930,509000,494.0
UT,1931,513000,372.0
UT,1932,517000,304.0
UT,1933,520000,297.0
UT,1934,522000,314.0
UT,1935,526000,391.0
UT,1936,527000,463.0
UT,1937,529000,447.0
UT,1938,535000,446.0
UT,1939,543000,460.0
UT,1940,552000,484.0
UT,1941,551000,600.0
UT,1942,582000,907.0
UT,1943,627000,1164.0
UT,1944,616000,1078.0
UT,1945,596000,1153.0
UT,1946,638000,1121.0
UT,1947,636000,1196.0
UT,1948,653000,1287.0
UT,1949,671000,1295.0
UT,1950,696000,1391.0
UT,1951,706000,1600.0
UT,1952,724000,1657.0
UT,1953,739000,1667.0
UT,1954,750000,1640.0
UT,1955,783000,1738.0
UT,1956,809000,1835.0
UT,1957,826000,1950.0
UT,1958,845000,1973.0
UT,1959,870000,2054.0
UT,1960,900000,2122.0
UT,1961,936000,2187.0
UT,1962,958000,2326.0
UT,1963,974000,2377.0
UT,1964,978000,2492.0
UT,1965,994000,2599.0
UT,1966,1009000,2727.0
UT,1967,1019000,2849.0
UT,1968,1029000,3024.0
UT,1969,1047000,3254.0
UT,1970,1065672,3558.0
UT,1971,1100733,3855.0
UT,1972,1134601,4179.0
UT,1973,1168784,4520.0
UT,1974,1198793,4930.0
UT,1975,1233935,5341.0
UT,1976,1272365,5866.0
UT,1977,1316421,6412.0
UT,1978,1364235,7119.0
UT,1979,1416094,7747.0
UT,1980,1472595,8365.0
UT,1981,1515472,9158.0
UT,1982,1558314,9663.0
UT,1983,1594943,10117.0
UT,1984,1622342,10972.0
UT,1985,1642910,11601.0
UT,1986,1662833,12046.0
UT,1987,1678120,12471.0
UT,1988,1689372,13206.0
UT,1989,1705865,14035.0
UT,1990,1731223,15004.0
UT,1991,1779780,15663.0
UT,1992,1836799,16390.0
UT,1993,1898404,17102.0
UT,1994,1960446,17920.0
UT,1995,2014177,19003.0
UT,1996,2067976,20156.0
UT,1997,2119784,21229.0
UT,1998,2165960,22207.0
UT,1999,2203482,22995.0
UT,2000,2244502,24162.0
UT,2001,2283715,24867.0
UT,2002,2324815,25167.0
UT,2003,2360137,25749.0
UT,2004,2401580,26980.0
UT,2005,2457719,28751.0
UT,2006,2525507,31107.0
UT,2007,2597746,32924.0
UT,2008,2663029,33784.0
UT,2009,2723421,31779.0
UT,2010,2776212,32007.0
UT,2011,2818798,33976.0
UT,2012,2861360,35581.0
UT,2013,2909190,36058.0
UT,2014,2951948,37578.0
UT,2015,3000449,39833.0
UT,2016,3064277,41242.0
UT,2017,3126779,42976.0
UT,2018,3181595,45403.0
UT,2019,3233028,48077.0
UT,2020,3283970,51679.0
UT,2021,3339874,58272.0
UT,2022,3393928,60636.0
UT,2023,3449259,63838.0
UT,2024,3502983,67447.0
UT,2025,3538904,70323.0
VA,1929,2425000,435.0
VA,1930,2427000,387.0
VA,1931,2445000,371.0
VA,1932,2452000,286.0
VA,1933,2460000,286.0
VA,1934,2485000,323.0
VA,1935,2520000,354.0
VA,1936,2552000,394.0
VA,1937,2590000,426.0
VA,1938,2638000,394.0
VA,1939,2670000,431.0
VA,1940,2720000,480.0
VA,1941,2975000,614.0
VA,1942,3311000,847.0
VA,1943,3510000,887.0
VA,1944,3642000,938.0
VA,1945,3566000,987.0
VA,1946,3371000,1050.0
VA,1947,3273000,1052.0
VA,1948,3207000,1202.0
VA,1949,3292000,1185.0
VA,1950,3315000,1327.0
VA,1951,3434000,1512.0
VA,1952,3504000,1615.0
VA,1953,3557000,1647.0
VA,1954,3555000,1677.0
VA,1955,3588000,1754.0
VA,1956,3722000,1829.0
VA,1957,3844000,1868.0
VA,1958,3914000,1895.0
VA,1959,3951000,2006.0
VA,1960,3986000,2050.0
VA,1961,4095000,2126.0
VA,1962,4180000,2248.0
VA,1963,4276000,2364.0
VA,1964,4357000,2559.0
VA,1965,4411000,2729.0
VA,1966,4456000,2923.0
VA,1967,4508000,3161.0
VA,1968,4558000,3459.0
VA,1969,4614000,3868.0
VA,1970,4659930,4157.0
VA,1971,4752846,4505.0
VA,1972,4828131,4922.0
VA,1973,4906648,5424.0
VA,1974,4978155,5924.0
VA,1975,5056385,6404.0
VA,1976,5132693,6969.0
VA,1977,5205706,7613.0
VA,1978,5284122,8514.0
VA,1979,5324533,9425.0
VA,1980,5368334,10571.0
VA,1981,5444094,11692.0
VA,1982,5492785,12526.0
VA,1983,5564662,13344.0
VA,1984,5643868,14626.0
VA,1985,5715149,15620.0
VA,1986,5811692,16572.0
VA,1987,5932273,17487.0
VA,1988,6036908,18860.0
VA,1989,6120246,20122.0
VA,1990,6216884,20840.0
VA,1991,6301217,21452.0
VA,1992,6414307,22390.0
VA,1993,6509630,23180.0
VA,1994,6593139,24085.0
VA,1995,6670693,25011.0
VA,1996,6750884,25935.0
VA,1997,6829183,27328.0
VA,1998,6900918,28965.0
VA,1999,7000174,30574.0
VA,2000,7105817,32631.0
VA,2001,7198362,33940.0
VA,2002,7286873,34495.0
VA,2003,7366977,36151.0
VA,2004,7475575,38082.0
VA,2005,7577105,40027.0
VA,2006,7673725,42164.0
VA,2007,7751000,44020.0
VA,2008,7833496,45383.0
VA,2009,7925937,44092.0
VA,2010,8025105,45442.0
VA,2011,8107953,47561.0
VA,2012,8197400,49047.0
VA,2013,8270221,48193.0
VA,2014,8334206,49755.0
VA,2015,8390494,51611.0
VA,2016,8445270,52650.0
VA,2017,8503046,54371.0
VA,2018,8547370,56124.0
VA,2019,8597508,58356.0
VA,2020,8637303,61446.0
VA,2021,8660007,67220.0
VA,2022,8681038,69571.0
VA,2023,8732034,74000.0
VA,2024,8819642,77492.0
VA,2025,8880107,80903.0
VT,1929,359000,630.0
VT,1930,360000,572.0
VT,1931,359000,471.0
VT,1932,358000,363.0
VT,1933,357000,337.0
VT,1934,357000,381.0
VT,1935,357000,415.0
VT,1936,357000,470.0
VT,1937,356000,485.0
VT,1938,356000,458.0
VT,1939,358000,492.0
VT,1940,363000,519.0
VT,1941,348000,650.0
VT,1942,345000,783.0
VT,1943,325000,947.0
VT,1944,315000,963.0
VT,1945,315000,1047.0
VT,1946,342000,1096.0
VT,1947,354000,1132.0
VT,1948,359000,1220.0
VT,1949,369000,1147.0
VT,1950,379000,1189.0
VT,1951,378000,1364.0
VT,1952,375000,1410.0
VT,1953,379000,1463.0
VT,1954,377000,1491.0
VT,1955,375000,1560.0
VT,1956,377000,1697.0
VT,1957,376000,1764.0
VT,1958,380000,1780.0
VT,1959,387000,1879.0
VT,1960,389000,1975.0
VT,1961,390000,2053.0
VT,1962,393000,2139.0
VT,1963,397000,2195.0
VT,1964,399000,2340.0
VT,1965,404000,2530.0
VT,1966,413000,2808.0
VT,1967,423000,2969.0
VT,1968,430000,3215.0
VT,1969,437000,3468.0
VT,1970,446323,3728.0
VT,1971,454357,3967.0
VT,1972,463214,4294.0
VT,1973,468533,4661.0
VT,1974,473138,4996.0
VT,1975,479894,5401.0
VT,1976,485144,5928.0
VT,1977,492174,6339.0
VT,1978,498284,7171.0
VT,1979,505711,7939.0
VT,1980,512524,8793.0
VT,1981,515594,9817.0
VT,1982,519108,10578.0
VT,1983,523302,11286.0
VT,1984,526658,12305.0
VT,1985,530035,13265.0
VT,1986,534066,14165.0
VT,1987,540267,15128.0
VT,1988,549763,16307.0
VT,1989,557708,17757.0
VT,1990,564798,18226.0
VT,1991,568606,18479.0
VT,1992,572751,19602.0
VT,1993,577748,20184.0
VT,1994,583836,20936.0
VT,1995,589002,21837.0
VT,1996,593701,22816.0
VT,1997,597239,24042.0
VT,1998,600416,25747.0
VT,1999,604683,27000.0
VT,2000,609618,29002.0
VT,2001,612223,30704.0
VT,2002,615442,31194.0
VT,2003,617858,32282.0
VT,2004,619920,33955.0
VT,2005,621215,34573.0
VT,2006,622892,36609.0
VT,2007,623481,38595.0
VT,2008,624151,40774.0
VT,2009,624817,40355.0
VT,2010,626366,41488.0
VT,2011,629600,43751.0
VT,2012,630693,44854.0
VT,2013,632859,45291.0
VT,2014,633872,46889.0
VT,2015,635912,48110.0
VT,2016,636397,48819.0
VT,2017,639087,50000.0
VT,2018,640680,51680.0
VT,2019,641847,54269.0
VT,2020,642965,58151.0
VT,2021,647238,61130.0
VT,2022,647614,63816.0
VT,2023,647722,68374.0
VT,2024,646521,72292.0
VT,2025,644663,75723.0
WA,1929,1555000,740.0
WA,1930,1568000,657.0
WA,1931,1581000,534.0
WA,1932,1584000,402.0
WA,1933,1592000,376.0
WA,1934,1610000,442.0
WA,1935,1629000,491.0
WA,1936,1653000,570.0
WA,1937,1681000,601.0
WA,1938,1698000,583.0
WA,1939,1715000,618.0
WA,1940,1740000,667.0
WA,1941,1793000,885.0
WA,1942,1904000,1233.0
WA,1943,2022000,1507.0
WA,1944,2138000,1557.0
WA,1945,2238000,1452.0
WA,1946,2300000,1432.0
WA,1947,2225000,1531.0
WA,1948,2255000,1678.0
WA,1949,2294000,1656.0
WA,1950,2387000,1797.0
WA,1951,2424000,1955.0
WA,1952,2448000,2063.0
WA,1953,2466000,2168.0
WA,1954,2516000,2183.0
WA,1955,2604000,2222.0
WA,1956,2668000,2277.0
WA,1957,2724000,2371.0
WA,1958,2773000,2376.0
WA,1959,2821000,2480.0
WA,1960,2855000,2539.0
WA,1961,2882000,2640.0
WA,1962,2942000,2788.0
WA,1963,2955000,2841.0
WA,1964,2961000,2968.0
WA,1965,2967000,3190.0
WA,1966,3057000,3498.0
WA,1967,3174000,3689.0
WA,1968,3270000,3986.0
WA,1969,3343000,4258.0
WA,1970,3417362,4400.0
WA,1971,3446958,4595.0
WA,1972,3446815,4955.0
WA,1973,3477227,5532.0
WA,1974,3547877,6152.0
WA,1975,3618824,6831.0
WA,1976,3690561,7424.0
WA,1977,3772360,8062.0
WA,1978,3886191,9101.0
WA,1979,4012831,10156.0
WA,1980,4154678,11133.0
WA,1981,4235728,12127.0
WA,1982,4276551,12761.0
WA,1983,4300269,13555.0
WA,1984,4343657,14356.0
WA,1985,4400096,15076.0
WA,1986,4452724,15908.0
WA,1987,4531903,16493.0
WA,1988,4639894,17598.0
WA,1989,4746315,19007.0
WA,1990,4903043,20219.0
WA,1991,5025624,21149.0
WA,1992,5160757,22220.0
WA,1993,5278842,22836.0
WA,1994,5375161,23570.0
WA,1995,5481027,24436.0
WA,1996,5569753,25841.0
WA,1997,5674747,27245.0
WA,1998,5769562,29355.0
WA,1999,5842564,30786.0
WA,2000,5910512,32538.0
WA,2001,5985722,32986.0
WA,2002,6052349,33222.0
WA,2003,6104115,34267.0
WA,2004,6178645,36309.0
WA,2005,6257305,37202.0
WA,2006,6370753,39744.0
WA,2007,6461587,42524.0
WA,2008,6562231,44098.0
WA,2009,6667426,41685.0
WA,2010,6743680,42337.0
WA,2011,6830840,44291.0
WA,2012,6904658,47064.0
WA,2013,6975001,47460.0
WA,2014,7068971,50275.0
WA,2015,7181417,52423.0
WA,2016,7316788,54310.0
WA,2017,7447469,56814.0
WA,2018,7549002,59838.0
WA,2019,7638923,63445.0
WA,2020,7726812,67684.0
WA,2021,7744316,73985.0
WA,2022,7786828,76124.0
WA,2023,7838655,81234.0
WA,2024,7927958,85192.0
WA,2025,8001020,88944.0
WI,1929,2934000,670.0
WI,1930,2950000,585.0
WI,1931,2990000,469.0
WI,1932,3021000,362.0
WI,1933,3040000,334.0
WI,1934,3054000,380.0
WI,1935,3070000,461.0
WI,1936,3082000,518.0
WI,1937,3088000,551.0
WI,1938,3098000,508.0
WI,1939,3121000,515.0
WI,1940,3143000,548.0
WI,1941,3140000,673.0
WI,1942,3066000,872.0
WI,1943,3007000,1065.0
WI,1944,2971000,1116.0
WI,1945,2961000,1191.0
WI,1946,3168000,1214.0
WI,1947,3250000,1298.0
WI,1948,3314000,1436.0
WI,1949,3391000,1391.0
WI,1950,3438000,1515.0
WI,1951,3439000,1750.0
WI,1952,3469000,1814.0
WI,1953,3506000,1850.0
WI,1954,3608000,1786.0
WI,1955,3679000,1891.0
WI,1956,3742000,2007.0
WI,1957,3791000,2078.0
WI,1958,3843000,2089.0
WI,1959,3891000,2237.0
WI,1960,3962000,2270.0
WI,1961,4009000,2315.0
WI,1962,4049000,2423.0
WI,1963,4112000,2465.0
WI,1964,4165000,2619.0
WI,1965,4232000,2788.0
WI,1966,4274000,3016.0
WI,1967,4303000,3161.0
WI,1968,4345000,3428.0
WI,1969,4378000,3752.0
WI,1970,4425944,3988.0
WI,1971,4459968,4251.0
WI,1972,4498433,4609.0
WI,1973,4518461,5125.0
WI,1974,4538173,5605.0
WI,1975,4569616,6099.0
WI,1976,4584688,6676.0
WI,1977,4613299,7416.0
WI,1978,4631944,8249.0
WI,1979,4665911,9172.0
WI,1980,4712045,10038.0
WI,1981,4726345,10915.0
WI,1982,4728862,11509.0
WI,1983,4721438,12118.0
WI,1984,4735571,13270.0
WI,1985,4747765,13953.0
WI,1986,4755625,14694.0
WI,1987,4777923,15385.0
WI,1988,4822391,16255.0
WI,1989,4856568,17594.0
WI,1990,4904562,18435.0
WI,1991,4964343,18953.0
WI,1992,5025398,20166.0
WI,1993,5084889,20967.0
WI,1994,5133678,22063.0
WI,1995,5184836,22981.0
WI,1996,5229986,24080.0
WI,1997,5266213,25409.0
WI,1998,5297672,27018.0
WI,1999,5332666,27892.0
WI,2000,5373999,29493.0
WI,2001,5406835,30812.0
WI,2002,5445162,31406.0
WI,2003,5479203,32084.0
WI,2004,5514026,33319.0
WI,2005,5546166,34218.0
WI,2006,5577655,36047.0
WI,2007,5610775,37522.0
WI,2008,5640996,38857.0
WI,2009,5669264,38149.0
WI,2010,5692038,39065.0
WI,2011,5713359,41083.0
WI,2012,5734379,42651.0
WI,2013,5757584,42695.0
WI,2014,5778789,44164.0
WI,2015,5794536,45933.0
WI,2016,5812814,46598.0
WI,2017,5836809,48311.0
WI,2018,5859000,50519.0
WI,2019,5880280,52369.0
WI,2020,5897371,55496.0
WI,2021,5882128,60714.0
WI,2022,5903472,61832.0
WI,2023,5930350,64945.0
WI,2024,5957168,68240.0
WI,2025,5972787,71219.0
WV,1929,1717000,459.0
WV,1930,1733000,407.0
WV,1931,1740000,354.0
WV,1932,1747000,257.0
WV,1933,1752000,259.0
WV,1934,1771000,313.0
WV,1935,1794000,338.0
WV,1936,1808000,391.0
WV,1937,1813000,419.0
WV,1938,1828000,371.0
WV,1939,1868000,390.0
WV,1940,1907000,409.0
WV,1941,1885000,500.0
WV,1942,1832000,617.0
WV,1943,1741000,748.0
WV,1944,1708000,829.0
WV,1945,1707000,900.0
WV,1946,1828000,931.0
WV,1947,1882000,1036.0
WV,1948,1899000,1105.0
WV,1949,1930000,1016.0
WV,1950,2006000,1051.0
WV,1951,1984000,1179.0
WV,1952,1957000,1244.0
WV,1953,1929000,1273.0
WV,1954,1905000,1223.0
WV,1955,1880000,1318.0
WV,1956,1857000,1478.0
WV,1957,1843000,1597.0
WV,1958,1845000,1587.0
WV,1959,1855000,1633.0
WV,1960,1853000,1660.0
WV,1961,1828000,1705.0
WV,1962,1809000,1800.0
WV,1963,1796000,1893.0
WV,1964,1797000,2019.0
WV,1965,1786000,2171.0
WV,1966,1775000,2318.0
WV,1967,1769000,2465.0
WV,1968,1763000,2622.0
WV,1969,1746000,2832.0
WV,1970,1746629,3156.0
WV,1971,1770252,3418.0
WV,1972,1796910,3729.0
WV,1973,1805293,4062.0
WV,1974,1814048,4481.0
WV,1975,1840548,4991.0
WV,1976,1877440,5455.0
WV,1977,1905628,6012.0
WV,1978,1920342,6641.0
WV,1979,1939062,7335.0
WV,1980,1951349,8014.0
WV,1981,1954125,8723.0
WV,1982,1949605,9263.0
WV,1983,1945058,9539.0
WV,1984,1927696,10335.0
WV,1985,1906831,10885.0
WV,1986,1882352,11291.0
WV,1987,1857583,11690.0
WV,1988,1830213,12688.0
WV,1989,1806570,13606.0
WV,1990,1792548,14607.0
WV,1991,1798735,15195.0
WV,1992,1806451,16269.0
WV,1993,1817539,16767.0
WV,1994,1820421,17463.0
WV,1995,1823700,18016.0
WV,1996,1822808,18736.0
WV,1997,1819113,19585.0
WV,1998,1815609,20451.0
WV,1999,1811799,21017.0
WV,2000,1807021,22275.0
WV,2001,1801481,23731.0
WV,2002,1805414,24506.0
WV,2003,1812295,24804.0
WV,2004,1816438,25628.0
WV,2005,1820492,26836.0
WV,2006,1827912,28528.0
WV,2007,1834052,29544.0
WV,2008,1840310,31494.0
WV,2009,1847775,31638.0
WV,2010,1854404,32619.0
WV,2011,1857305,34457.0
WV,2012,1858706,35191.0
WV,2013,1856588,35051.0
WV,2014,1852948,36201.0
WV,2015,1846270,37031.0
WV,2016,1835935,37040.0
WV,2017,1822742,38807.0
WV,2018,1810572,40964.0
WV,2019,1800441,42581.0
WV,2020,1791670,44864.0
WV,2021,1785921,48875.0
WV,2022,1774003,50112.0
WV,2023,1770036,52526.0
WV,2024,1767402,54970.0
WV,2025,1766147,58217.0
WY,1929,223000,672.0
WY,1930,226000,582.0
WY,1931,229000,477.0
WY,1932,230000,375.0
WY,1933,230000,372.0
WY,1934,233000,414.0
WY,1935,237000,498.0
WY,1936,240000,552.0
WY,1937,243000,606.0
WY,1938,246000,560.0
WY,1939,248000,586.0
WY,1940,250000,602.0
WY,1941,249000,793.0
WY,1942,249000,974.0
WY,1943,246000,1171.0
WY,1944,240000,1243.0
WY,1945,240000,1274.0
WY,1946,253000,1365.0
WY,1947,256000,1511.0
WY,1948,269000,1635.0
WY,1949,277000,1702.0
WY,1950,290000,1792.0
WY,1951,291000,2023.0
WY,1952,293000,1986.0
WY,1953,290000,2005.0
WY,1954,293000,1935.0
WY,1955,307000,2006.0
WY,1956,312000,2115.0
WY,1957,314000,2234.0
WY,1958,315000,2257.0
WY,1959,320000,2352.0
WY,1960,331000,2382.0
WY,1961,337000,2461.0
WY,1962,333000,2580.0
WY,1963,336000,2616.0
WY,1964,339000,2673.0
WY,1965,332000,2818.0
WY,1966,323000,2967.0
WY,1967,322000,3184.0
WY,1968,324000,3375.0
WY,1969,329000,3704.0
WY,1970,333795,4038.0
WY,1971,340023,4404.0
WY,1972,346863,4856.0
WY,1973,353353,5571.0
WY,1974,364548,6317.0
WY,1975,380477,6853.0
WY,1976,395446,7309.0
WY,1977,411530,8203.0
WY,1978,430897,9361.0
WY,1979,451850,10436.0
WY,1980,474185,11614.0
WY,1981,491712,12801.0
WY,1982,506400,13056.0
WY,1983,510344,12872.0
WY,1984,504895,13564.0
WY,1985,499696,14321.0
WY,1986,495633,14376.0
WY,1987,476966,14327.0
WY,1988,465103,15037.0
WY,1989,458373,16650.0
WY,1990,453690,18142.0
WY,1991,459260,18836.0
WY,1992,466251,19565.0
WY,1993,473081,20392.0
WY,1994,480283,21000.0
WY,1995,485160,21773.0
WY,1996,488167,22622.0
WY,1997,489451,24241.0
WY,1998,490787,25704.0
WY,1999,491780,27404.0
WY,2000,494300,29426.0
WY,2001,494657,31215.0
WY,2002,500017,31810.0
WY,2003,503453,33642.0
WY,2004,509106,35921.0
WY,2005,514157,38907.0
WY,2006,522667,43805.0
WY,2007,534876,45634.0
WY,2008,546043,49451.0
WY,2009,559851,44488.0
WY,2010,564402,46378.0
WY,2011,566844,50610.0
WY,2012,575491,53581.0
WY,2013,580937,52824.0
WY,2014,580959,56247.0
WY,2015,583671,56122.0
WY,2016,582007,53424.0
WY,2017,576240,56383.0
WY,2018,574783,59204.0
WY,2019,575327,61865.0
WY,2020,577669,65107.0
WY,2021,579662,71512.0
WY,2022,581742,77800.0
WY,2023,584666,83470.0
WY,2024,586722,88089.0
WY,2025,588753,91109.0
