disease,st,year,weekly_sum,weeks,cum_last,cum_week,cum_max
diphtheria,AK,1950,1,1,,,
diphtheria,AK,1954,1,1,,,
diphtheria,AK,1956,36,3,36,51,36
diphtheria,AK,1957,5,1,5,52,5
diphtheria,AK,1959,5,3,5,52,5
diphtheria,AK,1960,2,2,2,52,2
diphtheria,AK,1961,3,3,4,52,4
diphtheria,AK,1962,5,3,5,52,5
diphtheria,AK,1972,2,1,2,52,2
diphtheria,AK,1973,2,2,2,52,2
diphtheria,AK,1974,4,4,4,52,4
diphtheria,AK,1975,18,7,18,52,18
diphtheria,AK,1976,7,7,6,52,6
diphtheria,AK,1977,2,2,2,52,2
diphtheria,AK,1978,3,1,3,52,4
diphtheria,AK,1981,1,1,1,42,1
diphtheria,AL,1927,371,5,,,
diphtheria,AL,1928,2179,52,,,
diphtheria,AL,1929,1791,52,,,
diphtheria,AL,1930,1564,52,,,
diphtheria,AL,1931,2162,52,,,
diphtheria,AL,1932,1846,52,,,
diphtheria,AL,1933,1576,52,,,
diphtheria,AL,1934,1580,52,,,
diphtheria,AL,1935,1166,52,,,
diphtheria,AL,1936,1121,53,,,
diphtheria,AL,1937,923,49,,,
diphtheria,AL,1938,835,28,,,
diphtheria,AL,1939,938,52,,,
diphtheria,AL,1940,553,52,,,
diphtheria,AL,1941,734,52,,,
diphtheria,AL,1942,620,52,,,
diphtheria,AL,1943,587,53,,,
diphtheria,AL,1944,701,52,,,
diphtheria,AL,1945,702,52,,,
diphtheria,AL,1946,366,50,,,
diphtheria,AL,1947,353,51,,,
diphtheria,AL,1948,615,49,,,
diphtheria,AL,1949,346,51,,,
diphtheria,AL,1950,322,51,,,
diphtheria,AL,1951,289,47,,,
diphtheria,AL,1952,350,49,,,
diphtheria,AL,1953,215,44,,,
diphtheria,AL,1954,205,45,,,
diphtheria,AL,1955,303,39,,,
diphtheria,AL,1956,119,33,301,52,301
diphtheria,AL,1957,71,24,71,52,75
diphtheria,AL,1958,53,23,53,52,53
diphtheria,AL,1959,59,21,60,52,60
diphtheria,AL,1960,38,21,39,52,39
diphtheria,AL,1961,26,12,27,52,27
diphtheria,AL,1962,20,10,20,52,20
diphtheria,AL,1963,15,12,16,52,16
diphtheria,AL,1964,25,13,25,52,25
diphtheria,AL,1965,28,17,28,52,28
diphtheria,AL,1966,8,8,,,
diphtheria,AL,1967,21,10,,,
diphtheria,AL,1968,14,8,,,
diphtheria,AL,1969,11,5,,,
diphtheria,AL,1970,18,8,,,
diphtheria,AL,1971,17,7,,,
diphtheria,AL,1972,4,4,7,52,7
diphtheria,AL,1973,6,3,6,52,6
diphtheria,AR,1927,132,5,,,
diphtheria,AR,1928,542,50,,,
diphtheria,AR,1929,458,51,,,
diphtheria,AR,1930,372,50,,,
diphtheria,AR,1931,947,49,,,
diphtheria,AR,1932,737,48,,,
diphtheria,AR,1933,668,51,,,
diphtheria,AR,1934,455,49,,,
diphtheria,AR,1935,556,51,,,
diphtheria,AR,1936,377,52,,,
diphtheria,AR,1937,521,48,,,
diphtheria,AR,1938,479,28,,,
diphtheria,AR,1939,589,52,,,
diphtheria,AR,1940,397,52,,,
diphtheria,AR,1941,524,52,,,
diphtheria,AR,1942,458,52,,,
diphtheria,AR,1943,288,53,,,
diphtheria,AR,1944,311,52,,,
diphtheria,AR,1945,491,52,,,
diphtheria,AR,1946,340,50,,,
diphtheria,AR,1947,252,51,,,
diphtheria,AR,1948,147,49,,,
diphtheria,AR,1949,192,49,,,
diphtheria,AR,1950,154,42,,,
diphtheria,AR,1951,93,35,,,
diphtheria,AR,1952,52,31,,,
diphtheria,AR,1953,24,15,,,
diphtheria,AR,1954,35,20,,,
diphtheria,AR,1955,11,8,,,
diphtheria,AR,1956,26,15,11,52,22
diphtheria,AR,1957,47,20,46,52,46
diphtheria,AR,1958,46,20,46,52,46
diphtheria,AR,1959,42,15,42,52,42
diphtheria,AR,1960,45,9,16,52,284
diphtheria,AR,1961,4,4,4,52,4
diphtheria,AR,1962,20,9,20,52,20
diphtheria,AR,1963,5,5,4,52,4
diphtheria,AR,1964,3,2,3,52,3
diphtheria,AR,1965,2,2,2,52,2
diphtheria,AR,1966,2,2,,,
diphtheria,AR,1967,3,1,,,
diphtheria,AR,1968,2,1,,,
diphtheria,AR,1969,2,2,,,
diphtheria,AR,1970,2,2,,,
diphtheria,AR,1978,1,1,1,52,1
diphtheria,AZ,1927,76,5,,,
diphtheria,AZ,1928,288,43,,,
diphtheria,AZ,1929,342,44,,,
diphtheria,AZ,1930,256,45,,,
diphtheria,AZ,1931,257,45,,,
diphtheria,AZ,1932,135,39,,,
diphtheria,AZ,1933,136,38,,,
diphtheria,AZ,1934,96,38,,,
diphtheria,AZ,1935,110,42,,,
diphtheria,AZ,1936,168,45,,,
diphtheria,AZ,1937,169,38,,,
diphtheria,AZ,1938,110,28,,,
diphtheria,AZ,1939,164,52,,,
diphtheria,AZ,1940,121,52,,,
diphtheria,AZ,1941,116,52,,,
diphtheria,AZ,1942,79,52,,,
diphtheria,AZ,1943,99,53,,,
diphtheria,AZ,1944,97,52,,,
diphtheria,AZ,1945,123,52,,,
diphtheria,AZ,1946,207,50,,,
diphtheria,AZ,1947,121,50,,,
diphtheria,AZ,1948,161,44,,,
diphtheria,AZ,1949,115,37,,,
diphtheria,AZ,1950,56,26,,,
diphtheria,AZ,1951,49,23,,,
diphtheria,AZ,1952,23,14,,,
diphtheria,AZ,1953,3,3,,,
diphtheria,AZ,1954,14,12,,,
diphtheria,AZ,1955,8,8,,,
diphtheria,AZ,1956,5,2,8,52,8
diphtheria,AZ,1957,4,3,4,52,4
diphtheria,AZ,1958,6,5,4,52,6
diphtheria,AZ,1959,2,2,2,52,2
diphtheria,AZ,1960,7,4,3,52,5
diphtheria,AZ,1961,5,1,5,31,5
diphtheria,AZ,1964,2,2,1,52,2
diphtheria,AZ,1968,1,1,,,
diphtheria,AZ,1969,19,11,,,
diphtheria,AZ,1970,36,13,,,
diphtheria,AZ,1971,18,9,,,
diphtheria,AZ,1972,1,1,2,52,2
diphtheria,AZ,1973,4,3,24,52,24
diphtheria,AZ,1974,25,11,26,52,26
diphtheria,AZ,1975,17,7,15,52,15
diphtheria,AZ,1976,1,1,1,52,1
diphtheria,AZ,1977,1,1,1,52,1
diphtheria,AZ,1978,1,1,1,52,1
diphtheria,AZ,1979,2,2,2,51,2
diphtheria,CA,1927,599,5,,,
diphtheria,CA,1928,4454,52,,,
diphtheria,CA,1929,2752,52,,,
diphtheria,CA,1930,2744,52,,,
diphtheria,CA,1931,3251,52,,,
diphtheria,CA,1932,2971,52,,,
diphtheria,CA,1933,2003,52,,,
diphtheria,CA,1934,1790,52,,,
diphtheria,CA,1935,1899,52,,,
diphtheria,CA,1936,1809,53,,,
diphtheria,CA,1937,1342,50,,,
diphtheria,CA,1938,786,28,,,
diphtheria,CA,1939,1208,52,,,
diphtheria,CA,1940,810,52,,,
diphtheria,CA,1941,667,52,,,
diphtheria,CA,1942,762,52,,,
diphtheria,CA,1943,1096,53,,,
diphtheria,CA,1944,1203,52,,,
diphtheria,CA,1945,1313,52,,,
diphtheria,CA,1946,1050,50,,,
diphtheria,CA,1947,712,51,,,
diphtheria,CA,1948,408,51,,,
diphtheria,CA,1949,393,52,,,
diphtheria,CA,1950,231,48,,,
diphtheria,CA,1951,147,47,,,
diphtheria,CA,1952,120,44,,,
diphtheria,CA,1953,50,29,,,
diphtheria,CA,1954,42,22,,,
diphtheria,CA,1955,45,15,,,
diphtheria,CA,1956,32,20,45,52,56
diphtheria,CA,1957,9,8,9,52,9
diphtheria,CA,1958,4,3,5,52,5
diphtheria,CA,1959,5,3,6,52,6
diphtheria,CA,1960,1,1,1,52,1
diphtheria,CA,1961,2,2,2,52,2
diphtheria,CA,1962,6,4,6,52,6
diphtheria,CA,1963,4,4,4,52,4
diphtheria,CA,1964,15,3,15,52,15
diphtheria,CA,1965,5,4,5,52,5
diphtheria,CA,1966,4,4,,,
diphtheria,CA,1967,6,3,,,
diphtheria,CA,1968,3,3,,,
diphtheria,CA,1969,15,8,,,
diphtheria,CA,1970,7,7,,,
diphtheria,CA,1971,14,7,,,
diphtheria,CA,1972,1,1,1,52,1
diphtheria,CA,1973,6,6,6,52,6
diphtheria,CA,1974,7,4,7,52,7
diphtheria,CA,1975,6,5,6,52,6
diphtheria,CA,1976,1,1,1,52,1
diphtheria,CA,1977,4,4,4,52,4
diphtheria,CA,1978,2,2,2,52,2
diphtheria,CA,1979,1,1,4,51,4
diphtheria,CO,1927,103,5,,,
diphtheria,CO,1928,632,49,,,
diphtheria,CO,1929,426,51,,,
diphtheria,CO,1930,428,52,,,
diphtheria,CO,1931,341,52,,,
diphtheria,CO,1932,385,51,,,
diphtheria,CO,1933,219,50,,,
diphtheria,CO,1934,343,52,,,
diphtheria,CO,1935,418,51,,,
diphtheria,CO,1936,266,52,,,
diphtheria,CO,1937,279,49,,,
diphtheria,CO,1938,348,28,,,
diphtheria,CO,1939,535,52,,,
diphtheria,CO,1940,384,52,,,
diphtheria,CO,1941,477,52,,,
diphtheria,CO,1942,384,52,,,
diphtheria,CO,1943,401,53,,,
diphtheria,CO,1944,254,52,,,
diphtheria,CO,1945,282,52,,,
diphtheria,CO,1946,292,50,,,
diphtheria,CO,1947,279,51,,,
diphtheria,CO,1948,151,47,,,
diphtheria,CO,1949,70,32,,,
diphtheria,CO,1950,44,25,,,
diphtheria,CO,1951,37,17,,,
diphtheria,CO,1952,19,12,,,
diphtheria,CO,1953,14,11,,,
diphtheria,CO,1954,1,1,,,
diphtheria,CO,1955,3,3,,,
diphtheria,CO,1956,4,3,5,52,5
diphtheria,CO,1957,2,2,2,52,2
diphtheria,CO,1958,14,9,14,52,14
diphtheria,CO,1959,6,5,8,52,8
diphtheria,CO,1960,3,2,3,52,5
diphtheria,CO,1961,4,4,4,52,4
diphtheria,CO,1963,,,3,52,3
diphtheria,CO,1968,1,1,,,
diphtheria,CO,1970,5,3,,,
diphtheria,CO,1972,,,1,52,1
diphtheria,CO,1974,,,3,52,3
diphtheria,CO,1975,1,1,1,52,1
diphtheria,CO,1976,3,1,3,52,3
diphtheria,CO,1978,2,2,2,52,2
diphtheria,CT,1927,189,5,,,
diphtheria,CT,1928,1215,52,,,
diphtheria,CT,1929,1067,52,,,
diphtheria,CT,1930,666,52,,,
diphtheria,CT,1931,366,52,,,
diphtheria,CT,1932,270,51,,,
diphtheria,CT,1933,244,48,,,
diphtheria,CT,1934,143,44,,,
diphtheria,CT,1935,245,51,,,
diphtheria,CT,1936,100,42,,,
diphtheria,CT,1937,255,49,,,
diphtheria,CT,1938,60,28,,,
diphtheria,CT,1939,43,51,,,
diphtheria,CT,1940,42,52,,,
diphtheria,CT,1941,36,52,,,
diphtheria,CT,1942,33,52,,,
diphtheria,CT,1943,41,53,,,
diphtheria,CT,1944,38,52,,,
diphtheria,CT,1945,53,52,,,
diphtheria,CT,1946,68,50,,,
diphtheria,CT,1947,21,51,,,
diphtheria,CT,1948,18,32,,,
diphtheria,CT,1949,76,21,,,
diphtheria,CT,1950,5,4,,,
diphtheria,CT,1951,5,4,,,
diphtheria,CT,1952,7,4,,,
diphtheria,CT,1953,2,2,,,
diphtheria,CT,1954,1,1,,,
diphtheria,CT,1958,,,1,52,1
diphtheria,CT,1960,,,1,50,1
diphtheria,CT,1961,,,1,52,1
diphtheria,CT,1962,1,1,1,52,1
diphtheria,CT,1967,1,1,,,
diphtheria,DC,1928,947,41,,,
diphtheria,DC,1929,536,52,,,
diphtheria,DC,1930,539,52,,,
diphtheria,DC,1931,570,52,,,
diphtheria,DC,1932,398,51,,,
diphtheria,DC,1933,343,50,,,
diphtheria,DC,1934,394,52,,,
diphtheria,DC,1935,671,51,,,
diphtheria,DC,1936,607,52,,,
diphtheria,DC,1937,325,49,,,
diphtheria,DC,1938,123,28,,,
diphtheria,DC,1939,151,51,,,
diphtheria,DC,1940,123,52,,,
diphtheria,DC,1941,53,52,,,
diphtheria,DC,1942,55,52,,,
diphtheria,DC,1943,19,53,,,
diphtheria,DC,1944,14,52,,,
diphtheria,DC,1945,14,52,,,
diphtheria,DC,1946,16,50,,,
diphtheria,DC,1947,8,51,,,
diphtheria,DC,1948,12,33,,,
diphtheria,DC,1949,43,28,,,
diphtheria,DC,1950,3,3,,,
diphtheria,DC,1951,2,2,,,
diphtheria,DC,1952,6,6,,,
diphtheria,DC,1954,1,1,,,
diphtheria,DC,1955,2,1,,,
diphtheria,DC,1956,1,1,2,52,2
diphtheria,DC,1958,2,2,2,52,2
diphtheria,DC,1960,,,1,50,1
diphtheria,DC,1961,3,3,3,52,3
diphtheria,DC,1962,2,2,2,52,2
diphtheria,DC,1963,1,1,1,52,1
diphtheria,DC,1965,3,2,3,52,3
diphtheria,DC,1966,4,2,,,
diphtheria,DE,1927,15,5,,,
diphtheria,DE,1928,44,23,,,
diphtheria,DE,1929,79,37,,,
diphtheria,DE,1930,112,39,,,
diphtheria,DE,1931,273,37,,,
diphtheria,DE,1932,119,36,,,
diphtheria,DE,1933,106,34,,,
diphtheria,DE,1934,75,34,,,
diphtheria,DE,1935,52,32,,,
diphtheria,DE,1936,60,23,,,
diphtheria,DE,1937,38,16,,,
diphtheria,DE,1938,22,28,,,
diphtheria,DE,1939,30,51,,,
diphtheria,DE,1940,16,52,,,
diphtheria,DE,1941,25,52,,,
diphtheria,DE,1942,25,52,,,
diphtheria,DE,1943,11,53,,,
diphtheria,DE,1944,21,52,,,
diphtheria,DE,1945,23,52,,,
diphtheria,DE,1946,19,50,,,
diphtheria,DE,1947,10,51,,,
diphtheria,DE,1948,12,32,,,
diphtheria,DE,1949,14,9,,,
diphtheria,DE,1950,5,5,,,
diphtheria,DE,1951,1,1,,,
diphtheria,DE,1955,1,1,,,
diphtheria,DE,1956,,,1,52,1
diphtheria,DE,1960,5,1,232,50,232
diphtheria,DE,1962,,,1,52,1
diphtheria,FL,1927,111,5,,,
diphtheria,FL,1928,577,51,,,
diphtheria,FL,1929,580,51,,,
diphtheria,FL,1930,468,51,,,
diphtheria,FL,1931,506,51,,,
diphtheria,FL,1932,704,50,,,
diphtheria,FL,1933,441,52,,,
diphtheria,FL,1934,477,52,,,
diphtheria,FL,1935,426,50,,,
diphtheria,FL,1936,309,47,,,
diphtheria,FL,1937,541,49,,,
diphtheria,FL,1938,215,28,,,
diphtheria,FL,1939,292,51,,,
diphtheria,FL,1940,225,52,,,
diphtheria,FL,1941,229,52,,,
diphtheria,FL,1942,257,52,,,
diphtheria,FL,1943,251,53,,,
diphtheria,FL,1944,279,52,,,
diphtheria,FL,1945,236,52,,,
diphtheria,FL,1946,384,50,,,
diphtheria,FL,1947,289,51,,,
diphtheria,FL,1948,316,52,,,
diphtheria,FL,1949,206,52,,,
diphtheria,FL,1950,94,38,,,
diphtheria,FL,1951,56,22,,,
diphtheria,FL,1952,83,31,,,
diphtheria,FL,1953,109,38,,,
diphtheria,FL,1954,109,44,,,
diphtheria,FL,1955,91,34,,,
diphtheria,FL,1956,100,34,91,52,91
diphtheria,FL,1957,87,30,87,52,87
diphtheria,FL,1958,64,25,63,52,63
diphtheria,FL,1959,85,30,88,52,88
diphtheria,FL,1960,59,30,76,52,76
diphtheria,FL,1961,44,22,43,52,43
diphtheria,FL,1962,44,26,44,52,44
diphtheria,FL,1963,25,11,25,52,25
diphtheria,FL,1964,38,13,46,52,46
diphtheria,FL,1965,6,4,9,52,9
diphtheria,FL,1966,7,5,,,
diphtheria,FL,1967,9,7,,,
diphtheria,FL,1968,17,11,,,
diphtheria,FL,1969,19,9,,,
diphtheria,FL,1970,13,10,,,
diphtheria,FL,1971,4,4,,,
diphtheria,FL,1972,3,2,5,52,5
diphtheria,FL,1973,3,2,7,52,7
diphtheria,FL,1974,1,1,1,12,1
diphtheria,FL,1981,,,1,42,1
diphtheria,GA,1927,108,5,,,
diphtheria,GA,1928,846,49,,,
diphtheria,GA,1929,767,52,,,
diphtheria,GA,1930,691,48,,,
diphtheria,GA,1931,974,52,,,
diphtheria,GA,1932,1195,52,,,
diphtheria,GA,1933,1217,52,,,
diphtheria,GA,1934,1008,51,,,
diphtheria,GA,1935,840,52,,,
diphtheria,GA,1936,971,53,,,
diphtheria,GA,1937,759,48,,,
diphtheria,GA,1938,833,28,,,
diphtheria,GA,1939,990,51,,,
diphtheria,GA,1940,519,52,,,
diphtheria,GA,1941,742,52,,,
diphtheria,GA,1942,634,52,,,
diphtheria,GA,1943,502,53,,,
diphtheria,GA,1944,434,52,,,
diphtheria,GA,1945,658,52,,,
diphtheria,GA,1946,330,50,,,
diphtheria,GA,1947,406,51,,,
diphtheria,GA,1948,464,51,,,
diphtheria,GA,1949,415,49,,,
diphtheria,GA,1950,295,49,,,
diphtheria,GA,1951,204,36,,,
diphtheria,GA,1952,201,38,,,
diphtheria,GA,1953,281,39,,,
diphtheria,GA,1954,240,43,,,
diphtheria,GA,1955,244,40,,,
diphtheria,GA,1956,83,36,243,52,243
diphtheria,GA,1957,131,38,122,52,122
diphtheria,GA,1958,104,30,107,52,107
diphtheria,GA,1959,116,25,121,52,121
diphtheria,GA,1960,56,22,56,52,56
diphtheria,GA,1961,45,24,46,52,46
diphtheria,GA,1962,46,16,46,52,46
diphtheria,GA,1963,24,18,24,52,24
diphtheria,GA,1964,32,17,32,52,32
diphtheria,GA,1965,22,12,22,52,22
diphtheria,GA,1966,17,10,,,
diphtheria,GA,1967,6,5,,,
diphtheria,GA,1968,16,7,,,
diphtheria,GA,1969,9,5,,,
diphtheria,GA,1970,5,5,,,
diphtheria,GA,1971,2,1,,,
diphtheria,GA,1972,2,2,3,52,3
diphtheria,GA,1973,1,1,2,52,2
diphtheria,HI,1950,5,5,,,
diphtheria,HI,1951,3,3,,,
diphtheria,HI,1954,1,1,,,
diphtheria,HI,1957,1,1,1,52,1
diphtheria,HI,1958,,,8,52,8
diphtheria,HI,1959,3,3,2,52,2
diphtheria,HI,1960,,,1,50,1
diphtheria,HI,1969,1,1,,,
diphtheria,HI,1970,3,2,,,
diphtheria,HI,1976,1,1,1,52,1
diphtheria,IA,1927,70,4,,,
diphtheria,IA,1928,527,46,,,
diphtheria,IA,1929,394,52,,,
diphtheria,IA,1930,398,50,,,
diphtheria,IA,1931,499,51,,,
diphtheria,IA,1932,655,52,,,
diphtheria,IA,1933,565,52,,,
diphtheria,IA,1934,430,50,,,
diphtheria,IA,1935,590,52,,,
diphtheria,IA,1936,301,50,,,
diphtheria,IA,1937,168,47,,,
diphtheria,IA,1938,310,28,,,
diphtheria,IA,1939,295,51,,,
diphtheria,IA,1940,190,52,,,
diphtheria,IA,1941,186,52,,,
diphtheria,IA,1942,188,52,,,
diphtheria,IA,1943,156,53,,,
diphtheria,IA,1944,214,52,,,
diphtheria,IA,1945,228,52,,,
diphtheria,IA,1946,179,50,,,
diphtheria,IA,1947,109,51,,,
diphtheria,IA,1948,59,39,,,
diphtheria,IA,1949,29,17,,,
diphtheria,IA,1950,24,19,,,
diphtheria,IA,1951,12,10,,,
diphtheria,IA,1952,21,12,,,
diphtheria,IA,1953,17,13,,,
diphtheria,IA,1954,14,10,,,
diphtheria,IA,1955,20,8,,,
diphtheria,IA,1956,18,14,20,52,20
diphtheria,IA,1957,12,7,12,52,12
diphtheria,IA,1958,13,6,14,52,14
diphtheria,IA,1959,3,3,3,52,3
diphtheria,IA,1960,11,7,9,52,38
diphtheria,IA,1961,2,2,2,52,2
diphtheria,IA,1962,15,5,15,52,15
diphtheria,IA,1963,1,1,1,52,1
diphtheria,IA,1965,1,1,1,52,1
diphtheria,IA,1967,1,1,,,
diphtheria,ID,1927,17,5,,,
diphtheria,ID,1928,50,25,,,
diphtheria,ID,1929,35,20,,,
diphtheria,ID,1930,32,20,,,
diphtheria,ID,1931,67,28,,,
diphtheria,ID,1932,114,34,,,
diphtheria,ID,1933,37,16,,,
diphtheria,ID,1934,45,23,,,
diphtheria,ID,1935,12,10,,,
diphtheria,ID,1936,34,22,,,
diphtheria,ID,1937,54,27,,,
diphtheria,ID,1938,19,28,,,
diphtheria,ID,1939,28,52,,,
diphtheria,ID,1940,25,52,,,
diphtheria,ID,1941,23,52,,,
diphtheria,ID,1942,34,52,,,
diphtheria,ID,1943,42,53,,,
diphtheria,ID,1944,12,52,,,
diphtheria,ID,1945,65,52,,,
diphtheria,ID,1946,51,50,,,
diphtheria,ID,1947,21,51,,,
diphtheria,ID,1948,70,35,,,
diphtheria,ID,1949,40,21,,,
diphtheria,ID,1950,12,10,,,
diphtheria,ID,1951,6,4,,,
diphtheria,ID,1952,4,4,,,
diphtheria,ID,1953,94,22,,,
diphtheria,ID,1954,2,2,,,
diphtheria,ID,1956,1,1,1,51,1
diphtheria,ID,1957,1,1,1,52,1
diphtheria,ID,1958,2,2,2,52,2
diphtheria,ID,1959,1,1,1,52,1
diphtheria,ID,1960,11,2,11,52,11
diphtheria,ID,1962,1,1,1,52,1
diphtheria,ID,1972,2,2,2,52,2
diphtheria,IL,1927,943,5,,,
diphtheria,IL,1928,7390,52,,,
diphtheria,IL,1929,8512,52,,,
diphtheria,IL,1930,7171,52,,,
diphtheria,IL,1931,5739,52,,,
diphtheria,IL,1932,4133,52,,,
diphtheria,IL,1933,1815,52,,,
diphtheria,IL,1934,2144,52,,,
diphtheria,IL,1935,2742,52,,,
diphtheria,IL,1936,1874,53,,,
diphtheria,IL,1937,1629,49,,,
diphtheria,IL,1938,852,28,,,
diphtheria,IL,1939,1466,51,,,
diphtheria,IL,1940,1005,52,,,
diphtheria,IL,1941,1041,52,,,
diphtheria,IL,1942,931,52,,,
diphtheria,IL,1943,674,53,,,
diphtheria,IL,1944,380,52,,,
diphtheria,IL,1945,211,52,,,
diphtheria,IL,1946,488,50,,,
diphtheria,IL,1947,178,51,,,
diphtheria,IL,1948,99,47,,,
diphtheria,IL,1949,58,28,,,
diphtheria,IL,1950,68,35,,,
diphtheria,IL,1951,36,19,,,
diphtheria,IL,1952,20,16,,,
diphtheria,IL,1953,16,13,,,
diphtheria,IL,1954,12,10,,,
diphtheria,IL,1955,11,10,,,
diphtheria,IL,1956,10,7,11,52,11
diphtheria,IL,1957,3,3,3,52,3
diphtheria,IL,1958,12,9,12,52,12
diphtheria,IL,1959,10,7,10,52,10
diphtheria,IL,1960,7,7,6,52,8
diphtheria,IL,1961,10,5,10,52,10
diphtheria,IL,1962,4,4,4,52,4
diphtheria,IL,1963,17,8,17,52,17
diphtheria,IL,1964,9,6,9,52,9
diphtheria,IL,1965,2,2,2,52,2
diphtheria,IL,1966,3,3,,,
diphtheria,IL,1967,1,1,,,
diphtheria,IL,1969,1,1,,,
diphtheria,IL,1970,21,7,,,
diphtheria,IL,1972,3,3,3,52,3
diphtheria,IL,1973,1,1,1,52,1
diphtheria,IL,1974,1,1,1,52,1
diphtheria,IL,1975,4,4,4,52,4
diphtheria,IN,1927,218,5,,,
diphtheria,IN,1928,1616,52,,,
diphtheria,IN,1929,1231,52,,,
diphtheria,IN,1930,1356,52,,,
diphtheria,IN,1931,1976,52,,,
diphtheria,IN,1932,2485,52,,,
diphtheria,IN,1933,1994,52,,,
diphtheria,IN,1934,1537,52,,,
diphtheria,IN,1935,1845,52,,,
diphtheria,IN,1936,978,53,,,
diphtheria,IN,1937,693,49,,,
diphtheria,IN,1938,497,28,,,
diphtheria,IN,1939,734,51,,,
diphtheria,IN,1940,440,52,,,
diphtheria,IN,1941,531,52,,,
diphtheria,IN,1942,301,52,,,
diphtheria,IN,1943,356,53,,,
diphtheria,IN,1944,395,52,,,
diphtheria,IN,1945,400,52,,,
diphtheria,IN,1946,461,50,,,
diphtheria,IN,1947,397,51,,,
diphtheria,IN,1948,431,51,,,
diphtheria,IN,1949,381,51,,,
diphtheria,IN,1950,175,43,,,
diphtheria,IN,1951,86,32,,,
diphtheria,IN,1952,38,23,,,
diphtheria,IN,1953,45,24,,,
diphtheria,IN,1954,35,23,,,
diphtheria,IN,1955,33,16,,,
diphtheria,IN,1956,95,23,35,52,54
diphtheria,IN,1957,18,13,19,52,19
diphtheria,IN,1958,12,9,17,52,19
diphtheria,IN,1959,4,4,5,52,5
diphtheria,IN,1960,7,7,8,52,16
diphtheria,IN,1961,2,2,2,52,2
diphtheria,IN,1962,6,6,5,52,5
diphtheria,IN,1963,12,10,10,52,10
diphtheria,IN,1964,1,1,1,52,1
diphtheria,IN,1965,3,3,2,52,3
diphtheria,IN,1966,1,1,,,
diphtheria,IN,1967,4,3,,,
diphtheria,IN,1968,1,1,,,
diphtheria,IN,1979,,,1,51,1
diphtheria,KS,1927,161,5,,,
diphtheria,KS,1928,829,52,,,
diphtheria,KS,1929,899,52,,,
diphtheria,KS,1930,670,52,,,
diphtheria,KS,1931,1200,52,,,
diphtheria,KS,1932,979,52,,,
diphtheria,KS,1933,672,52,,,
diphtheria,KS,1934,563,52,,,
diphtheria,KS,1935,516,49,,,
diphtheria,KS,1936,541,53,,,
diphtheria,KS,1937,341,47,,,
diphtheria,KS,1938,165,28,,,
diphtheria,KS,1939,263,51,,,
diphtheria,KS,1940,265,52,,,
diphtheria,KS,1941,193,52,,,
diphtheria,KS,1942,191,52,,,
diphtheria,KS,1943,221,53,,,
diphtheria,KS,1944,176,52,,,
diphtheria,KS,1945,293,52,,,
diphtheria,KS,1946,360,50,,,
diphtheria,KS,1947,237,51,,,
diphtheria,KS,1948,139,49,,,
diphtheria,KS,1949,57,33,,,
diphtheria,KS,1950,51,35,,,
diphtheria,KS,1951,19,15,,,
diphtheria,KS,1952,22,16,,,
diphtheria,KS,1953,12,10,,,
diphtheria,KS,1954,5,5,,,
diphtheria,KS,1955,3,3,,,
diphtheria,KS,1956,19,8,3,52,18
diphtheria,KS,1957,7,7,7,52,7
diphtheria,KS,1958,2,2,2,52,2
diphtheria,KS,1959,8,2,8,52,8
diphtheria,KS,1960,2,2,2,52,2
diphtheria,KS,1962,2,2,2,52,2
diphtheria,KS,1964,7,3,7,52,7
diphtheria,KS,1965,1,1,1,52,1
diphtheria,KY,1927,33,1,,,
diphtheria,KY,1928,620,45,,,
diphtheria,KY,1929,447,29,,,
diphtheria,KY,1930,210,14,,,
diphtheria,KY,1931,2286,29,,,
diphtheria,KY,1932,1858,49,,,
diphtheria,KY,1933,2176,51,,,
diphtheria,KY,1934,1730,52,,,
diphtheria,KY,1935,1316,52,,,
diphtheria,KY,1936,738,52,,,
diphtheria,KY,1937,629,46,,,
diphtheria,KY,1938,618,28,,,
diphtheria,KY,1939,579,52,,,
diphtheria,KY,1940,389,52,,,
diphtheria,KY,1941,355,52,,,
diphtheria,KY,1942,374,52,,,
diphtheria,KY,1943,283,53,,,
diphtheria,KY,1944,225,52,,,
diphtheria,KY,1945,426,52,,,
diphtheria,KY,1946,552,50,,,
diphtheria,KY,1947,373,51,,,
diphtheria,KY,1948,358,51,,,
diphtheria,KY,1949,302,50,,,
diphtheria,KY,1950,221,47,,,
diphtheria,KY,1951,128,36,,,
diphtheria,KY,1952,81,39,,,
diphtheria,KY,1953,74,34,,,
diphtheria,KY,1954,55,21,,,
diphtheria,KY,1955,53,28,,,
diphtheria,KY,1956,16,10,50,52,56
diphtheria,KY,1957,19,12,19,52,19
diphtheria,KY,1958,7,6,7,52,7
diphtheria,KY,1959,9,7,9,52,9
diphtheria,KY,1960,60,12,56,52,136
diphtheria,KY,1961,9,6,9,52,9
diphtheria,KY,1962,1,1,1,5,1
diphtheria,KY,1966,1,1,,,
diphtheria,KY,1968,2,2,,,
diphtheria,LA,1927,185,5,,,
diphtheria,LA,1928,1050,52,,,
diphtheria,LA,1929,1270,52,,,
diphtheria,LA,1930,1100,52,,,
diphtheria,LA,1931,1538,52,,,
diphtheria,LA,1932,1298,52,,,
diphtheria,LA,1933,1002,52,,,
diphtheria,LA,1934,1032,52,,,
diphtheria,LA,1935,1177,52,,,
diphtheria,LA,1936,728,53,,,
diphtheria,LA,1937,685,50,,,
diphtheria,LA,1938,435,28,,,
diphtheria,LA,1939,632,52,,,
diphtheria,LA,1940,365,52,,,
diphtheria,LA,1941,251,52,,,
diphtheria,LA,1942,323,52,,,
diphtheria,LA,1943,258,53,,,
diphtheria,LA,1944,427,52,,,
diphtheria,LA,1945,446,52,,,
diphtheria,LA,1946,291,50,,,
diphtheria,LA,1947,231,51,,,
diphtheria,LA,1948,133,45,,,
diphtheria,LA,1949,179,45,,,
diphtheria,LA,1950,120,46,,,
diphtheria,LA,1951,82,35,,,
diphtheria,LA,1952,42,31,,,
diphtheria,LA,1953,37,22,,,
diphtheria,LA,1954,124,29,,,
diphtheria,LA,1955,51,26,,,
diphtheria,LA,1956,38,24,50,52,50
diphtheria,LA,1957,27,17,25,52,25
diphtheria,LA,1958,74,22,75,52,75
diphtheria,LA,1959,96,29,99,52,99
diphtheria,LA,1960,76,28,80,52,80
diphtheria,LA,1961,47,26,47,52,47
diphtheria,LA,1962,12,9,12,52,12
diphtheria,LA,1963,37,13,37,52,37
diphtheria,LA,1964,12,11,12,52,12
diphtheria,LA,1965,12,11,12,52,12
diphtheria,LA,1966,32,13,,,
diphtheria,LA,1967,53,22,,,
diphtheria,LA,1968,48,18,,,
diphtheria,LA,1969,42,16,,,
diphtheria,LA,1970,30,17,,,
diphtheria,LA,1971,26,15,,,
diphtheria,LA,1972,5,4,6,52,6
diphtheria,LA,1973,1,1,2,52,2
diphtheria,MA,1927,688,5,,,
diphtheria,MA,1928,3992,51,,,
diphtheria,MA,1929,4274,52,,,
diphtheria,MA,1930,3234,51,,,
diphtheria,MA,1931,2411,52,,,
diphtheria,MA,1932,1841,52,,,
diphtheria,MA,1933,1086,52,,,
diphtheria,MA,1934,648,52,,,
diphtheria,MA,1935,413,52,,,
diphtheria,MA,1936,336,53,,,
diphtheria,MA,1937,174,44,,,
diphtheria,MA,1938,95,28,,,
diphtheria,MA,1939,206,51,,,
diphtheria,MA,1940,174,52,,,
diphtheria,MA,1941,133,52,,,
diphtheria,MA,1942,166,52,,,
diphtheria,MA,1943,175,53,,,
diphtheria,MA,1944,245,52,,,
diphtheria,MA,1945,216,52,,,
diphtheria,MA,1946,458,50,,,
diphtheria,MA,1947,441,51,,,
diphtheria,MA,1948,309,52,,,
diphtheria,MA,1949,353,50,,,
diphtheria,MA,1950,144,45,,,
diphtheria,MA,1951,95,40,,,
diphtheria,MA,1952,33,21,,,
diphtheria,MA,1953,78,25,,,
diphtheria,MA,1954,29,21,,,
diphtheria,MA,1955,21,17,,,
diphtheria,MA,1956,16,14,21,52,21
diphtheria,MA,1957,24,19,24,52,24
diphtheria,MA,1958,8,6,8,52,8
diphtheria,MA,1959,5,5,5,52,5
diphtheria,MA,1960,9,9,9,52,9
diphtheria,MA,1961,7,7,7,52,7
diphtheria,MA,1962,2,2,2,52,2
diphtheria,MA,1963,6,5,6,52,6
diphtheria,MA,1964,6,6,6,52,6
diphtheria,MA,1965,2,2,2,52,2
diphtheria,MA,1966,5,5,,,
diphtheria,MA,1967,2,2,,,
diphtheria,MA,1969,1,1,,,
diphtheria,MA,1973,1,1,1,52,2
diphtheria,MD,1927,162,4,,,
diphtheria,MD,1928,1553,52,,,
diphtheria,MD,1929,1089,52,,,
diphtheria,MD,1930,1139,52,,,
diphtheria,MD,1931,1520,51,,,
diphtheria,MD,1932,921,52,,,
diphtheria,MD,1933,623,52,,,
diphtheria,MD,1934,502,51,,,
diphtheria,MD,1935,424,52,,,
diphtheria,MD,1936,445,51,,,
diphtheria,MD,1937,515,49,,,
diphtheria,MD,1938,168,28,,,
diphtheria,MD,1939,221,51,,,
diphtheria,MD,1940,158,52,,,
diphtheria,MD,1941,259,52,,,
diphtheria,MD,1942,260,52,,,
diphtheria,MD,1943,251,53,,,
diphtheria,MD,1944,298,52,,,
diphtheria,MD,1945,536,52,,,
diphtheria,MD,1946,573,50,,,
diphtheria,MD,1947,315,51,,,
diphtheria,MD,1948,224,46,,,
diphtheria,MD,1949,110,43,,,
diphtheria,MD,1950,102,33,,,
diphtheria,MD,1951,38,22,,,
diphtheria,MD,1952,24,14,,,
diphtheria,MD,1953,12,7,,,
diphtheria,MD,1954,23,12,,,
diphtheria,MD,1955,14,10,,,
diphtheria,MD,1956,3,3,14,52,15
diphtheria,MD,1957,3,3,3,52,3
diphtheria,MD,1958,3,3,3,52,3
diphtheria,MD,1959,8,4,8,52,8
diphtheria,MD,1960,1,1,1,52,1
diphtheria,MD,1961,1,1,1,52,1
diphtheria,MD,1964,1,1,1,52,1
diphtheria,MD,1965,,,3,37,3
diphtheria,MD,1970,12,5,,,
diphtheria,MD,1972,1,1,1,52,1
diphtheria,ME,1927,40,5,,,
diphtheria,ME,1928,206,47,,,
diphtheria,ME,1929,161,41,,,
diphtheria,ME,1930,184,47,,,
diphtheria,ME,1931,201,48,,,
diphtheria,ME,1932,128,45,,,
diphtheria,ME,1933,76,33,,,
diphtheria,ME,1934,56,28,,,
diphtheria,ME,1935,76,36,,,
diphtheria,ME,1936,89,39,,,
diphtheria,ME,1937,46,28,,,
diphtheria,ME,1938,162,28,,,
diphtheria,ME,1939,113,51,,,
diphtheria,ME,1940,53,52,,,
diphtheria,ME,1941,13,52,,,
diphtheria,ME,1942,17,52,,,
diphtheria,ME,1943,28,53,,,
diphtheria,ME,1944,22,52,,,
diphtheria,ME,1945,83,52,,,
diphtheria,ME,1946,126,50,,,
diphtheria,ME,1947,67,51,,,
diphtheria,ME,1948,35,37,,,
diphtheria,ME,1949,22,16,,,
diphtheria,ME,1950,17,10,,,
diphtheria,ME,1951,21,11,,,
diphtheria,ME,1953,2,2,,,
diphtheria,ME,1954,1,1,,,
diphtheria,ME,1957,3,3,3,52,5
diphtheria,ME,1960,3,3,3,52,13
diphtheria,ME,1964,39,9,39,52,39
diphtheria,MI,1927,537,5,,,
diphtheria,MI,1928,3811,52,,,
diphtheria,MI,1929,4668,52,,,
diphtheria,MI,1930,3168,52,,,
diphtheria,MI,1931,1791,52,,,
diphtheria,MI,1932,1202,52,,,
diphtheria,MI,1933,1137,52,,,
diphtheria,MI,1934,613,52,,,
diphtheria,MI,1935,627,51,,,
diphtheria,MI,1936,700,53,,,
diphtheria,MI,1937,873,49,,,
diphtheria,MI,1938,360,27,,,
diphtheria,MI,1939,458,51,,,
diphtheria,MI,1940,291,52,,,
diphtheria,MI,1941,251,52,,,
diphtheria,MI,1942,252,52,,,
diphtheria,MI,1943,294,53,,,
diphtheria,MI,1944,448,52,,,
diphtheria,MI,1945,657,51,,,
diphtheria,MI,1946,390,50,,,
diphtheria,MI,1947,268,51,,,
diphtheria,MI,1948,138,43,,,
diphtheria,MI,1949,137,49,,,
diphtheria,MI,1950,99,33,,,
diphtheria,MI,1951,48,26,,,
diphtheria,MI,1952,49,24,,,
diphtheria,MI,1953,14,11,,,
diphtheria,MI,1954,55,22,,,
diphtheria,MI,1955,59,25,,,
diphtheria,MI,1956,214,33,59,52,215
diphtheria,MI,1957,115,13,117,52,117
diphtheria,MI,1958,6,5,6,52,6
diphtheria,MI,1959,4,4,4,52,4
diphtheria,MI,1960,9,6,10,52,10
diphtheria,MI,1961,3,2,3,52,3
diphtheria,MI,1962,4,4,4,52,4
diphtheria,MI,1963,5,5,5,52,5
diphtheria,MI,1964,1,1,1,52,1
diphtheria,MI,1966,1,1,,,
diphtheria,MI,1967,2,2,,,
diphtheria,MI,1971,1,1,,,
diphtheria,MI,1972,1,1,1,52,1
diphtheria,MI,1975,1,1,1,52,3
diphtheria,MI,1980,1,1,1,51,1
diphtheria,MN,1927,163,5,,,
diphtheria,MN,1928,1206,52,,,
diphtheria,MN,1929,1037,52,,,
diphtheria,MN,1930,681,52,,,
diphtheria,MN,1931,702,52,,,
diphtheria,MN,1932,513,52,,,
diphtheria,MN,1933,392,52,,,
diphtheria,MN,1934,378,52,,,
diphtheria,MN,1935,299,50,,,
diphtheria,MN,1936,289,49,,,
diphtheria,MN,1937,262,45,,,
diphtheria,MN,1938,156,27,,,
diphtheria,MN,1939,142,51,,,
diphtheria,MN,1940,90,52,,,
diphtheria,MN,1941,130,52,,,
diphtheria,MN,1942,137,52,,,
diphtheria,MN,1943,255,53,,,
diphtheria,MN,1944,331,52,,,
diphtheria,MN,1945,289,52,,,
diphtheria,MN,1946,369,50,,,
diphtheria,MN,1947,289,51,,,
diphtheria,MN,1948,120,48,,,
diphtheria,MN,1949,108,38,,,
diphtheria,MN,1950,100,38,,,
diphtheria,MN,1951,69,34,,,
diphtheria,MN,1952,58,27,,,
diphtheria,MN,1953,30,18,,,
diphtheria,MN,1954,27,17,,,
diphtheria,MN,1955,57,27,,,
diphtheria,MN,1956,27,15,57,52,57
diphtheria,MN,1957,27,15,35,52,35
diphtheria,MN,1958,74,22,73,52,73
diphtheria,MN,1959,26,19,25,52,25
diphtheria,MN,1960,39,18,39,52,65
diphtheria,MN,1961,43,22,44,52,44
diphtheria,MN,1962,30,19,30,52,30
diphtheria,MN,1963,15,5,15,52,15
diphtheria,MN,1964,18,8,18,52,18
diphtheria,MN,1965,7,3,7,52,7
diphtheria,MN,1966,2,2,,,
diphtheria,MN,1967,1,1,,,
diphtheria,MN,1971,1,1,,,
diphtheria,MO,1927,350,5,,,
diphtheria,MO,1928,2080,52,,,
diphtheria,MO,1929,2215,52,,,
diphtheria,MO,1930,1732,52,,,
diphtheria,MO,1931,2256,52,,,
diphtheria,MO,1932,1967,52,,,
diphtheria,MO,1933,2034,52,,,
diphtheria,MO,1934,2161,51,,,
diphtheria,MO,1935,1991,52,,,
diphtheria,MO,1936,944,52,,,
diphtheria,MO,1937,998,49,,,
diphtheria,MO,1938,432,28,,,
diphtheria,MO,1939,453,51,,,
diphtheria,MO,1940,361,52,,,
diphtheria,MO,1941,288,52,,,
diphtheria,MO,1942,211,52,,,
diphtheria,MO,1943,177,53,,,
diphtheria,MO,1944,160,52,,,
diphtheria,MO,1945,276,52,,,
diphtheria,MO,1946,264,50,,,
diphtheria,MO,1947,238,51,,,
diphtheria,MO,1948,199,50,,,
diphtheria,MO,1949,117,40,,,
diphtheria,MO,1950,76,35,,,
diphtheria,MO,1951,86,28,,,
diphtheria,MO,1952,53,26,,,
diphtheria,MO,1953,44,26,,,
diphtheria,MO,1954,35,23,,,
diphtheria,MO,1955,16,13,,,
diphtheria,MO,1956,12,11,16,52,16
diphtheria,MO,1957,1,1,1,52,1
diphtheria,MO,1958,14,6,14,52,14
diphtheria,MO,1959,10,8,10,52,10
diphtheria,MO,1960,2,2,2,52,8
diphtheria,MO,1961,2,2,2,52,2
diphtheria,MO,1962,5,3,5,52,5
diphtheria,MO,1963,1,1,1,52,1
diphtheria,MO,1964,1,1,1,52,1
diphtheria,MO,1965,1,1,1,52,1
diphtheria,MO,1968,1,1,,,
diphtheria,MO,1969,1,1,,,
diphtheria,MO,1973,1,1,1,29,1
diphtheria,MO,1975,,,1,50,1
diphtheria,MO,1976,1,1,1,52,1
diphtheria,MO,1977,1,1,1,52,1
diphtheria,MO,1978,1,1,1,52,1
diphtheria,MO,1979,1,1,1,51,1
diphtheria,MO,1980,1,1,1,51,1
diphtheria,MS,1927,161,5,,,
diphtheria,MS,1928,934,51,,,
diphtheria,MS,1929,1298,52,,,
diphtheria,MS,1930,1059,51,,,
diphtheria,MS,1931,2013,52,,,
diphtheria,MS,1932,947,52,,,
diphtheria,MS,1933,784,52,,,
diphtheria,MS,1934,674,52,,,
diphtheria,MS,1935,623,52,,,
diphtheria,MS,1936,506,53,,,
diphtheria,MS,1937,428,47,,,
diphtheria,MS,1938,461,28,,,
diphtheria,MS,1939,567,52,,,
diphtheria,MS,1940,364,52,,,
diphtheria,MS,1941,397,52,,,
diphtheria,MS,1942,466,52,,,
diphtheria,MS,1943,289,53,,,
diphtheria,MS,1944,484,52,,,
diphtheria,MS,1945,711,52,,,
diphtheria,MS,1946,435,50,,,
diphtheria,MS,1947,355,51,,,
diphtheria,MS,1948,253,51,,,
diphtheria,MS,1949,364,51,,,
diphtheria,MS,1950,243,49,,,
diphtheria,MS,1951,113,39,,,
diphtheria,MS,1952,74,37,,,
diphtheria,MS,1953,70,34,,,
diphtheria,MS,1954,74,35,,,
diphtheria,MS,1955,53,27,,,
diphtheria,MS,1956,59,32,51,52,80
diphtheria,MS,1957,60,29,60,52,60
diphtheria,MS,1958,35,22,35,52,35
diphtheria,MS,1959,40,16,45,52,45
diphtheria,MS,1960,37,20,37,52,38
diphtheria,MS,1961,5,3,7,52,7
diphtheria,MS,1962,8,6,8,52,8
diphtheria,MS,1963,3,2,3,52,3
diphtheria,MS,1964,5,4,5,52,5
diphtheria,MS,1965,2,2,2,52,2
diphtheria,MS,1966,9,6,,,
diphtheria,MS,1967,4,4,,,
diphtheria,MS,1968,7,4,,,
diphtheria,MS,1969,7,6,,,
diphtheria,MS,1970,4,3,,,
diphtheria,MT,1927,21,5,,,
diphtheria,MT,1928,228,48,,,
diphtheria,MT,1929,142,41,,,
diphtheria,MT,1930,76,34,,,
diphtheria,MT,1931,97,37,,,
diphtheria,MT,1932,48,29,,,
diphtheria,MT,1933,93,36,,,
diphtheria,MT,1934,179,45,,,
diphtheria,MT,1935,145,42,,,
diphtheria,MT,1936,84,35,,,
diphtheria,MT,1937,52,31,,,
diphtheria,MT,1938,25,28,,,
diphtheria,MT,1939,87,52,,,
diphtheria,MT,1940,109,52,,,
diphtheria,MT,1941,129,52,,,
diphtheria,MT,1942,82,52,,,
diphtheria,MT,1943,69,53,,,
diphtheria,MT,1944,97,52,,,
diphtheria,MT,1945,80,52,,,
diphtheria,MT,1946,57,50,,,
diphtheria,MT,1947,52,51,,,
diphtheria,MT,1948,78,30,,,
diphtheria,MT,1949,27,16,,,
diphtheria,MT,1950,37,20,,,
diphtheria,MT,1951,24,19,,,
diphtheria,MT,1952,14,11,,,
diphtheria,MT,1953,14,11,,,
diphtheria,MT,1954,25,13,,,
diphtheria,MT,1955,5,5,,,
diphtheria,MT,1956,4,2,5,52,5
diphtheria,MT,1957,13,7,14,52,14
diphtheria,MT,1958,14,8,16,52,16
diphtheria,MT,1959,,,2,52,2
diphtheria,MT,1960,3,3,3,52,36
diphtheria,MT,1961,3,3,3,52,3
diphtheria,MT,1962,6,4,6,52,6
diphtheria,MT,1965,1,1,1,52,1
diphtheria,MT,1966,18,3,,,
diphtheria,MT,1967,3,3,,,
diphtheria,MT,1970,8,4,,,
diphtheria,MT,1975,6,4,6,52,6
diphtheria,MT,1981,1,1,1,42,1
diphtheria,NC,1927,293,3,,,
diphtheria,NC,1928,3476,49,,,
diphtheria,NC,1929,4332,52,,,
diphtheria,NC,1930,3204,52,,,
diphtheria,NC,1931,3172,52,,,
diphtheria,NC,1932,1879,52,,,
diphtheria,NC,1933,2497,52,,,
diphtheria,NC,1934,2108,52,,,
diphtheria,NC,1935,1724,52,,,
diphtheria,NC,1936,2361,53,,,
diphtheria,NC,1937,1944,49,,,
diphtheria,NC,1938,1996,28,,,
diphtheria,NC,1939,2322,51,,,
diphtheria,NC,1940,1130,52,,,
diphtheria,NC,1941,1635,52,,,
diphtheria,NC,1942,1185,52,,,
diphtheria,NC,1943,802,53,,,
diphtheria,NC,1944,668,52,,,
diphtheria,NC,1945,1467,52,,,
diphtheria,NC,1946,581,50,,,
diphtheria,NC,1947,718,51,,,
diphtheria,NC,1948,511,52,,,
diphtheria,NC,1949,545,51,,,
diphtheria,NC,1950,504,51,,,
diphtheria,NC,1951,363,49,,,
diphtheria,NC,1952,197,46,,,
diphtheria,NC,1953,135,43,,,
diphtheria,NC,1954,122,41,,,
diphtheria,NC,1955,91,39,,,
diphtheria,NC,1956,70,30,91,52,91
diphtheria,NC,1957,50,25,50,52,50
diphtheria,NC,1958,29,17,29,52,29
diphtheria,NC,1959,23,20,25,52,25
diphtheria,NC,1960,21,14,20,52,20
diphtheria,NC,1961,15,13,12,52,12
diphtheria,NC,1962,12,8,12,52,12
diphtheria,NC,1963,5,4,5,52,5
diphtheria,NC,1964,2,2,2,52,2
diphtheria,NC,1965,3,3,4,52,4
diphtheria,NC,1966,4,4,,,
diphtheria,NC,1967,1,1,,,
diphtheria,NC,1969,1,1,,,
diphtheria,NC,1970,2,1,,,
diphtheria,NC,1971,2,2,,,
diphtheria,NC,1974,1,1,1,52,1
diphtheria,ND,1928,305,47,,,
diphtheria,ND,1929,396,51,,,
diphtheria,ND,1930,247,47,,,
diphtheria,ND,1931,255,50,,,
diphtheria,ND,1932,210,43,,,
diphtheria,ND,1933,250,43,,,
diphtheria,ND,1934,231,47,,,
diphtheria,ND,1935,150,43,,,
diphtheria,ND,1936,78,30,,,
diphtheria,ND,1937,63,33,,,
diphtheria,ND,1938,86,28,,,
diphtheria,ND,1939,70,51,,,
diphtheria,ND,1940,138,52,,,
diphtheria,ND,1941,101,52,,,
diphtheria,ND,1942,64,52,,,
diphtheria,ND,1943,60,53,,,
diphtheria,ND,1944,170,52,,,
diphtheria,ND,1945,138,52,,,
diphtheria,ND,1946,70,50,,,
diphtheria,ND,1947,59,51,,,
diphtheria,ND,1948,34,37,,,
diphtheria,ND,1949,18,10,,,
diphtheria,ND,1950,9,9,,,
diphtheria,ND,1951,18,5,,,
diphtheria,ND,1952,14,7,,,
diphtheria,ND,1953,6,6,,,
diphtheria,ND,1954,1,1,,,
diphtheria,ND,1955,2,2,,,
diphtheria,ND,1956,13,5,2,52,12
diphtheria,ND,1957,3,2,3,52,5
diphtheria,ND,1958,4,4,4,52,4
diphtheria,ND,1959,2,2,2,52,2
diphtheria,ND,1960,4,4,4,52,4
diphtheria,ND,1961,2,2,4,52,4
diphtheria,ND,1962,9,5,9,52,9
diphtheria,ND,1963,6,3,6,52,6
diphtheria,ND,1964,2,2,2,52,2
diphtheria,ND,1965,,,7,39,7
diphtheria,ND,1968,1,1,,,
diphtheria,ND,1973,,,4,9,4
diphtheria,ND,1975,6,1,6,52,6
diphtheria,NE,1927,117,5,,,
diphtheria,NE,1928,655,49,,,
diphtheria,NE,1929,771,52,,,
diphtheria,NE,1930,584,52,,,
diphtheria,NE,1931,532,51,,,
diphtheria,NE,1932,685,51,,,
diphtheria,NE,1933,337,48,,,
diphtheria,NE,1934,400,52,,,
diphtheria,NE,1935,320,50,,,
diphtheria,NE,1936,219,49,,,
diphtheria,NE,1937,104,32,,,
diphtheria,NE,1938,71,28,,,
diphtheria,NE,1939,114,51,,,
diphtheria,NE,1940,69,52,,,
diphtheria,NE,1941,96,52,,,
diphtheria,NE,1942,130,52,,,
diphtheria,NE,1943,150,53,,,
diphtheria,NE,1944,120,52,,,
diphtheria,NE,1945,154,52,,,
diphtheria,NE,1946,82,50,,,
diphtheria,NE,1947,48,51,,,
diphtheria,NE,1948,34,40,,,
diphtheria,NE,1949,24,17,,,
diphtheria,NE,1950,20,12,,,
diphtheria,NE,1951,13,11,,,
diphtheria,NE,1952,13,9,,,
diphtheria,NE,1953,8,6,,,
diphtheria,NE,1954,69,20,,,
diphtheria,NE,1955,78,16,,,
diphtheria,NE,1956,34,14,79,52,79
diphtheria,NE,1957,23,13,22,52,22
diphtheria,NE,1958,12,10,12,52,12
diphtheria,NE,1959,26,13,28,52,28
diphtheria,NE,1960,2,2,2,52,10
diphtheria,NE,1961,4,4,4,52,4
diphtheria,NE,1962,18,7,18,52,18
diphtheria,NE,1963,11,6,11,52,11
diphtheria,NE,1964,5,3,5,52,5
diphtheria,NE,1965,2,2,2,52,2
diphtheria,NE,1966,5,3,,,
diphtheria,NE,1967,2,2,,,
diphtheria,NE,1971,3,3,,,
diphtheria,NE,1972,2,1,3,52,3
diphtheria,NE,1975,1,1,1,52,1
diphtheria,NE,1978,1,1,1,52,1
diphtheria,NH,1927,1,1,,,
diphtheria,NH,1928,76,35,,,
diphtheria,NH,1929,95,36,,,
diphtheria,NH,1930,108,39,,,
diphtheria,NH,1931,80,27,,,
diphtheria,NH,1932,44,27,,,
diphtheria,NH,1933,16,12,,,
diphtheria,NH,1934,12,8,,,
diphtheria,NH,1935,18,13,,,
diphtheria,NH,1936,15,9,,,
diphtheria,NH,1937,9,8,,,
diphtheria,NH,1938,12,28,,,
diphtheria,NH,1939,3,51,,,
diphtheria,NH,1940,2,52,,,
diphtheria,NH,1941,7,52,,,
diphtheria,NH,1942,7,52,,,
diphtheria,NH,1943,6,53,,,
diphtheria,NH,1944,2,52,,,
diphtheria,NH,1945,17,52,,,
diphtheria,NH,1946,1,50,,,
diphtheria,NH,1947,1,50,,,
diphtheria,NH,1948,3,27,,,
diphtheria,NH,1949,2,2,,,
diphtheria,NH,1950,6,3,,,
diphtheria,NH,1952,7,1,,,
diphtheria,NH,1953,1,1,,,
diphtheria,NH,1956,1,1,1,51,1
diphtheria,NH,1960,1,1,3,50,3
diphtheria,NJ,1927,844,5,,,
diphtheria,NJ,1928,6075,52,,,
diphtheria,NJ,1929,5475,52,,,
diphtheria,NJ,1930,4194,52,,,
diphtheria,NJ,1931,1974,52,,,
diphtheria,NJ,1932,1469,52,,,
diphtheria,NJ,1933,1069,52,,,
diphtheria,NJ,1934,906,52,,,
diphtheria,NJ,1935,864,52,,,
diphtheria,NJ,1936,578,53,,,
diphtheria,NJ,1937,543,49,,,
diphtheria,NJ,1938,242,28,,,
diphtheria,NJ,1939,475,51,,,
diphtheria,NJ,1940,352,52,,,
diphtheria,NJ,1941,315,52,,,
diphtheria,NJ,1942,171,52,,,
diphtheria,NJ,1943,163,53,,,
diphtheria,NJ,1944,150,52,,,
diphtheria,NJ,1945,141,52,,,
diphtheria,NJ,1946,249,50,,,
diphtheria,NJ,1947,212,51,,,
diphtheria,NJ,1948,128,46,,,
diphtheria,NJ,1949,99,39,,,
diphtheria,NJ,1950,53,26,,,
diphtheria,NJ,1951,33,20,,,
diphtheria,NJ,1952,33,20,,,
diphtheria,NJ,1953,54,27,,,
diphtheria,NJ,1954,16,11,,,
diphtheria,NJ,1955,6,5,,,
diphtheria,NJ,1956,23,13,6,52,24
diphtheria,NJ,1957,9,7,10,52,10
diphtheria,NJ,1958,6,6,6,52,6
diphtheria,NJ,1959,10,5,10,52,10
diphtheria,NJ,1960,2,2,2,52,5
diphtheria,NJ,1962,2,2,2,52,2
diphtheria,NJ,1963,4,4,4,52,4
diphtheria,NJ,1964,2,1,2,52,2
diphtheria,NJ,1967,2,1,,,
diphtheria,NM,1927,31,5,,,
diphtheria,NM,1928,250,47,,,
diphtheria,NM,1929,373,50,,,
diphtheria,NM,1930,378,52,,,
diphtheria,NM,1931,413,50,,,
diphtheria,NM,1932,660,52,,,
diphtheria,NM,1933,381,50,,,
diphtheria,NM,1934,216,46,,,
diphtheria,NM,1935,235,48,,,
diphtheria,NM,1936,187,49,,,
diphtheria,NM,1937,150,44,,,
diphtheria,NM,1938,118,28,,,
diphtheria,NM,1939,96,52,,,
diphtheria,NM,1940,69,52,,,
diphtheria,NM,1941,63,52,,,
diphtheria,NM,1942,85,52,,,
diphtheria,NM,1943,51,53,,,
diphtheria,NM,1944,164,52,,,
diphtheria,NM,1945,175,50,,,
diphtheria,NM,1946,90,50,,,
diphtheria,NM,1947,62,51,,,
diphtheria,NM,1948,80,39,,,
diphtheria,NM,1949,37,25,,,
diphtheria,NM,1950,23,15,,,
diphtheria,NM,1951,25,19,,,
diphtheria,NM,1952,8,7,,,
diphtheria,NM,1953,5,5,,,
diphtheria,NM,1955,4,3,,,
diphtheria,NM,1956,37,11,4,52,36
diphtheria,NM,1957,15,12,15,52,15
diphtheria,NM,1958,22,10,24,52,24
diphtheria,NM,1959,8,6,8,52,8
diphtheria,NM,1960,5,4,4,52,5
diphtheria,NM,1961,5,3,5,52,5
diphtheria,NM,1962,5,4,5,52,5
diphtheria,NM,1963,2,2,2,52,2
diphtheria,NM,1964,1,1,1,52,1
diphtheria,NM,1965,,,1,52,1
diphtheria,NM,1966,1,1,,,
diphtheria,NM,1968,3,3,,,
diphtheria,NM,1969,2,2,,,
diphtheria,NM,1970,1,1,,,
diphtheria,NM,1971,8,5,,,
diphtheria,NM,1972,3,3,3,52,3
diphtheria,NM,1973,27,6,27,52,27
diphtheria,NM,1974,24,9,17,52,17
diphtheria,NM,1975,8,5,8,52,13
diphtheria,NM,1976,1,1,2,52,2
diphtheria,NM,1977,2,2,5,52,5
diphtheria,NV,1940,7,10,,,
diphtheria,NV,1941,5,51,,,
diphtheria,NV,1942,1,51,,,
diphtheria,NV,1943,3,53,,,
diphtheria,NV,1944,25,52,,,
diphtheria,NV,1945,0,52,,,
diphtheria,NV,1946,2,50,,,
diphtheria,NV,1947,0,50,,,
diphtheria,NV,1948,0,26,,,
diphtheria,NV,1949,3,3,,,
diphtheria,NV,1950,2,2,,,
diphtheria,NV,1951,1,1,,,
diphtheria,NV,1953,2,1,,,
diphtheria,NV,1955,2,2,,,
diphtheria,NV,1956,,,2,52,2
diphtheria,NV,1959,2,2,2,52,2
diphtheria,NV,1960,,,7,50,7
diphtheria,NV,1961,1,1,1,52,1
diphtheria,NV,1970,1,1,,,
diphtheria,NV,1978,,,1,52,1
diphtheria,NY,1927,1852,5,,,
diphtheria,NY,1928,13232,51,,,
diphtheria,NY,1929,10804,52,,,
diphtheria,NY,1930,5375,52,,,
diphtheria,NY,1931,5301,52,,,
diphtheria,NY,1932,4220,52,,,
diphtheria,NY,1933,2627,52,,,
diphtheria,NY,1934,2019,52,,,
diphtheria,NY,1935,1664,52,,,
diphtheria,NY,1936,1771,53,,,
diphtheria,NY,1937,1636,49,,,
diphtheria,NY,1938,535,28,,,
diphtheria,NY,1939,991,51,,,
diphtheria,NY,1940,795,52,,,
diphtheria,NY,1941,762,52,,,
diphtheria,NY,1942,822,52,,,
diphtheria,NY,1943,715,53,,,
diphtheria,NY,1944,517,52,,,
diphtheria,NY,1945,618,52,,,
diphtheria,NY,1946,963,50,,,
diphtheria,NY,1947,799,51,,,
diphtheria,NY,1948,433,52,,,
diphtheria,NY,1949,323,52,,,
diphtheria,NY,1950,271,50,,,
diphtheria,NY,1951,176,49,,,
diphtheria,NY,1952,76,37,,,
diphtheria,NY,1953,48,26,,,
diphtheria,NY,1954,49,29,,,
diphtheria,NY,1955,41,26,,,
diphtheria,NY,1956,22,19,41,52,52
diphtheria,NY,1957,41,22,40,52,40
diphtheria,NY,1958,17,12,17,52,17
diphtheria,NY,1959,24,16,26,52,26
diphtheria,NY,1960,5,5,5,52,17
diphtheria,NY,1961,7,7,7,52,7
diphtheria,NY,1962,18,10,18,52,18
diphtheria,NY,1963,13,8,13,52,13
diphtheria,OH,1927,696,5,,,
diphtheria,OH,1928,4422,50,,,
diphtheria,OH,1929,3169,52,,,
diphtheria,OH,1930,2547,52,,,
diphtheria,OH,1931,3290,52,,,
diphtheria,OH,1932,2807,52,,,
diphtheria,OH,1933,2457,52,,,
diphtheria,OH,1934,2409,52,,,
diphtheria,OH,1935,2513,52,,,
diphtheria,OH,1936,1414,53,,,
diphtheria,OH,1937,1260,49,,,
diphtheria,OH,1938,940,28,,,
diphtheria,OH,1939,1204,51,,,
diphtheria,OH,1940,605,52,,,
diphtheria,OH,1941,515,52,,,
diphtheria,OH,1942,496,52,,,
diphtheria,OH,1943,496,53,,,
diphtheria,OH,1944,339,52,,,
diphtheria,OH,1945,772,52,,,
diphtheria,OH,1946,874,50,,,
diphtheria,OH,1947,535,51,,,
diphtheria,OH,1948,336,52,,,
diphtheria,OH,1949,271,51,,,
diphtheria,OH,1950,220,43,,,
diphtheria,OH,1951,110,38,,,
diphtheria,OH,1952,134,37,,,
diphtheria,OH,1953,63,26,,,
diphtheria,OH,1954,66,24,,,
diphtheria,OH,1955,43,20,,,
diphtheria,OH,1956,21,13,45,52,45
diphtheria,OH,1957,14,13,14,52,14
diphtheria,OH,1958,11,7,11,52,11
diphtheria,OH,1959,13,9,12,52,12
diphtheria,OH,1960,17,11,16,52,42
diphtheria,OH,1961,2,2,2,52,2
diphtheria,OH,1963,1,1,1,52,1
diphtheria,OH,1965,2,2,2,52,2
diphtheria,OH,1967,3,1,,,
diphtheria,OH,1969,1,1,,,
diphtheria,OH,1970,1,1,,,
diphtheria,OH,1973,2,2,1,52,1
diphtheria,OH,1974,1,1,1,52,1
diphtheria,OH,1975,1,1,1,35,1
diphtheria,OH,1976,1,1,1,52,1
diphtheria,OK,1927,413,5,,,
diphtheria,OK,1928,1934,52,,,
diphtheria,OK,1929,1516,52,,,
diphtheria,OK,1930,1231,52,,,
diphtheria,OK,1931,2009,52,,,
diphtheria,OK,1932,1793,51,,,
diphtheria,OK,1933,1450,52,,,
diphtheria,OK,1934,643,52,,,
diphtheria,OK,1935,622,51,,,
diphtheria,OK,1936,437,52,,,
diphtheria,OK,1937,533,50,,,
diphtheria,OK,1938,375,28,,,
diphtheria,OK,1939,435,52,,,
diphtheria,OK,1940,461,52,,,
diphtheria,OK,1941,415,52,,,
diphtheria,OK,1942,350,52,,,
diphtheria,OK,1943,227,53,,,
diphtheria,OK,1944,332,52,,,
diphtheria,OK,1945,267,52,,,
diphtheria,OK,1946,207,50,,,
diphtheria,OK,1947,201,51,,,
diphtheria,OK,1948,156,46,,,
diphtheria,OK,1949,133,40,,,
diphtheria,OK,1950,130,44,,,
diphtheria,OK,1951,100,37,,,
diphtheria,OK,1952,59,29,,,
diphtheria,OK,1953,63,33,,,
diphtheria,OK,1954,41,29,,,
diphtheria,OK,1955,28,19,,,
diphtheria,OK,1956,59,25,29,52,59
diphtheria,OK,1957,23,20,23,52,23
diphtheria,OK,1958,25,15,25,52,25
diphtheria,OK,1959,21,7,33,52,33
diphtheria,OK,1960,24,14,25,52,80
diphtheria,OK,1961,11,9,10,52,10
diphtheria,OK,1962,8,6,8,52,8
diphtheria,OK,1963,20,6,20,52,20
diphtheria,OK,1964,1,1,1,52,1
diphtheria,OK,1965,1,1,1,52,1
diphtheria,OK,1966,3,3,,,
diphtheria,OK,1967,1,1,,,
diphtheria,OK,1970,5,2,,,
diphtheria,OK,1971,1,1,,,
diphtheria,OK,1972,1,1,1,52,1
diphtheria,OK,1974,1,1,1,52,1
diphtheria,OR,1927,57,5,,,
diphtheria,OR,1928,547,52,,,
diphtheria,OR,1929,452,52,,,
diphtheria,OR,1930,280,51,,,
diphtheria,OR,1931,211,48,,,
diphtheria,OR,1932,137,44,,,
diphtheria,OR,1933,96,40,,,
diphtheria,OR,1934,70,33,,,
diphtheria,OR,1935,83,32,,,
diphtheria,OR,1936,75,34,,,
diphtheria,OR,1937,103,31,,,
diphtheria,OR,1938,57,28,,,
diphtheria,OR,1939,73,52,,,
diphtheria,OR,1940,226,52,,,
diphtheria,OR,1941,114,52,,,
diphtheria,OR,1942,74,52,,,
diphtheria,OR,1943,119,53,,,
diphtheria,OR,1944,177,52,,,
diphtheria,OR,1945,279,52,,,
diphtheria,OR,1946,148,50,,,
diphtheria,OR,1947,104,51,,,
diphtheria,OR,1948,75,40,,,
diphtheria,OR,1949,58,26,,,
diphtheria,OR,1950,39,26,,,
diphtheria,OR,1951,55,26,,,
diphtheria,OR,1952,21,15,,,
diphtheria,OR,1953,15,13,,,
diphtheria,OR,1954,6,5,,,
diphtheria,OR,1956,11,6,11,51,11
diphtheria,OR,1957,3,3,3,52,3
diphtheria,OR,1958,8,7,8,52,8
diphtheria,OR,1959,6,6,6,52,6
diphtheria,OR,1965,1,1,1,52,1
diphtheria,OR,1966,2,2,,,
diphtheria,OR,1967,3,3,,,
diphtheria,OR,1969,3,2,,,
diphtheria,OR,1970,5,5,,,
diphtheria,OR,1971,2,1,,,
diphtheria,OR,1972,1,1,1,52,1
diphtheria,OR,1973,3,3,4,52,4
diphtheria,OR,1975,,,4,40,4
diphtheria,PA,1927,1433,5,,,
diphtheria,PA,1928,8990,52,,,
diphtheria,PA,1929,7080,50,,,
diphtheria,PA,1930,6237,52,,,
diphtheria,PA,1931,4465,51,,,
diphtheria,PA,1932,4514,52,,,
diphtheria,PA,1933,3086,52,,,
diphtheria,PA,1934,2666,52,,,
diphtheria,PA,1935,2178,52,,,
diphtheria,PA,1936,1795,53,,,
diphtheria,PA,1937,1478,49,,,
diphtheria,PA,1938,775,28,,,
diphtheria,PA,1939,1440,51,,,
diphtheria,PA,1940,826,52,,,
diphtheria,PA,1941,594,52,,,
diphtheria,PA,1942,515,52,,,
diphtheria,PA,1943,508,53,,,
diphtheria,PA,1944,447,52,,,
diphtheria,PA,1945,424,52,,,
diphtheria,PA,1946,722,50,,,
diphtheria,PA,1947,531,50,,,
diphtheria,PA,1948,321,50,,,
diphtheria,PA,1949,289,51,,,
diphtheria,PA,1950,164,45,,,
diphtheria,PA,1951,137,44,,,
diphtheria,PA,1952,114,40,,,
diphtheria,PA,1953,63,31,,,
diphtheria,PA,1954,35,27,,,
diphtheria,PA,1955,15,11,,,
diphtheria,PA,1956,21,18,15,52,21
diphtheria,PA,1957,44,21,42,52,42
diphtheria,PA,1958,18,13,17,52,17
diphtheria,PA,1959,15,8,16,52,16
diphtheria,PA,1960,10,10,10,52,10
diphtheria,PA,1961,14,9,13,52,13
diphtheria,PA,1962,2,2,2,52,2
diphtheria,PA,1963,7,5,7,52,7
diphtheria,PA,1964,3,3,3,52,3
diphtheria,PA,1965,2,2,2,52,2
diphtheria,PA,1966,1,1,,,
diphtheria,PA,1967,2,2,,,
diphtheria,PA,1974,,,1,52,1
diphtheria,PA,1975,1,1,1,15,1
diphtheria,PR,1954,180,44,,,
diphtheria,PR,1955,69,30,,,
diphtheria,PR,1956,89,35,70,52,91
diphtheria,PR,1957,60,22,60,52,60
diphtheria,PR,1958,51,32,54,52,54
diphtheria,PR,1959,41,15,54,52,54
diphtheria,PR,1960,128,37,143,52,143
diphtheria,PR,1961,57,26,59,52,59
diphtheria,PR,1962,30,20,36,52,36
diphtheria,PR,1963,13,12,13,52,13
diphtheria,PR,1964,13,11,13,52,13
diphtheria,PR,1965,13,8,16,52,16
diphtheria,PR,1966,3,3,,,
diphtheria,PR,1967,1,1,,,
diphtheria,PR,1968,1,1,,,
diphtheria,PR,1969,1,1,,,
diphtheria,PR,1974,1,1,1,52,1
diphtheria,PR,1976,1,1,1,52,1
diphtheria,PR,1977,1,1,1,52,1
diphtheria,RI,1927,111,5,,,
diphtheria,RI,1928,501,50,,,
diphtheria,RI,1929,434,52,,,
diphtheria,RI,1930,382,50,,,
diphtheria,RI,1931,264,50,,,
diphtheria,RI,1932,235,49,,,
diphtheria,RI,1933,117,43,,,
diphtheria,RI,1934,87,35,,,
diphtheria,RI,1935,65,31,,,
diphtheria,RI,1936,37,24,,,
diphtheria,RI,1937,27,22,,,
diphtheria,RI,1938,10,28,,,
diphtheria,RI,1939,17,51,,,
diphtheria,RI,1940,14,52,,,
diphtheria,RI,1941,54,52,,,
diphtheria,RI,1942,59,52,,,
diphtheria,RI,1943,22,53,,,
diphtheria,RI,1944,29,52,,,
diphtheria,RI,1945,9,52,,,
diphtheria,RI,1946,20,50,,,
diphtheria,RI,1947,34,51,,,
diphtheria,RI,1948,10,32,,,
diphtheria,RI,1949,4,3,,,
diphtheria,RI,1950,10,10,,,
diphtheria,RI,1951,1,1,,,
diphtheria,RI,1954,1,1,,,
diphtheria,RI,1960,1,1,1,52,9
diphtheria,RI,1962,,,1,52,1
diphtheria,RI,1963,2,2,2,52,2
diphtheria,RI,1964,1,1,1,40,1
diphtheria,RI,1967,1,1,,,
diphtheria,RI,1970,2,1,,,
diphtheria,RI,1971,1,1,,,
diphtheria,RI,1973,2,1,2,52,2
diphtheria,SC,1927,205,5,,,
diphtheria,SC,1928,1736,52,,,
diphtheria,SC,1929,1537,52,,,
diphtheria,SC,1930,1212,52,,,
diphtheria,SC,1931,976,52,,,
diphtheria,SC,1932,642,52,,,
diphtheria,SC,1933,770,52,,,
diphtheria,SC,1934,475,50,,,
diphtheria,SC,1935,403,51,,,
diphtheria,SC,1936,403,53,,,
diphtheria,SC,1937,418,44,,,
diphtheria,SC,1938,539,28,,,
diphtheria,SC,1939,691,51,,,
diphtheria,SC,1940,417,52,,,
diphtheria,SC,1941,708,52,,,
diphtheria,SC,1942,684,52,,,
diphtheria,SC,1943,430,53,,,
diphtheria,SC,1944,340,52,,,
diphtheria,SC,1945,627,52,,,
diphtheria,SC,1946,278,50,,,
diphtheria,SC,1947,450,51,,,
diphtheria,SC,1948,611,52,,,
diphtheria,SC,1949,325,50,,,
diphtheria,SC,1950,203,46,,,
diphtheria,SC,1951,192,43,,,
diphtheria,SC,1952,196,43,,,
diphtheria,SC,1953,156,40,,,
diphtheria,SC,1954,147,45,,,
diphtheria,SC,1955,185,36,,,
diphtheria,SC,1956,94,35,193,52,193
diphtheria,SC,1957,104,31,106,52,106
diphtheria,SC,1958,37,19,41,52,41
diphtheria,SC,1959,30,16,31,52,31
diphtheria,SC,1960,45,21,50,52,50
diphtheria,SC,1961,14,8,14,52,14
diphtheria,SC,1962,10,8,10,52,10
diphtheria,SC,1963,17,9,17,52,17
diphtheria,SC,1964,7,7,7,52,7
diphtheria,SC,1965,2,2,2,52,2
diphtheria,SC,1966,24,9,,,
diphtheria,SC,1967,4,4,,,
diphtheria,SC,1968,6,3,,,
diphtheria,SC,1969,3,3,,,
diphtheria,SC,1971,2,2,,,
diphtheria,SC,1972,1,1,1,52,1
diphtheria,SD,1927,18,5,,,
diphtheria,SD,1928,82,28,,,
diphtheria,SD,1929,151,40,,,
diphtheria,SD,1930,287,51,,,
diphtheria,SD,1931,370,52,,,
diphtheria,SD,1932,219,47,,,
diphtheria,SD,1933,210,43,,,
diphtheria,SD,1934,112,40,,,
diphtheria,SD,1935,138,41,,,
diphtheria,SD,1936,65,29,,,
diphtheria,SD,1937,35,22,,,
diphtheria,SD,1938,79,28,,,
diphtheria,SD,1939,116,51,,,
diphtheria,SD,1940,59,52,,,
diphtheria,SD,1941,167,52,,,
diphtheria,SD,1942,140,52,,,
diphtheria,SD,1943,141,53,,,
diphtheria,SD,1944,81,52,,,
diphtheria,SD,1945,96,52,,,
diphtheria,SD,1946,70,50,,,
diphtheria,SD,1947,47,51,,,
diphtheria,SD,1948,25,33,,,
diphtheria,SD,1949,15,11,,,
diphtheria,SD,1950,22,15,,,
diphtheria,SD,1951,9,6,,,
diphtheria,SD,1952,6,4,,,
diphtheria,SD,1953,1,1,,,
diphtheria,SD,1954,13,7,,,
diphtheria,SD,1955,47,22,,,
diphtheria,SD,1956,12,9,45,52,50
diphtheria,SD,1957,10,7,10,52,10
diphtheria,SD,1958,18,11,18,52,18
diphtheria,SD,1959,4,3,4,52,4
diphtheria,SD,1960,9,7,10,52,10
diphtheria,SD,1961,6,5,6,52,7
diphtheria,SD,1962,23,15,22,52,22
diphtheria,SD,1963,14,12,14,52,14
diphtheria,SD,1964,3,3,3,52,3
diphtheria,SD,1965,10,7,9,52,9
diphtheria,SD,1966,4,4,,,
diphtheria,SD,1967,1,1,,,
diphtheria,SD,1969,3,2,,,
diphtheria,SD,1970,6,6,,,
diphtheria,SD,1971,27,9,,,
diphtheria,SD,1972,15,8,17,52,17
diphtheria,SD,1973,7,5,7,52,7
diphtheria,SD,1976,3,3,3,52,3
diphtheria,TN,1927,132,5,,,
diphtheria,TN,1928,1050,52,,,
diphtheria,TN,1929,919,51,,,
diphtheria,TN,1930,883,52,,,
diphtheria,TN,1931,2119,50,,,
diphtheria,TN,1932,1798,52,,,
diphtheria,TN,1933,1497,51,,,
diphtheria,TN,1934,1244,52,,,
diphtheria,TN,1935,1254,52,,,
diphtheria,TN,1936,1160,53,,,
diphtheria,TN,1937,809,49,,,
diphtheria,TN,1938,632,28,,,
diphtheria,TN,1939,629,52,,,
diphtheria,TN,1940,323,52,,,
diphtheria,TN,1941,487,52,,,
diphtheria,TN,1942,340,52,,,
diphtheria,TN,1943,390,53,,,
diphtheria,TN,1944,316,52,,,
diphtheria,TN,1945,683,52,,,
diphtheria,TN,1946,359,50,,,
diphtheria,TN,1947,354,51,,,
diphtheria,TN,1948,296,51,,,
diphtheria,TN,1949,270,48,,,
diphtheria,TN,1950,257,46,,,
diphtheria,TN,1951,151,45,,,
diphtheria,TN,1952,93,39,,,
diphtheria,TN,1953,74,38,,,
diphtheria,TN,1954,70,28,,,
diphtheria,TN,1955,45,23,,,
diphtheria,TN,1956,23,16,43,52,56
diphtheria,TN,1957,13,13,13,52,18
diphtheria,TN,1958,14,11,14,52,14
diphtheria,TN,1959,9,9,10,52,10
diphtheria,TN,1960,16,9,9,52,55
diphtheria,TN,1961,3,3,3,52,3
diphtheria,TN,1962,7,6,7,52,7
diphtheria,TN,1963,3,3,3,52,3
diphtheria,TN,1964,2,2,2,52,2
diphtheria,TN,1965,2,2,2,52,2
diphtheria,TN,1967,11,5,,,
diphtheria,TN,1968,1,1,,,
diphtheria,TN,1970,1,1,,,
diphtheria,TX,1927,451,4,,,
diphtheria,TX,1928,1972,52,,,
diphtheria,TX,1929,2842,52,,,
diphtheria,TX,1930,1851,52,,,
diphtheria,TX,1931,2277,51,,,
diphtheria,TX,1932,4059,52,,,
diphtheria,TX,1933,5935,52,,,
diphtheria,TX,1934,3926,52,,,
diphtheria,TX,1935,3486,52,,,
diphtheria,TX,1936,2173,52,,,
diphtheria,TX,1937,2101,50,,,
diphtheria,TX,1938,1289,28,,,
diphtheria,TX,1939,1736,52,,,
diphtheria,TX,1940,1447,52,,,
diphtheria,TX,1941,1897,51,,,
diphtheria,TX,1942,1881,52,,,
diphtheria,TX,1943,1674,53,,,
diphtheria,TX,1944,1941,52,,,
diphtheria,TX,1945,2478,52,,,
diphtheria,TX,1946,1484,50,,,
diphtheria,TX,1947,1098,51,,,
diphtheria,TX,1948,905,51,,,
diphtheria,TX,1949,958,52,,,
diphtheria,TX,1950,886,51,,,
diphtheria,TX,1951,466,49,,,
diphtheria,TX,1952,371,50,,,
diphtheria,TX,1953,237,49,,,
diphtheria,TX,1954,213,49,,,
diphtheria,TX,1955,248,50,,,
diphtheria,TX,1956,176,46,254,52,254
diphtheria,TX,1957,115,42,120,52,120
diphtheria,TX,1958,67,32,67,52,67
diphtheria,TX,1959,143,45,156,52,156
diphtheria,TX,1960,209,43,234,52,234
diphtheria,TX,1961,212,44,214,52,214
diphtheria,TX,1962,72,37,84,52,84
diphtheria,TX,1963,12,7,12,52,12
diphtheria,TX,1964,7,5,25,52,25
diphtheria,TX,1965,16,6,25,52,25
diphtheria,TX,1966,27,13,,,
diphtheria,TX,1967,54,19,,,
diphtheria,TX,1968,59,15,,,
diphtheria,TX,1969,58,23,,,
diphtheria,TX,1970,233,31,,,
diphtheria,TX,1971,56,31,,,
diphtheria,TX,1972,34,17,40,52,40
diphtheria,TX,1973,18,14,17,52,17
diphtheria,TX,1974,7,4,9,52,9
diphtheria,TX,1975,6,3,6,52,6
diphtheria,TX,1976,1,1,1,52,1
diphtheria,TX,1977,3,3,3,52,3
diphtheria,TX,1980,1,1,1,51,1
diphtheria,UT,1927,45,5,,,
diphtheria,UT,1928,135,42,,,
diphtheria,UT,1929,91,40,,,
diphtheria,UT,1930,65,27,,,
diphtheria,UT,1931,44,29,,,
diphtheria,UT,1932,46,25,,,
diphtheria,UT,1933,54,26,,,
diphtheria,UT,1934,19,15,,,
diphtheria,UT,1935,21,15,,,
diphtheria,UT,1936,17,14,,,
diphtheria,UT,1937,289,22,,,
diphtheria,UT,1938,41,28,,,
diphtheria,UT,1939,29,51,,,
diphtheria,UT,1940,26,52,,,
diphtheria,UT,1941,33,52,,,
diphtheria,UT,1942,13,52,,,
diphtheria,UT,1943,15,53,,,
diphtheria,UT,1944,1,52,,,
diphtheria,UT,1945,15,52,,,
diphtheria,UT,1946,13,50,,,
diphtheria,UT,1947,113,51,,,
diphtheria,UT,1948,154,49,,,
diphtheria,UT,1949,34,18,,,
diphtheria,UT,1950,18,13,,,
diphtheria,UT,1951,5,5,,,
diphtheria,UT,1952,14,9,,,
diphtheria,UT,1953,13,10,,,
diphtheria,UT,1954,10,7,,,
diphtheria,UT,1955,1,1,,,
diphtheria,UT,1956,3,3,1,52,3
diphtheria,UT,1957,2,2,2,52,2
diphtheria,UT,1960,7,6,7,52,7
diphtheria,UT,1978,,,1,21,1
diphtheria,VA,1920,5,3,,,
diphtheria,VA,1921,29,18,,,
diphtheria,VA,1922,7,6,,,
diphtheria,VA,1923,28,13,,,
diphtheria,VA,1932,1022,27,,,
diphtheria,VA,1933,2049,52,,,
diphtheria,VA,1934,1969,52,,,
diphtheria,VA,1935,1461,52,,,
diphtheria,VA,1936,1271,52,,,
diphtheria,VA,1937,1182,49,,,
diphtheria,VA,1938,1374,28,,,
diphtheria,VA,1939,1553,51,,,
diphtheria,VA,1940,730,52,,,
diphtheria,VA,1941,782,52,,,
diphtheria,VA,1942,712,52,,,
diphtheria,VA,1943,398,53,,,
diphtheria,VA,1944,330,52,,,
diphtheria,VA,1945,589,52,,,
diphtheria,VA,1946,555,50,,,
diphtheria,VA,1947,276,51,,,
diphtheria,VA,1948,257,51,,,
diphtheria,VA,1949,210,48,,,
diphtheria,VA,1950,193,44,,,
diphtheria,VA,1951,181,43,,,
diphtheria,VA,1952,166,46,,,
diphtheria,VA,1953,80,36,,,
diphtheria,VA,1954,39,22,,,
diphtheria,VA,1955,38,21,,,
diphtheria,VA,1956,32,21,43,52,54
diphtheria,VA,1957,20,14,20,52,20
diphtheria,VA,1958,34,18,34,52,34
diphtheria,VA,1959,15,14,15,52,15
diphtheria,VA,1960,42,21,42,52,42
diphtheria,VA,1961,18,13,17,52,18
diphtheria,VA,1962,20,14,18,52,18
diphtheria,VA,1963,3,3,2,52,2
diphtheria,VA,1964,4,1,4,46,4
diphtheria,VA,1967,10,3,,,
diphtheria,VA,1968,1,1,,,
diphtheria,VA,1970,1,1,,,
diphtheria,VA,1979,1,1,1,51,1
diphtheria,VT,1927,1,2,,,
diphtheria,VT,1928,41,21,,,
diphtheria,VT,1929,60,30,,,
diphtheria,VT,1930,72,35,,,
diphtheria,VT,1931,57,21,,,
diphtheria,VT,1932,43,21,,,
diphtheria,VT,1933,51,29,,,
diphtheria,VT,1934,41,20,,,
diphtheria,VT,1935,34,21,,,
diphtheria,VT,1936,18,12,,,
diphtheria,VT,1937,41,24,,,
diphtheria,VT,1938,5,28,,,
diphtheria,VT,1939,7,51,,,
diphtheria,VT,1940,6,52,,,
diphtheria,VT,1941,21,52,,,
diphtheria,VT,1942,12,52,,,
diphtheria,VT,1943,7,53,,,
diphtheria,VT,1944,5,52,,,
diphtheria,VT,1945,27,52,,,
diphtheria,VT,1946,31,50,,,
diphtheria,VT,1947,15,51,,,
diphtheria,VT,1948,8,28,,,
diphtheria,VT,1949,1,1,,,
diphtheria,VT,1950,2,2,,,
diphtheria,VT,1952,2,2,,,
diphtheria,VT,1954,1,1,,,
diphtheria,VT,1955,1,1,,,
diphtheria,VT,1956,,,2,52,2
diphtheria,VT,1964,,,3,27,3
diphtheria,WA,1927,114,5,,,
diphtheria,WA,1928,538,52,,,
diphtheria,WA,1929,495,52,,,
diphtheria,WA,1930,518,52,,,
diphtheria,WA,1931,365,52,,,
diphtheria,WA,1932,228,47,,,
diphtheria,WA,1933,241,47,,,
diphtheria,WA,1934,99,40,,,
diphtheria,WA,1935,83,33,,,
diphtheria,WA,1936,75,32,,,
diphtheria,WA,1937,120,44,,,
diphtheria,WA,1938,52,28,,,
diphtheria,WA,1939,81,52,,,
diphtheria,WA,1940,98,52,,,
diphtheria,WA,1941,67,52,,,
diphtheria,WA,1942,112,52,,,
diphtheria,WA,1943,308,53,,,
diphtheria,WA,1944,345,52,,,
diphtheria,WA,1945,314,52,,,
diphtheria,WA,1946,339,50,,,
diphtheria,WA,1947,178,51,,,
diphtheria,WA,1948,95,43,,,
diphtheria,WA,1949,45,27,,,
diphtheria,WA,1950,23,18,,,
diphtheria,WA,1951,27,18,,,
diphtheria,WA,1952,29,20,,,
diphtheria,WA,1953,35,24,,,
diphtheria,WA,1954,19,14,,,
diphtheria,WA,1955,25,15,,,
diphtheria,WA,1956,12,9,26,52,26
diphtheria,WA,1957,23,5,23,52,25
diphtheria,WA,1960,,,2,50,2
diphtheria,WA,1961,7,3,7,52,7
diphtheria,WA,1964,13,7,13,52,13
diphtheria,WA,1965,4,3,4,52,4
diphtheria,WA,1966,7,4,,,
diphtheria,WA,1967,4,3,,,
diphtheria,WA,1968,1,1,,,
diphtheria,WA,1969,3,3,,,
diphtheria,WA,1970,12,7,,,
diphtheria,WA,1971,5,4,,,
diphtheria,WA,1972,19,11,20,52,20
diphtheria,WA,1973,97,25,105,52,105
diphtheria,WA,1974,170,40,186,52,186
diphtheria,WA,1975,209,36,213,52,213
diphtheria,WA,1976,124,30,124,52,124
diphtheria,WA,1977,51,23,63,52,63
diphtheria,WA,1978,67,20,64,52,64
diphtheria,WA,1979,44,12,55,51,56
diphtheria,WA,1980,,,1,51,1
diphtheria,WI,1927,240,5,,,
diphtheria,WI,1928,1147,51,,,
diphtheria,WI,1929,1010,52,,,
diphtheria,WI,1930,793,52,,,
diphtheria,WI,1931,760,52,,,
diphtheria,WI,1932,644,52,,,
diphtheria,WI,1933,297,52,,,
diphtheria,WI,1934,297,52,,,
diphtheria,WI,1935,160,50,,,
diphtheria,WI,1936,167,50,,,
diphtheria,WI,1937,182,46,,,
diphtheria,WI,1938,58,28,,,
diphtheria,WI,1939,46,51,,,
diphtheria,WI,1940,69,52,,,
diphtheria,WI,1941,45,52,,,
diphtheria,WI,1942,65,52,,,
diphtheria,WI,1943,142,53,,,
diphtheria,WI,1944,105,52,,,
diphtheria,WI,1945,98,52,,,
diphtheria,WI,1946,155,50,,,
diphtheria,WI,1947,72,51,,,
diphtheria,WI,1948,38,31,,,
diphtheria,WI,1949,23,15,,,
diphtheria,WI,1950,20,16,,,
diphtheria,WI,1951,13,10,,,
diphtheria,WI,1952,21,14,,,
diphtheria,WI,1953,7,6,,,
diphtheria,WI,1954,6,5,,,
diphtheria,WI,1955,2,2,,,
diphtheria,WI,1956,2,2,3,52,5
diphtheria,WI,1957,2,2,2,52,13
diphtheria,WI,1958,1,1,1,52,1
diphtheria,WI,1959,2,2,2,52,2
diphtheria,WI,1960,2,2,2,52,10
diphtheria,WI,1962,1,1,1,52,1
diphtheria,WI,1963,2,2,2,52,2
diphtheria,WI,1965,1,1,1,52,1
diphtheria,WI,1969,2,2,,,
diphtheria,WI,1971,1,1,,,
diphtheria,WI,1976,1,1,1,52,1
diphtheria,WI,1979,1,1,1,51,1
diphtheria,WV,1927,114,5,,,
diphtheria,WV,1928,941,52,,,
diphtheria,WV,1929,904,52,,,
diphtheria,WV,1930,757,52,,,
diphtheria,WV,1931,1311,52,,,
diphtheria,WV,1932,1333,52,,,
diphtheria,WV,1933,1638,51,,,
diphtheria,WV,1934,1428,52,,,
diphtheria,WV,1935,1318,52,,,
diphtheria,WV,1936,752,53,,,
diphtheria,WV,1937,679,49,,,
diphtheria,WV,1938,371,28,,,
diphtheria,WV,1939,496,51,,,
diphtheria,WV,1940,340,52,,,
diphtheria,WV,1941,311,52,,,
diphtheria,WV,1942,316,52,,,
diphtheria,WV,1943,235,53,,,
diphtheria,WV,1944,163,52,,,
diphtheria,WV,1945,308,52,,,
diphtheria,WV,1946,200,50,,,
diphtheria,WV,1947,182,51,,,
diphtheria,WV,1948,201,49,,,
diphtheria,WV,1949,183,44,,,
diphtheria,WV,1950,190,43,,,
diphtheria,WV,1951,85,39,,,
diphtheria,WV,1952,34,22,,,
diphtheria,WV,1953,26,21,,,
diphtheria,WV,1954,22,17,,,
diphtheria,WV,1955,20,17,,,
diphtheria,WV,1956,10,9,20,52,20
diphtheria,WV,1957,10,7,10,52,10
diphtheria,WV,1958,10,8,10,52,10
diphtheria,WV,1959,3,3,4,52,4
diphtheria,WV,1960,3,2,4,52,40
diphtheria,WV,1961,1,1,1,52,1
diphtheria,WV,1962,2,2,2,52,2
diphtheria,WV,1963,1,1,1,52,1
diphtheria,WV,1966,1,1,,,
diphtheria,WV,1968,1,1,,,
diphtheria,WV,1969,1,1,,,
diphtheria,WV,1972,,,1,52,1
diphtheria,WV,1976,1,1,1,52,1
diphtheria,WY,1927,6,3,,,
diphtheria,WY,1928,111,33,,,
diphtheria,WY,1929,71,31,,,
diphtheria,WY,1930,52,31,,,
diphtheria,WY,1931,31,17,,,
diphtheria,WY,1932,15,13,,,
diphtheria,WY,1933,21,14,,,
diphtheria,WY,1934,35,24,,,
diphtheria,WY,1935,34,19,,,
diphtheria,WY,1936,28,21,,,
diphtheria,WY,1937,15,8,,,
diphtheria,WY,1938,36,28,,,
diphtheria,WY,1939,50,52,,,
diphtheria,WY,1940,40,52,,,
diphtheria,WY,1941,54,52,,,
diphtheria,WY,1942,15,52,,,
diphtheria,WY,1943,15,53,,,
diphtheria,WY,1944,34,52,,,
diphtheria,WY,1945,14,52,,,
diphtheria,WY,1946,44,50,,,
diphtheria,WY,1947,18,51,,,
diphtheria,WY,1948,12,29,,,
diphtheria,WY,1949,12,9,,,
diphtheria,WY,1950,5,5,,,
diphtheria,WY,1951,5,5,,,
diphtheria,WY,1952,1,1,,,
diphtheria,WY,1953,1,1,,,
diphtheria,WY,1954,6,6,,,
diphtheria,WY,1956,7,6,7,51,7
diphtheria,WY,1957,11,7,11,52,11
diphtheria,WY,1958,2,1,2,52,2
diphtheria,WY,1960,5,3,5,52,11
diphtheria,WY,1978,,,2,21,2
hepatitis_a,AK,1966,90,34,,,
hepatitis_a,AK,1967,39,22,,,
hepatitis_a,AK,1968,84,31,,,
hepatitis_a,AK,1969,63,32,,,
hepatitis_a,AK,1970,113,32,,,
hepatitis_a,AK,1971,96,28,,,
hepatitis_a,AK,1972,199,37,,,
hepatitis_a,AK,1973,225,32,,,
hepatitis_a,AK,1974,248,30,,,
hepatitis_a,AK,1975,409,37,,,
hepatitis_a,AK,1976,1094,13,,,
hepatitis_a,AK,1977,551,39,,,
hepatitis_a,AK,1978,125,39,,,
hepatitis_a,AK,1979,61,28,,,
hepatitis_a,AK,1980,18,14,,,
hepatitis_a,AK,1981,45,22,,,
hepatitis_a,AK,1982,17,15,,,
hepatitis_a,AK,1983,43,22,,,
hepatitis_a,AK,1984,13,10,,,
hepatitis_a,AK,1985,14,11,,,
hepatitis_a,AK,1986,66,21,,,
hepatitis_a,AK,1987,240,47,,,
hepatitis_a,AK,1988,,,600,51,600
hepatitis_a,AK,1989,,,642,52,642
hepatitis_a,AK,1990,,,198,52,198
hepatitis_a,AK,1991,,,90,52,90
hepatitis_a,AK,1992,,,125,52,125
hepatitis_a,AK,1993,,,716,52,727
hepatitis_a,AK,1994,38,1,204,52,204
hepatitis_a,AK,1995,,,54,52,54
hepatitis_a,AK,1996,,,23,66,46
hepatitis_a,AK,1997,,,34,52,34
hepatitis_a,AK,1998,,,17,52,18
hepatitis_a,AK,1999,,,12,52,12
hepatitis_a,AK,2000,,,11,52,11
hepatitis_a,AK,2001,,,14,52,15
hepatitis_a,AK,2002,,,12,52,12
hepatitis_a,AK,2003,,,9,52,9
hepatitis_a,AK,2004,,,5,52,5
hepatitis_a,AK,2005,,,4,52,4
hepatitis_a,AK,2007,1,1,4,52,4
hepatitis_a,AK,2008,1,1,3,54,3
hepatitis_a,AK,2009,2,2,3,52,6
hepatitis_a,AK,2010,,,5,52,5
hepatitis_a,AK,2011,,,2,52,2
hepatitis_a,AK,2012,1,1,1,52,1
hepatitis_a,AK,2013,,,1,52,1
hepatitis_a,AK,2014,1,1,2,53,2
hepatitis_a,AK,2015,6,5,4,53,5
hepatitis_a,AK,2016,1,1,1,53,1
hepatitis_a,AK,2017,1,1,1,24,1
hepatitis_a,AL,1966,321,50,,,
hepatitis_a,AL,1967,291,49,,,
hepatitis_a,AL,1968,314,52,,,
hepatitis_a,AL,1969,380,49,,,
hepatitis_a,AL,1970,413,51,,,
hepatitis_a,AL,1971,378,51,,,
hepatitis_a,AL,1972,342,45,,,
hepatitis_a,AL,1973,467,45,,,
hepatitis_a,AL,1974,244,45,,,
hepatitis_a,AL,1975,286,46,,,
hepatitis_a,AL,1976,220,50,,,
hepatitis_a,AL,1977,206,43,,,
hepatitis_a,AL,1978,203,41,,,
hepatitis_a,AL,1979,257,47,,,
hepatitis_a,AL,1980,200,37,,,
hepatitis_a,AL,1981,138,40,,,
hepatitis_a,AL,1982,128,43,,,
hepatitis_a,AL,1983,178,43,,,
hepatitis_a,AL,1984,116,36,,,
hepatitis_a,AL,1985,41,23,,,
hepatitis_a,AL,1986,51,26,,,
hepatitis_a,AL,1987,81,36,,,
hepatitis_a,AL,1988,,,57,51,57
hepatitis_a,AL,1989,,,86,52,86
hepatitis_a,AL,1990,,,110,52,110
hepatitis_a,AL,1991,,,44,52,44
hepatitis_a,AL,1992,,,51,52,51
hepatitis_a,AL,1993,,,58,52,58
hepatitis_a,AL,1994,10,1,139,52,139
hepatitis_a,AL,1995,,,91,52,91
hepatitis_a,AL,1996,,,75,66,211
hepatitis_a,AL,1997,,,87,52,87
hepatitis_a,AL,1998,,,84,52,84
hepatitis_a,AL,1999,,,60,52,60
hepatitis_a,AL,2000,,,62,52,62
hepatitis_a,AL,2001,,,81,52,81
hepatitis_a,AL,2002,,,39,52,39
hepatitis_a,AL,2003,,,15,52,15
hepatitis_a,AL,2004,,,10,52,10
hepatitis_a,AL,2005,,,36,52,36
hepatitis_a,AL,2006,6,4,20,52,20
hepatitis_a,AL,2007,9,6,22,52,22
hepatitis_a,AL,2008,3,3,12,54,12
hepatitis_a,AL,2009,4,4,11,52,11
hepatitis_a,AL,2010,5,4,8,52,8
hepatitis_a,AL,2011,2,2,8,52,8
hepatitis_a,AL,2012,10,9,18,52,18
hepatitis_a,AL,2013,6,4,10,52,10
hepatitis_a,AL,2014,2,2,15,53,15
hepatitis_a,AL,2015,8,7,24,53,24
hepatitis_a,AL,2016,8,7,17,53,17
hepatitis_a,AL,2017,2,2,22,52,22
hepatitis_a,AR,1966,299,52,,,
hepatitis_a,AR,1967,295,47,,,
hepatitis_a,AR,1968,166,38,,,
hepatitis_a,AR,1969,189,34,,,
hepatitis_a,AR,1970,212,42,,,
hepatitis_a,AR,1971,236,46,,,
hepatitis_a,AR,1972,278,46,,,
hepatitis_a,AR,1973,141,44,,,
hepatitis_a,AR,1974,444,49,,,
hepatitis_a,AR,1975,409,49,,,
hepatitis_a,AR,1976,449,50,,,
hepatitis_a,AR,1977,406,47,,,
hepatitis_a,AR,1978,204,46,,,
hepatitis_a,AR,1979,260,50,,,
hepatitis_a,AR,1980,240,36,,,
hepatitis_a,AR,1981,215,48,,,
hepatitis_a,AR,1982,74,30,,,
hepatitis_a,AR,1983,57,32,,,
hepatitis_a,AR,1984,98,30,,,
hepatitis_a,AR,1985,46,19,,,
hepatitis_a,AR,1986,87,29,,,
hepatitis_a,AR,1987,191,31,,,
hepatitis_a,AR,1988,,,349,51,349
hepatitis_a,AR,1989,,,285,52,285
hepatitis_a,AR,1990,,,556,52,556
hepatitis_a,AR,1991,,,242,52,242
hepatitis_a,AR,1992,,,135,52,135
hepatitis_a,AR,1993,,,52,52,52
hepatitis_a,AR,1994,8,1,209,52,209
hepatitis_a,AR,1995,,,642,52,642
hepatitis_a,AR,1996,,,143,66,500
hepatitis_a,AR,1997,,,216,52,216
hepatitis_a,AR,1998,,,90,52,90
hepatitis_a,AR,1999,,,75,52,75
hepatitis_a,AR,2000,,,112,52,112
hepatitis_a,AR,2001,,,68,52,68
hepatitis_a,AR,2002,,,65,52,65
hepatitis_a,AR,2003,,,19,52,19
hepatitis_a,AR,2004,,,57,52,57
hepatitis_a,AR,2005,,,18,52,18
hepatitis_a,AR,2006,12,6,38,52,38
hepatitis_a,AR,2007,3,3,12,52,12
hepatitis_a,AR,2008,,,5,54,5
hepatitis_a,AR,2009,1,1,8,52,8
hepatitis_a,AR,2010,,,2,52,2
hepatitis_a,AR,2011,,,1,52,1
hepatitis_a,AR,2012,,,8,52,8
hepatitis_a,AR,2013,,,5,52,5
hepatitis_a,AR,2014,,,1,53,2
hepatitis_a,AR,2015,2,2,9,53,9
hepatitis_a,AR,2016,3,3,11,53,11
hepatitis_a,AR,2017,2,2,7,52,7
hepatitis_a,AS,1986,21,13,,,
hepatitis_a,AS,1987,13,7,,,
hepatitis_a,AS,1988,,,7,51,7
hepatitis_a,AS,1989,,,36,52,38
hepatitis_a,AS,1990,,,37,52,37
hepatitis_a,AS,1991,,,4,52,4
hepatitis_a,AS,1992,,,1,52,1
hepatitis_a,AS,1993,,,19,52,19
hepatitis_a,AS,1994,2,1,8,52,8
hepatitis_a,AS,1995,,,6,52,6
hepatitis_a,AZ,1966,415,50,,,
hepatitis_a,AZ,1967,390,48,,,
hepatitis_a,AZ,1968,425,50,,,
hepatitis_a,AZ,1969,528,49,,,
hepatitis_a,AZ,1970,615,50,,,
hepatitis_a,AZ,1971,896,51,,,
hepatitis_a,AZ,1972,660,46,,,
hepatitis_a,AZ,1973,160,22,,,
hepatitis_a,AZ,1974,512,49,,,
hepatitis_a,AZ,1975,437,50,,,
hepatitis_a,AZ,1976,560,51,,,
hepatitis_a,AZ,1977,929,51,,,
hepatitis_a,AZ,1978,1137,48,,,
hepatitis_a,AZ,1979,1788,50,,,
hepatitis_a,AZ,1980,635,33,,,
hepatitis_a,AZ,1981,434,43,,,
hepatitis_a,AZ,1982,514,41,,,
hepatitis_a,AZ,1983,845,44,,,
hepatitis_a,AZ,1984,721,46,,,
hepatitis_a,AZ,1985,1013,42,,,
hepatitis_a,AZ,1986,1051,38,,,
hepatitis_a,AZ,1987,1925,47,,,
hepatitis_a,AZ,1988,,,1964,51,1964
hepatitis_a,AZ,1989,,,2795,52,2795
hepatitis_a,AZ,1990,,,1980,52,1980
hepatitis_a,AZ,1991,,,1103,52,1103
hepatitis_a,AZ,1992,,,1077,52,1077
hepatitis_a,AZ,1993,,,1362,52,1362
hepatitis_a,AZ,1994,196,1,1540,52,1540
hepatitis_a,AZ,1995,,,1249,52,1249
hepatitis_a,AZ,1996,,,326,66,1758
hepatitis_a,AZ,1997,,,2353,52,2353
hepatitis_a,AZ,1998,,,1917,52,1917
hepatitis_a,AZ,1999,,,744,52,744
hepatitis_a,AZ,2000,,,493,52,493
hepatitis_a,AZ,2001,,,411,52,411
hepatitis_a,AZ,2002,,,315,52,315
hepatitis_a,AZ,2003,,,263,52,263
hepatitis_a,AZ,2004,,,280,52,280
hepatitis_a,AZ,2005,,,231,52,231
hepatitis_a,AZ,2006,65,29,168,52,168
hepatitis_a,AZ,2007,135,41,177,52,178
hepatitis_a,AZ,2008,61,34,108,54,108
hepatitis_a,AZ,2009,57,30,74,52,74
hepatitis_a,AZ,2010,41,22,67,52,67
hepatitis_a,AZ,2011,6,5,16,52,16
hepatitis_a,AZ,2012,35,21,96,52,96
hepatitis_a,AZ,2013,15,14,62,52,62
hepatitis_a,AZ,2014,5,4,27,53,28
hepatitis_a,AZ,2015,36,23,54,53,54
hepatitis_a,AZ,2016,21,18,35,53,35
hepatitis_a,AZ,2017,35,24,59,52,59
hepatitis_a,CA,1966,5933,52,,,
hepatitis_a,CA,1967,7480,52,,,
hepatitis_a,CA,1968,10821,52,,,
hepatitis_a,CA,1969,9051,50,,,
hepatitis_a,CA,1970,9422,50,,,
hepatitis_a,CA,1971,9623,51,,,
hepatitis_a,CA,1972,7190,47,,,
hepatitis_a,CA,1973,6875,49,,,
hepatitis_a,CA,1974,5547,48,,,
hepatitis_a,CA,1975,5134,51,,,
hepatitis_a,CA,1976,5590,51,,,
hepatitis_a,CA,1977,4741,44,,,
hepatitis_a,CA,1978,4301,45,,,
hepatitis_a,CA,1979,4101,44,,,
hepatitis_a,CA,1980,3673,33,,,
hepatitis_a,CA,1981,5147,44,,,
hepatitis_a,CA,1982,3726,44,,,
hepatitis_a,CA,1983,3922,42,,,
hepatitis_a,CA,1984,6021,43,,,
hepatitis_a,CA,1985,5371,39,,,
hepatitis_a,CA,1986,6014,40,,,
hepatitis_a,CA,1987,5956,45,,,
hepatitis_a,CA,1988,,,5879,51,5879
hepatitis_a,CA,1989,,,7080,52,7080
hepatitis_a,CA,1990,,,6085,52,6085
hepatitis_a,CA,1991,,,5026,52,5026
hepatitis_a,CA,1992,,,4778,52,4778
hepatitis_a,CA,1993,,,5577,52,5577
hepatitis_a,CA,1994,,,6230,52,6230
hepatitis_a,CA,1995,,,6470,52,6470
hepatitis_a,CA,1996,,,1866,66,6484
hepatitis_a,CA,1997,,,6283,52,6283
hepatitis_a,CA,1998,,,4148,52,4148
hepatitis_a,CA,1999,,,3401,52,3401
hepatitis_a,CA,2000,,,2807,52,2807
hepatitis_a,CA,2001,,,1793,52,1793
hepatitis_a,CA,2002,,,1411,52,1411
hepatitis_a,CA,2003,,,1118,52,1118
hepatitis_a,CA,2004,,,845,52,845
hepatitis_a,CA,2005,,,918,52,918
hepatitis_a,CA,2006,688,49,922,52,922
hepatitis_a,CA,2007,304,44,539,52,539
hepatitis_a,CA,2008,337,47,435,54,435
hepatitis_a,CA,2009,238,48,266,52,266
hepatitis_a,CA,2010,199,46,213,52,213
hepatitis_a,CA,2011,86,29,155,52,155
hepatitis_a,CA,2012,10,9,166,52,166
hepatitis_a,CA,2013,20,16,2,53,241
hepatitis_a,CA,2014,14,11,128,53,134
hepatitis_a,CA,2015,,,159,53,159
hepatitis_a,CA,2016,10,9,194,53,194
hepatitis_a,CA,2017,35,25,795,49,795
hepatitis_a,CO,1966,292,48,,,
hepatitis_a,CO,1967,294,43,,,
hepatitis_a,CO,1968,715,43,,,
hepatitis_a,CO,1969,587,43,,,
hepatitis_a,CO,1970,915,41,,,
hepatitis_a,CO,1971,751,47,,,
hepatitis_a,CO,1972,639,44,,,
hepatitis_a,CO,1973,495,48,,,
hepatitis_a,CO,1974,256,38,,,
hepatitis_a,CO,1975,239,46,,,
hepatitis_a,CO,1976,426,51,,,
hepatitis_a,CO,1977,509,51,,,
hepatitis_a,CO,1978,446,49,,,
hepatitis_a,CO,1979,482,51,,,
hepatitis_a,CO,1980,591,38,,,
hepatitis_a,CO,1981,536,48,,,
hepatitis_a,CO,1982,331,49,,,
hepatitis_a,CO,1983,394,50,,,
hepatitis_a,CO,1984,544,48,,,
hepatitis_a,CO,1985,299,43,,,
hepatitis_a,CO,1986,158,37,,,
hepatitis_a,CO,1987,424,50,,,
hepatitis_a,CO,1988,,,241,51,241
hepatitis_a,CO,1989,,,524,52,524
hepatitis_a,CO,1990,,,334,52,334
hepatitis_a,CO,1991,,,658,52,658
hepatitis_a,CO,1992,,,858,52,858
hepatitis_a,CO,1993,,,854,52,854
hepatitis_a,CO,1994,20,1,602,52,602
hepatitis_a,CO,1995,,,512,52,512
hepatitis_a,CO,1996,,,109,66,521
hepatitis_a,CO,1997,,,406,52,406
hepatitis_a,CO,1998,,,351,52,351
hepatitis_a,CO,1999,,,215,52,215
hepatitis_a,CO,2000,,,208,52,208
hepatitis_a,CO,2001,,,90,52,90
hepatitis_a,CO,2002,,,75,52,75
hepatitis_a,CO,2003,,,68,52,68
hepatitis_a,CO,2004,,,53,52,53
hepatitis_a,CO,2005,,,48,52,48
hepatitis_a,CO,2006,21,15,39,52,39
hepatitis_a,CO,2007,22,18,24,52,24
hepatitis_a,CO,2008,23,16,35,54,35
hepatitis_a,CO,2009,28,18,52,52,52
hepatitis_a,CO,2010,14,13,35,52,35
hepatitis_a,CO,2011,12,10,18,52,18
hepatitis_a,CO,2012,,,27,52,27
hepatitis_a,CO,2013,3,3,42,52,42
hepatitis_a,CO,2014,6,5,23,53,23
hepatitis_a,CO,2015,11,10,22,53,22
hepatitis_a,CO,2016,13,12,13,53,13
hepatitis_a,CO,2017,40,23,62,52,62
hepatitis_a,CT,1966,334,52,,,
hepatitis_a,CT,1967,583,52,,,
hepatitis_a,CT,1968,502,52,,,
hepatitis_a,CT,1969,617,50,,,
hepatitis_a,CT,1970,860,51,,,
hepatitis_a,CT,1971,877,51,,,
hepatitis_a,CT,1972,687,47,,,
hepatitis_a,CT,1973,661,51,,,
hepatitis_a,CT,1974,526,49,,,
hepatitis_a,CT,1975,417,51,,,
hepatitis_a,CT,1976,427,50,,,
hepatitis_a,CT,1977,274,49,,,
hepatitis_a,CT,1978,165,45,,,
hepatitis_a,CT,1979,167,45,,,
hepatitis_a,CT,1980,110,31,,,
hepatitis_a,CT,1981,129,42,,,
hepatitis_a,CT,1982,82,36,,,
hepatitis_a,CT,1983,88,40,,,
hepatitis_a,CT,1984,74,36,,,
hepatitis_a,CT,1985,118,29,,,
hepatitis_a,CT,1986,124,35,,,
hepatitis_a,CT,1987,172,39,,,
hepatitis_a,CT,1988,,,297,51,297
hepatitis_a,CT,1989,,,316,52,316
hepatitis_a,CT,1990,,,130,52,130
hepatitis_a,CT,1991,,,113,52,113
hepatitis_a,CT,1992,,,71,52,71
hepatitis_a,CT,1993,,,113,52,113
hepatitis_a,CT,1994,7,1,97,52,97
hepatitis_a,CT,1995,,,97,52,97
hepatitis_a,CT,1996,,,23,66,135
hepatitis_a,CT,1997,,,144,52,144
hepatitis_a,CT,1998,,,98,52,98
hepatitis_a,CT,1999,,,103,52,103
hepatitis_a,CT,2000,,,166,52,166
hepatitis_a,CT,2001,,,234,52,234
hepatitis_a,CT,2002,,,92,52,92
hepatitis_a,CT,2003,,,82,52,82
hepatitis_a,CT,2004,,,69,52,69
hepatitis_a,CT,2005,,,50,52,50
hepatitis_a,CT,2006,38,28,43,52,43
hepatitis_a,CT,2007,24,16,26,52,26
hepatitis_a,CT,2008,24,15,26,54,26
hepatitis_a,CT,2009,16,13,18,52,18
hepatitis_a,CT,2010,20,17,29,52,29
hepatitis_a,CT,2011,1,1,19,52,19
hepatitis_a,CT,2012,,,23,52,23
hepatitis_a,CT,2013,,,17,52,17
hepatitis_a,CT,2014,,,22,53,26
hepatitis_a,CT,2015,,,7,53,8
hepatitis_a,CT,2016,1,1,11,53,11
hepatitis_a,CT,2017,1,1,16,52,16
hepatitis_a,DC,1966,38,25,,,
hepatitis_a,DC,1967,42,29,,,
hepatitis_a,DC,1968,67,36,,,
hepatitis_a,DC,1969,58,28,,,
hepatitis_a,DC,1970,87,37,,,
hepatitis_a,DC,1971,60,31,,,
hepatitis_a,DC,1972,95,38,,,
hepatitis_a,DC,1973,67,32,,,
hepatitis_a,DC,1974,42,21,,,
hepatitis_a,DC,1975,90,35,,,
hepatitis_a,DC,1976,101,30,,,
hepatitis_a,DC,1977,34,18,,,
hepatitis_a,DC,1978,30,18,,,
hepatitis_a,DC,1979,33,21,,,
hepatitis_a,DC,1980,36,17,,,
hepatitis_a,DC,1981,31,22,,,
hepatitis_a,DC,1982,23,17,,,
hepatitis_a,DC,1983,12,10,,,
hepatitis_a,DC,1984,11,8,,,
hepatitis_a,DC,1985,10,8,,,
hepatitis_a,DC,1986,14,11,,,
hepatitis_a,DC,1987,38,26,,,
hepatitis_a,DC,1988,,,18,51,18
hepatitis_a,DC,1989,,,12,52,12
hepatitis_a,DC,1990,,,15,52,15
hepatitis_a,DC,1991,,,77,52,77
hepatitis_a,DC,1992,,,17,52,17
hepatitis_a,DC,1993,,,11,52,11
hepatitis_a,DC,1994,6,1,29,52,29
hepatitis_a,DC,1995,,,21,52,21
hepatitis_a,DC,1996,,,6,66,39
hepatitis_a,DC,1997,,,36,52,36
hepatitis_a,DC,1998,,,64,52,64
hepatitis_a,DC,1999,,,59,52,59
hepatitis_a,DC,2000,,,40,52,40
hepatitis_a,DC,2001,,,73,52,73
hepatitis_a,DC,2002,,,80,52,80
hepatitis_a,DC,2003,,,43,52,43
hepatitis_a,DC,2004,,,7,52,7
hepatitis_a,DC,2005,,,6,52,6
hepatitis_a,DC,2006,6,6,8,52,8
hepatitis_a,DC,2007,8,2,14,52,14
hepatitis_a,DC,2010,,,1,52,1
hepatitis_a,DC,2015,,,1,32,1
hepatitis_a,DC,2017,,,1,52,1
hepatitis_a,DE,1966,79,36,,,
hepatitis_a,DE,1967,173,44,,,
hepatitis_a,DE,1968,146,43,,,
hepatitis_a,DE,1969,67,30,,,
hepatitis_a,DE,1970,135,43,,,
hepatitis_a,DE,1971,138,46,,,
hepatitis_a,DE,1972,131,39,,,
hepatitis_a,DE,1973,97,39,,,
hepatitis_a,DE,1974,32,22,,,
hepatitis_a,DE,1975,50,23,,,
hepatitis_a,DE,1976,47,26,,,
hepatitis_a,DE,1977,43,25,,,
hepatitis_a,DE,1978,40,21,,,
hepatitis_a,DE,1979,27,15,,,
hepatitis_a,DE,1980,34,17,,,
hepatitis_a,DE,1981,56,34,,,
hepatitis_a,DE,1982,46,31,,,
hepatitis_a,DE,1983,32,28,,,
hepatitis_a,DE,1984,44,23,,,
hepatitis_a,DE,1985,38,23,,,
hepatitis_a,DE,1986,62,33,,,
hepatitis_a,DE,1987,38,17,,,
hepatitis_a,DE,1988,,,48,51,48
hepatitis_a,DE,1989,,,87,52,87
hepatitis_a,DE,1990,,,105,52,105
hepatitis_a,DE,1991,,,13,52,13
hepatitis_a,DE,1992,,,56,52,56
hepatitis_a,DE,1993,,,12,52,12
hepatitis_a,DE,1994,3,1,17,52,17
hepatitis_a,DE,1995,,,10,52,10
hepatitis_a,DE,1996,,,5,66,21
hepatitis_a,DE,1997,,,31,52,31
hepatitis_a,DE,1998,,,6,52,6
hepatitis_a,DE,1999,,,2,52,2
hepatitis_a,DE,2001,,,15,52,15
hepatitis_a,DE,2002,,,13,52,13
hepatitis_a,DE,2003,,,8,52,8
hepatitis_a,DE,2004,,,6,52,6
hepatitis_a,DE,2005,,,5,52,5
hepatitis_a,DE,2006,,,12,52,12
hepatitis_a,DE,2007,2,2,8,52,8
hepatitis_a,DE,2008,1,1,7,54,7
hepatitis_a,DE,2009,,,4,52,4
hepatitis_a,DE,2010,3,3,7,52,7
hepatitis_a,DE,2011,,,2,52,2
hepatitis_a,DE,2012,4,4,8,52,8
hepatitis_a,DE,2013,1,1,4,52,4
hepatitis_a,DE,2014,,,1,53,1
hepatitis_a,DE,2015,,,2,53,2
hepatitis_a,DE,2016,,,1,53,1
hepatitis_a,DE,2017,2,2,6,52,6
hepatitis_a,FL,1966,649,51,,,
hepatitis_a,FL,1967,646,52,,,
hepatitis_a,FL,1968,1116,51,,,
hepatitis_a,FL,1969,1356,49,,,
hepatitis_a,FL,1970,1804,50,,,
hepatitis_a,FL,1971,2121,50,,,
hepatitis_a,FL,1972,2193,46,,,
hepatitis_a,FL,1973,3296,49,,,
hepatitis_a,FL,1974,3439,49,,,
hepatitis_a,FL,1975,2279,50,,,
hepatitis_a,FL,1976,1712,50,,,
hepatitis_a,FL,1977,1412,51,,,
hepatitis_a,FL,1978,1574,49,,,
hepatitis_a,FL,1979,1268,50,,,
hepatitis_a,FL,1980,1344,37,,,
hepatitis_a,FL,1981,1229,48,,,
hepatitis_a,FL,1982,967,49,,,
hepatitis_a,FL,1983,902,50,,,
hepatitis_a,FL,1984,678,48,,,
hepatitis_a,FL,1985,775,43,,,
hepatitis_a,FL,1986,898,40,,,
hepatitis_a,FL,1987,550,50,,,
hepatitis_a,FL,1988,,,649,51,649
hepatitis_a,FL,1989,,,1134,52,1134
hepatitis_a,FL,1990,,,590,52,590
hepatitis_a,FL,1991,,,785,52,785
hepatitis_a,FL,1992,,,535,52,535
hepatitis_a,FL,1993,,,676,52,676
hepatitis_a,FL,1994,83,1,767,52,767
hepatitis_a,FL,1995,,,621,52,621
hepatitis_a,FL,1996,,,80,66,620
hepatitis_a,FL,1997,,,644,52,644
hepatitis_a,FL,1998,,,546,52,546
hepatitis_a,FL,1999,,,749,52,749
hepatitis_a,FL,2000,,,577,52,577
hepatitis_a,FL,2001,,,866,52,866
hepatitis_a,FL,2002,,,1071,52,1071
hepatitis_a,FL,2003,,,410,52,410
hepatitis_a,FL,2004,,,296,52,296
hepatitis_a,FL,2005,,,289,52,289
hepatitis_a,FL,2006,217,50,217,52,217
hepatitis_a,FL,2007,159,47,155,52,155
hepatitis_a,FL,2008,153,49,146,54,146
hepatitis_a,FL,2009,173,46,180,52,180
hepatitis_a,FL,2010,152,49,142,52,142
hepatitis_a,FL,2011,96,46,89,52,89
hepatitis_a,FL,2012,94,40,89,52,89
hepatitis_a,FL,2013,117,43,116,52,116
hepatitis_a,FL,2014,88,38,90,53,110
hepatitis_a,FL,2015,107,44,111,53,111
hepatitis_a,FL,2016,116,43,122,53,122
hepatitis_a,FL,2017,75,21,213,52,213
hepatitis_a,GA,1966,509,47,,,
hepatitis_a,GA,1967,922,51,,,
hepatitis_a,GA,1968,990,50,,,
hepatitis_a,GA,1969,750,48,,,
hepatitis_a,GA,1970,763,51,,,
hepatitis_a,GA,1971,771,50,,,
hepatitis_a,GA,1972,712,47,,,
hepatitis_a,GA,1973,888,50,,,
hepatitis_a,GA,1974,1005,48,,,
hepatitis_a,GA,1975,1048,48,,,
hepatitis_a,GA,1976,1368,51,,,
hepatitis_a,GA,1977,1073,47,,,
hepatitis_a,GA,1978,528,43,,,
hepatitis_a,GA,1979,589,42,,,
hepatitis_a,GA,1980,597,38,,,
hepatitis_a,GA,1981,498,48,,,
hepatitis_a,GA,1982,342,46,,,
hepatitis_a,GA,1983,231,46,,,
hepatitis_a,GA,1984,170,44,,,
hepatitis_a,GA,1985,176,40,,,
hepatitis_a,GA,1986,160,39,,,
hepatitis_a,GA,1987,161,44,,,
hepatitis_a,GA,1988,,,599,51,599
hepatitis_a,GA,1989,,,383,52,383
hepatitis_a,GA,1990,,,365,52,365
hepatitis_a,GA,1991,,,231,52,231
hepatitis_a,GA,1992,,,218,52,218
hepatitis_a,GA,1993,,,101,52,101
hepatitis_a,GA,1994,21,1,33,52,36
hepatitis_a,GA,1995,,,61,52,61
hepatitis_a,GA,1996,,,2,66,157
hepatitis_a,GA,1997,,,656,52,656
hepatitis_a,GA,1998,,,675,52,675
hepatitis_a,GA,1999,,,464,52,464
hepatitis_a,GA,2000,,,289,52,289
hepatitis_a,GA,2001,,,969,52,969
hepatitis_a,GA,2002,,,420,52,420
hepatitis_a,GA,2003,,,858,52,858
hepatitis_a,GA,2004,,,315,52,317
hepatitis_a,GA,2005,,,108,52,108
hepatitis_a,GA,2006,42,28,65,52,65
hepatitis_a,GA,2007,41,24,67,52,69
hepatitis_a,GA,2008,33,25,45,54,45
hepatitis_a,GA,2009,41,31,54,52,54
hepatitis_a,GA,2010,26,20,39,52,39
hepatitis_a,GA,2011,31,25,51,52,51
hepatitis_a,GA,2012,17,11,48,52,48
hepatitis_a,GA,2013,30,23,47,52,47
hepatitis_a,GA,2014,31,22,25,53,54
hepatitis_a,GA,2015,25,17,49,53,49
hepatitis_a,GA,2016,36,24,64,53,64
hepatitis_a,GA,2017,32,22,49,52,49
hepatitis_a,GU,1972,37,10,,,
hepatitis_a,GU,1973,2,1,,,
hepatitis_a,GU,1986,11,6,,,
hepatitis_a,GU,1987,5,3,,,
hepatitis_a,GU,1988,,,9,51,9
hepatitis_a,GU,1989,,,8,52,8
hepatitis_a,GU,1990,,,12,52,12
hepatitis_a,GU,1992,,,5,52,7
hepatitis_a,GU,1993,,,2,52,2
hepatitis_a,GU,1994,,,44,52,44
hepatitis_a,GU,1995,,,6,52,6
hepatitis_a,GU,1996,,,2,66,5
hepatitis_a,GU,1999,,,2,52,2
hepatitis_a,GU,2004,,,1,52,1
hepatitis_a,GU,2010,2,1,22,52,22
hepatitis_a,GU,2011,,,8,52,8
hepatitis_a,HI,1966,56,27,,,
hepatitis_a,HI,1967,45,22,,,
hepatitis_a,HI,1968,122,33,,,
hepatitis_a,HI,1969,115,40,,,
hepatitis_a,HI,1970,237,44,,,
hepatitis_a,HI,1971,336,46,,,
hepatitis_a,HI,1972,316,46,,,
hepatitis_a,HI,1973,196,46,,,
hepatitis_a,HI,1974,130,42,,,
hepatitis_a,HI,1975,240,39,,,
hepatitis_a,HI,1976,126,41,,,
hepatitis_a,HI,1977,137,39,,,
hepatitis_a,HI,1978,153,43,,,
hepatitis_a,HI,1979,135,44,,,
hepatitis_a,HI,1980,69,25,,,
hepatitis_a,HI,1981,111,32,,,
hepatitis_a,HI,1982,76,32,,,
hepatitis_a,HI,1983,48,22,,,
hepatitis_a,HI,1984,32,18,,,
hepatitis_a,HI,1985,43,22,,,
hepatitis_a,HI,1986,15,11,,,
hepatitis_a,HI,1987,37,16,,,
hepatitis_a,HI,1988,,,12,51,12
hepatitis_a,HI,1989,,,174,52,174
hepatitis_a,HI,1990,,,76,52,76
hepatitis_a,HI,1991,,,72,52,72
hepatitis_a,HI,1992,,,168,52,168
hepatitis_a,HI,1993,,,69,52,69
hepatitis_a,HI,1994,7,1,59,52,61
hepatitis_a,HI,1995,,,151,52,151
hepatitis_a,HI,1996,,,23,66,106
hepatitis_a,HI,1997,,,134,52,134
hepatitis_a,HI,1998,,,40,52,40
hepatitis_a,HI,1999,,,21,52,21
hepatitis_a,HI,2000,,,13,52,13
hepatitis_a,HI,2001,,,3,52,3
hepatitis_a,HI,2002,,,2,52,2
hepatitis_a,HI,2003,,,12,52,12
hepatitis_a,HI,2004,,,27,52,27
hepatitis_a,HI,2005,,,24,52,24
hepatitis_a,HI,2006,3,3,13,52,13
hepatitis_a,HI,2007,1,1,2,52,4
hepatitis_a,HI,2008,,,17,54,17
hepatitis_a,HI,2009,1,1,6,52,6
hepatitis_a,HI,2010,,,4,52,4
hepatitis_a,HI,2011,2,2,8,52,8
hepatitis_a,HI,2012,4,3,6,52,6
hepatitis_a,HI,2013,,,16,52,16
hepatitis_a,HI,2014,,,5,53,5
hepatitis_a,HI,2015,,,6,53,6
hepatitis_a,HI,2016,38,8,244,53,244
hepatitis_a,HI,2017,2,2,8,52,8
hepatitis_a,IA,1966,526,52,,,
hepatitis_a,IA,1967,329,50,,,
hepatitis_a,IA,1968,492,52,,,
hepatitis_a,IA,1969,358,50,,,
hepatitis_a,IA,1970,338,50,,,
hepatitis_a,IA,1971,301,51,,,
hepatitis_a,IA,1972,260,46,,,
hepatitis_a,IA,1973,234,44,,,
hepatitis_a,IA,1974,220,43,,,
hepatitis_a,IA,1975,191,43,,,
hepatitis_a,IA,1976,109,35,,,
hepatitis_a,IA,1977,115,35,,,
hepatitis_a,IA,1978,136,41,,,
hepatitis_a,IA,1979,181,47,,,
hepatitis_a,IA,1980,123,34,,,
hepatitis_a,IA,1981,206,45,,,
hepatitis_a,IA,1982,76,36,,,
hepatitis_a,IA,1983,29,20,,,
hepatitis_a,IA,1984,59,32,,,
hepatitis_a,IA,1985,39,23,,,
hepatitis_a,IA,1986,38,19,,,
hepatitis_a,IA,1987,109,37,,,
hepatitis_a,IA,1988,,,50,51,50
hepatitis_a,IA,1989,,,182,52,182
hepatitis_a,IA,1990,,,276,52,276
hepatitis_a,IA,1991,,,48,52,48
hepatitis_a,IA,1992,,,53,52,53
hepatitis_a,IA,1993,,,59,52,59
hepatitis_a,IA,1994,5,1,64,52,64
hepatitis_a,IA,1995,,,92,52,92
hepatitis_a,IA,1996,,,129,66,348
hepatitis_a,IA,1997,,,484,52,484
hepatitis_a,IA,1998,,,399,52,399
hepatitis_a,IA,1999,,,150,52,150
hepatitis_a,IA,2000,,,68,52,68
hepatitis_a,IA,2001,,,36,52,37
hepatitis_a,IA,2002,,,80,52,80
hepatitis_a,IA,2003,,,39,52,39
hepatitis_a,IA,2004,,,55,52,55
hepatitis_a,IA,2005,,,22,52,22
hepatitis_a,IA,2006,,,12,52,12
hepatitis_a,IA,2007,3,3,45,52,45
hepatitis_a,IA,2008,2,1,106,54,106
hepatitis_a,IA,2009,,,35,52,35
hepatitis_a,IA,2010,,,11,52,11
hepatitis_a,IA,2011,1,1,8,52,8
hepatitis_a,IA,2012,,,6,52,6
hepatitis_a,IA,2013,,,15,52,15
hepatitis_a,IA,2014,1,1,10,53,10
hepatitis_a,IA,2015,,,14,53,14
hepatitis_a,IA,2016,,,15,53,15
hepatitis_a,IA,2017,,,7,52,7
hepatitis_a,ID,1966,180,43,,,
hepatitis_a,ID,1967,133,38,,,
hepatitis_a,ID,1968,129,40,,,
hepatitis_a,ID,1969,79,36,,,
hepatitis_a,ID,1970,168,43,,,
hepatitis_a,ID,1971,353,50,,,
hepatitis_a,ID,1972,348,46,,,
hepatitis_a,ID,1973,211,46,,,
hepatitis_a,ID,1974,123,44,,,
hepatitis_a,ID,1975,171,37,,,
hepatitis_a,ID,1976,129,38,,,
hepatitis_a,ID,1977,138,40,,,
hepatitis_a,ID,1978,221,46,,,
hepatitis_a,ID,1979,131,41,,,
hepatitis_a,ID,1980,83,26,,,
hepatitis_a,ID,1981,245,44,,,
hepatitis_a,ID,1982,55,29,,,
hepatitis_a,ID,1983,101,36,,,
hepatitis_a,ID,1984,85,31,,,
hepatitis_a,ID,1985,204,38,,,
hepatitis_a,ID,1986,120,31,,,
hepatitis_a,ID,1987,335,49,,,
hepatitis_a,ID,1988,,,130,51,130
hepatitis_a,ID,1989,,,166,52,166
hepatitis_a,ID,1990,,,93,52,93
hepatitis_a,ID,1991,,,100,52,100
hepatitis_a,ID,1992,,,117,52,117
hepatitis_a,ID,1993,,,288,52,288
hepatitis_a,ID,1994,47,1,381,52,381
hepatitis_a,ID,1995,,,343,52,343
hepatitis_a,ID,1996,,,104,66,250
hepatitis_a,ID,1997,,,144,52,144
hepatitis_a,ID,1998,,,235,52,235
hepatitis_a,ID,1999,,,48,52,48
hepatitis_a,ID,2000,,,46,52,46
hepatitis_a,ID,2001,,,57,52,57
hepatitis_a,ID,2002,,,31,52,31
hepatitis_a,ID,2003,,,18,52,18
hepatitis_a,ID,2004,,,21,52,21
hepatitis_a,ID,2005,,,22,52,22
hepatitis_a,ID,2006,3,4,9,52,9
hepatitis_a,ID,2007,7,5,8,52,8
hepatitis_a,ID,2008,16,12,18,54,18
hepatitis_a,ID,2009,3,3,4,52,4
hepatitis_a,ID,2010,6,6,8,52,8
hepatitis_a,ID,2011,6,6,6,52,6
hepatitis_a,ID,2012,8,6,11,52,11
hepatitis_a,ID,2013,5,5,7,52,7
hepatitis_a,ID,2014,6,6,7,53,7
hepatitis_a,ID,2015,6,6,10,53,10
hepatitis_a,ID,2016,5,5,7,53,7
hepatitis_a,ID,2017,7,6,4,52,6
hepatitis_a,IL,1966,1120,52,,,
hepatitis_a,IL,1967,1646,52,,,
hepatitis_a,IL,1968,1888,51,,,
hepatitis_a,IL,1969,1677,50,,,
hepatitis_a,IL,1970,1683,51,,,
hepatitis_a,IL,1971,2115,51,,,
hepatitis_a,IL,1972,2115,47,,,
hepatitis_a,IL,1973,2109,50,,,
hepatitis_a,IL,1974,1608,47,,,
hepatitis_a,IL,1975,1205,51,,,
hepatitis_a,IL,1976,1103,52,,,
hepatitis_a,IL,1977,1120,51,,,
hepatitis_a,IL,1978,1126,49,,,
hepatitis_a,IL,1979,1003,51,,,
hepatitis_a,IL,1980,769,37,,,
hepatitis_a,IL,1981,711,48,,,
hepatitis_a,IL,1982,323,49,,,
hepatitis_a,IL,1983,148,45,,,
hepatitis_a,IL,1984,189,43,,,
hepatitis_a,IL,1985,82,33,,,
hepatitis_a,IL,1986,146,28,,,
hepatitis_a,IL,1987,223,36,,,
hepatitis_a,IL,1988,,,621,51,621
hepatitis_a,IL,1989,,,938,52,938
hepatitis_a,IL,1990,,,1278,52,1278
hepatitis_a,IL,1991,,,1293,52,1293
hepatitis_a,IL,1992,,,645,52,645
hepatitis_a,IL,1993,,,842,52,842
hepatitis_a,IL,1994,27,1,455,52,455
hepatitis_a,IL,1995,,,526,52,526
hepatitis_a,IL,1996,,,147,66,621
hepatitis_a,IL,1997,,,702,52,702
hepatitis_a,IL,1998,,,711,52,711
hepatitis_a,IL,1999,,,746,52,746
hepatitis_a,IL,2000,,,639,52,639
hepatitis_a,IL,2001,,,458,52,458
hepatitis_a,IL,2002,,,274,52,274
hepatitis_a,IL,2003,,,201,52,201
hepatitis_a,IL,2004,,,184,52,184
hepatitis_a,IL,2005,,,92,52,92
hepatitis_a,IL,2006,0,1,61,52,61
hepatitis_a,IL,2007,,,101,52,101
hepatitis_a,IL,2008,,,98,54,98
hepatitis_a,IL,2009,1,1,107,52,107
hepatitis_a,IL,2010,,,46,52,46
hepatitis_a,IL,2011,,,53,52,53
hepatitis_a,IL,2012,,,61,52,61
hepatitis_a,IL,2013,,,63,52,63
hepatitis_a,IL,2014,,,71,53,71
hepatitis_a,IL,2015,,,50,53,50
hepatitis_a,IL,2016,2,2,62,53,62
hepatitis_a,IL,2017,,,53,52,53
hepatitis_a,IN,1966,464,52,,,
hepatitis_a,IN,1967,608,51,,,
hepatitis_a,IN,1968,506,51,,,
hepatitis_a,IN,1969,566,48,,,
hepatitis_a,IN,1970,584,49,,,
hepatitis_a,IN,1971,585,50,,,
hepatitis_a,IN,1972,484,47,,,
hepatitis_a,IN,1973,550,49,,,
hepatitis_a,IN,1974,481,37,,,
hepatitis_a,IN,1975,453,45,,,
hepatitis_a,IN,1976,323,48,,,
hepatitis_a,IN,1977,243,47,,,
hepatitis_a,IN,1978,191,45,,,
hepatitis_a,IN,1979,273,47,,,
hepatitis_a,IN,1980,279,36,,,
hepatitis_a,IN,1981,564,45,,,
hepatitis_a,IN,1982,621,47,,,
hepatitis_a,IN,1983,270,41,,,
hepatitis_a,IN,1984,102,40,,,
hepatitis_a,IN,1985,95,32,,,
hepatitis_a,IN,1986,84,32,,,
hepatitis_a,IN,1987,188,37,,,
hepatitis_a,IN,1988,,,157,51,157
hepatitis_a,IN,1989,,,216,52,216
hepatitis_a,IN,1990,,,263,52,263
hepatitis_a,IN,1991,,,410,52,410
hepatitis_a,IN,1992,,,758,52,758
hepatitis_a,IN,1993,,,633,52,633
hepatitis_a,IN,1994,57,1,362,52,362
hepatitis_a,IN,1995,,,187,52,187
hepatitis_a,IN,1996,,,101,66,357
hepatitis_a,IN,1997,,,322,52,322
hepatitis_a,IN,1998,,,339,52,339
hepatitis_a,IN,1999,,,109,52,109
hepatitis_a,IN,2000,,,123,52,123
hepatitis_a,IN,2001,,,104,52,104
hepatitis_a,IN,2002,,,47,52,47
hepatitis_a,IN,2003,,,75,52,75
hepatitis_a,IN,2004,,,96,52,96
hepatitis_a,IN,2005,,,55,52,55
hepatitis_a,IN,2006,31,21,29,52,30
hepatitis_a,IN,2007,29,17,29,52,30
hepatitis_a,IN,2008,8,6,22,54,22
hepatitis_a,IN,2009,,,15,52,16
hepatitis_a,IN,2010,1,1,17,52,17
hepatitis_a,IN,2011,1,1,13,52,13
hepatitis_a,IN,2012,,,7,52,7
hepatitis_a,IN,2013,,,28,52,28
hepatitis_a,IN,2014,,,18,53,24
hepatitis_a,IN,2015,,,16,53,16
hepatitis_a,IN,2016,,,15,53,15
hepatitis_a,IN,2017,,,17,52,17
hepatitis_a,KS,1966,195,45,,,
hepatitis_a,KS,1967,212,46,,,
hepatitis_a,KS,1968,410,52,,,
hepatitis_a,KS,1969,276,48,,,
hepatitis_a,KS,1970,555,50,,,
hepatitis_a,KS,1971,579,50,,,
hepatitis_a,KS,1972,427,46,,,
hepatitis_a,KS,1973,531,50,,,
hepatitis_a,KS,1974,420,48,,,
hepatitis_a,KS,1975,328,47,,,
hepatitis_a,KS,1976,389,51,,,
hepatitis_a,KS,1977,335,48,,,
hepatitis_a,KS,1978,242,46,,,
hepatitis_a,KS,1979,193,43,,,
hepatitis_a,KS,1980,145,31,,,
hepatitis_a,KS,1981,151,41,,,
hepatitis_a,KS,1982,217,34,,,
hepatitis_a,KS,1983,76,24,,,
hepatitis_a,KS,1984,60,22,,,
hepatitis_a,KS,1985,64,24,,,
hepatitis_a,KS,1986,74,26,,,
hepatitis_a,KS,1987,399,45,,,
hepatitis_a,KS,1988,,,368,51,368
hepatitis_a,KS,1989,,,223,52,224
hepatitis_a,KS,1990,,,239,52,239
hepatitis_a,KS,1991,,,89,52,89
hepatitis_a,KS,1992,,,135,52,135
hepatitis_a,KS,1993,,,77,52,77
hepatitis_a,KS,1994,8,1,102,52,102
hepatitis_a,KS,1995,,,160,52,160
hepatitis_a,KS,1996,,,42,66,367
hepatitis_a,KS,1997,,,253,52,253
hepatitis_a,KS,1998,,,106,52,106
hepatitis_a,KS,1999,,,40,52,40
hepatitis_a,KS,2000,,,110,52,110
hepatitis_a,KS,2001,,,180,52,180
hepatitis_a,KS,2002,,,70,52,70
hepatitis_a,KS,2003,,,28,52,29
hepatitis_a,KS,2004,,,27,52,27
hepatitis_a,KS,2005,,,16,52,17
hepatitis_a,KS,2006,16,11,27,52,27
hepatitis_a,KS,2007,3,3,9,52,9
hepatitis_a,KS,2008,6,4,14,54,14
hepatitis_a,KS,2009,2,2,7,52,7
hepatitis_a,KS,2010,1,1,11,52,12
hepatitis_a,KS,2011,,,3,52,3
hepatitis_a,KS,2012,,,13,52,13
hepatitis_a,KS,2013,,,11,52,11
hepatitis_a,KS,2014,,,6,53,6
hepatitis_a,KS,2015,,,7,53,7
hepatitis_a,KS,2016,,,4,53,4
hepatitis_a,KS,2017,,,6,52,6
hepatitis_a,KY,1966,948,52,,,
hepatitis_a,KY,1967,1144,52,,,
hepatitis_a,KY,1968,1153,52,,,
hepatitis_a,KY,1969,1222,50,,,
hepatitis_a,KY,1970,1241,51,,,
hepatitis_a,KY,1971,1132,50,,,
hepatitis_a,KY,1972,950,45,,,
hepatitis_a,KY,1973,1040,51,,,
hepatitis_a,KY,1974,840,47,,,
hepatitis_a,KY,1975,911,47,,,
hepatitis_a,KY,1976,587,43,,,
hepatitis_a,KY,1977,444,32,,,
hepatitis_a,KY,1978,238,31,,,
hepatitis_a,KY,1979,269,37,,,
hepatitis_a,KY,1980,338,34,,,
hepatitis_a,KY,1981,318,41,,,
hepatitis_a,KY,1982,324,47,,,
hepatitis_a,KY,1983,929,49,,,
hepatitis_a,KY,1984,314,46,,,
hepatitis_a,KY,1985,160,38,,,
hepatitis_a,KY,1986,65,29,,,
hepatitis_a,KY,1987,168,37,,,
hepatitis_a,KY,1988,,,471,51,471
hepatitis_a,KY,1989,,,129,52,129
hepatitis_a,KY,1990,,,92,52,92
hepatitis_a,KY,1991,,,71,52,71
hepatitis_a,KY,1992,,,128,52,128
hepatitis_a,KY,1993,,,136,52,136
hepatitis_a,KY,1994,30,1,197,52,197
hepatitis_a,KY,1995,,,44,52,44
hepatitis_a,KY,1996,,,6,66,46
hepatitis_a,KY,1997,,,75,52,75
hepatitis_a,KY,1998,,,26,52,26
hepatitis_a,KY,1999,,,63,52,63
hepatitis_a,KY,2000,,,59,52,59
hepatitis_a,KY,2001,,,137,52,137
hepatitis_a,KY,2002,,,43,52,43
hepatitis_a,KY,2003,,,32,52,32
hepatitis_a,KY,2004,,,30,52,30
hepatitis_a,KY,2005,,,24,52,25
hepatitis_a,KY,2006,11,8,33,52,33
hepatitis_a,KY,2007,10,8,20,52,20
hepatitis_a,KY,2008,15,14,29,54,29
hepatitis_a,KY,2009,4,4,12,52,12
hepatitis_a,KY,2010,8,7,23,52,23
hepatitis_a,KY,2011,1,1,10,52,10
hepatitis_a,KY,2012,5,3,23,52,23
hepatitis_a,KY,2013,12,11,24,52,24
hepatitis_a,KY,2014,5,4,14,53,14
hepatitis_a,KY,2015,1,1,16,53,16
hepatitis_a,KY,2016,5,4,8,53,8
hepatitis_a,KY,2017,37,16,56,52,56
hepatitis_a,LA,1966,423,52,,,
hepatitis_a,LA,1967,588,50,,,
hepatitis_a,LA,1968,677,51,,,
hepatitis_a,LA,1969,737,49,,,
hepatitis_a,LA,1970,564,50,,,
hepatitis_a,LA,1971,654,49,,,
hepatitis_a,LA,1972,589,46,,,
hepatitis_a,LA,1973,755,47,,,
hepatitis_a,LA,1974,425,46,,,
hepatitis_a,LA,1975,425,48,,,
hepatitis_a,LA,1976,388,50,,,
hepatitis_a,LA,1977,505,45,,,
hepatitis_a,LA,1978,541,42,,,
hepatitis_a,LA,1979,591,45,,,
hepatitis_a,LA,1980,488,35,,,
hepatitis_a,LA,1981,701,47,,,
hepatitis_a,LA,1982,721,49,,,
hepatitis_a,LA,1983,604,49,,,
hepatitis_a,LA,1984,293,40,,,
hepatitis_a,LA,1985,109,31,,,
hepatitis_a,LA,1986,87,30,,,
hepatitis_a,LA,1987,109,36,,,
hepatitis_a,LA,1988,,,164,51,164
hepatitis_a,LA,1989,,,272,52,272
hepatitis_a,LA,1990,,,214,52,214
hepatitis_a,LA,1991,,,134,52,134
hepatitis_a,LA,1992,,,217,52,217
hepatitis_a,LA,1993,,,95,52,95
hepatitis_a,LA,1994,9,1,157,52,157
hepatitis_a,LA,1995,,,151,52,151
hepatitis_a,LA,1996,,,20,66,221
hepatitis_a,LA,1997,,,238,52,238
hepatitis_a,LA,1998,,,145,52,145
hepatitis_a,LA,1999,,,204,52,204
hepatitis_a,LA,2000,,,71,52,71
hepatitis_a,LA,2001,,,61,52,61
hepatitis_a,LA,2002,,,71,52,71
hepatitis_a,LA,2003,,,58,52,58
hepatitis_a,LA,2004,,,55,52,55
hepatitis_a,LA,2005,,,68,52,68
hepatitis_a,LA,2006,,,25,52,25
hepatitis_a,LA,2007,,,29,52,29
hepatitis_a,LA,2008,,,11,54,11
hepatitis_a,LA,2009,1,1,3,52,3
hepatitis_a,LA,2010,1,1,12,52,12
hepatitis_a,LA,2011,1,1,5,52,5
hepatitis_a,LA,2012,,,6,52,6
hepatitis_a,LA,2013,1,1,11,52,11
hepatitis_a,LA,2014,,,7,53,10
hepatitis_a,LA,2015,2,2,7,53,7
hepatitis_a,LA,2016,4,4,9,53,9
hepatitis_a,LA,2017,,,7,52,7
hepatitis_a,MA,1966,554,52,,,
hepatitis_a,MA,1967,752,51,,,
hepatitis_a,MA,1968,1023,52,,,
hepatitis_a,MA,1969,2168,50,,,
hepatitis_a,MA,1970,2204,50,,,
hepatitis_a,MA,1971,1589,51,,,
hepatitis_a,MA,1972,1603,47,,,
hepatitis_a,MA,1973,1353,51,,,
hepatitis_a,MA,1974,349,49,,,
hepatitis_a,MA,1975,240,51,,,
hepatitis_a,MA,1976,198,51,,,
hepatitis_a,MA,1977,170,48,,,
hepatitis_a,MA,1978,177,50,,,
hepatitis_a,MA,1979,176,49,,,
hepatitis_a,MA,1980,113,37,,,
hepatitis_a,MA,1981,168,43,,,
hepatitis_a,MA,1982,164,49,,,
hepatitis_a,MA,1983,157,44,,,
hepatitis_a,MA,1984,179,45,,,
hepatitis_a,MA,1985,182,43,,,
hepatitis_a,MA,1986,197,41,,,
hepatitis_a,MA,1987,325,51,,,
hepatitis_a,MA,1988,,,385,51,385
hepatitis_a,MA,1989,,,239,52,239
hepatitis_a,MA,1990,,,391,52,391
hepatitis_a,MA,1991,,,285,52,285
hepatitis_a,MA,1992,,,290,52,290
hepatitis_a,MA,1993,,,215,52,215
hepatitis_a,MA,1994,23,1,106,52,106
hepatitis_a,MA,1995,,,142,52,142
hepatitis_a,MA,1996,,,34,66,203
hepatitis_a,MA,1997,,,241,52,241
hepatitis_a,MA,1998,,,106,52,106
hepatitis_a,MA,1999,,,122,52,122
hepatitis_a,MA,2000,,,123,52,123
hepatitis_a,MA,2001,,,311,52,311
hepatitis_a,MA,2002,,,138,52,138
hepatitis_a,MA,2003,,,205,52,205
hepatitis_a,MA,2004,,,884,52,884
hepatitis_a,MA,2005,,,355,52,355
hepatitis_a,MA,2006,2,2,51,52,51
hepatitis_a,MA,2007,,,49,52,49
hepatitis_a,MA,2008,2,2,38,54,38
hepatitis_a,MA,2009,1,1,59,52,59
hepatitis_a,MA,2010,,,44,52,44
hepatitis_a,MA,2011,,,31,52,31
hepatitis_a,MA,2012,,,32,52,32
hepatitis_a,MA,2013,,,42,52,42
hepatitis_a,MA,2014,,,38,53,38
hepatitis_a,MA,2015,,,31,53,31
hepatitis_a,MA,2016,5,4,62,53,62
hepatitis_a,MA,2017,2,2,43,52,43
hepatitis_a,MD,1966,812,52,,,
hepatitis_a,MD,1967,854,52,,,
hepatitis_a,MD,1968,741,52,,,
hepatitis_a,MD,1969,704,49,,,
hepatitis_a,MD,1970,907,51,,,
hepatitis_a,MD,1971,1082,51,,,
hepatitis_a,MD,1972,884,44,,,
hepatitis_a,MD,1973,669,49,,,
hepatitis_a,MD,1974,338,48,,,
hepatitis_a,MD,1975,393,51,,,
hepatitis_a,MD,1976,433,52,,,
hepatitis_a,MD,1977,364,49,,,
hepatitis_a,MD,1978,371,45,,,
hepatitis_a,MD,1979,363,47,,,
hepatitis_a,MD,1980,212,36,,,
hepatitis_a,MD,1981,179,44,,,
hepatitis_a,MD,1982,171,46,,,
hepatitis_a,MD,1983,124,44,,,
hepatitis_a,MD,1984,53,34,,,
hepatitis_a,MD,1985,65,31,,,
hepatitis_a,MD,1986,122,32,,,
hepatitis_a,MD,1987,240,50,,,
hepatitis_a,MD,1988,,,296,51,296
hepatitis_a,MD,1989,,,1130,52,1130
hepatitis_a,MD,1990,,,960,52,960
hepatitis_a,MD,1991,,,267,52,267
hepatitis_a,MD,1992,,,249,52,249
hepatitis_a,MD,1993,,,159,52,159
hepatitis_a,MD,1994,28,1,207,52,217
hepatitis_a,MD,1995,,,227,52,227
hepatitis_a,MD,1996,,,54,66,256
hepatitis_a,MD,1997,,,210,52,210
hepatitis_a,MD,1998,,,343,52,343
hepatitis_a,MD,1999,,,358,52,358
hepatitis_a,MD,2000,,,227,52,227
hepatitis_a,MD,2001,,,324,52,324
hepatitis_a,MD,2002,,,298,52,298
hepatitis_a,MD,2003,,,178,52,178
hepatitis_a,MD,2004,,,107,52,107
hepatitis_a,MD,2005,,,81,52,81
hepatitis_a,MD,2006,27,12,62,52,62
hepatitis_a,MD,2007,42,26,72,52,72
hepatitis_a,MD,2008,22,17,40,54,40
hepatitis_a,MD,2009,30,19,42,52,42
hepatitis_a,MD,2010,21,16,25,52,25
hepatitis_a,MD,2011,24,18,26,52,26
hepatitis_a,MD,2012,20,17,28,52,28
hepatitis_a,MD,2013,14,11,31,52,32
hepatitis_a,MD,2014,18,14,29,53,29
hepatitis_a,MD,2015,7,7,15,53,15
hepatitis_a,MD,2016,20,11,33,53,33
hepatitis_a,MD,2017,14,12,29,52,30
hepatitis_a,ME,1966,274,50,,,
hepatitis_a,ME,1967,162,50,,,
hepatitis_a,ME,1968,85,37,,,
hepatitis_a,ME,1969,235,43,,,
hepatitis_a,ME,1970,642,51,,,
hepatitis_a,ME,1971,494,49,,,
hepatitis_a,ME,1972,233,39,,,
hepatitis_a,ME,1973,69,34,,,
hepatitis_a,ME,1974,125,37,,,
hepatitis_a,ME,1975,34,19,,,
hepatitis_a,ME,1976,107,38,,,
hepatitis_a,ME,1977,25,14,,,
hepatitis_a,ME,1978,88,29,,,
hepatitis_a,ME,1979,122,35,,,
hepatitis_a,ME,1980,22,14,,,
hepatitis_a,ME,1981,34,26,,,
hepatitis_a,ME,1982,41,23,,,
hepatitis_a,ME,1983,27,17,,,
hepatitis_a,ME,1984,18,13,,,
hepatitis_a,ME,1985,17,14,,,
hepatitis_a,ME,1986,14,10,,,
hepatitis_a,ME,1987,25,16,,,
hepatitis_a,ME,1988,,,18,51,18
hepatitis_a,ME,1989,,,24,52,24
hepatitis_a,ME,1990,,,11,52,11
hepatitis_a,ME,1991,,,21,52,21
hepatitis_a,ME,1992,,,29,52,30
hepatitis_a,ME,1993,,,16,52,16
hepatitis_a,ME,1994,3,1,24,52,24
hepatitis_a,ME,1995,,,30,52,30
hepatitis_a,ME,1996,,,8,66,26
hepatitis_a,ME,1997,,,62,52,62
hepatitis_a,ME,1998,,,20,52,20
hepatitis_a,ME,1999,,,14,52,14
hepatitis_a,ME,2000,,,21,52,21
hepatitis_a,ME,2001,,,11,52,11
hepatitis_a,ME,2002,,,8,52,8
hepatitis_a,ME,2003,,,21,52,21
hepatitis_a,ME,2004,,,11,52,12
hepatitis_a,ME,2005,,,6,52,6
hepatitis_a,ME,2006,2,2,6,52,7
hepatitis_a,ME,2007,1,1,5,52,5
hepatitis_a,ME,2008,3,3,11,54,11
hepatitis_a,ME,2009,,,1,52,1
hepatitis_a,ME,2010,3,3,7,52,7
hepatitis_a,ME,2011,3,3,7,52,7
hepatitis_a,ME,2012,3,3,10,52,10
hepatitis_a,ME,2013,8,5,9,52,9
hepatitis_a,ME,2014,3,2,8,53,8
hepatitis_a,ME,2015,3,3,6,53,6
hepatitis_a,ME,2016,8,8,9,53,9
hepatitis_a,ME,2017,4,4,7,52,7
hepatitis_a,MI,1966,2572,52,,,
hepatitis_a,MI,1967,1890,52,,,
hepatitis_a,MI,1968,2185,52,,,
hepatitis_a,MI,1969,2916,50,,,
hepatitis_a,MI,1970,3809,51,,,
hepatitis_a,MI,1971,3913,51,,,
hepatitis_a,MI,1972,3319,47,,,
hepatitis_a,MI,1973,3333,51,,,
hepatitis_a,MI,1974,2657,49,,,
hepatitis_a,MI,1975,2018,51,,,
hepatitis_a,MI,1976,1657,52,,,
hepatitis_a,MI,1977,1538,51,,,
hepatitis_a,MI,1978,1162,50,,,
hepatitis_a,MI,1979,1094,51,,,
hepatitis_a,MI,1980,612,38,,,
hepatitis_a,MI,1981,744,48,,,
hepatitis_a,MI,1982,702,50,,,
hepatitis_a,MI,1983,591,49,,,
hepatitis_a,MI,1984,397,49,,,
hepatitis_a,MI,1985,319,44,,,
hepatitis_a,MI,1986,190,41,,,
hepatitis_a,MI,1987,574,51,,,
hepatitis_a,MI,1988,,,397,51,397
hepatitis_a,MI,1989,,,298,52,298
hepatitis_a,MI,1990,,,374,52,374
hepatitis_a,MI,1991,,,285,52,285
hepatitis_a,MI,1992,,,147,52,147
hepatitis_a,MI,1993,,,213,52,213
hepatitis_a,MI,1994,45,1,353,52,353
hepatitis_a,MI,1995,,,363,52,363
hepatitis_a,MI,1996,,,90,66,500
hepatitis_a,MI,1997,,,1336,52,1336
hepatitis_a,MI,1998,,,2141,52,2141
hepatitis_a,MI,1999,,,1254,52,1254
hepatitis_a,MI,2000,,,487,52,487
hepatitis_a,MI,2001,,,324,52,324
hepatitis_a,MI,2002,,,224,52,224
hepatitis_a,MI,2003,,,204,52,204
hepatitis_a,MI,2004,,,145,52,145
hepatitis_a,MI,2005,,,142,52,142
hepatitis_a,MI,2006,40,26,121,52,121
hepatitis_a,MI,2007,27,19,82,52,82
hepatitis_a,MI,2008,34,25,116,54,116
hepatitis_a,MI,2009,9,8,70,52,70
hepatitis_a,MI,2010,14,11,70,52,70
hepatitis_a,MI,2011,17,13,66,52,66
hepatitis_a,MI,2012,15,10,89,52,89
hepatitis_a,MI,2013,8,8,82,52,82
hepatitis_a,MI,2014,9,9,46,53,50
hepatitis_a,MI,2015,12,10,49,53,49
hepatitis_a,MI,2016,13,9,74,53,74
hepatitis_a,MI,2017,19,11,574,52,574
hepatitis_a,MN,1966,302,51,,,
hepatitis_a,MN,1967,493,52,,,
hepatitis_a,MN,1968,714,52,,,
hepatitis_a,MN,1969,374,49,,,
hepatitis_a,MN,1970,333,51,,,
hepatitis_a,MN,1971,304,51,,,
hepatitis_a,MN,1972,192,46,,,
hepatitis_a,MN,1973,216,48,,,
hepatitis_a,MN,1974,472,48,,,
hepatitis_a,MN,1975,409,41,,,
hepatitis_a,MN,1976,343,49,,,
hepatitis_a,MN,1977,452,48,,,
hepatitis_a,MN,1978,909,49,,,
hepatitis_a,MN,1979,477,51,,,
hepatitis_a,MN,1980,213,35,,,
hepatitis_a,MN,1981,107,39,,,
hepatitis_a,MN,1982,223,47,,,
hepatitis_a,MN,1983,159,45,,,
hepatitis_a,MN,1984,106,38,,,
hepatitis_a,MN,1985,186,31,,,
hepatitis_a,MN,1986,89,34,,,
hepatitis_a,MN,1987,148,40,,,
hepatitis_a,MN,1988,,,108,51,108
hepatitis_a,MN,1989,,,164,52,164
hepatitis_a,MN,1990,,,275,52,275
hepatitis_a,MN,1991,,,429,52,429
hepatitis_a,MN,1992,,,763,52,763
hepatitis_a,MN,1993,,,466,52,466
hepatitis_a,MN,1994,9,1,231,52,231
hepatitis_a,MN,1995,,,180,52,180
hepatitis_a,MN,1996,,,18,66,149
hepatitis_a,MN,1997,,,196,52,196
hepatitis_a,MN,1998,,,131,52,131
hepatitis_a,MN,1999,,,111,52,111
hepatitis_a,MN,2000,,,187,52,187
hepatitis_a,MN,2001,,,42,52,42
hepatitis_a,MN,2002,,,47,52,47
hepatitis_a,MN,2003,,,45,52,45
hepatitis_a,MN,2004,,,32,52,32
hepatitis_a,MN,2005,,,34,52,34
hepatitis_a,MN,2006,23,8,23,52,23
hepatitis_a,MN,2007,69,13,69,52,69
hepatitis_a,MN,2008,38,12,42,54,42
hepatitis_a,MN,2009,21,15,21,52,21
hepatitis_a,MN,2010,15,4,15,52,15
hepatitis_a,MN,2011,9,2,9,52,9
hepatitis_a,MN,2014,,,13,53,13
hepatitis_a,MN,2015,,,17,53,17
hepatitis_a,MN,2016,,,5,53,5
hepatitis_a,MN,2017,,,26,52,26
hepatitis_a,MO,1966,928,52,,,
hepatitis_a,MO,1967,1282,51,,,
hepatitis_a,MO,1968,852,52,,,
hepatitis_a,MO,1969,586,50,,,
hepatitis_a,MO,1970,725,51,,,
hepatitis_a,MO,1971,648,51,,,
hepatitis_a,MO,1972,778,47,,,
hepatitis_a,MO,1973,793,51,,,
hepatitis_a,MO,1974,204,36,,,
hepatitis_a,MO,1975,450,47,,,
hepatitis_a,MO,1976,605,52,,,
hepatitis_a,MO,1977,543,51,,,
hepatitis_a,MO,1978,563,50,,,
hepatitis_a,MO,1979,387,50,,,
hepatitis_a,MO,1980,176,36,,,
hepatitis_a,MO,1981,277,46,,,
hepatitis_a,MO,1982,201,49,,,
hepatitis_a,MO,1983,128,46,,,
hepatitis_a,MO,1984,132,39,,,
hepatitis_a,MO,1985,84,33,,,
hepatitis_a,MO,1986,111,37,,,
hepatitis_a,MO,1987,457,48,,,
hepatitis_a,MO,1988,,,811,51,811
hepatitis_a,MO,1989,,,776,52,776
hepatitis_a,MO,1990,,,471,52,471
hepatitis_a,MO,1991,,,608,52,608
hepatitis_a,MO,1992,,,1375,52,1375
hepatitis_a,MO,1993,,,1356,52,1356
hepatitis_a,MO,1994,65,1,571,52,571
hepatitis_a,MO,1995,,,1264,52,1264
hepatitis_a,MO,1996,,,260,66,1377
hepatitis_a,MO,1997,,,1100,52,1100
hepatitis_a,MO,1998,,,598,52,598
hepatitis_a,MO,1999,,,732,52,732
hepatitis_a,MO,2000,,,306,52,335
hepatitis_a,MO,2001,,,105,52,105
hepatitis_a,MO,2002,,,82,52,82
hepatitis_a,MO,2003,,,72,52,72
hepatitis_a,MO,2004,,,44,52,45
hepatitis_a,MO,2005,,,40,52,42
hepatitis_a,MO,2006,28,20,44,52,44
hepatitis_a,MO,2007,19,16,26,52,26
hepatitis_a,MO,2008,24,19,44,54,44
hepatitis_a,MO,2009,8,7,25,52,29
hepatitis_a,MO,2010,9,9,24,52,24
hepatitis_a,MO,2011,6,6,13,52,13
hepatitis_a,MO,2012,15,13,23,52,23
hepatitis_a,MO,2013,4,4,13,52,13
hepatitis_a,MO,2014,9,7,21,53,24
hepatitis_a,MO,2015,1,1,1,53,1
hepatitis_a,MO,2016,,,15,53,15
hepatitis_a,MO,2017,6,6,24,52,24
hepatitis_a,MP,1988,,,1,51,7
hepatitis_a,MP,1989,,,3,52,3
hepatitis_a,MP,1990,,,12,52,12
hepatitis_a,MP,1991,,,4,52,4
hepatitis_a,MP,1992,,,3,52,3
hepatitis_a,MP,1994,1,1,12,52,12
hepatitis_a,MP,1995,,,18,52,18
hepatitis_a,MP,1996,,,1,66,1
hepatitis_a,MP,1997,,,1,52,1
hepatitis_a,MP,1998,,,3,51,3
hepatitis_a,MS,1966,332,52,,,
hepatitis_a,MS,1967,475,51,,,
hepatitis_a,MS,1968,458,52,,,
hepatitis_a,MS,1969,334,44,,,
hepatitis_a,MS,1970,235,50,,,
hepatitis_a,MS,1971,206,50,,,
hepatitis_a,MS,1972,208,47,,,
hepatitis_a,MS,1973,225,48,,,
hepatitis_a,MS,1974,227,49,,,
hepatitis_a,MS,1975,308,49,,,
hepatitis_a,MS,1976,420,50,,,
hepatitis_a,MS,1977,455,50,,,
hepatitis_a,MS,1978,411,48,,,
hepatitis_a,MS,1979,359,49,,,
hepatitis_a,MS,1980,284,35,,,
hepatitis_a,MS,1981,219,45,,,
hepatitis_a,MS,1982,123,43,,,
hepatitis_a,MS,1983,135,45,,,
hepatitis_a,MS,1984,59,33,,,
hepatitis_a,MS,1985,39,21,,,
hepatitis_a,MS,1986,34,20,,,
hepatitis_a,MS,1987,34,24,,,
hepatitis_a,MS,1988,,,37,51,37
hepatitis_a,MS,1989,,,46,52,48
hepatitis_a,MS,1990,,,38,52,38
hepatitis_a,MS,1991,,,14,52,14
hepatitis_a,MS,1992,,,40,52,40
hepatitis_a,MS,1993,,,43,52,43
hepatitis_a,MS,1994,10,1,72,52,72
hepatitis_a,MS,1995,,,218,52,218
hepatitis_a,MS,1996,,,56,66,215
hepatitis_a,MS,1997,,,69,52,69
hepatitis_a,MS,1998,,,43,52,43
hepatitis_a,MS,1999,,,116,52,116
hepatitis_a,MS,2000,,,141,52,141
hepatitis_a,MS,2001,,,30,52,30
hepatitis_a,MS,2002,,,57,52,57
hepatitis_a,MS,2003,,,16,52,16
hepatitis_a,MS,2004,,,24,52,24
hepatitis_a,MS,2005,,,21,52,21
hepatitis_a,MS,2006,1,1,9,52,9
hepatitis_a,MS,2007,,,8,52,8
hepatitis_a,MS,2008,3,2,6,54,6
hepatitis_a,MS,2009,4,4,12,52,12
hepatitis_a,MS,2010,,,2,52,2
hepatitis_a,MS,2011,2,2,7,52,7
hepatitis_a,MS,2012,2,2,9,52,9
hepatitis_a,MS,2013,2,2,4,52,4
hepatitis_a,MS,2014,1,1,4,53,4
hepatitis_a,MS,2015,1,1,1,53,1
hepatitis_a,MS,2016,,,2,53,2
hepatitis_a,MS,2017,,,3,52,3
hepatitis_a,MT,1966,99,36,,,
hepatitis_a,MT,1967,181,45,,,
hepatitis_a,MT,1968,288,51,,,
hepatitis_a,MT,1969,120,41,,,
hepatitis_a,MT,1970,166,42,,,
hepatitis_a,MT,1971,211,49,,,
hepatitis_a,MT,1972,239,46,,,
hepatitis_a,MT,1973,253,49,,,
hepatitis_a,MT,1974,367,44,,,
hepatitis_a,MT,1975,247,49,,,
hepatitis_a,MT,1976,66,30,,,
hepatitis_a,MT,1977,198,48,,,
hepatitis_a,MT,1978,241,44,,,
hepatitis_a,MT,1979,175,43,,,
hepatitis_a,MT,1980,85,26,,,
hepatitis_a,MT,1981,83,33,,,
hepatitis_a,MT,1982,45,29,,,
hepatitis_a,MT,1983,32,22,,,
hepatitis_a,MT,1984,139,27,,,
hepatitis_a,MT,1985,97,26,,,
hepatitis_a,MT,1986,68,29,,,
hepatitis_a,MT,1987,85,40,,,
hepatitis_a,MT,1988,,,46,51,46
hepatitis_a,MT,1989,,,89,52,89
hepatitis_a,MT,1990,,,167,52,167
hepatitis_a,MT,1991,,,83,52,83
hepatitis_a,MT,1992,,,87,52,87
hepatitis_a,MT,1993,,,77,52,77
hepatitis_a,MT,1994,7,1,25,52,25
hepatitis_a,MT,1995,,,168,52,168
hepatitis_a,MT,1996,,,22,66,120
hepatitis_a,MT,1997,,,71,52,71
hepatitis_a,MT,1998,,,95,52,95
hepatitis_a,MT,1999,,,17,52,17
hepatitis_a,MT,2000,,,7,52,7
hepatitis_a,MT,2001,,,13,52,13
hepatitis_a,MT,2002,,,13,52,13
hepatitis_a,MT,2003,,,8,52,8
hepatitis_a,MT,2004,,,8,52,8
hepatitis_a,MT,2005,,,10,52,10
hepatitis_a,MT,2006,7,4,11,52,11
hepatitis_a,MT,2007,1,1,9,52,9
hepatitis_a,MT,2008,,,1,54,1
hepatitis_a,MT,2009,,,6,52,6
hepatitis_a,MT,2010,,,4,52,4
hepatitis_a,MT,2011,,,2,52,3
hepatitis_a,MT,2012,2,2,3,52,3
hepatitis_a,MT,2013,3,3,6,52,6
hepatitis_a,MT,2014,3,3,5,53,8
hepatitis_a,MT,2015,1,1,2,53,3
hepatitis_a,MT,2016,3,3,3,53,3
hepatitis_a,MT,2017,2,2,3,52,3
hepatitis_a,NC,1966,399,52,,,
hepatitis_a,NC,1967,339,52,,,
hepatitis_a,NC,1968,371,50,,,
hepatitis_a,NC,1969,635,50,,,
hepatitis_a,NC,1970,956,51,,,
hepatitis_a,NC,1971,1288,51,,,
hepatitis_a,NC,1972,1504,47,,,
hepatitis_a,NC,1973,1284,51,,,
hepatitis_a,NC,1974,866,49,,,
hepatitis_a,NC,1975,634,51,,,
hepatitis_a,NC,1976,496,52,,,
hepatitis_a,NC,1977,432,50,,,
hepatitis_a,NC,1978,329,48,,,
hepatitis_a,NC,1979,452,50,,,
hepatitis_a,NC,1980,263,37,,,
hepatitis_a,NC,1981,236,48,,,
hepatitis_a,NC,1982,147,48,,,
hepatitis_a,NC,1983,126,43,,,
hepatitis_a,NC,1984,105,41,,,
hepatitis_a,NC,1985,83,38,,,
hepatitis_a,NC,1986,71,30,,,
hepatitis_a,NC,1987,170,49,,,
hepatitis_a,NC,1988,,,413,52,413
hepatitis_a,NC,1989,,,465,52,465
hepatitis_a,NC,1990,,,651,52,651
hepatitis_a,NC,1991,,,163,52,163
hepatitis_a,NC,1992,,,110,52,110
hepatitis_a,NC,1993,,,94,52,94
hepatitis_a,NC,1994,16,1,145,52,145
hepatitis_a,NC,1995,,,112,52,112
hepatitis_a,NC,1996,,,26,66,204
hepatitis_a,NC,1997,,,209,52,209
hepatitis_a,NC,1998,,,128,52,128
hepatitis_a,NC,1999,,,167,52,167
hepatitis_a,NC,2000,,,154,52,154
hepatitis_a,NC,2001,,,242,52,242
hepatitis_a,NC,2002,,,209,52,209
hepatitis_a,NC,2003,,,124,52,124
hepatitis_a,NC,2004,,,106,52,106
hepatitis_a,NC,2005,,,84,52,84
hepatitis_a,NC,2006,100,22,99,52,99
hepatitis_a,NC,2007,65,21,65,52,65
hepatitis_a,NC,2008,63,19,62,54,62
hepatitis_a,NC,2009,38,18,38,52,38
hepatitis_a,NC,2010,9,8,47,52,47
hepatitis_a,NC,2011,17,13,27,52,27
hepatitis_a,NC,2012,23,17,34,52,34
hepatitis_a,NC,2013,25,17,44,52,44
hepatitis_a,NC,2014,30,17,37,53,40
hepatitis_a,NC,2015,36,24,41,53,41
hepatitis_a,NC,2016,,,48,53,48
hepatitis_a,NC,2017,1,1,27,52,27
hepatitis_a,ND,1966,45,23,,,
hepatitis_a,ND,1967,53,27,,,
hepatitis_a,ND,1968,66,28,,,
hepatitis_a,ND,1969,43,28,,,
hepatitis_a,ND,1970,66,26,,,
hepatitis_a,ND,1971,135,43,,,
hepatitis_a,ND,1972,77,30,,,
hepatitis_a,ND,1973,26,14,,,
hepatitis_a,ND,1974,36,16,,,
hepatitis_a,ND,1975,99,35,,,
hepatitis_a,ND,1976,159,42,,,
hepatitis_a,ND,1977,66,29,,,
hepatitis_a,ND,1978,72,25,,,
hepatitis_a,ND,1979,13,6,,,
hepatitis_a,ND,1980,3,1,,,
hepatitis_a,ND,1981,2,2,,,
hepatitis_a,ND,1983,1,1,,,
hepatitis_a,ND,1985,9,5,,,
hepatitis_a,ND,1986,8,6,,,
hepatitis_a,ND,1988,,,9,51,9
hepatitis_a,ND,1989,,,14,52,14
hepatitis_a,ND,1990,,,27,52,27
hepatitis_a,ND,1991,,,59,52,59
hepatitis_a,ND,1992,,,127,52,127
hepatitis_a,ND,1993,,,80,52,80
hepatitis_a,ND,1994,1,1,6,52,6
hepatitis_a,ND,1995,,,24,52,24
hepatitis_a,ND,1996,,,5,66,137
hepatitis_a,ND,1997,,,11,52,11
hepatitis_a,ND,1998,,,4,52,4
hepatitis_a,ND,1999,,,3,52,3
hepatitis_a,ND,2000,,,4,52,4
hepatitis_a,ND,2001,,,3,52,3
hepatitis_a,ND,2002,,,3,52,3
hepatitis_a,ND,2003,,,1,52,1
hepatitis_a,ND,2004,,,1,52,1
hepatitis_a,ND,2009,,,1,52,1
hepatitis_a,ND,2010,3,1,3,52,3
hepatitis_a,ND,2012,,,2,52,2
hepatitis_a,ND,2013,,,7,52,7
hepatitis_a,ND,2014,,,7,53,8
hepatitis_a,ND,2015,2,1,5,53,5
hepatitis_a,ND,2016,,,2,53,2
hepatitis_a,ND,2017,1,1,1,52,1
hepatitis_a,NE,1966,49,24,,,
hepatitis_a,NE,1967,66,35,,,
hepatitis_a,NE,1968,81,38,,,
hepatitis_a,NE,1969,125,34,,,
hepatitis_a,NE,1970,132,44,,,
hepatitis_a,NE,1971,145,43,,,
hepatitis_a,NE,1972,66,30,,,
hepatitis_a,NE,1973,41,29,,,
hepatitis_a,NE,1974,68,30,,,
hepatitis_a,NE,1975,86,27,,,
hepatitis_a,NE,1976,63,28,,,
hepatitis_a,NE,1977,166,38,,,
hepatitis_a,NE,1978,129,37,,,
hepatitis_a,NE,1979,92,33,,,
hepatitis_a,NE,1980,53,22,,,
hepatitis_a,NE,1981,39,24,,,
hepatitis_a,NE,1982,31,21,,,
hepatitis_a,NE,1983,69,21,,,
hepatitis_a,NE,1984,42,22,,,
hepatitis_a,NE,1985,59,22,,,
hepatitis_a,NE,1986,30,16,,,
hepatitis_a,NE,1987,111,25,,,
hepatitis_a,NE,1988,,,49,52,49
hepatitis_a,NE,1989,,,97,52,97
hepatitis_a,NE,1990,,,107,52,107
hepatitis_a,NE,1991,,,203,52,203
hepatitis_a,NE,1992,,,259,52,259
hepatitis_a,NE,1993,,,193,52,193
hepatitis_a,NE,1994,17,1,118,52,118
hepatitis_a,NE,1995,,,79,52,79
hepatitis_a,NE,1996,,,57,66,222
hepatitis_a,NE,1997,,,114,52,114
hepatitis_a,NE,1998,,,41,52,41
hepatitis_a,NE,1999,,,64,52,64
hepatitis_a,NE,2000,,,41,52,41
hepatitis_a,NE,2001,,,35,52,35
hepatitis_a,NE,2002,,,17,52,17
hepatitis_a,NE,2003,,,13,52,13
hepatitis_a,NE,2004,,,12,52,12
hepatitis_a,NE,2005,,,8,52,8
hepatitis_a,NE,2006,9,7,18,52,19
hepatitis_a,NE,2007,13,11,17,52,17
hepatitis_a,NE,2008,31,18,40,54,40
hepatitis_a,NE,2009,18,15,20,52,20
hepatitis_a,NE,2010,10,5,13,52,13
hepatitis_a,NE,2011,5,5,5,52,5
hepatitis_a,NE,2012,14,12,16,52,16
hepatitis_a,NE,2013,3,3,1,53,13
hepatitis_a,NE,2014,4,4,11,53,11
hepatitis_a,NE,2015,5,4,6,53,6
hepatitis_a,NE,2016,14,12,21,53,21
hepatitis_a,NE,2017,1,1,4,52,4
hepatitis_a,NH,1966,56,33,,,
hepatitis_a,NH,1967,44,26,,,
hepatitis_a,NH,1968,46,26,,,
hepatitis_a,NH,1969,169,45,,,
hepatitis_a,NH,1970,206,46,,,
hepatitis_a,NH,1971,231,49,,,
hepatitis_a,NH,1972,344,47,,,
hepatitis_a,NH,1973,230,50,,,
hepatitis_a,NH,1974,143,49,,,
hepatitis_a,NH,1975,116,40,,,
hepatitis_a,NH,1976,72,35,,,
hepatitis_a,NH,1977,46,31,,,
hepatitis_a,NH,1978,56,26,,,
hepatitis_a,NH,1979,43,25,,,
hepatitis_a,NH,1980,30,17,,,
hepatitis_a,NH,1981,40,24,,,
hepatitis_a,NH,1982,31,21,,,
hepatitis_a,NH,1983,33,23,,,
hepatitis_a,NH,1984,36,23,,,
hepatitis_a,NH,1985,4,4,,,
hepatitis_a,NH,1986,16,7,,,
hepatitis_a,NH,1987,34,15,,,
hepatitis_a,NH,1988,,,46,51,46
hepatitis_a,NH,1989,,,59,52,59
hepatitis_a,NH,1990,,,8,52,8
hepatitis_a,NH,1991,,,30,52,30
hepatitis_a,NH,1992,,,31,52,31
hepatitis_a,NH,1993,,,39,52,39
hepatitis_a,NH,1994,2,1,15,52,15
hepatitis_a,NH,1995,,,11,52,11
hepatitis_a,NH,1996,,,3,66,27
hepatitis_a,NH,1997,,,34,52,34
hepatitis_a,NH,1998,,,15,52,15
hepatitis_a,NH,1999,,,18,52,18
hepatitis_a,NH,2000,,,19,52,19
hepatitis_a,NH,2001,,,18,52,18
hepatitis_a,NH,2002,,,11,52,11
hepatitis_a,NH,2003,,,11,52,11
hepatitis_a,NH,2004,,,26,52,26
hepatitis_a,NH,2005,,,78,52,78
hepatitis_a,NH,2006,8,7,37,52,37
hepatitis_a,NH,2007,4,4,12,52,12
hepatitis_a,NH,2008,,,13,54,13
hepatitis_a,NH,2009,1,1,7,52,7
hepatitis_a,NH,2010,,,2,52,2
hepatitis_a,NH,2012,1,1,5,52,5
hepatitis_a,NH,2013,1,1,6,52,6
hepatitis_a,NH,2014,1,1,6,53,6
hepatitis_a,NH,2015,,,1,53,1
hepatitis_a,NH,2016,,,5,53,5
hepatitis_a,NH,2017,,,6,52,6
hepatitis_a,NJ,1966,932,52,,,
hepatitis_a,NJ,1967,1307,52,,,
hepatitis_a,NJ,1968,1566,51,,,
hepatitis_a,NJ,1969,1767,50,,,
hepatitis_a,NJ,1970,2655,51,,,
hepatitis_a,NJ,1971,3382,51,,,
hepatitis_a,NJ,1972,2428,47,,,
hepatitis_a,NJ,1973,1715,48,,,
hepatitis_a,NJ,1974,980,48,,,
hepatitis_a,NJ,1975,942,46,,,
hepatitis_a,NJ,1976,1249,48,,,
hepatitis_a,NJ,1977,912,48,,,
hepatitis_a,NJ,1978,686,47,,,
hepatitis_a,NJ,1979,651,48,,,
hepatitis_a,NJ,1980,493,36,,,
hepatitis_a,NJ,1981,767,38,,,
hepatitis_a,NJ,1982,709,49,,,
hepatitis_a,NJ,1983,552,50,,,
hepatitis_a,NJ,1984,573,45,,,
hepatitis_a,NJ,1985,365,44,,,
hepatitis_a,NJ,1986,214,37,,,
hepatitis_a,NJ,1987,206,39,,,
hepatitis_a,NJ,1988,,,455,51,455
hepatitis_a,NJ,1989,,,472,52,472
hepatitis_a,NJ,1990,,,428,52,428
hepatitis_a,NJ,1991,,,277,52,277
hepatitis_a,NJ,1992,,,263,52,263
hepatitis_a,NJ,1993,,,275,52,275
hepatitis_a,NJ,1994,36,1,292,52,292
hepatitis_a,NJ,1995,,,267,52,267
hepatitis_a,NJ,1996,,,113,66,344
hepatitis_a,NJ,1997,,,246,52,246
hepatitis_a,NJ,1998,,,333,52,333
hepatitis_a,NJ,1999,,,112,52,112
hepatitis_a,NJ,2000,,,100,52,158
hepatitis_a,NJ,2001,,,401,52,401
hepatitis_a,NJ,2002,,,161,52,161
hepatitis_a,NJ,2003,,,157,52,157
hepatitis_a,NJ,2004,,,140,52,140
hepatitis_a,NJ,2005,,,194,52,194
hepatitis_a,NJ,2006,1,1,71,52,71
hepatitis_a,NJ,2007,,,100,52,100
hepatitis_a,NJ,2008,,,59,54,59
hepatitis_a,NJ,2009,,,55,52,55
hepatitis_a,NJ,2010,,,14,52,14
hepatitis_a,NJ,2011,,,29,49,29
hepatitis_a,NJ,2012,,,29,52,29
hepatitis_a,NJ,2013,,,31,52,31
hepatitis_a,NJ,2014,,,15,53,18
hepatitis_a,NJ,2015,,,51,53,51
hepatitis_a,NJ,2016,,,70,53,70
hepatitis_a,NJ,2017,,,56,52,56
hepatitis_a,NM,1966,479,52,,,
hepatitis_a,NM,1967,493,50,,,
hepatitis_a,NM,1968,286,49,,,
hepatitis_a,NM,1969,266,48,,,
hepatitis_a,NM,1970,351,50,,,
hepatitis_a,NM,1971,492,51,,,
hepatitis_a,NM,1972,446,47,,,
hepatitis_a,NM,1973,491,51,,,
hepatitis_a,NM,1974,643,47,,,
hepatitis_a,NM,1975,385,45,,,
hepatitis_a,NM,1976,402,48,,,
hepatitis_a,NM,1977,483,50,,,
hepatitis_a,NM,1978,469,49,,,
hepatitis_a,NM,1979,593,47,,,
hepatitis_a,NM,1980,39,13,,,
hepatitis_a,NM,1981,253,44,,,
hepatitis_a,NM,1982,385,47,,,
hepatitis_a,NM,1983,222,47,,,
hepatitis_a,NM,1984,254,46,,,
hepatitis_a,NM,1985,391,40,,,
hepatitis_a,NM,1986,373,39,,,
hepatitis_a,NM,1987,407,51,,,
hepatitis_a,NM,1988,,,551,51,551
hepatitis_a,NM,1989,,,731,52,731
hepatitis_a,NM,1990,,,919,52,919
hepatitis_a,NM,1991,,,791,52,791
hepatitis_a,NM,1992,,,296,52,296
hepatitis_a,NM,1993,,,414,52,414
hepatitis_a,NM,1994,,,1130,52,1130
hepatitis_a,NM,1995,,,806,52,806
hepatitis_a,NM,1996,,,145,66,353
hepatitis_a,NM,1997,,,354,52,354
hepatitis_a,NM,1998,,,153,52,153
hepatitis_a,NM,1999,,,56,52,56
hepatitis_a,NM,2000,,,70,52,70
hepatitis_a,NM,2001,,,37,52,37
hepatitis_a,NM,2002,,,29,52,29
hepatitis_a,NM,2003,,,23,52,23
hepatitis_a,NM,2004,,,23,52,23
hepatitis_a,NM,2005,,,25,52,25
hepatitis_a,NM,2006,,,14,52,14
hepatitis_a,NM,2007,,,11,52,11
hepatitis_a,NM,2008,,,17,54,17
hepatitis_a,NM,2009,,,7,52,7
hepatitis_a,NM,2010,,,5,52,5
hepatitis_a,NM,2011,,,5,52,5
hepatitis_a,NM,2012,,,9,52,9
hepatitis_a,NM,2013,,,17,52,17
hepatitis_a,NM,2014,,,9,53,16
hepatitis_a,NM,2015,,,5,53,5
hepatitis_a,NM,2016,1,1,4,53,4
hepatitis_a,NM,2017,1,1,2,52,3
hepatitis_a,NV,1966,21,10,,,
hepatitis_a,NV,1967,23,10,,,
hepatitis_a,NV,1968,43,18,,,
hepatitis_a,NV,1969,129,23,,,
hepatitis_a,NV,1970,137,28,,,
hepatitis_a,NV,1971,77,17,,,
hepatitis_a,NV,1972,116,27,,,
hepatitis_a,NV,1973,111,26,,,
hepatitis_a,NV,1974,243,39,,,
hepatitis_a,NV,1975,172,41,,,
hepatitis_a,NV,1976,109,38,,,
hepatitis_a,NV,1977,4,4,,,
hepatitis_a,NV,1978,76,31,,,
hepatitis_a,NV,1979,239,43,,,
hepatitis_a,NV,1980,283,35,,,
hepatitis_a,NV,1981,203,45,,,
hepatitis_a,NV,1982,177,43,,,
hepatitis_a,NV,1983,137,40,,,
hepatitis_a,NV,1984,286,46,,,
hepatitis_a,NV,1985,393,44,,,
hepatitis_a,NV,1986,179,40,,,
hepatitis_a,NV,1987,136,45,,,
hepatitis_a,NV,1988,,,228,51,228
hepatitis_a,NV,1989,,,342,52,342
hepatitis_a,NV,1990,,,320,52,320
hepatitis_a,NV,1991,,,311,52,311
hepatitis_a,NV,1992,,,101,52,101
hepatitis_a,NV,1993,,,171,52,171
hepatitis_a,NV,1994,31,1,251,52,251
hepatitis_a,NV,1995,,,309,52,309
hepatitis_a,NV,1996,,,86,66,417
hepatitis_a,NV,1997,,,417,52,417
hepatitis_a,NV,1998,,,214,52,214
hepatitis_a,NV,1999,,,131,52,131
hepatitis_a,NV,2000,,,85,52,85
hepatitis_a,NV,2001,,,62,52,62
hepatitis_a,NV,2002,,,50,52,50
hepatitis_a,NV,2003,,,51,52,51
hepatitis_a,NV,2004,,,14,52,14
hepatitis_a,NV,2005,,,10,52,10
hepatitis_a,NV,2006,0,1,11,52,11
hepatitis_a,NV,2007,3,3,7,52,9
hepatitis_a,NV,2008,4,4,10,54,10
hepatitis_a,NV,2009,5,5,10,52,10
hepatitis_a,NV,2010,5,5,14,52,14
hepatitis_a,NV,2011,3,1,5,52,5
hepatitis_a,NV,2012,5,5,9,52,9
hepatitis_a,NV,2013,9,7,18,52,18
hepatitis_a,NV,2014,,,6,53,10
hepatitis_a,NV,2015,,,8,53,8
hepatitis_a,NV,2016,,,2,53,2
hepatitis_a,NV,2017,,,10,52,10
hepatitis_a,NY,2014,38,24,38,53,38
hepatitis_a,NY,2015,45,24,46,53,46
hepatitis_a,NY,2016,51,35,50,53,50
hepatitis_a,NY,2017,74,35,78,52,78
hepatitis_a,OH,1966,1350,52,,,
hepatitis_a,OH,1967,1410,52,,,
hepatitis_a,OH,1968,2032,52,,,
hepatitis_a,OH,1969,1927,50,,,
hepatitis_a,OH,1970,2247,51,,,
hepatitis_a,OH,1971,1986,51,,,
hepatitis_a,OH,1972,1821,47,,,
hepatitis_a,OH,1973,1695,51,,,
hepatitis_a,OH,1974,1302,49,,,
hepatitis_a,OH,1975,1619,50,,,
hepatitis_a,OH,1976,1418,52,,,
hepatitis_a,OH,1977,1381,50,,,
hepatitis_a,OH,1978,1101,50,,,
hepatitis_a,OH,1979,931,50,,,
hepatitis_a,OH,1980,459,37,,,
hepatitis_a,OH,1981,562,47,,,
hepatitis_a,OH,1982,774,49,,,
hepatitis_a,OH,1983,779,50,,,
hepatitis_a,OH,1984,595,49,,,
hepatitis_a,OH,1985,298,44,,,
hepatitis_a,OH,1986,293,42,,,
hepatitis_a,OH,1987,246,49,,,
hepatitis_a,OH,1988,,,324,51,324
hepatitis_a,OH,1989,,,419,52,419
hepatitis_a,OH,1990,,,292,52,292
hepatitis_a,OH,1991,,,364,52,364
hepatitis_a,OH,1992,,,445,52,445
hepatitis_a,OH,1993,,,337,52,337
hepatitis_a,OH,1994,86,1,1204,52,1204
hepatitis_a,OH,1995,,,1760,52,1760
hepatitis_a,OH,1996,,,277,66,785
hepatitis_a,OH,1997,,,328,52,328
hepatitis_a,OH,1998,,,398,52,398
hepatitis_a,OH,1999,,,658,52,658
hepatitis_a,OH,2000,,,271,52,271
hepatitis_a,OH,2001,,,261,52,261
hepatitis_a,OH,2002,,,327,52,327
hepatitis_a,OH,2003,,,170,52,170
hepatitis_a,OH,2004,,,50,52,50
hepatitis_a,OH,2005,,,51,52,51
hepatitis_a,OH,2006,53,26,52,52,52
hepatitis_a,OH,2007,68,40,68,52,68
hepatitis_a,OH,2008,52,31,51,54,51
hepatitis_a,OH,2009,36,22,36,52,36
hepatitis_a,OH,2010,48,27,47,52,47
hepatitis_a,OH,2011,38,29,39,52,39
hepatitis_a,OH,2012,36,26,1,53,36
hepatitis_a,OH,2013,59,32,1,53,59
hepatitis_a,OH,2014,30,21,32,53,42
hepatitis_a,OH,2015,39,26,36,53,36
hepatitis_a,OH,2016,34,18,35,53,35
hepatitis_a,OH,2017,40,22,41,52,41
hepatitis_a,OK,1966,99,36,,,
hepatitis_a,OK,1967,298,51,,,
hepatitis_a,OK,1968,448,49,,,
hepatitis_a,OK,1969,349,49,,,
hepatitis_a,OK,1970,400,49,,,
hepatitis_a,OK,1971,790,51,,,
hepatitis_a,OK,1972,755,46,,,
hepatitis_a,OK,1973,964,50,,,
hepatitis_a,OK,1974,586,47,,,
hepatitis_a,OK,1975,447,50,,,
hepatitis_a,OK,1976,863,52,,,
hepatitis_a,OK,1977,396,47,,,
hepatitis_a,OK,1978,334,48,,,
hepatitis_a,OK,1979,272,47,,,
hepatitis_a,OK,1980,286,36,,,
hepatitis_a,OK,1981,278,48,,,
hepatitis_a,OK,1982,706,49,,,
hepatitis_a,OK,1983,759,50,,,
hepatitis_a,OK,1984,443,48,,,
hepatitis_a,OK,1985,346,42,,,
hepatitis_a,OK,1986,282,40,,,
hepatitis_a,OK,1987,324,50,,,
hepatitis_a,OK,1988,,,493,51,493
hepatitis_a,OK,1989,,,512,52,512
hepatitis_a,OK,1990,,,591,52,591
hepatitis_a,OK,1991,,,284,52,284
hepatitis_a,OK,1992,,,207,52,207
hepatitis_a,OK,1993,,,218,52,218
hepatitis_a,OK,1994,36,1,384,52,384
hepatitis_a,OK,1995,,,1412,52,1412
hepatitis_a,OK,1996,,,525,66,2453
hepatitis_a,OK,1997,,,1416,52,1416
hepatitis_a,OK,1998,,,638,52,638
hepatitis_a,OK,1999,,,517,52,517
hepatitis_a,OK,2000,,,256,52,256
hepatitis_a,OK,2001,,,120,52,120
hepatitis_a,OK,2002,,,49,52,49
hepatitis_a,OK,2003,,,23,52,23
hepatitis_a,OK,2004,,,20,52,20
hepatitis_a,OK,2005,,,6,52,6
hepatitis_a,OK,2006,11,7,9,52,9
hepatitis_a,OK,2007,13,3,13,52,13
hepatitis_a,OK,2008,8,6,7,54,7
hepatitis_a,OK,2009,6,3,6,52,6
hepatitis_a,OK,2010,2,2,1,52,1
hepatitis_a,OK,2011,3,2,3,52,3
hepatitis_a,OK,2012,10,6,9,52,9
hepatitis_a,OK,2013,9,6,10,52,10
hepatitis_a,OK,2014,13,7,16,53,24
hepatitis_a,OK,2015,11,6,11,53,11
hepatitis_a,OK,2016,11,7,11,53,11
hepatitis_a,OK,2017,6,5,9,52,9
hepatitis_a,OR,1966,1061,52,,,
hepatitis_a,OR,1967,877,52,,,
hepatitis_a,OR,1968,827,51,,,
hepatitis_a,OR,1969,794,50,,,
hepatitis_a,OR,1970,1008,51,,,
hepatitis_a,OR,1971,1430,51,,,
hepatitis_a,OR,1972,1408,47,,,
hepatitis_a,OR,1973,1115,51,,,
hepatitis_a,OR,1974,778,49,,,
hepatitis_a,OR,1975,673,51,,,
hepatitis_a,OR,1976,710,52,,,
hepatitis_a,OR,1977,738,51,,,
hepatitis_a,OR,1978,979,50,,,
hepatitis_a,OR,1979,764,51,,,
hepatitis_a,OR,1980,553,38,,,
hepatitis_a,OR,1981,475,48,,,
hepatitis_a,OR,1982,355,48,,,
hepatitis_a,OR,1983,760,50,,,
hepatitis_a,OR,1984,980,49,,,
hepatitis_a,OR,1985,1458,44,,,
hepatitis_a,OR,1986,1572,42,,,
hepatitis_a,OR,1987,1281,51,,,
hepatitis_a,OR,1988,,,1381,51,1381
hepatitis_a,OR,1989,,,2306,52,2306
hepatitis_a,OR,1990,,,803,52,803
hepatitis_a,OR,1991,,,433,52,433
hepatitis_a,OR,1992,,,485,52,485
hepatitis_a,OR,1993,,,101,52,101
hepatitis_a,OR,1994,47,1,897,52,897
hepatitis_a,OR,1995,,,2226,52,2226
hepatitis_a,OR,1996,,,356,66,835
hepatitis_a,OR,1997,,,378,52,378
hepatitis_a,OR,1998,,,370,52,370
hepatitis_a,OR,1999,,,238,52,238
hepatitis_a,OR,2000,,,183,52,183
hepatitis_a,OR,2001,,,82,52,82
hepatitis_a,OR,2002,,,70,52,70
hepatitis_a,OR,2003,,,60,52,60
hepatitis_a,OR,2004,,,69,52,69
hepatitis_a,OR,2005,,,43,52,43
hepatitis_a,OR,2006,13,11,49,52,49
hepatitis_a,OR,2007,8,8,31,52,31
hepatitis_a,OR,2008,5,4,25,54,26
hepatitis_a,OR,2009,2,2,19,52,19
hepatitis_a,OR,2010,2,2,18,52,18
hepatitis_a,OR,2011,3,3,11,52,11
hepatitis_a,OR,2012,2,2,9,52,9
hepatitis_a,OR,2013,5,5,29,52,29
hepatitis_a,OR,2014,4,4,12,53,14
hepatitis_a,OR,2015,5,5,24,53,24
hepatitis_a,OR,2016,5,5,19,53,19
hepatitis_a,OR,2017,14,12,35,52,35
hepatitis_a,PA,1966,1678,52,,,
hepatitis_a,PA,1967,1507,52,,,
hepatitis_a,PA,1968,1783,52,,,
hepatitis_a,PA,1969,2224,50,,,
hepatitis_a,PA,1970,2863,50,,,
hepatitis_a,PA,1971,2758,51,,,
hepatitis_a,PA,1972,1361,35,,,
hepatitis_a,PA,1973,1686,50,,,
hepatitis_a,PA,1974,1041,48,,,
hepatitis_a,PA,1975,931,46,,,
hepatitis_a,PA,1976,835,48,,,
hepatitis_a,PA,1977,781,42,,,
hepatitis_a,PA,1978,393,28,,,
hepatitis_a,PA,1979,313,25,,,
hepatitis_a,PA,1980,332,28,,,
hepatitis_a,PA,1981,183,14,,,
hepatitis_a,PA,1982,654,26,,,
hepatitis_a,PA,1983,584,36,,,
hepatitis_a,PA,1984,421,33,,,
hepatitis_a,PA,1985,341,31,,,
hepatitis_a,PA,1986,184,23,,,
hepatitis_a,PA,1987,81,21,,,
hepatitis_a,PA,1988,,,521,51,521
hepatitis_a,PA,1989,,,2261,52,2261
hepatitis_a,PA,1990,,,1551,52,1551
hepatitis_a,PA,1991,,,417,52,417
hepatitis_a,PA,1992,,,251,52,251
hepatitis_a,PA,1993,,,159,52,159
hepatitis_a,PA,1994,28,1,185,52,185
hepatitis_a,PA,1995,,,225,52,225
hepatitis_a,PA,1996,,,81,66,485
hepatitis_a,PA,1997,,,536,52,536
hepatitis_a,PA,1998,,,388,52,388
hepatitis_a,PA,1999,,,245,52,249
hepatitis_a,PA,2000,,,376,52,376
hepatitis_a,PA,2001,,,205,52,205
hepatitis_a,PA,2002,,,206,52,206
hepatitis_a,PA,2003,,,1014,52,1014
hepatitis_a,PA,2004,,,157,52,157
hepatitis_a,PA,2005,,,98,52,114
hepatitis_a,PA,2006,34,24,66,52,66
hepatitis_a,PA,2007,40,24,95,52,95
hepatitis_a,PA,2008,97,46,68,54,69
hepatitis_a,PA,2009,33,27,66,52,66
hepatitis_a,PA,2010,31,24,52,52,52
hepatitis_a,PA,2011,35,23,57,52,57
hepatitis_a,PA,2012,40,26,59,52,59
hepatitis_a,PA,2013,32,27,49,52,49
hepatitis_a,PA,2014,19,17,48,53,48
hepatitis_a,PA,2015,19,18,39,53,39
hepatitis_a,PA,2016,34,23,57,53,57
hepatitis_a,PA,2017,28,20,62,52,62
hepatitis_a,PR,1966,1058,50,,,
hepatitis_a,PR,1967,985,50,,,
hepatitis_a,PR,1968,997,48,,,
hepatitis_a,PR,1969,1050,45,,,
hepatitis_a,PR,1970,846,42,,,
hepatitis_a,PR,1971,720,36,,,
hepatitis_a,PR,1972,663,44,,,
hepatitis_a,PR,1973,675,49,,,
hepatitis_a,PR,1974,43,10,,,
hepatitis_a,PR,1975,451,36,,,
hepatitis_a,PR,1976,396,43,,,
hepatitis_a,PR,1977,251,42,,,
hepatitis_a,PR,1978,180,48,,,
hepatitis_a,PR,1979,205,40,,,
hepatitis_a,PR,1980,160,24,,,
hepatitis_a,PR,1981,278,38,,,
hepatitis_a,PR,1982,220,36,,,
hepatitis_a,PR,1983,251,42,,,
hepatitis_a,PR,1984,224,42,,,
hepatitis_a,PR,1985,134,30,,,
hepatitis_a,PR,1986,87,28,,,
hepatitis_a,PR,1987,60,27,,,
hepatitis_a,PR,1988,,,53,51,53
hepatitis_a,PR,1989,,,196,52,196
hepatitis_a,PR,1990,,,160,52,160
hepatitis_a,PR,1991,,,143,52,143
hepatitis_a,PR,1992,,,44,52,44
hepatitis_a,PR,1993,,,79,52,89
hepatitis_a,PR,1994,,,89,52,89
hepatitis_a,PR,1995,,,93,52,93
hepatitis_a,PR,1996,,,20,66,141
hepatitis_a,PR,1997,,,257,52,257
hepatitis_a,PR,1998,,,57,52,57
hepatitis_a,PR,1999,,,236,52,236
hepatitis_a,PR,2000,,,232,52,232
hepatitis_a,PR,2001,,,132,52,132
hepatitis_a,PR,2002,,,96,52,96
hepatitis_a,PR,2003,,,57,52,57
hepatitis_a,PR,2004,,,26,52,26
hepatitis_a,PR,2005,,,58,52,58
hepatitis_a,PR,2006,6,6,33,52,33
hepatitis_a,PR,2007,9,7,52,52,52
hepatitis_a,PR,2008,4,4,17,54,17
hepatitis_a,PR,2009,3,3,18,52,18
hepatitis_a,PR,2010,3,3,14,52,14
hepatitis_a,PR,2011,2,2,7,52,7
hepatitis_a,PR,2013,,,9,52,9
hepatitis_a,PR,2014,,,3,53,4
hepatitis_a,PR,2015,1,1,2,53,2
hepatitis_a,PR,2016,,,4,53,4
hepatitis_a,PR,2017,,,2,52,2
hepatitis_a,RI,1966,138,43,,,
hepatitis_a,RI,1967,195,45,,,
hepatitis_a,RI,1968,393,52,,,
hepatitis_a,RI,1969,805,48,,,
hepatitis_a,RI,1970,659,51,,,
hepatitis_a,RI,1971,611,50,,,
hepatitis_a,RI,1972,330,45,,,
hepatitis_a,RI,1973,401,50,,,
hepatitis_a,RI,1974,316,47,,,
hepatitis_a,RI,1975,267,48,,,
hepatitis_a,RI,1976,164,45,,,
hepatitis_a,RI,1977,113,43,,,
hepatitis_a,RI,1978,94,34,,,
hepatitis_a,RI,1979,100,42,,,
hepatitis_a,RI,1980,79,30,,,
hepatitis_a,RI,1981,87,39,,,
hepatitis_a,RI,1982,81,35,,,
hepatitis_a,RI,1983,36,22,,,
hepatitis_a,RI,1984,23,14,,,
hepatitis_a,RI,1985,15,10,,,
hepatitis_a,RI,1986,27,19,,,
hepatitis_a,RI,1987,97,37,,,
hepatitis_a,RI,1988,,,84,51,84
hepatitis_a,RI,1989,,,54,52,54
hepatitis_a,RI,1990,,,54,52,54
hepatitis_a,RI,1991,,,113,52,113
hepatitis_a,RI,1992,,,153,52,153
hepatitis_a,RI,1993,,,73,52,73
hepatitis_a,RI,1994,10,1,30,52,30
hepatitis_a,RI,1995,,,35,52,35
hepatitis_a,RI,1996,,,3,66,25
hepatitis_a,RI,1997,,,129,52,129
hepatitis_a,RI,1998,,,17,52,17
hepatitis_a,RI,1999,,,26,52,26
hepatitis_a,RI,2000,,,25,52,25
hepatitis_a,RI,2001,,,74,52,74
hepatitis_a,RI,2002,,,32,52,32
hepatitis_a,RI,2003,,,15,52,15
hepatitis_a,RI,2004,,,23,52,23
hepatitis_a,RI,2005,,,15,52,15
hepatitis_a,RI,2006,16,11,16,52,16
hepatitis_a,RI,2007,1,1,12,52,12
hepatitis_a,RI,2008,9,6,12,54,12
hepatitis_a,RI,2009,2,2,8,52,8
hepatitis_a,RI,2010,,,8,52,8
hepatitis_a,RI,2011,1,1,5,52,5
hepatitis_a,RI,2012,,,2,52,2
hepatitis_a,RI,2013,2,2,4,52,4
hepatitis_a,RI,2014,2,2,6,53,6
hepatitis_a,RI,2015,,,4,53,4
hepatitis_a,RI,2016,2,1,3,53,3
hepatitis_a,RI,2017,,,2,52,2
hepatitis_a,SC,1966,84,40,,,
hepatitis_a,SC,1967,112,40,,,
hepatitis_a,SC,1968,158,42,,,
hepatitis_a,SC,1969,321,50,,,
hepatitis_a,SC,1970,375,50,,,
hepatitis_a,SC,1971,344,49,,,
hepatitis_a,SC,1972,408,46,,,
hepatitis_a,SC,1973,551,48,,,
hepatitis_a,SC,1974,291,49,,,
hepatitis_a,SC,1975,367,49,,,
hepatitis_a,SC,1976,253,52,,,
hepatitis_a,SC,1977,148,48,,,
hepatitis_a,SC,1978,91,39,,,
hepatitis_a,SC,1979,192,49,,,
hepatitis_a,SC,1980,97,32,,,
hepatitis_a,SC,1981,102,41,,,
hepatitis_a,SC,1982,309,46,,,
hepatitis_a,SC,1983,225,40,,,
hepatitis_a,SC,1984,32,18,,,
hepatitis_a,SC,1985,35,21,,,
hepatitis_a,SC,1986,33,16,,,
hepatitis_a,SC,1987,52,33,,,
hepatitis_a,SC,1988,,,40,51,40
hepatitis_a,SC,1989,,,92,52,92
hepatitis_a,SC,1990,,,45,52,45
hepatitis_a,SC,1991,,,41,52,41
hepatitis_a,SC,1992,,,22,52,22
hepatitis_a,SC,1993,,,18,52,18
hepatitis_a,SC,1994,6,1,40,52,40
hepatitis_a,SC,1995,,,45,52,45
hepatitis_a,SC,1996,,,24,66,57
hepatitis_a,SC,1997,,,108,52,108
hepatitis_a,SC,1998,,,47,52,47
hepatitis_a,SC,1999,,,47,52,47
hepatitis_a,SC,2000,,,86,52,86
hepatitis_a,SC,2001,,,78,52,78
hepatitis_a,SC,2002,,,65,52,65
hepatitis_a,SC,2003,,,41,52,41
hepatitis_a,SC,2004,,,26,52,26
hepatitis_a,SC,2005,,,39,52,39
hepatitis_a,SC,2006,7,6,24,52,24
hepatitis_a,SC,2007,11,7,18,52,18
hepatitis_a,SC,2008,3,3,19,54,19
hepatitis_a,SC,2009,16,11,57,52,57
hepatitis_a,SC,2010,3,3,24,52,26
hepatitis_a,SC,2011,3,2,10,52,10
hepatitis_a,SC,2012,2,2,5,52,5
hepatitis_a,SC,2013,7,7,12,52,12
hepatitis_a,SC,2014,1,1,6,53,8
hepatitis_a,SC,2015,12,12,16,53,16
hepatitis_a,SC,2016,8,8,16,53,16
hepatitis_a,SC,2017,3,2,11,52,11
hepatitis_a,SD,1966,14,12,,,
hepatitis_a,SD,1967,13,12,,,
hepatitis_a,SD,1968,77,28,,,
hepatitis_a,SD,1969,86,31,,,
hepatitis_a,SD,1970,21,19,,,
hepatitis_a,SD,1971,185,40,,,
hepatitis_a,SD,1972,129,41,,,
hepatitis_a,SD,1973,228,38,,,
hepatitis_a,SD,1974,154,37,,,
hepatitis_a,SD,1975,41,22,,,
hepatitis_a,SD,1976,74,28,,,
hepatitis_a,SD,1977,33,15,,,
hepatitis_a,SD,1978,140,18,,,
hepatitis_a,SD,1979,182,41,,,
hepatitis_a,SD,1980,64,24,,,
hepatitis_a,SD,1981,35,20,,,
hepatitis_a,SD,1982,13,11,,,
hepatitis_a,SD,1983,190,39,,,
hepatitis_a,SD,1984,207,40,,,
hepatitis_a,SD,1985,236,36,,,
hepatitis_a,SD,1986,159,31,,,
hepatitis_a,SD,1987,14,9,,,
hepatitis_a,SD,1988,,,30,52,30
hepatitis_a,SD,1989,,,26,52,26
hepatitis_a,SD,1990,,,493,52,493
hepatitis_a,SD,1991,,,836,52,836
hepatitis_a,SD,1992,,,214,52,214
hepatitis_a,SD,1993,,,16,52,16
hepatitis_a,SD,1994,4,1,39,52,39
hepatitis_a,SD,1995,,,90,52,90
hepatitis_a,SD,1996,,,27,66,43
hepatitis_a,SD,1997,,,24,52,24
hepatitis_a,SD,1998,,,40,52,40
hepatitis_a,SD,1999,,,9,52,9
hepatitis_a,SD,2000,,,3,52,3
hepatitis_a,SD,2001,,,3,52,3
hepatitis_a,SD,2002,,,3,52,3
hepatitis_a,SD,2004,,,4,52,4
hepatitis_a,SD,2005,,,1,52,1
hepatitis_a,SD,2006,,,9,52,9
hepatitis_a,SD,2007,1,1,6,52,6
hepatitis_a,SD,2008,1,1,4,54,4
hepatitis_a,SD,2009,,,3,52,3
hepatitis_a,SD,2010,,,1,52,1
hepatitis_a,SD,2011,,,2,52,2
hepatitis_a,SD,2013,,,4,52,4
hepatitis_a,SD,2014,,,2,53,2
hepatitis_a,SD,2015,,,2,53,2
hepatitis_a,SD,2016,,,1,53,1
hepatitis_a,SD,2017,,,1,52,1
hepatitis_a,TN,1966,997,52,,,
hepatitis_a,TN,1967,838,52,,,
hepatitis_a,TN,1968,1034,52,,,
hepatitis_a,TN,1969,1014,50,,,
hepatitis_a,TN,1970,1267,51,,,
hepatitis_a,TN,1971,1426,51,,,
hepatitis_a,TN,1972,1264,47,,,
hepatitis_a,TN,1973,1755,51,,,
hepatitis_a,TN,1974,1663,49,,,
hepatitis_a,TN,1975,1170,51,,,
hepatitis_a,TN,1976,1170,52,,,
hepatitis_a,TN,1977,958,51,,,
hepatitis_a,TN,1978,694,50,,,
hepatitis_a,TN,1979,538,50,,,
hepatitis_a,TN,1980,379,37,,,
hepatitis_a,TN,1981,417,48,,,
hepatitis_a,TN,1982,335,49,,,
hepatitis_a,TN,1983,222,49,,,
hepatitis_a,TN,1984,102,38,,,
hepatitis_a,TN,1985,74,34,,,
hepatitis_a,TN,1986,63,30,,,
hepatitis_a,TN,1987,49,34,,,
hepatitis_a,TN,1988,,,172,52,172
hepatitis_a,TN,1989,,,161,52,161
hepatitis_a,TN,1990,,,198,52,198
hepatitis_a,TN,1991,,,153,52,153
hepatitis_a,TN,1992,,,124,52,124
hepatitis_a,TN,1993,,,102,52,102
hepatitis_a,TN,1994,17,1,332,52,332
hepatitis_a,TN,1995,,,1500,52,1500
hepatitis_a,TN,1996,,,402,66,744
hepatitis_a,TN,1997,,,400,52,400
hepatitis_a,TN,1998,,,226,52,226
hepatitis_a,TN,1999,,,147,52,174
hepatitis_a,TN,2000,,,147,52,147
hepatitis_a,TN,2001,,,173,52,173
hepatitis_a,TN,2002,,,117,52,117
hepatitis_a,TN,2003,,,190,52,190
hepatitis_a,TN,2004,,,80,52,80
hepatitis_a,TN,2005,,,147,52,147
hepatitis_a,TN,2006,25,19,65,52,65
hepatitis_a,TN,2007,34,21,54,52,54
hepatitis_a,TN,2008,21,18,33,54,33
hepatitis_a,TN,2009,8,7,12,52,12
hepatitis_a,TN,2010,6,6,12,52,12
hepatitis_a,TN,2011,15,11,23,52,23
hepatitis_a,TN,2012,11,10,23,52,23
hepatitis_a,TN,2013,10,9,1,53,20
hepatitis_a,TN,2014,6,6,12,53,16
hepatitis_a,TN,2015,11,8,13,53,13
hepatitis_a,TN,2016,5,4,7,53,7
hepatitis_a,TN,2017,,,4,52,4
hepatitis_a,TX,1966,1808,52,,,
hepatitis_a,TX,1967,2727,51,,,
hepatitis_a,TX,1968,2190,50,,,
hepatitis_a,TX,1969,2312,50,,,
hepatitis_a,TX,1970,2741,51,,,
hepatitis_a,TX,1971,3731,51,,,
hepatitis_a,TX,1972,3407,46,,,
hepatitis_a,TX,1973,4569,48,,,
hepatitis_a,TX,1974,3200,43,,,
hepatitis_a,TX,1975,2845,49,,,
hepatitis_a,TX,1976,1531,41,,,
hepatitis_a,TX,1977,2053,51,,,
hepatitis_a,TX,1978,2578,50,,,
hepatitis_a,TX,1979,3278,51,,,
hepatitis_a,TX,1980,2066,38,,,
hepatitis_a,TX,1981,2470,47,,,
hepatitis_a,TX,1982,3088,50,,,
hepatitis_a,TX,1983,2839,50,,,
hepatitis_a,TX,1984,2014,45,,,
hepatitis_a,TX,1985,1965,43,,,
hepatitis_a,TX,1986,1491,40,,,
hepatitis_a,TX,1987,1690,50,,,
hepatitis_a,TX,1988,,,2271,51,2271
hepatitis_a,TX,1989,,,2913,52,2913
hepatitis_a,TX,1990,,,2272,52,2272
hepatitis_a,TX,1991,,,2220,52,2220
hepatitis_a,TX,1992,,,1514,52,1514
hepatitis_a,TX,1993,,,2410,52,2410
hepatitis_a,TX,1994,260,1,2583,52,2583
hepatitis_a,TX,1995,,,2643,52,2643
hepatitis_a,TX,1996,,,459,66,2960
hepatitis_a,TX,1997,,,3631,52,3631
hepatitis_a,TX,1998,,,3213,52,3213
hepatitis_a,TX,1999,,,3036,52,3036
hepatitis_a,TX,2000,,,1815,52,1815
hepatitis_a,TX,2001,,,1089,52,1089
hepatitis_a,TX,2002,,,385,52,422
hepatitis_a,TX,2003,,,282,52,282
hepatitis_a,TX,2004,,,457,52,457
hepatitis_a,TX,2005,,,161,52,161
hepatitis_a,TX,2006,6,5,263,52,263
hepatitis_a,TX,2007,12,6,188,52,188
hepatitis_a,TX,2008,35,17,164,54,166
hepatitis_a,TX,2009,30,14,159,52,159
hepatitis_a,TX,2010,87,37,125,52,125
hepatitis_a,TX,2011,91,40,125,52,125
hepatitis_a,TX,2012,91,40,132,52,132
hepatitis_a,TX,2013,52,28,1,53,89
hepatitis_a,TX,2014,84,41,115,53,126
hepatitis_a,TX,2015,101,46,132,53,132
hepatitis_a,TX,2016,84,39,129,53,129
hepatitis_a,TX,2017,47,24,112,52,112
hepatitis_a,UT,1966,170,47,,,
hepatitis_a,UT,1967,158,41,,,
hepatitis_a,UT,1968,259,52,,,
hepatitis_a,UT,1969,284,48,,,
hepatitis_a,UT,1970,310,48,,,
hepatitis_a,UT,1971,493,50,,,
hepatitis_a,UT,1972,302,46,,,
hepatitis_a,UT,1973,178,43,,,
hepatitis_a,UT,1974,203,44,,,
hepatitis_a,UT,1975,272,49,,,
hepatitis_a,UT,1976,248,44,,,
hepatitis_a,UT,1977,206,43,,,
hepatitis_a,UT,1978,311,44,,,
hepatitis_a,UT,1979,229,41,,,
hepatitis_a,UT,1980,166,33,,,
hepatitis_a,UT,1981,82,31,,,
hepatitis_a,UT,1982,183,43,,,
hepatitis_a,UT,1983,142,47,,,
hepatitis_a,UT,1984,360,45,,,
hepatitis_a,UT,1985,209,40,,,
hepatitis_a,UT,1986,143,38,,,
hepatitis_a,UT,1987,249,48,,,
hepatitis_a,UT,1988,,,300,51,300
hepatitis_a,UT,1989,,,519,52,519
hepatitis_a,UT,1990,,,602,52,602
hepatitis_a,UT,1991,,,290,52,290
hepatitis_a,UT,1992,,,505,52,505
hepatitis_a,UT,1993,,,770,52,770
hepatitis_a,UT,1994,54,1,631,52,631
hepatitis_a,UT,1995,,,666,52,666
hepatitis_a,UT,1996,,,268,66,1071
hepatitis_a,UT,1997,,,547,52,547
hepatitis_a,UT,1998,,,196,52,196
hepatitis_a,UT,1999,,,66,52,66
hepatitis_a,UT,2000,,,68,52,68
hepatitis_a,UT,2001,,,69,52,69
hepatitis_a,UT,2002,,,65,52,65
hepatitis_a,UT,2003,,,49,52,49
hepatitis_a,UT,2004,,,49,52,49
hepatitis_a,UT,2005,,,22,52,22
hepatitis_a,UT,2006,3,2,15,52,15
hepatitis_a,UT,2007,2,2,7,52,7
hepatitis_a,UT,2008,,,12,54,13
hepatitis_a,UT,2009,,,7,52,7
hepatitis_a,UT,2010,,,9,52,9
hepatitis_a,UT,2011,,,3,52,3
hepatitis_a,UT,2012,,,4,52,4
hepatitis_a,UT,2013,,,12,52,12
hepatitis_a,UT,2014,1,1,4,53,6
hepatitis_a,UT,2015,,,7,53,7
hepatitis_a,UT,2016,,,9,53,9
hepatitis_a,UT,2017,35,15,129,52,129
hepatitis_a,VA,1966,580,51,,,
hepatitis_a,VA,1967,709,51,,,
hepatitis_a,VA,1968,577,52,,,
hepatitis_a,VA,1969,431,49,,,
hepatitis_a,VA,1970,1353,50,,,
hepatitis_a,VA,1971,1480,51,,,
hepatitis_a,VA,1972,927,47,,,
hepatitis_a,VA,1973,758,51,,,
hepatitis_a,VA,1974,484,48,,,
hepatitis_a,VA,1975,400,49,,,
hepatitis_a,VA,1976,345,52,,,
hepatitis_a,VA,1977,332,51,,,
hepatitis_a,VA,1978,273,49,,,
hepatitis_a,VA,1979,260,49,,,
hepatitis_a,VA,1980,236,38,,,
hepatitis_a,VA,1981,192,47,,,
hepatitis_a,VA,1982,195,45,,,
hepatitis_a,VA,1983,126,43,,,
hepatitis_a,VA,1984,120,37,,,
hepatitis_a,VA,1985,138,37,,,
hepatitis_a,VA,1986,104,30,,,
hepatitis_a,VA,1987,236,45,,,
hepatitis_a,VA,1988,,,357,51,357
hepatitis_a,VA,1989,,,327,52,327
hepatitis_a,VA,1990,,,293,52,293
hepatitis_a,VA,1991,,,191,52,191
hepatitis_a,VA,1992,,,153,52,153
hepatitis_a,VA,1993,,,151,52,151
hepatitis_a,VA,1994,18,1,188,52,188
hepatitis_a,VA,1995,,,230,52,230
hepatitis_a,VA,1996,,,44,66,192
hepatitis_a,VA,1997,,,229,52,229
hepatitis_a,VA,1998,,,218,52,218
hepatitis_a,VA,1999,,,181,52,181
hepatitis_a,VA,2000,,,154,52,154
hepatitis_a,VA,2001,,,143,52,143
hepatitis_a,VA,2002,,,152,52,152
hepatitis_a,VA,2003,,,108,52,108
hepatitis_a,VA,2004,,,137,52,137
hepatitis_a,VA,2005,,,79,52,79
hepatitis_a,VA,2006,11,8,62,52,62
hepatitis_a,VA,2007,42,23,85,52,85
hepatitis_a,VA,2008,9,8,48,54,48
hepatitis_a,VA,2009,24,18,41,52,41
hepatitis_a,VA,2010,33,25,52,52,52
hepatitis_a,VA,2011,17,14,29,52,29
hepatitis_a,VA,2012,15,12,47,52,47
hepatitis_a,VA,2013,15,10,10,52,25
hepatitis_a,VA,2014,14,12,23,53,26
hepatitis_a,VA,2015,28,23,49,53,49
hepatitis_a,VA,2016,125,31,182,53,182
hepatitis_a,VA,2017,26,17,43,52,43
hepatitis_a,VI,1970,5,3,,,
hepatitis_a,VI,1971,9,8,,,
hepatitis_a,VI,1972,3,2,,,
hepatitis_a,VI,1973,7,5,,,
hepatitis_a,VI,1974,10,5,,,
hepatitis_a,VI,1975,4,3,,,
hepatitis_a,VI,1976,4,2,,,
hepatitis_a,VI,1981,1,1,,,
hepatitis_a,VI,1982,1,1,,,
hepatitis_a,VI,1983,1,1,,,
hepatitis_a,VI,1985,8,7,,,
hepatitis_a,VI,1986,1,1,,,
hepatitis_a,VI,1987,4,4,,,
hepatitis_a,VI,1988,,,1,52,1
hepatitis_a,VI,1990,,,1,52,1
hepatitis_a,VI,1991,,,2,52,2
hepatitis_a,VI,1992,,,6,52,6
hepatitis_a,VI,2001,,,39,18,39
hepatitis_a,VT,1966,23,17,,,
hepatitis_a,VT,1967,15,13,,,
hepatitis_a,VT,1968,67,21,,,
hepatitis_a,VT,1969,149,44,,,
hepatitis_a,VT,1970,367,49,,,
hepatitis_a,VT,1971,432,51,,,
hepatitis_a,VT,1972,208,47,,,
hepatitis_a,VT,1973,250,48,,,
hepatitis_a,VT,1974,123,43,,,
hepatitis_a,VT,1975,59,29,,,
hepatitis_a,VT,1976,43,20,,,
hepatitis_a,VT,1977,41,25,,,
hepatitis_a,VT,1978,53,28,,,
hepatitis_a,VT,1979,51,28,,,
hepatitis_a,VT,1980,31,19,,,
hepatitis_a,VT,1981,45,24,,,
hepatitis_a,VT,1982,53,27,,,
hepatitis_a,VT,1983,30,21,,,
hepatitis_a,VT,1984,12,9,,,
hepatitis_a,VT,1985,22,17,,,
hepatitis_a,VT,1986,15,10,,,
hepatitis_a,VT,1987,14,12,,,
hepatitis_a,VT,1988,,,17,51,17
hepatitis_a,VT,1989,,,36,52,37
hepatitis_a,VT,1990,,,6,52,6
hepatitis_a,VT,1991,,,24,52,24
hepatitis_a,VT,1992,,,14,52,14
hepatitis_a,VT,1993,,,9,52,9
hepatitis_a,VT,1994,,,14,52,14
hepatitis_a,VT,1995,,,7,52,7
hepatitis_a,VT,1996,,,1,66,12
hepatitis_a,VT,1997,,,15,52,15
hepatitis_a,VT,1998,,,16,52,16
hepatitis_a,VT,1999,,,24,52,24
hepatitis_a,VT,2000,,,10,52,10
hepatitis_a,VT,2001,,,16,52,16
hepatitis_a,VT,2002,,,3,52,3
hepatitis_a,VT,2003,,,6,52,6
hepatitis_a,VT,2004,,,8,52,8
hepatitis_a,VT,2005,,,6,52,6
hepatitis_a,VT,2006,4,4,8,52,9
hepatitis_a,VT,2007,3,3,8,52,8
hepatitis_a,VT,2008,2,2,2,54,2
hepatitis_a,VT,2009,,,2,52,2
hepatitis_a,VT,2011,3,2,6,52,6
hepatitis_a,VT,2012,,,2,52,2
hepatitis_a,VT,2013,1,1,1,53,7
hepatitis_a,VT,2014,1,1,2,53,4
hepatitis_a,VT,2015,1,1,3,53,3
hepatitis_a,VT,2016,2,2,5,53,5
hepatitis_a,VT,2017,,,2,52,2
hepatitis_a,WA,1966,579,50,,,
hepatitis_a,WA,1967,879,50,,,
hepatitis_a,WA,1968,1191,51,,,
hepatitis_a,WA,1969,1259,48,,,
hepatitis_a,WA,1970,1374,51,,,
hepatitis_a,WA,1971,1287,49,,,
hepatitis_a,WA,1972,1063,47,,,
hepatitis_a,WA,1973,1071,49,,,
hepatitis_a,WA,1974,676,49,,,
hepatitis_a,WA,1975,735,50,,,
hepatitis_a,WA,1976,445,50,,,
hepatitis_a,WA,1977,567,50,,,
hepatitis_a,WA,1978,857,50,,,
hepatitis_a,WA,1979,934,48,,,
hepatitis_a,WA,1980,374,38,,,
hepatitis_a,WA,1981,583,47,,,
hepatitis_a,WA,1982,422,45,,,
hepatitis_a,WA,1983,247,48,,,
hepatitis_a,WA,1984,363,48,,,
hepatitis_a,WA,1985,580,44,,,
hepatitis_a,WA,1986,842,42,,,
hepatitis_a,WA,1987,2431,50,,,
hepatitis_a,WA,1988,,,2338,51,2338
hepatitis_a,WA,1989,,,3115,52,3115
hepatitis_a,WA,1990,,,1378,52,1378
hepatitis_a,WA,1991,,,548,52,548
hepatitis_a,WA,1992,,,793,52,793
hepatitis_a,WA,1993,,,861,52,861
hepatitis_a,WA,1994,65,1,345,52,345
hepatitis_a,WA,1995,,,819,52,819
hepatitis_a,WA,1996,,,139,66,744
hepatitis_a,WA,1997,,,673,52,673
hepatitis_a,WA,1998,,,954,52,954
hepatitis_a,WA,1999,,,466,52,466
hepatitis_a,WA,2000,,,283,52,283
hepatitis_a,WA,2001,,,161,52,161
hepatitis_a,WA,2002,,,145,52,145
hepatitis_a,WA,2003,,,65,52,65
hepatitis_a,WA,2004,,,60,52,60
hepatitis_a,WA,2005,,,53,52,53
hepatitis_a,WA,2006,52,26,50,52,50
hepatitis_a,WA,2007,54,27,56,52,56
hepatitis_a,WA,2008,44,27,48,54,48
hepatitis_a,WA,2009,42,26,40,52,40
hepatitis_a,WA,2010,20,17,20,52,20
hepatitis_a,WA,2011,26,17,24,52,24
hepatitis_a,WA,2012,30,21,27,52,27
hepatitis_a,WA,2013,48,27,41,52,41
hepatitis_a,WA,2014,22,19,19,53,20
hepatitis_a,WA,2015,25,17,23,53,23
hepatitis_a,WA,2016,28,21,26,53,26
hepatitis_a,WA,2017,25,17,22,52,22
hepatitis_a,WI,1966,378,52,,,
hepatitis_a,WI,1967,446,52,,,
hepatitis_a,WI,1968,542,51,,,
hepatitis_a,WI,1969,415,50,,,
hepatitis_a,WI,1970,480,51,,,
hepatitis_a,WI,1971,423,49,,,
hepatitis_a,WI,1972,317,47,,,
hepatitis_a,WI,1973,331,49,,,
hepatitis_a,WI,1974,581,48,,,
hepatitis_a,WI,1975,425,51,,,
hepatitis_a,WI,1976,327,51,,,
hepatitis_a,WI,1977,419,50,,,
hepatitis_a,WI,1978,274,48,,,
hepatitis_a,WI,1979,262,49,,,
hepatitis_a,WI,1980,211,35,,,
hepatitis_a,WI,1981,74,34,,,
hepatitis_a,WI,1982,77,28,,,
hepatitis_a,WI,1983,3,2,,,
hepatitis_a,WI,1984,5,4,,,
hepatitis_a,WI,1987,2,1,,,
hepatitis_a,WI,1988,,,228,51,228
hepatitis_a,WI,1989,,,251,52,251
hepatitis_a,WI,1990,,,397,52,397
hepatitis_a,WI,1991,,,670,52,670
hepatitis_a,WI,1992,,,776,52,776
hepatitis_a,WI,1993,,,408,52,408
hepatitis_a,WI,1994,16,1,163,52,163
hepatitis_a,WI,1995,,,179,52,179
hepatitis_a,WI,1996,,,49,66,172
hepatitis_a,WI,1997,,,155,52,155
hepatitis_a,WI,1998,,,173,52,173
hepatitis_a,WI,1999,,,70,52,70
hepatitis_a,WI,2000,,,13,52,13
hepatitis_a,WI,2001,,,69,52,69
hepatitis_a,WI,2002,,,178,52,178
hepatitis_a,WI,2003,,,45,52,45
hepatitis_a,WI,2004,,,52,52,52
hepatitis_a,WI,2005,,,37,52,37
hepatitis_a,WI,2006,,,38,52,38
hepatitis_a,WI,2007,,,9,52,9
hepatitis_a,WI,2008,,,31,54,31
hepatitis_a,WI,2009,,,21,52,21
hepatitis_a,WI,2010,1,1,26,52,26
hepatitis_a,WI,2011,,,6,52,6
hepatitis_a,WI,2012,,,20,52,20
hepatitis_a,WI,2013,1,1,35,52,35
hepatitis_a,WI,2014,,,7,53,8
hepatitis_a,WI,2015,,,8,53,8
hepatitis_a,WI,2016,,,6,53,6
hepatitis_a,WI,2017,,,14,52,14
hepatitis_a,WV,1966,243,50,,,
hepatitis_a,WV,1967,363,49,,,
hepatitis_a,WV,1968,333,52,,,
hepatitis_a,WV,1969,338,50,,,
hepatitis_a,WV,1970,383,50,,,
hepatitis_a,WV,1971,510,50,,,
hepatitis_a,WV,1972,385,45,,,
hepatitis_a,WV,1973,325,48,,,
hepatitis_a,WV,1974,153,44,,,
hepatitis_a,WV,1975,162,43,,,
hepatitis_a,WV,1976,262,51,,,
hepatitis_a,WV,1977,311,50,,,
hepatitis_a,WV,1978,151,43,,,
hepatitis_a,WV,1979,138,46,,,
hepatitis_a,WV,1980,85,33,,,
hepatitis_a,WV,1981,106,40,,,
hepatitis_a,WV,1982,81,37,,,
hepatitis_a,WV,1983,64,31,,,
hepatitis_a,WV,1984,31,20,,,
hepatitis_a,WV,1985,29,16,,,
hepatitis_a,WV,1986,55,25,,,
hepatitis_a,WV,1987,19,16,,,
hepatitis_a,WV,1988,,,15,51,15
hepatitis_a,WV,1989,,,27,52,27
hepatitis_a,WV,1990,,,24,52,24
hepatitis_a,WV,1991,,,22,52,22
hepatitis_a,WV,1992,,,10,52,10
hepatitis_a,WV,1993,,,28,52,28
hepatitis_a,WV,1994,2,1,22,52,22
hepatitis_a,WV,1995,,,24,52,24
hepatitis_a,WV,1996,,,6,66,19
hepatitis_a,WV,1997,,,12,52,12
hepatitis_a,WV,1998,,,7,52,7
hepatitis_a,WV,1999,,,44,52,44
hepatitis_a,WV,2000,,,56,52,56
hepatitis_a,WV,2001,,,28,52,28
hepatitis_a,WV,2002,,,23,52,23
hepatitis_a,WV,2003,,,16,52,16
hepatitis_a,WV,2004,,,6,52,6
hepatitis_a,WV,2005,,,6,52,6
hepatitis_a,WV,2006,0,1,6,52,6
hepatitis_a,WV,2007,3,3,9,52,9
hepatitis_a,WV,2008,,,5,54,5
hepatitis_a,WV,2009,3,3,6,52,6
hepatitis_a,WV,2010,,,10,52,10
hepatitis_a,WV,2011,2,2,8,52,8
hepatitis_a,WV,2012,2,2,7,52,7
hepatitis_a,WV,2013,1,1,5,52,5
hepatitis_a,WV,2014,,,11,53,11
hepatitis_a,WV,2015,2,2,8,53,8
hepatitis_a,WV,2016,,,13,53,13
hepatitis_a,WV,2017,1,1,6,52,6
hepatitis_a,WY,1966,54,29,,,
hepatitis_a,WY,1967,65,28,,,
hepatitis_a,WY,1968,37,23,,,
hepatitis_a,WY,1969,81,28,,,
hepatitis_a,WY,1970,83,38,,,
hepatitis_a,WY,1971,49,25,,,
hepatitis_a,WY,1972,43,26,,,
hepatitis_a,WY,1973,47,27,,,
hepatitis_a,WY,1974,47,18,,,
hepatitis_a,WY,1975,34,18,,,
hepatitis_a,WY,1976,9,7,,,
hepatitis_a,WY,1977,20,15,,,
hepatitis_a,WY,1978,29,13,,,
hepatitis_a,WY,1979,21,14,,,
hepatitis_a,WY,1980,17,11,,,
hepatitis_a,WY,1981,78,23,,,
hepatitis_a,WY,1982,78,28,,,
hepatitis_a,WY,1983,31,17,,,
hepatitis_a,WY,1984,29,18,,,
hepatitis_a,WY,1985,9,6,,,
hepatitis_a,WY,1986,15,13,,,
hepatitis_a,WY,1987,19,12,,,
hepatitis_a,WY,1988,,,8,52,8
hepatitis_a,WY,1989,,,68,52,68
hepatitis_a,WY,1990,,,78,52,78
hepatitis_a,WY,1991,,,127,52,127
hepatitis_a,WY,1992,,,12,52,12
hepatitis_a,WY,1993,,,17,52,17
hepatitis_a,WY,1994,3,1,30,52,30
hepatitis_a,WY,1995,,,104,52,104
hepatitis_a,WY,1996,,,6,66,40
hepatitis_a,WY,1997,,,41,52,41
hepatitis_a,WY,1998,,,36,52,36
hepatitis_a,WY,1999,,,8,52,8
hepatitis_a,WY,2000,,,47,52,47
hepatitis_a,WY,2001,,,7,52,26
hepatitis_a,WY,2002,,,3,52,3
hepatitis_a,WY,2003,,,2,52,2
hepatitis_a,WY,2004,,,5,52,5
hepatitis_a,WY,2006,2,3,3,52,3
hepatitis_a,WY,2007,1,1,3,52,3
hepatitis_a,WY,2008,1,1,3,54,3
hepatitis_a,WY,2009,,,2,52,2
hepatitis_a,WY,2010,3,1,3,52,3
hepatitis_a,WY,2011,,,2,52,2
hepatitis_a,WY,2014,,,1,53,1
hepatitis_a,WY,2015,2,2,3,53,3
hepatitis_a,WY,2017,3,3,15,52,15
hepatitis_b,AK,1955,24,2,,,
hepatitis_b,AK,1956,2,2,63,34,64
hepatitis_b,AK,1957,45,10,116,52,116
hepatitis_b,AK,1958,64,18,79,47,79
hepatitis_b,AK,1959,40,19,71,49,71
hepatitis_b,AK,1960,166,2,4776,50,4776
hepatitis_b,AK,1961,409,43,432,52,432
hepatitis_b,AK,1962,133,17,,,
hepatitis_b,AK,1963,49,13,,,
hepatitis_b,AK,1964,259,40,290,50,290
hepatitis_b,AK,1965,,,105,12,105
hepatitis_b,AK,1970,6,3,,,
hepatitis_b,AK,1971,2,2,,,
hepatitis_b,AK,1972,35,14,,,
hepatitis_b,AK,1973,40,17,,,
hepatitis_b,AK,1974,48,23,,,
hepatitis_b,AK,1975,42,23,,,
hepatitis_b,AK,1976,30,12,,,
hepatitis_b,AK,1977,33,18,,,
hepatitis_b,AK,1978,84,29,,,
hepatitis_b,AK,1979,28,19,,,
hepatitis_b,AK,1980,22,17,,,
hepatitis_b,AK,1981,70,32,,,
hepatitis_b,AK,1982,55,21,,,
hepatitis_b,AK,1983,47,20,,,
hepatitis_b,AK,1984,24,19,,,
hepatitis_b,AK,1985,45,27,,,
hepatitis_b,AK,1986,85,30,,,
hepatitis_b,AK,1987,138,44,,,
hepatitis_b,AK,1988,,,56,52,56
hepatitis_b,AK,1989,,,60,52,60
hepatitis_b,AK,1990,,,55,52,55
hepatitis_b,AK,1991,,,40,52,40
hepatitis_b,AK,1992,,,18,52,18
hepatitis_b,AK,1993,,,13,52,13
hepatitis_b,AK,1994,1,1,11,52,11
hepatitis_b,AK,1995,,,12,52,12
hepatitis_b,AK,1996,,,1,66,18
hepatitis_b,AK,1997,,,21,52,21
hepatitis_b,AK,1998,,,12,52,12
hepatitis_b,AK,1999,,,19,52,19
hepatitis_b,AK,2000,,,12,52,12
hepatitis_b,AK,2001,,,9,52,9
hepatitis_b,AK,2002,,,6,52,6
hepatitis_b,AK,2003,,,11,52,11
hepatitis_b,AK,2004,,,15,52,15
hepatitis_b,AK,2005,,,7,52,7
hepatitis_b,AK,2006,7,5,9,52,9
hepatitis_b,AK,2007,10,10,9,52,9
hepatitis_b,AK,2008,6,6,9,54,9
hepatitis_b,AK,2009,2,2,4,52,5
hepatitis_b,AK,2010,,,5,52,5
hepatitis_b,AK,2011,,,4,52,4
hepatitis_b,AK,2012,4,3,5,52,6
hepatitis_b,AK,2013,2,2,1,52,2
hepatitis_b,AK,2014,,,3,53,4
hepatitis_b,AK,2015,4,4,4,53,4
hepatitis_b,AK,2016,,,6,53,6
hepatitis_b,AK,2017,2,2,7,52,7
hepatitis_b,AL,1952,1046,43,,,
hepatitis_b,AL,1953,34,1,,,
hepatitis_b,AL,1955,16,2,,,
hepatitis_b,AL,1956,12,2,149,34,149
hepatitis_b,AL,1957,80,16,273,52,273
hepatitis_b,AL,1958,174,37,201,47,201
hepatitis_b,AL,1959,353,37,459,49,459
hepatitis_b,AL,1960,204,4,1957,50,1957
hepatitis_b,AL,1961,1667,48,1832,52,1832
hepatitis_b,AL,1962,27,4,,,
hepatitis_b,AL,1963,53,5,,,
hepatitis_b,AL,1964,409,45,479,50,479
hepatitis_b,AL,1965,5,1,107,12,107
hepatitis_b,AL,1966,12,8,,,
hepatitis_b,AL,1967,6,5,,,
hepatitis_b,AL,1968,8,8,,,
hepatitis_b,AL,1969,13,8,,,
hepatitis_b,AL,1970,14,12,,,
hepatitis_b,AL,1971,35,22,,,
hepatitis_b,AL,1972,90,35,,,
hepatitis_b,AL,1973,175,37,,,
hepatitis_b,AL,1974,131,30,,,
hepatitis_b,AL,1975,246,43,,,
hepatitis_b,AL,1976,230,48,,,
hepatitis_b,AL,1977,165,40,,,
hepatitis_b,AL,1978,144,41,,,
hepatitis_b,AL,1979,226,49,,,
hepatitis_b,AL,1980,187,36,,,
hepatitis_b,AL,1981,273,44,,,
hepatitis_b,AL,1982,364,49,,,
hepatitis_b,AL,1983,415,50,,,
hepatitis_b,AL,1984,424,47,,,
hepatitis_b,AL,1985,355,39,,,
hepatitis_b,AL,1986,474,39,,,
hepatitis_b,AL,1987,428,52,,,
hepatitis_b,AL,1988,,,348,52,348
hepatitis_b,AL,1989,,,253,52,253
hepatitis_b,AL,1990,,,175,52,175
hepatitis_b,AL,1991,,,165,52,165
hepatitis_b,AL,1992,,,135,52,135
hepatitis_b,AL,1993,,,107,52,107
hepatitis_b,AL,1994,13,1,91,52,91
hepatitis_b,AL,1995,,,109,52,109
hepatitis_b,AL,1996,,,15,66,74
hepatitis_b,AL,1997,,,79,52,79
hepatitis_b,AL,1998,,,77,52,77
hepatitis_b,AL,1999,,,78,52,78
hepatitis_b,AL,2000,,,70,52,70
hepatitis_b,AL,2001,,,88,52,88
hepatitis_b,AL,2002,,,106,52,106
hepatitis_b,AL,2003,,,61,52,61
hepatitis_b,AL,2004,,,66,52,66
hepatitis_b,AL,2005,,,86,52,86
hepatitis_b,AL,2006,50,20,147,52,147
hepatitis_b,AL,2007,16,13,121,52,121
hepatitis_b,AL,2008,16,13,103,54,103
hepatitis_b,AL,2009,9,7,83,52,83
hepatitis_b,AL,2010,8,5,66,52,66
hepatitis_b,AL,2011,23,22,109,52,109
hepatitis_b,AL,2012,17,15,73,52,73
hepatitis_b,AL,2013,11,10,84,52,84
hepatitis_b,AL,2014,25,20,112,53,120
hepatitis_b,AL,2015,27,22,101,53,101
hepatitis_b,AL,2016,12,11,53,53,53
hepatitis_b,AL,2017,4,3,73,52,73
hepatitis_b,AR,1952,111,34,,,
hepatitis_b,AR,1953,18,1,,,
hepatitis_b,AR,1955,26,2,,,
hepatitis_b,AR,1956,6,3,93,34,93
hepatitis_b,AR,1957,22,10,82,52,82
hepatitis_b,AR,1958,77,30,96,47,96
hepatitis_b,AR,1959,59,30,81,49,81
hepatitis_b,AR,1960,110,4,2951,50,2951
hepatitis_b,AR,1961,893,48,1010,52,1010
hepatitis_b,AR,1962,31,4,,,
hepatitis_b,AR,1963,29,9,,,
hepatitis_b,AR,1964,277,45,289,50,289
hepatitis_b,AR,1965,10,1,134,12,134
hepatitis_b,AR,1966,5,5,,,
hepatitis_b,AR,1967,8,3,,,
hepatitis_b,AR,1968,2,2,,,
hepatitis_b,AR,1969,1,1,,,
hepatitis_b,AR,1970,8,6,,,
hepatitis_b,AR,1971,9,8,,,
hepatitis_b,AR,1972,7,7,,,
hepatitis_b,AR,1973,9,7,,,
hepatitis_b,AR,1974,43,26,,,
hepatitis_b,AR,1975,43,26,,,
hepatitis_b,AR,1976,62,34,,,
hepatitis_b,AR,1977,85,36,,,
hepatitis_b,AR,1978,95,39,,,
hepatitis_b,AR,1979,84,39,,,
hepatitis_b,AR,1980,99,32,,,
hepatitis_b,AR,1981,87,39,,,
hepatitis_b,AR,1982,92,42,,,
hepatitis_b,AR,1983,95,39,,,
hepatitis_b,AR,1984,76,33,,,
hepatitis_b,AR,1985,27,12,,,
hepatitis_b,AR,1986,85,30,,,
hepatitis_b,AR,1987,77,26,,,
hepatitis_b,AR,1988,,,114,52,115
hepatitis_b,AR,1989,,,76,52,76
hepatitis_b,AR,1990,,,90,52,90
hepatitis_b,AR,1991,,,131,52,131
hepatitis_b,AR,1992,,,97,52,97
hepatitis_b,AR,1993,,,58,52,58
hepatitis_b,AR,1994,4,1,37,52,37
hepatitis_b,AR,1995,,,84,52,84
hepatitis_b,AR,1996,,,26,66,78
hepatitis_b,AR,1997,,,62,52,62
hepatitis_b,AR,1998,,,97,52,97
hepatitis_b,AR,1999,,,75,52,75
hepatitis_b,AR,2000,,,78,52,78
hepatitis_b,AR,2001,,,102,52,102
hepatitis_b,AR,2002,,,92,52,92
hepatitis_b,AR,2003,,,59,52,59
hepatitis_b,AR,2004,,,77,52,77
hepatitis_b,AR,2005,,,49,52,49
hepatitis_b,AR,2006,3,3,50,52,50
hepatitis_b,AR,2007,8,8,65,52,65
hepatitis_b,AR,2008,,,30,54,31
hepatitis_b,AR,2009,2,2,49,52,49
hepatitis_b,AR,2010,1,1,41,52,41
hepatitis_b,AR,2011,,,49,52,49
hepatitis_b,AR,2012,1,1,63,52,63
hepatitis_b,AR,2013,1,1,42,52,42
hepatitis_b,AR,2014,,,19,53,20
hepatitis_b,AR,2015,3,2,26,53,26
hepatitis_b,AR,2016,6,6,41,53,41
hepatitis_b,AR,2017,5,5,42,52,42
hepatitis_b,AS,1986,10,7,,,
hepatitis_b,AS,1987,16,10,,,
hepatitis_b,AS,1988,,,2,52,2
hepatitis_b,AS,1992,,,1,52,1
hepatitis_b,AS,2002,,,26,23,26
hepatitis_b,AZ,1952,98,26,,,
hepatitis_b,AZ,1953,1,1,,,
hepatitis_b,AZ,1955,32,1,,,
hepatitis_b,AZ,1956,20,3,245,34,245
hepatitis_b,AZ,1957,156,16,330,52,330
hepatitis_b,AZ,1958,693,38,757,47,757
hepatitis_b,AZ,1959,430,37,552,49,552
hepatitis_b,AZ,1960,41,4,338,50,570
hepatitis_b,AZ,1961,598,47,711,52,711
hepatitis_b,AZ,1962,671,51,,,
hepatitis_b,AZ,1963,555,52,,,
hepatitis_b,AZ,1964,441,46,487,50,487
hepatitis_b,AZ,1965,6,1,114,12,114
hepatitis_b,AZ,1966,1,1,,,
hepatitis_b,AZ,1967,1,1,,,
hepatitis_b,AZ,1968,7,5,,,
hepatitis_b,AZ,1969,9,6,,,
hepatitis_b,AZ,1970,11,7,,,
hepatitis_b,AZ,1971,31,22,,,
hepatitis_b,AZ,1972,8,7,,,
hepatitis_b,AZ,1973,6,4,,,
hepatitis_b,AZ,1974,83,37,,,
hepatitis_b,AZ,1975,91,38,,,
hepatitis_b,AZ,1976,183,41,,,
hepatitis_b,AZ,1977,190,44,,,
hepatitis_b,AZ,1978,156,40,,,
hepatitis_b,AZ,1979,112,40,,,
hepatitis_b,AZ,1980,141,27,,,
hepatitis_b,AZ,1981,155,40,,,
hepatitis_b,AZ,1982,213,38,,,
hepatitis_b,AZ,1983,331,43,,,
hepatitis_b,AZ,1984,458,47,,,
hepatitis_b,AZ,1985,590,41,,,
hepatitis_b,AZ,1986,670,38,,,
hepatitis_b,AZ,1987,839,47,,,
hepatitis_b,AZ,1988,,,604,52,604
hepatitis_b,AZ,1989,,,586,52,586
hepatitis_b,AZ,1990,,,482,52,482
hepatitis_b,AZ,1991,,,176,52,176
hepatitis_b,AZ,1992,,,168,52,168
hepatitis_b,AZ,1993,,,86,52,86
hepatitis_b,AZ,1994,9,1,77,52,77
hepatitis_b,AZ,1995,,,106,52,106
hepatitis_b,AZ,1996,,,47,66,239
hepatitis_b,AZ,1997,,,201,52,201
hepatitis_b,AZ,1998,,,179,52,179
hepatitis_b,AZ,1999,,,144,52,144
hepatitis_b,AZ,2000,,,219,52,219
hepatitis_b,AZ,2001,,,161,52,161
hepatitis_b,AZ,2002,,,262,52,262
hepatitis_b,AZ,2003,,,282,52,282
hepatitis_b,AZ,2004,,,315,52,315
hepatitis_b,AZ,2005,,,390,52,390
hepatitis_b,AZ,2006,133,11,9,52,233
hepatitis_b,AZ,2007,4,2,49,52,53
hepatitis_b,AZ,2008,4,2,69,54,69
hepatitis_b,AZ,2009,2,2,42,52,42
hepatitis_b,AZ,2010,1,1,30,52,30
hepatitis_b,AZ,2011,1,1,16,52,16
hepatitis_b,AZ,2012,2,2,12,52,12
hepatitis_b,AZ,2013,,,24,52,24
hepatitis_b,AZ,2014,2,2,13,53,18
hepatitis_b,AZ,2015,6,6,24,53,24
hepatitis_b,AZ,2016,5,5,14,53,14
hepatitis_b,AZ,2017,8,7,23,52,23
hepatitis_b,CA,1952,977,43,,,
hepatitis_b,CA,1953,21,1,,,
hepatitis_b,CA,1955,81,2,,,
hepatitis_b,CA,1956,108,3,1392,34,1508
hepatitis_b,CA,1957,485,16,1892,52,1892
hepatitis_b,CA,1958,1531,39,1870,47,1870
hepatitis_b,CA,1959,1953,37,2536,49,2536
hepatitis_b,CA,1960,308,4,1108,50,4088
hepatitis_b,CA,1961,6026,49,6423,52,6423
hepatitis_b,CA,1962,89,1,,,
hepatitis_b,CA,1963,104,1,,,
hepatitis_b,CA,1964,4378,46,4736,50,4736
hepatitis_b,CA,1965,128,1,1209,12,1209
hepatitis_b,CA,1966,407,52,,,
hepatitis_b,CA,1967,1004,52,,,
hepatitis_b,CA,1968,2272,52,,,
hepatitis_b,CA,1969,1722,50,,,
hepatitis_b,CA,1970,1605,50,,,
hepatitis_b,CA,1971,1570,51,,,
hepatitis_b,CA,1972,1567,47,,,
hepatitis_b,CA,1973,2138,49,,,
hepatitis_b,CA,1974,2343,48,,,
hepatitis_b,CA,1975,2506,51,,,
hepatitis_b,CA,1976,3151,51,,,
hepatitis_b,CA,1977,2908,44,,,
hepatitis_b,CA,1978,2550,44,,,
hepatitis_b,CA,1979,2451,44,,,
hepatitis_b,CA,1980,2415,33,,,
hepatitis_b,CA,1981,3491,44,,,
hepatitis_b,CA,1982,3381,44,,,
hepatitis_b,CA,1983,3844,43,,,
hepatitis_b,CA,1984,4639,43,,,
hepatitis_b,CA,1985,4556,39,,,
hepatitis_b,CA,1986,4378,39,,,
hepatitis_b,CA,1987,3660,45,,,
hepatitis_b,CA,1988,,,3296,52,3296
hepatitis_b,CA,1989,,,2898,52,2898
hepatitis_b,CA,1990,,,2900,52,2900
hepatitis_b,CA,1991,,,2667,52,2667
hepatitis_b,CA,1992,,,2779,52,2779
hepatitis_b,CA,1993,,,1852,52,1852
hepatitis_b,CA,1994,222,1,1959,52,1959
hepatitis_b,CA,1995,,,1662,52,1662
hepatitis_b,CA,1996,,,405,66,1680
hepatitis_b,CA,1997,,,1589,52,1589
hepatitis_b,CA,1998,,,1436,52,1436
hepatitis_b,CA,1999,,,1264,52,1264
hepatitis_b,CA,2000,,,1034,52,1034
hepatitis_b,CA,2001,,,831,52,831
hepatitis_b,CA,2002,,,584,52,584
hepatitis_b,CA,2003,,,619,52,619
hepatitis_b,CA,2004,,,468,52,468
hepatitis_b,CA,2005,,,352,52,352
hepatitis_b,CA,2006,304,49,408,52,408
hepatitis_b,CA,2007,222,44,381,52,381
hepatitis_b,CA,2008,200,43,276,54,276
hepatitis_b,CA,2009,209,48,239,52,239
hepatitis_b,CA,2010,198,46,218,52,218
hepatitis_b,CA,2011,22,12,116,52,116
hepatitis_b,CA,2012,3,3,115,52,115
hepatitis_b,CA,2013,8,8,97,52,97
hepatitis_b,CA,2014,8,7,82,53,86
hepatitis_b,CA,2015,3,3,125,53,125
hepatitis_b,CA,2016,4,4,96,53,96
hepatitis_b,CA,2017,8,7,93,49,93
hepatitis_b,CO,1952,139,37,,,
hepatitis_b,CO,1953,6,1,,,
hepatitis_b,CO,1955,32,2,,,
hepatitis_b,CO,1956,22,3,277,34,277
hepatitis_b,CO,1957,46,14,201,52,201
hepatitis_b,CO,1958,206,36,273,47,273
hepatitis_b,CO,1959,588,35,823,49,823
hepatitis_b,CO,1960,63,4,38,50,944
hepatitis_b,CO,1961,1250,49,1402,52,1402
hepatitis_b,CO,1962,389,35,,,
hepatitis_b,CO,1963,261,25,,,
hepatitis_b,CO,1964,567,46,588,50,588
hepatitis_b,CO,1965,7,1,88,12,88
hepatitis_b,CO,1966,1,1,,,
hepatitis_b,CO,1967,1,1,,,
hepatitis_b,CO,1968,26,16,,,
hepatitis_b,CO,1969,21,14,,,
hepatitis_b,CO,1970,59,25,,,
hepatitis_b,CO,1971,83,34,,,
hepatitis_b,CO,1972,99,38,,,
hepatitis_b,CO,1973,57,30,,,
hepatitis_b,CO,1974,106,31,,,
hepatitis_b,CO,1975,136,40,,,
hepatitis_b,CO,1976,286,50,,,
hepatitis_b,CO,1977,301,50,,,
hepatitis_b,CO,1978,222,45,,,
hepatitis_b,CO,1979,165,46,,,
hepatitis_b,CO,1980,159,37,,,
hepatitis_b,CO,1981,217,45,,,
hepatitis_b,CO,1982,193,49,,,
hepatitis_b,CO,1983,227,49,,,
hepatitis_b,CO,1984,263,47,,,
hepatitis_b,CO,1985,226,43,,,
hepatitis_b,CO,1986,210,40,,,
hepatitis_b,CO,1987,262,50,,,
hepatitis_b,CO,1988,,,197,52,197
hepatitis_b,CO,1989,,,180,52,180
hepatitis_b,CO,1990,,,196,52,196
hepatitis_b,CO,1991,,,139,52,139
hepatitis_b,CO,1992,,,113,52,113
hepatitis_b,CO,1993,,,78,52,78
hepatitis_b,CO,1994,1,1,100,52,100
hepatitis_b,CO,1995,,,141,52,141
hepatitis_b,CO,1996,,,38,66,140
hepatitis_b,CO,1997,,,153,52,153
hepatitis_b,CO,1998,,,108,52,108
hepatitis_b,CO,1999,,,97,52,97
hepatitis_b,CO,2000,,,110,52,110
hepatitis_b,CO,2001,,,103,52,104
hepatitis_b,CO,2002,,,77,52,77
hepatitis_b,CO,2003,,,79,52,79
hepatitis_b,CO,2004,,,59,52,59
hepatitis_b,CO,2005,,,60,52,60
hepatitis_b,CO,2006,16,12,34,52,34
hepatitis_b,CO,2007,18,14,31,52,31
hepatitis_b,CO,2008,20,16,30,54,30
hepatitis_b,CO,2009,2,2,22,52,22
hepatitis_b,CO,2010,5,5,40,52,40
hepatitis_b,CO,2011,8,6,15,52,15
hepatitis_b,CO,2012,,,20,52,20
hepatitis_b,CO,2013,2,2,6,52,6
hepatitis_b,CO,2014,,,28,53,28
hepatitis_b,CO,2015,2,2,6,53,6
hepatitis_b,CO,2016,6,5,6,53,6
hepatitis_b,CO,2017,14,14,30,52,30
hepatitis_b,CT,1952,43,22,,,
hepatitis_b,CT,1953,12,1,,,
hepatitis_b,CT,1955,37,2,,,
hepatitis_b,CT,1956,17,3,206,34,206
hepatitis_b,CT,1957,31,14,125,52,125
hepatitis_b,CT,1958,83,34,109,47,109
hepatitis_b,CT,1959,117,36,142,49,142
hepatitis_b,CT,1960,22,4,206,50,206
hepatitis_b,CT,1961,459,47,499,52,499
hepatitis_b,CT,1962,22,4,,,
hepatitis_b,CT,1963,4,2,,,
hepatitis_b,CT,1964,593,46,641,50,641
hepatitis_b,CT,1965,5,1,92,12,92
hepatitis_b,CT,1966,16,12,,,
hepatitis_b,CT,1967,20,16,,,
hepatitis_b,CT,1968,122,36,,,
hepatitis_b,CT,1969,110,38,,,
hepatitis_b,CT,1970,173,49,,,
hepatitis_b,CT,1971,180,49,,,
hepatitis_b,CT,1972,154,44,,,
hepatitis_b,CT,1973,72,40,,,
hepatitis_b,CT,1974,65,31,,,
hepatitis_b,CT,1975,122,42,,,
hepatitis_b,CT,1976,150,47,,,
hepatitis_b,CT,1977,309,48,,,
hepatitis_b,CT,1978,206,44,,,
hepatitis_b,CT,1979,201,47,,,
hepatitis_b,CT,1980,200,36,,,
hepatitis_b,CT,1981,380,45,,,
hepatitis_b,CT,1982,419,50,,,
hepatitis_b,CT,1983,471,46,,,
hepatitis_b,CT,1984,363,45,,,
hepatitis_b,CT,1985,299,38,,,
hepatitis_b,CT,1986,314,38,,,
hepatitis_b,CT,1987,257,37,,,
hepatitis_b,CT,1988,,,236,52,236
hepatitis_b,CT,1989,,,213,52,213
hepatitis_b,CT,1990,,,224,52,224
hepatitis_b,CT,1991,,,147,52,147
hepatitis_b,CT,1992,,,13,52,13
hepatitis_b,CT,1993,,,69,52,69
hepatitis_b,CT,1994,,,89,52,89
hepatitis_b,CT,1995,,,66,52,66
hepatitis_b,CT,1996,,,28,66,85
hepatitis_b,CT,1997,,,45,52,45
hepatitis_b,CT,1998,,,28,52,28
hepatitis_b,CT,1999,,,39,52,39
hepatitis_b,CT,2000,,,28,52,28
hepatitis_b,CT,2001,,,31,52,31
hepatitis_b,CT,2002,,,67,52,67
hepatitis_b,CT,2003,,,22,52,22
hepatitis_b,CT,2004,,,94,52,94
hepatitis_b,CT,2005,,,28,52,28
hepatitis_b,CT,2006,,,30,52,30
hepatitis_b,CT,2007,4,4,29,52,29
hepatitis_b,CT,2008,2,2,23,54,23
hepatitis_b,CT,2009,,,14,52,14
hepatitis_b,CT,2010,2,1,20,52,20
hepatitis_b,CT,2011,,,16,52,16
hepatitis_b,CT,2012,73,1,15,52,79
hepatitis_b,CT,2013,,,3,52,3
hepatitis_b,CT,2014,,,8,53,14
hepatitis_b,CT,2015,,,4,53,4
hepatitis_b,CT,2016,,,2,53,2
hepatitis_b,CT,2017,,,7,52,7
hepatitis_b,DC,1952,1,1,,,
hepatitis_b,DC,1953,1,1,,,
hepatitis_b,DC,1955,7,2,,,
hepatitis_b,DC,1956,2,2,17,34,17
hepatitis_b,DC,1957,4,4,13,52,13
hepatitis_b,DC,1958,18,14,19,47,19
hepatitis_b,DC,1959,14,11,19,49,19
hepatitis_b,DC,1960,16,3,453,50,453
hepatitis_b,DC,1961,143,42,150,52,150
hepatitis_b,DC,1962,33,12,,,
hepatitis_b,DC,1963,19,9,,,
hepatitis_b,DC,1964,60,36,69,50,69
hepatitis_b,DC,1965,3,1,12,12,12
hepatitis_b,DC,1966,1,1,,,
hepatitis_b,DC,1967,3,3,,,
hepatitis_b,DC,1968,7,7,,,
hepatitis_b,DC,1969,15,12,,,
hepatitis_b,DC,1970,25,17,,,
hepatitis_b,DC,1971,16,12,,,
hepatitis_b,DC,1972,30,20,,,
hepatitis_b,DC,1973,16,9,,,
hepatitis_b,DC,1974,67,24,,,
hepatitis_b,DC,1975,89,35,,,
hepatitis_b,DC,1976,72,34,,,
hepatitis_b,DC,1977,58,18,,,
hepatitis_b,DC,1978,67,20,,,
hepatitis_b,DC,1979,41,22,,,
hepatitis_b,DC,1980,63,29,,,
hepatitis_b,DC,1981,73,31,,,
hepatitis_b,DC,1982,123,37,,,
hepatitis_b,DC,1983,134,41,,,
hepatitis_b,DC,1984,122,36,,,
hepatitis_b,DC,1985,139,36,,,
hepatitis_b,DC,1986,83,36,,,
hepatitis_b,DC,1987,58,35,,,
hepatitis_b,DC,1988,,,47,52,47
hepatitis_b,DC,1989,,,41,52,41
hepatitis_b,DC,1990,,,39,52,39
hepatitis_b,DC,1991,,,157,52,157
hepatitis_b,DC,1992,,,84,52,84
hepatitis_b,DC,1993,,,44,52,44
hepatitis_b,DC,1994,10,1,57,52,57
hepatitis_b,DC,1995,,,19,52,19
hepatitis_b,DC,1996,,,5,66,31
hepatitis_b,DC,1997,,,30,52,30
hepatitis_b,DC,1998,,,19,52,19
hepatitis_b,DC,1999,,,24,52,24
hepatitis_b,DC,2000,,,35,52,35
hepatitis_b,DC,2001,,,13,52,13
hepatitis_b,DC,2002,,,21,52,22
hepatitis_b,DC,2003,,,12,52,12
hepatitis_b,DC,2004,,,19,52,19
hepatitis_b,DC,2005,,,12,52,12
hepatitis_b,DC,2006,6,4,9,52,9
hepatitis_b,DC,2007,1,1,1,52,1
hepatitis_b,DC,2010,,,3,52,3
hepatitis_b,DE,1952,2,2,,,
hepatitis_b,DE,1955,4,2,,,
hepatitis_b,DE,1956,3,2,27,34,27
hepatitis_b,DE,1957,4,4,12,52,12
hepatitis_b,DE,1958,37,21,52,47,52
hepatitis_b,DE,1959,102,31,134,49,134
hepatitis_b,DE,1960,130,3,4454,50,4454
hepatitis_b,DE,1961,173,41,185,52,185
hepatitis_b,DE,1962,4,4,,,
hepatitis_b,DE,1963,39,17,,,
hepatitis_b,DE,1964,72,32,76,50,76
hepatitis_b,DE,1965,7,1,45,12,45
hepatitis_b,DE,1969,5,4,,,
hepatitis_b,DE,1970,21,16,,,
hepatitis_b,DE,1971,20,16,,,
hepatitis_b,DE,1972,25,16,,,
hepatitis_b,DE,1973,5,4,,,
hepatitis_b,DE,1974,14,8,,,
hepatitis_b,DE,1975,33,17,,,
hepatitis_b,DE,1976,38,23,,,
hepatitis_b,DE,1977,25,18,,,
hepatitis_b,DE,1978,44,17,,,
hepatitis_b,DE,1979,46,21,,,
hepatitis_b,DE,1980,44,17,,,
hepatitis_b,DE,1981,87,28,,,
hepatitis_b,DE,1982,105,30,,,
hepatitis_b,DE,1983,99,30,,,
hepatitis_b,DE,1984,46,29,,,
hepatitis_b,DE,1985,30,21,,,
hepatitis_b,DE,1986,46,26,,,
hepatitis_b,DE,1987,50,30,,,
hepatitis_b,DE,1988,,,138,52,138
hepatitis_b,DE,1989,,,141,52,141
hepatitis_b,DE,1990,,,99,52,99
hepatitis_b,DE,1991,,,51,52,51
hepatitis_b,DE,1992,,,208,52,208
hepatitis_b,DE,1993,,,167,52,167
hepatitis_b,DE,1994,9,1,5,52,12
hepatitis_b,DE,1995,,,8,52,8
hepatitis_b,DE,1996,,,1,66,9
hepatitis_b,DE,1997,,,6,52,6
hepatitis_b,DE,1998,,,4,52,4
hepatitis_b,DE,1999,,,1,52,1
hepatitis_b,DE,2001,,,11,52,11
hepatitis_b,DE,2002,,,7,52,7
hepatitis_b,DE,2003,,,11,52,11
hepatitis_b,DE,2004,,,42,52,42
hepatitis_b,DE,2005,,,48,52,48
hepatitis_b,DE,2006,,,47,52,47
hepatitis_b,DE,2007,1,1,15,52,15
hepatitis_b,DE,2008,,,11,54,11
hepatitis_b,DE,2009,3,2,15,24,15
hepatitis_b,DE,2010,,,23,52,23
hepatitis_b,DE,2011,1,1,13,52,13
hepatitis_b,DE,2012,,,11,52,11
hepatitis_b,DE,2013,,,11,52,11
hepatitis_b,DE,2014,1,1,6,53,8
hepatitis_b,DE,2015,,,8,53,8
hepatitis_b,DE,2016,1,1,2,53,3
hepatitis_b,DE,2017,2,2,9,52,9
hepatitis_b,FL,1952,196,38,,,
hepatitis_b,FL,1953,4,1,,,
hepatitis_b,FL,1955,18,2,,,
hepatitis_b,FL,1956,8,3,114,34,114
hepatitis_b,FL,1957,43,13,198,52,198
hepatitis_b,FL,1958,191,38,228,47,228
hepatitis_b,FL,1959,233,33,310,49,310
hepatitis_b,FL,1960,53,3,282,50,1031
hepatitis_b,FL,1961,1314,48,1445,52,1445
hepatitis_b,FL,1962,25,2,,,
hepatitis_b,FL,1963,15,2,,,
hepatitis_b,FL,1964,733,46,777,50,777
hepatitis_b,FL,1965,21,1,169,12,169
hepatitis_b,FL,1966,29,25,,,
hepatitis_b,FL,1967,29,16,,,
hepatitis_b,FL,1968,126,32,,,
hepatitis_b,FL,1969,180,45,,,
hepatitis_b,FL,1970,264,49,,,
hepatitis_b,FL,1971,304,48,,,
hepatitis_b,FL,1972,358,46,,,
hepatitis_b,FL,1973,450,49,,,
hepatitis_b,FL,1974,535,49,,,
hepatitis_b,FL,1975,589,50,,,
hepatitis_b,FL,1976,702,51,,,
hepatitis_b,FL,1977,780,51,,,
hepatitis_b,FL,1978,799,47,,,
hepatitis_b,FL,1979,614,50,,,
hepatitis_b,FL,1980,682,37,,,
hepatitis_b,FL,1981,1167,48,,,
hepatitis_b,FL,1982,1112,49,,,
hepatitis_b,FL,1983,1208,49,,,
hepatitis_b,FL,1984,1343,49,,,
hepatitis_b,FL,1985,1274,43,,,
hepatitis_b,FL,1986,1126,41,,,
hepatitis_b,FL,1987,1226,52,,,
hepatitis_b,FL,1988,,,1353,52,1353
hepatitis_b,FL,1989,,,940,52,940
hepatitis_b,FL,1990,,,737,52,737
hepatitis_b,FL,1991,,,833,52,833
hepatitis_b,FL,1992,,,829,52,829
hepatitis_b,FL,1993,,,958,52,958
hepatitis_b,FL,1994,72,1,766,52,766
hepatitis_b,FL,1995,,,760,52,760
hepatitis_b,FL,1996,,,84,66,585
hepatitis_b,FL,1997,,,409,52,409
hepatitis_b,FL,1998,,,457,52,457
hepatitis_b,FL,1999,,,456,52,456
hepatitis_b,FL,2000,,,482,52,482
hepatitis_b,FL,2001,,,515,52,515
hepatitis_b,FL,2002,,,545,52,545
hepatitis_b,FL,2003,,,636,52,636
hepatitis_b,FL,2004,,,526,52,526
hepatitis_b,FL,2005,,,516,52,516
hepatitis_b,FL,2006,447,52,427,52,427
hepatitis_b,FL,2007,350,52,340,52,340
hepatitis_b,FL,2008,342,52,340,54,340
hepatitis_b,FL,2009,297,50,305,52,305
hepatitis_b,FL,2010,310,52,300,52,300
hepatitis_b,FL,2011,209,52,210,52,210
hepatitis_b,FL,2012,216,49,3,53,245
hepatitis_b,FL,2013,263,49,4,53,321
hepatitis_b,FL,2014,270,51,333,53,394
hepatitis_b,FL,2015,297,51,424,53,424
hepatitis_b,FL,2016,393,50,564,53,564
hepatitis_b,FL,2017,170,23,512,52,512
hepatitis_b,GA,1952,1532,43,,,
hepatitis_b,GA,1953,13,1,,,
hepatitis_b,GA,1955,16,2,,,
hepatitis_b,GA,1956,7,2,114,34,114
hepatitis_b,GA,1957,46,13,135,52,135
hepatitis_b,GA,1958,112,32,132,47,132
hepatitis_b,GA,1959,110,20,120,49,125
hepatitis_b,GA,1960,25,3,160,50,251
hepatitis_b,GA,1961,727,47,757,52,757
hepatitis_b,GA,1962,28,9,,,
hepatitis_b,GA,1963,36,14,,,
hepatitis_b,GA,1964,107,37,112,50,112
hepatitis_b,GA,1965,4,1,41,12,41
hepatitis_b,GA,1974,3,1,,,
hepatitis_b,GA,1977,294,39,,,
hepatitis_b,GA,1978,292,44,,,
hepatitis_b,GA,1979,308,40,,,
hepatitis_b,GA,1980,544,38,,,
hepatitis_b,GA,1981,732,48,,,
hepatitis_b,GA,1982,738,46,,,
hepatitis_b,GA,1983,761,46,,,
hepatitis_b,GA,1984,827,46,,,
hepatitis_b,GA,1985,642,42,,,
hepatitis_b,GA,1986,647,42,,,
hepatitis_b,GA,1987,840,52,,,
hepatitis_b,GA,1988,,,679,52,866
hepatitis_b,GA,1989,,,434,52,434
hepatitis_b,GA,1990,,,496,52,496
hepatitis_b,GA,1991,,,543,52,543
hepatitis_b,GA,1992,,,314,52,314
hepatitis_b,GA,1993,,,281,52,281
hepatitis_b,GA,1994,167,1,532,52,532
hepatitis_b,GA,1995,,,73,52,73
hepatitis_b,GA,1996,,,3,66,32
hepatitis_b,GA,1997,,,148,52,148
hepatitis_b,GA,1998,,,198,52,198
hepatitis_b,GA,1999,,,186,52,186
hepatitis_b,GA,2000,,,222,52,222
hepatitis_b,GA,2001,,,466,52,466
hepatitis_b,GA,2002,,,297,52,340
hepatitis_b,GA,2003,,,785,52,785
hepatitis_b,GA,2004,,,587,52,587
hepatitis_b,GA,2005,,,150,52,150
hepatitis_b,GA,2006,103,43,179,52,179
hepatitis_b,GA,2007,50,26,125,52,125
hepatitis_b,GA,2008,77,40,146,54,146
hepatitis_b,GA,2009,61,33,134,52,134
hepatitis_b,GA,2010,67,39,151,52,151
hepatitis_b,GA,2011,47,25,123,52,123
hepatitis_b,GA,2012,28,18,84,52,84
hepatitis_b,GA,2013,36,24,105,52,105
hepatitis_b,GA,2014,51,30,92,53,130
hepatitis_b,GA,2015,30,22,91,53,91
hepatitis_b,GA,2016,29,20,80,53,80
hepatitis_b,GA,2017,28,24,107,52,107
hepatitis_b,GU,1972,1,1,,,
hepatitis_b,GU,1973,1,1,,,
hepatitis_b,GU,1986,7,6,,,
hepatitis_b,GU,1987,4,4,,,
hepatitis_b,GU,1988,,,13,52,13
hepatitis_b,GU,1989,,,1,52,1
hepatitis_b,GU,1990,,,4,52,4
hepatitis_b,GU,1992,,,2,52,3
hepatitis_b,GU,1993,,,3,52,3
hepatitis_b,GU,1994,,,6,52,6
hepatitis_b,GU,1995,,,1,52,1
hepatitis_b,GU,1997,,,3,52,3
hepatitis_b,GU,1998,,,2,52,2
hepatitis_b,GU,1999,,,2,52,2
hepatitis_b,GU,2000,,,1,44,1
hepatitis_b,GU,2004,,,6,52,6
hepatitis_b,GU,2010,4,1,43,52,43
hepatitis_b,GU,2011,,,28,52,28
hepatitis_b,HI,1955,3,2,,,
hepatitis_b,HI,1956,2,1,29,34,29
hepatitis_b,HI,1957,31,14,71,52,71
hepatitis_b,HI,1958,52,22,63,47,66
hepatitis_b,HI,1959,38,18,47,49,52
hepatitis_b,HI,1960,10,3,249,50,249
hepatitis_b,HI,1961,62,30,72,52,72
hepatitis_b,HI,1962,2,2,,,
hepatitis_b,HI,1963,5,3,,,
hepatitis_b,HI,1964,110,34,122,50,122
hepatitis_b,HI,1965,1,1,12,12,12
hepatitis_b,HI,1966,1,1,,,
hepatitis_b,HI,1967,1,1,,,
hepatitis_b,HI,1968,5,5,,,
hepatitis_b,HI,1969,7,5,,,
hepatitis_b,HI,1970,5,4,,,
hepatitis_b,HI,1971,11,7,,,
hepatitis_b,HI,1972,13,10,,,
hepatitis_b,HI,1973,14,9,,,
hepatitis_b,HI,1974,69,27,,,
hepatitis_b,HI,1975,65,27,,,
hepatitis_b,HI,1976,98,34,,,
hepatitis_b,HI,1977,71,28,,,
hepatitis_b,HI,1978,63,35,,,
hepatitis_b,HI,1979,90,38,,,
hepatitis_b,HI,1980,95,31,,,
hepatitis_b,HI,1981,110,35,,,
hepatitis_b,HI,1982,83,39,,,
hepatitis_b,HI,1983,68,33,,,
hepatitis_b,HI,1984,58,27,,,
hepatitis_b,HI,1985,111,35,,,
hepatitis_b,HI,1986,57,28,,,
hepatitis_b,HI,1987,102,34,,,
hepatitis_b,HI,1988,,,51,52,51
hepatitis_b,HI,1989,,,90,52,90
hepatitis_b,HI,1990,,,76,52,76
hepatitis_b,HI,1991,,,54,52,54
hepatitis_b,HI,1992,,,18,52,18
hepatitis_b,HI,1993,,,22,52,22
hepatitis_b,HI,1994,12,1,28,52,28
hepatitis_b,HI,1995,,,32,52,32
hepatitis_b,HI,1996,,,2,66,12
hepatitis_b,HI,1997,,,11,52,11
hepatitis_b,HI,1998,,,9,52,9
hepatitis_b,HI,1999,,,14,52,14
hepatitis_b,HI,2000,,,11,52,11
hepatitis_b,HI,2001,,,20,52,20
hepatitis_b,HI,2002,,,11,52,11
hepatitis_b,HI,2003,,,24,52,24
hepatitis_b,HI,2004,,,11,52,11
hepatitis_b,HI,2005,,,5,52,5
hepatitis_b,HI,2006,,,6,52,6
hepatitis_b,HI,2007,,,4,52,7
hepatitis_b,HI,2008,,,7,54,7
hepatitis_b,HI,2009,2,2,5,52,5
hepatitis_b,HI,2010,1,1,3,52,3
hepatitis_b,HI,2011,,,6,52,6
hepatitis_b,HI,2012,,,376,52,376
hepatitis_b,HI,2013,,,3,52,5
hepatitis_b,HI,2014,1,1,4,53,6
hepatitis_b,HI,2015,7,6,11,53,13
hepatitis_b,HI,2016,,,1,53,1
hepatitis_b,HI,2017,,,1,38,1
hepatitis_b,IA,1952,603,40,,,
hepatitis_b,IA,1953,32,1,,,
hepatitis_b,IA,1955,89,2,,,
hepatitis_b,IA,1956,23,3,307,34,307
hepatitis_b,IA,1957,18,10,176,52,176
hepatitis_b,IA,1958,121,32,197,47,197
hepatitis_b,IA,1959,112,31,143,49,143
hepatitis_b,IA,1960,55,4,506,50,506
hepatitis_b,IA,1961,1779,49,1986,52,1986
hepatitis_b,IA,1962,47,3,,,
hepatitis_b,IA,1963,39,8,,,
hepatitis_b,IA,1964,320,45,359,50,359
hepatitis_b,IA,1965,20,1,244,12,244
hepatitis_b,IA,1967,1,1,,,
hepatitis_b,IA,1968,1,1,,,
hepatitis_b,IA,1969,2,2,,,
hepatitis_b,IA,1970,3,3,,,
hepatitis_b,IA,1971,12,7,,,
hepatitis_b,IA,1972,48,22,,,
hepatitis_b,IA,1973,44,25,,,
hepatitis_b,IA,1974,79,41,,,
hepatitis_b,IA,1975,95,38,,,
hepatitis_b,IA,1976,94,31,,,
hepatitis_b,IA,1977,118,33,,,
hepatitis_b,IA,1978,99,41,,,
hepatitis_b,IA,1979,102,43,,,
hepatitis_b,IA,1980,78,30,,,
hepatitis_b,IA,1981,80,39,,,
hepatitis_b,IA,1982,94,39,,,
hepatitis_b,IA,1983,87,40,,,
hepatitis_b,IA,1984,101,42,,,
hepatitis_b,IA,1985,67,30,,,
hepatitis_b,IA,1986,71,31,,,
hepatitis_b,IA,1987,113,40,,,
hepatitis_b,IA,1988,,,84,52,84
hepatitis_b,IA,1989,,,49,52,49
hepatitis_b,IA,1990,,,54,52,54
hepatitis_b,IA,1991,,,42,52,42
hepatitis_b,IA,1992,,,33,52,33
hepatitis_b,IA,1993,,,36,52,36
hepatitis_b,IA,1994,3,1,27,52,27
hepatitis_b,IA,1995,,,46,52,46
hepatitis_b,IA,1996,,,12,66,96
hepatitis_b,IA,1997,,,47,52,47
hepatitis_b,IA,1998,,,57,52,60
hepatitis_b,IA,1999,,,41,52,112
hepatitis_b,IA,2000,,,33,52,35
hepatitis_b,IA,2001,,,22,52,25
hepatitis_b,IA,2002,,,20,52,20
hepatitis_b,IA,2003,,,13,52,13
hepatitis_b,IA,2004,,,15,52,15
hepatitis_b,IA,2005,,,28,52,67
hepatitis_b,IA,2006,,,16,52,16
hepatitis_b,IA,2007,,,25,52,25
hepatitis_b,IA,2008,1,1,20,54,20
hepatitis_b,IA,2009,1,1,31,52,31
hepatitis_b,IA,2010,1,1,14,52,14
hepatitis_b,IA,2011,,,10,52,10
hepatitis_b,IA,2012,,,10,52,10
hepatitis_b,IA,2013,,,9,52,9
hepatitis_b,IA,2014,,,9,53,12
hepatitis_b,IA,2015,,,16,53,16
hepatitis_b,IA,2016,,,9,53,9
hepatitis_b,IA,2017,2,2,14,52,14
hepatitis_b,ID,1952,27,13,,,
hepatitis_b,ID,1953,1,1,,,
hepatitis_b,ID,1955,12,2,,,
hepatitis_b,ID,1956,8,3,159,34,159
hepatitis_b,ID,1957,24,9,101,52,101
hepatitis_b,ID,1958,127,30,186,47,186
hepatitis_b,ID,1959,245,32,354,49,354
hepatitis_b,ID,1960,19,3,179,50,285
hepatitis_b,ID,1961,309,48,332,52,332
hepatitis_b,ID,1962,344,49,,,
hepatitis_b,ID,1963,445,51,,,
hepatitis_b,ID,1964,287,46,316,50,316
hepatitis_b,ID,1965,1,1,79,12,79
hepatitis_b,ID,1968,2,2,,,
hepatitis_b,ID,1969,6,2,,,
hepatitis_b,ID,1970,10,9,,,
hepatitis_b,ID,1971,19,11,,,
hepatitis_b,ID,1972,11,9,,,
hepatitis_b,ID,1973,18,15,,,
hepatitis_b,ID,1974,7,5,,,
hepatitis_b,ID,1975,11,10,,,
hepatitis_b,ID,1976,11,10,,,
hepatitis_b,ID,1977,16,13,,,
hepatitis_b,ID,1978,10,7,,,
hepatitis_b,ID,1979,14,11,,,
hepatitis_b,ID,1980,9,7,,,
hepatitis_b,ID,1981,13,12,,,
hepatitis_b,ID,1982,18,15,,,
hepatitis_b,ID,1983,42,25,,,
hepatitis_b,ID,1984,61,32,,,
hepatitis_b,ID,1985,43,23,,,
hepatitis_b,ID,1986,50,24,,,
hepatitis_b,ID,1987,133,45,,,
hepatitis_b,ID,1988,,,114,52,114
hepatitis_b,ID,1989,,,133,52,133
hepatitis_b,ID,1990,,,83,52,83
hepatitis_b,ID,1991,,,73,52,73
hepatitis_b,ID,1992,,,82,52,82
hepatitis_b,ID,1993,,,84,52,84
hepatitis_b,ID,1994,9,1,77,52,77
hepatitis_b,ID,1995,,,97,52,97
hepatitis_b,ID,1996,,,26,66,88
hepatitis_b,ID,1997,,,54,52,54
hepatitis_b,ID,1998,,,49,52,49
hepatitis_b,ID,1999,,,29,52,29
hepatitis_b,ID,2000,,,10,52,10
hepatitis_b,ID,2001,,,11,52,11
hepatitis_b,ID,2002,,,7,52,7
hepatitis_b,ID,2003,,,8,52,8
hepatitis_b,ID,2004,,,10,52,10
hepatitis_b,ID,2005,,,14,52,14
hepatitis_b,ID,2006,6,5,15,52,15
hepatitis_b,ID,2007,10,10,13,52,13
hepatitis_b,ID,2008,8,6,9,54,9
hepatitis_b,ID,2009,5,4,11,52,11
hepatitis_b,ID,2010,3,3,6,52,6
hepatitis_b,ID,2011,2,1,2,52,2
hepatitis_b,ID,2012,1,1,5,52,5
hepatitis_b,ID,2013,4,3,10,52,10
hepatitis_b,ID,2014,6,6,6,53,6
hepatitis_b,ID,2015,3,3,8,53,8
hepatitis_b,ID,2016,5,5,6,53,6
hepatitis_b,ID,2017,6,5,8,52,8
hepatitis_b,IL,1952,144,35,,,
hepatitis_b,IL,1953,7,1,,,
hepatitis_b,IL,1955,81,2,,,
hepatitis_b,IL,1956,22,3,480,34,480
hepatitis_b,IL,1957,270,15,702,52,702
hepatitis_b,IL,1958,457,39,562,47,562
hepatitis_b,IL,1959,558,37,755,49,755
hepatitis_b,IL,1960,131,4,837,50,1289
hepatitis_b,IL,1961,2490,49,2664,52,2664
hepatitis_b,IL,1962,60,2,,,
hepatitis_b,IL,1963,26,1,,,
hepatitis_b,IL,1964,990,46,1118,50,1118
hepatitis_b,IL,1965,31,1,349,12,349
hepatitis_b,IL,1966,9,8,,,
hepatitis_b,IL,1967,31,23,,,
hepatitis_b,IL,1968,44,24,,,
hepatitis_b,IL,1969,75,38,,,
hepatitis_b,IL,1970,176,46,,,
hepatitis_b,IL,1971,252,46,,,
hepatitis_b,IL,1972,282,45,,,
hepatitis_b,IL,1973,272,46,,,
hepatitis_b,IL,1974,460,44,,,
hepatitis_b,IL,1975,477,47,,,
hepatitis_b,IL,1976,656,51,,,
hepatitis_b,IL,1977,629,50,,,
hepatitis_b,IL,1978,531,48,,,
hepatitis_b,IL,1979,479,51,,,
hepatitis_b,IL,1980,337,35,,,
hepatitis_b,IL,1981,556,48,,,
hepatitis_b,IL,1982,281,49,,,
hepatitis_b,IL,1983,208,47,,,
hepatitis_b,IL,1984,197,41,,,
hepatitis_b,IL,1985,91,31,,,
hepatitis_b,IL,1986,165,28,,,
hepatitis_b,IL,1987,330,39,,,
hepatitis_b,IL,1988,,,496,52,498
hepatitis_b,IL,1989,,,725,52,725
hepatitis_b,IL,1990,,,475,52,475
hepatitis_b,IL,1991,,,318,52,318
hepatitis_b,IL,1992,,,316,52,316
hepatitis_b,IL,1993,,,277,52,277
hepatitis_b,IL,1994,2,1,225,52,225
hepatitis_b,IL,1995,,,230,52,230
hepatitis_b,IL,1996,,,85,66,268
hepatitis_b,IL,1997,,,227,52,227
hepatitis_b,IL,1998,,,194,52,194
hepatitis_b,IL,1999,,,1,52,1
hepatitis_b,IL,2000,,,123,52,123
hepatitis_b,IL,2001,,,152,52,152
hepatitis_b,IL,2002,,,167,52,167
hepatitis_b,IL,2003,,,1,52,1
hepatitis_b,IL,2004,,,71,52,71
hepatitis_b,IL,2005,,,132,52,132
hepatitis_b,IL,2006,,,61,52,61
hepatitis_b,IL,2007,,,110,52,110
hepatitis_b,IL,2008,,,114,54,114
hepatitis_b,IL,2009,,,81,52,81
hepatitis_b,IL,2010,,,90,52,90
hepatitis_b,IL,2011,,,59,52,59
hepatitis_b,IL,2012,,,62,52,63
hepatitis_b,IL,2013,,,73,52,73
hepatitis_b,IL,2014,,,46,53,52
hepatitis_b,IL,2015,,,52,53,52
hepatitis_b,IL,2016,,,34,53,34
hepatitis_b,IL,2017,,,20,52,20
hepatitis_b,IN,1952,265,39,,,
hepatitis_b,IN,1953,18,1,,,
hepatitis_b,IN,1955,40,2,,,
hepatitis_b,IN,1956,12,3,301,34,301
hepatitis_b,IN,1957,185,15,334,52,434
hepatitis_b,IN,1958,173,37,206,47,206
hepatitis_b,IN,1959,232,37,318,49,318
hepatitis_b,IN,1960,124,4,2484,50,2484
hepatitis_b,IN,1961,1958,49,2120,52,2120
hepatitis_b,IN,1962,27,2,,,
hepatitis_b,IN,1963,12,1,,,
hepatitis_b,IN,1964,471,45,486,50,486
hepatitis_b,IN,1965,13,1,149,12,149
hepatitis_b,IN,1966,3,3,,,
hepatitis_b,IN,1967,2,2,,,
hepatitis_b,IN,1968,3,3,,,
hepatitis_b,IN,1969,12,12,,,
hepatitis_b,IN,1970,9,6,,,
hepatitis_b,IN,1971,17,13,,,
hepatitis_b,IN,1972,38,22,,,
hepatitis_b,IN,1973,23,17,,,
hepatitis_b,IN,1974,31,24,,,
hepatitis_b,IN,1975,41,22,,,
hepatitis_b,IN,1976,76,39,,,
hepatitis_b,IN,1977,201,42,,,
hepatitis_b,IN,1978,153,43,,,
hepatitis_b,IN,1979,235,50,,,
hepatitis_b,IN,1980,238,35,,,
hepatitis_b,IN,1981,352,41,,,
hepatitis_b,IN,1982,384,46,,,
hepatitis_b,IN,1983,362,45,,,
hepatitis_b,IN,1984,296,44,,,
hepatitis_b,IN,1985,270,38,,,
hepatitis_b,IN,1986,222,36,,,
hepatitis_b,IN,1987,310,41,,,
hepatitis_b,IN,1988,,,349,52,349
hepatitis_b,IN,1989,,,422,52,422
hepatitis_b,IN,1990,,,423,52,423
hepatitis_b,IN,1991,,,210,52,210
hepatitis_b,IN,1992,,,206,52,672
hepatitis_b,IN,1993,,,236,52,236
hepatitis_b,IN,1994,35,1,182,52,182
hepatitis_b,IN,1995,,,266,52,266
hepatitis_b,IN,1996,,,34,66,138
hepatitis_b,IN,1997,,,93,52,93
hepatitis_b,IN,1998,,,774,52,774
hepatitis_b,IN,1999,,,44,52,44
hepatitis_b,IN,2000,,,49,52,49
hepatitis_b,IN,2001,,,48,52,48
hepatitis_b,IN,2002,,,59,52,59
hepatitis_b,IN,2003,,,38,52,38
hepatitis_b,IN,2004,,,48,52,48
hepatitis_b,IN,2005,,,56,52,56
hepatitis_b,IN,2006,56,18,56,52,56
hepatitis_b,IN,2007,56,21,56,52,56
hepatitis_b,IN,2008,30,13,53,54,53
hepatitis_b,IN,2009,8,5,56,52,70
hepatitis_b,IN,2010,,,55,52,55
hepatitis_b,IN,2011,,,67,52,67
hepatitis_b,IN,2012,,,77,52,77
hepatitis_b,IN,2013,,,82,52,82
hepatitis_b,IN,2014,,,78,53,108
hepatitis_b,IN,2015,1,1,122,53,122
hepatitis_b,IN,2016,,,161,53,161
hepatitis_b,IN,2017,6,4,195,52,195
hepatitis_b,KS,1952,93,24,,,
hepatitis_b,KS,1953,17,2,,,
hepatitis_b,KS,1955,6,2,,,
hepatitis_b,KS,1956,3,1,104,34,104
hepatitis_b,KS,1957,9,4,32,52,32
hepatitis_b,KS,1958,205,23,234,47,234
hepatitis_b,KS,1959,130,28,162,49,162
hepatitis_b,KS,1960,13,3,276,50,276
hepatitis_b,KS,1961,667,48,737,52,737
hepatitis_b,KS,1962,25,4,,,
hepatitis_b,KS,1963,143,26,,,
hepatitis_b,KS,1964,598,46,642,50,642
hepatitis_b,KS,1965,10,1,162,12,162
hepatitis_b,KS,1968,3,3,,,
hepatitis_b,KS,1969,16,13,,,
hepatitis_b,KS,1970,57,27,,,
hepatitis_b,KS,1971,66,28,,,
hepatitis_b,KS,1972,94,37,,,
hepatitis_b,KS,1973,53,23,,,
hepatitis_b,KS,1974,32,16,,,
hepatitis_b,KS,1975,95,33,,,
hepatitis_b,KS,1976,175,45,,,
hepatitis_b,KS,1977,101,38,,,
hepatitis_b,KS,1978,109,32,,,
hepatitis_b,KS,1979,71,24,,,
hepatitis_b,KS,1980,61,25,,,
hepatitis_b,KS,1981,74,32,,,
hepatitis_b,KS,1982,95,32,,,
hepatitis_b,KS,1983,59,27,,,
hepatitis_b,KS,1984,68,29,,,
hepatitis_b,KS,1985,55,22,,,
hepatitis_b,KS,1986,53,24,,,
hepatitis_b,KS,1987,92,39,,,
hepatitis_b,KS,1988,,,153,52,153
hepatitis_b,KS,1989,,,83,52,83
hepatitis_b,KS,1990,,,104,52,104
hepatitis_b,KS,1991,,,56,52,56
hepatitis_b,KS,1992,,,60,52,60
hepatitis_b,KS,1993,,,61,52,61
hepatitis_b,KS,1994,3,1,29,52,29
hepatitis_b,KS,1995,,,48,52,48
hepatitis_b,KS,1996,,,16,66,33
hepatitis_b,KS,1997,,,33,52,33
hepatitis_b,KS,1998,,,27,52,27
hepatitis_b,KS,1999,,,27,52,27
hepatitis_b,KS,2000,,,24,52,25
hepatitis_b,KS,2001,,,21,52,21
hepatitis_b,KS,2002,,,22,52,22
hepatitis_b,KS,2003,,,19,52,19
hepatitis_b,KS,2004,,,18,52,18
hepatitis_b,KS,2005,,,32,52,32
hepatitis_b,KS,2006,9,9,9,52,11
hepatitis_b,KS,2007,4,3,10,52,10
hepatitis_b,KS,2008,5,4,7,54,7
hepatitis_b,KS,2009,1,1,5,52,5
hepatitis_b,KS,2010,,,10,52,10
hepatitis_b,KS,2011,1,1,13,52,13
hepatitis_b,KS,2012,,,9,52,9
hepatitis_b,KS,2013,,,11,52,11
hepatitis_b,KS,2014,,,9,53,9
hepatitis_b,KS,2015,,,13,53,13
hepatitis_b,KS,2016,1,1,18,53,18
hepatitis_b,KS,2017,,,23,52,23
hepatitis_b,KY,1952,1027,40,,,
hepatitis_b,KY,1953,24,1,,,
hepatitis_b,KY,1955,27,2,,,
hepatitis_b,KY,1956,21,3,378,34,378
hepatitis_b,KY,1957,147,16,786,52,786
hepatitis_b,KY,1958,454,38,557,47,557
hepatitis_b,KY,1959,821,37,1160,49,1160
hepatitis_b,KY,1960,329,4,5688,50,5688
hepatitis_b,KY,1961,3055,49,3188,52,3188
hepatitis_b,KY,1962,91,1,,,
hepatitis_b,KY,1963,247,7,,,
hepatitis_b,KY,1964,669,45,865,50,865
hepatitis_b,KY,1965,33,1,279,12,279
hepatitis_b,KY,1969,4,3,,,
hepatitis_b,KY,1970,2,2,,,
hepatitis_b,KY,1971,43,8,,,
hepatitis_b,KY,1972,56,19,,,
hepatitis_b,KY,1973,107,30,,,
hepatitis_b,KY,1974,111,43,,,
hepatitis_b,KY,1975,129,41,,,
hepatitis_b,KY,1976,150,37,,,
hepatitis_b,KY,1977,188,31,,,
hepatitis_b,KY,1978,141,32,,,
hepatitis_b,KY,1979,175,39,,,
hepatitis_b,KY,1980,126,32,,,
hepatitis_b,KY,1981,149,38,,,
hepatitis_b,KY,1982,179,46,,,
hepatitis_b,KY,1983,225,47,,,
hepatitis_b,KY,1984,242,46,,,
hepatitis_b,KY,1985,273,41,,,
hepatitis_b,KY,1986,210,40,,,
hepatitis_b,KY,1987,254,51,,,
hepatitis_b,KY,1988,,,273,52,273
hepatitis_b,KY,1989,,,402,52,402
hepatitis_b,KY,1990,,,469,52,469
hepatitis_b,KY,1991,,,178,52,178
hepatitis_b,KY,1992,,,104,52,104
hepatitis_b,KY,1993,,,80,52,80
hepatitis_b,KY,1994,3,1,73,52,73
hepatitis_b,KY,1995,,,68,52,68
hepatitis_b,KY,1996,,,23,66,64
hepatitis_b,KY,1997,,,40,52,40
hepatitis_b,KY,1998,,,46,52,46
hepatitis_b,KY,1999,,,45,52,45
hepatitis_b,KY,2000,,,80,52,80
hepatitis_b,KY,2001,,,51,52,51
hepatitis_b,KY,2002,,,51,52,51
hepatitis_b,KY,2003,,,73,52,73
hepatitis_b,KY,2004,,,73,52,73
hepatitis_b,KY,2005,,,62,52,62
hepatitis_b,KY,2006,16,14,68,52,68
hepatitis_b,KY,2007,17,13,74,52,74
hepatitis_b,KY,2008,25,17,92,54,92
hepatitis_b,KY,2009,33,18,86,52,86
hepatitis_b,KY,2010,54,31,132,52,132
hepatitis_b,KY,2011,33,21,137,52,137
hepatitis_b,KY,2012,44,20,155,52,155
hepatitis_b,KY,2013,38,21,187,52,187
hepatitis_b,KY,2014,19,11,140,53,182
hepatitis_b,KY,2015,3,3,117,53,117
hepatitis_b,KY,2016,21,8,162,53,162
hepatitis_b,KY,2017,89,33,190,52,190
hepatitis_b,LA,1955,3,2,,,
hepatitis_b,LA,1956,7,3,111,34,111
hepatitis_b,LA,1957,8,5,52,52,52
hepatitis_b,LA,1958,9,8,13,47,13
hepatitis_b,LA,1959,100,27,115,49,115
hepatitis_b,LA,1960,25,4,245,50,245
hepatitis_b,LA,1961,521,48,565,52,565
hepatitis_b,LA,1962,13,2,,,
hepatitis_b,LA,1963,24,2,,,
hepatitis_b,LA,1964,624,46,675,50,675
hepatitis_b,LA,1965,10,1,156,12,156
hepatitis_b,LA,1966,33,20,,,
hepatitis_b,LA,1967,46,28,,,
hepatitis_b,LA,1968,64,39,,,
hepatitis_b,LA,1969,70,33,,,
hepatitis_b,LA,1970,78,39,,,
hepatitis_b,LA,1971,136,43,,,
hepatitis_b,LA,1972,105,36,,,
hepatitis_b,LA,1973,151,40,,,
hepatitis_b,LA,1974,189,38,,,
hepatitis_b,LA,1975,200,41,,,
hepatitis_b,LA,1976,164,42,,,
hepatitis_b,LA,1977,173,42,,,
hepatitis_b,LA,1978,217,40,,,
hepatitis_b,LA,1979,276,42,,,
hepatitis_b,LA,1980,235,34,,,
hepatitis_b,LA,1981,338,45,,,
hepatitis_b,LA,1982,312,47,,,
hepatitis_b,LA,1983,344,48,,,
hepatitis_b,LA,1984,303,41,,,
hepatitis_b,LA,1985,194,38,,,
hepatitis_b,LA,1986,240,34,,,
hepatitis_b,LA,1987,505,45,,,
hepatitis_b,LA,1988,,,385,52,385
hepatitis_b,LA,1989,,,380,52,380
hepatitis_b,LA,1990,,,335,52,335
hepatitis_b,LA,1991,,,357,52,357
hepatitis_b,LA,1992,,,199,52,199
hepatitis_b,LA,1993,,,221,52,221
hepatitis_b,LA,1994,16,1,181,52,181
hepatitis_b,LA,1995,,,214,52,214
hepatitis_b,LA,1996,,,13,66,153
hepatitis_b,LA,1997,,,170,52,170
hepatitis_b,LA,1998,,,182,52,182
hepatitis_b,LA,1999,,,167,52,167
hepatitis_b,LA,2000,,,93,52,93
hepatitis_b,LA,2001,,,48,52,48
hepatitis_b,LA,2002,,,102,52,102
hepatitis_b,LA,2003,,,113,52,113
hepatitis_b,LA,2004,,,63,52,63
hepatitis_b,LA,2005,,,71,52,71
hepatitis_b,LA,2006,,,37,52,37
hepatitis_b,LA,2007,,,77,52,77
hepatitis_b,LA,2008,,,79,54,79
hepatitis_b,LA,2009,2,2,33,52,33
hepatitis_b,LA,2010,1,1,48,52,48
hepatitis_b,LA,2011,2,2,34,52,34
hepatitis_b,LA,2012,2,2,43,52,43
hepatitis_b,LA,2013,,,65,52,65
hepatitis_b,LA,2014,4,3,69,53,74
hepatitis_b,LA,2015,10,9,110,53,110
hepatitis_b,LA,2016,8,6,27,53,27
hepatitis_b,LA,2017,5,5,66,52,66
hepatitis_b,MA,1952,427,43,,,
hepatitis_b,MA,1953,27,1,,,
hepatitis_b,MA,1955,83,2,,,
hepatitis_b,MA,1956,11,3,223,34,223
hepatitis_b,MA,1957,51,14,231,52,231
hepatitis_b,MA,1958,234,39,276,47,276
hepatitis_b,MA,1959,264,37,373,49,373
hepatitis_b,MA,1960,33,4,28,50,474
hepatitis_b,MA,1961,1057,49,1083,52,1083
hepatitis_b,MA,1962,28,1,,,
hepatitis_b,MA,1963,25,1,,,
hepatitis_b,MA,1964,689,46,741,50,741
hepatitis_b,MA,1965,24,1,204,12,204
hepatitis_b,MA,1966,13,12,,,
hepatitis_b,MA,1967,15,12,,,
hepatitis_b,MA,1968,26,18,,,
hepatitis_b,MA,1969,103,31,,,
hepatitis_b,MA,1970,115,40,,,
hepatitis_b,MA,1971,94,42,,,
hepatitis_b,MA,1972,64,35,,,
hepatitis_b,MA,1973,43,30,,,
hepatitis_b,MA,1974,79,31,,,
hepatitis_b,MA,1975,88,39,,,
hepatitis_b,MA,1976,89,43,,,
hepatitis_b,MA,1977,70,35,,,
hepatitis_b,MA,1978,73,36,,,
hepatitis_b,MA,1979,105,43,,,
hepatitis_b,MA,1980,117,35,,,
hepatitis_b,MA,1981,161,46,,,
hepatitis_b,MA,1982,287,49,,,
hepatitis_b,MA,1983,359,50,,,
hepatitis_b,MA,1984,674,49,,,
hepatitis_b,MA,1985,904,44,,,
hepatitis_b,MA,1986,948,42,,,
hepatitis_b,MA,1987,1193,52,,,
hepatitis_b,MA,1988,,,719,52,719
hepatitis_b,MA,1989,,,616,52,616
hepatitis_b,MA,1990,,,646,52,646
hepatitis_b,MA,1991,,,555,52,555
hepatitis_b,MA,1992,,,407,52,407
hepatitis_b,MA,1993,,,236,52,236
hepatitis_b,MA,1994,44,1,184,52,184
hepatitis_b,MA,1995,,,93,52,93
hepatitis_b,MA,1996,,,11,66,75
hepatitis_b,MA,1997,,,56,52,56
hepatitis_b,MA,1998,,,60,52,60
hepatitis_b,MA,1999,,,43,52,43
hepatitis_b,MA,2000,,,19,52,19
hepatitis_b,MA,2001,,,11,52,11
hepatitis_b,MA,2002,,,139,52,139
hepatitis_b,MA,2003,,,187,52,187
hepatitis_b,MA,2004,,,217,52,217
hepatitis_b,MA,2005,,,210,52,210
hepatitis_b,MA,2006,5,3,14,52,33
hepatitis_b,MA,2007,1,1,4,52,4
hepatitis_b,MA,2008,,,9,54,9
hepatitis_b,MA,2009,,,13,52,13
hepatitis_b,MA,2010,,,9,52,9
hepatitis_b,MA,2011,,,49,52,50
hepatitis_b,MA,2012,,,49,52,49
hepatitis_b,MA,2013,,,40,52,40
hepatitis_b,MA,2014,,,27,53,28
hepatitis_b,MA,2015,,,21,53,21
hepatitis_b,MA,2016,1,1,26,53,26
hepatitis_b,MA,2017,,,33,52,33
hepatitis_b,MD,1952,212,42,,,
hepatitis_b,MD,1953,7,1,,,
hepatitis_b,MD,1955,22,2,,,
hepatitis_b,MD,1956,3,2,73,34,73
hepatitis_b,MD,1957,10,7,95,52,95
hepatitis_b,MD,1958,127,33,148,47,148
hepatitis_b,MD,1959,330,36,388,49,388
hepatitis_b,MD,1960,33,4,263,50,378
hepatitis_b,MD,1961,746,49,792,52,792
hepatitis_b,MD,1962,12,2,,,
hepatitis_b,MD,1963,12,2,,,
hepatitis_b,MD,1964,544,45,620,50,620
hepatitis_b,MD,1965,8,1,209,12,209
hepatitis_b,MD,1966,17,17,,,
hepatitis_b,MD,1967,27,23,,,
hepatitis_b,MD,1968,55,29,,,
hepatitis_b,MD,1969,60,33,,,
hepatitis_b,MD,1970,116,42,,,
hepatitis_b,MD,1971,205,47,,,
hepatitis_b,MD,1972,152,40,,,
hepatitis_b,MD,1973,114,41,,,
hepatitis_b,MD,1974,132,44,,,
hepatitis_b,MD,1975,329,51,,,
hepatitis_b,MD,1976,474,52,,,
hepatitis_b,MD,1977,441,49,,,
hepatitis_b,MD,1978,456,45,,,
hepatitis_b,MD,1979,424,45,,,
hepatitis_b,MD,1980,400,36,,,
hepatitis_b,MD,1981,679,47,,,
hepatitis_b,MD,1982,715,49,,,
hepatitis_b,MD,1983,804,50,,,
hepatitis_b,MD,1984,622,47,,,
hepatitis_b,MD,1985,534,41,,,
hepatitis_b,MD,1986,532,41,,,
hepatitis_b,MD,1987,869,52,,,
hepatitis_b,MD,1988,,,704,52,704
hepatitis_b,MD,1989,,,736,52,736
hepatitis_b,MD,1990,,,562,52,562
hepatitis_b,MD,1991,,,383,52,384
hepatitis_b,MD,1992,,,377,52,377
hepatitis_b,MD,1993,,,265,52,265
hepatitis_b,MD,1994,37,1,353,52,405
hepatitis_b,MD,1995,,,262,52,262
hepatitis_b,MD,1996,,,86,66,297
hepatitis_b,MD,1997,,,186,52,186
hepatitis_b,MD,1998,,,165,52,165
hepatitis_b,MD,1999,,,170,52,170
hepatitis_b,MD,2000,,,128,52,128
hepatitis_b,MD,2001,,,144,52,144
hepatitis_b,MD,2002,,,123,52,123
hepatitis_b,MD,2003,,,134,52,134
hepatitis_b,MD,2004,,,169,52,169
hepatitis_b,MD,2005,,,161,52,161
hepatitis_b,MD,2006,45,25,149,52,149
hepatitis_b,MD,2007,48,31,109,52,109
hepatitis_b,MD,2008,32,22,81,54,81
hepatitis_b,MD,2009,20,16,72,52,72
hepatitis_b,MD,2010,43,26,72,52,72
hepatitis_b,MD,2011,32,21,61,52,61
hepatitis_b,MD,2012,25,19,1,53,48
hepatitis_b,MD,2013,22,18,36,52,37
hepatitis_b,MD,2014,24,18,40,53,42
hepatitis_b,MD,2015,21,18,32,53,33
hepatitis_b,MD,2016,11,10,26,53,26
hepatitis_b,MD,2017,9,8,35,52,35
hepatitis_b,ME,1952,262,38,,,
hepatitis_b,ME,1953,47,1,,,
hepatitis_b,ME,1955,9,2,,,
hepatitis_b,ME,1956,39,3,216,34,216
hepatitis_b,ME,1957,45,16,240,52,240
hepatitis_b,ME,1958,53,26,67,47,67
hepatitis_b,ME,1959,78,24,90,49,90
hepatitis_b,ME,1960,29,2,1115,50,1115
hepatitis_b,ME,1961,202,40,215,52,215
hepatitis_b,ME,1962,13,1,,,
hepatitis_b,ME,1963,35,1,,,
hepatitis_b,ME,1964,951,46,996,50,996
hepatitis_b,ME,1965,3,1,121,12,121
hepatitis_b,ME,1969,1,1,,,
hepatitis_b,ME,1970,4,3,,,
hepatitis_b,ME,1971,31,11,,,
hepatitis_b,ME,1972,8,6,,,
hepatitis_b,ME,1973,2,2,,,
hepatitis_b,ME,1974,7,5,,,
hepatitis_b,ME,1976,4,3,,,
hepatitis_b,ME,1977,10,7,,,
hepatitis_b,ME,1978,23,20,,,
hepatitis_b,ME,1979,14,13,,,
hepatitis_b,ME,1980,24,15,,,
hepatitis_b,ME,1981,41,25,,,
hepatitis_b,ME,1982,58,31,,,
hepatitis_b,ME,1983,40,25,,,
hepatitis_b,ME,1984,45,23,,,
hepatitis_b,ME,1985,68,28,,,
hepatitis_b,ME,1986,112,33,,,
hepatitis_b,ME,1987,113,43,,,
hepatitis_b,ME,1988,,,58,52,58
hepatitis_b,ME,1989,,,69,52,70
hepatitis_b,ME,1990,,,27,52,27
hepatitis_b,ME,1991,,,31,52,31
hepatitis_b,ME,1992,,,27,52,27
hepatitis_b,ME,1993,,,11,52,11
hepatitis_b,ME,1994,,,11,52,11
hepatitis_b,ME,1995,,,12,52,12
hepatitis_b,ME,1996,,,2,66,2
hepatitis_b,ME,1997,,,6,52,7
hepatitis_b,ME,1998,,,5,52,5
hepatitis_b,ME,1999,,,1,52,1
hepatitis_b,ME,2000,,,5,52,5
hepatitis_b,ME,2001,,,5,52,5
hepatitis_b,ME,2002,,,15,52,15
hepatitis_b,ME,2003,,,1,52,2
hepatitis_b,ME,2004,,,4,52,4
hepatitis_b,ME,2005,,,12,52,16
hepatitis_b,ME,2006,1,1,23,52,23
hepatitis_b,ME,2007,2,1,16,52,16
hepatitis_b,ME,2008,5,4,13,54,13
hepatitis_b,ME,2009,4,4,15,52,15
hepatitis_b,ME,2010,4,4,13,52,13
hepatitis_b,ME,2011,1,1,8,52,8
hepatitis_b,ME,2012,3,3,8,52,8
hepatitis_b,ME,2013,3,3,12,52,12
hepatitis_b,ME,2014,3,3,12,53,14
hepatitis_b,ME,2015,,,1,53,1
hepatitis_b,ME,2016,19,16,47,53,47
hepatitis_b,ME,2017,26,19,71,52,71
hepatitis_b,MI,1952,215,39,,,
hepatitis_b,MI,1953,11,1,,,
hepatitis_b,MI,1955,123,2,,,
hepatitis_b,MI,1956,21,3,548,34,548
hepatitis_b,MI,1957,156,16,667,52,667
hepatitis_b,MI,1958,537,39,622,47,622
hepatitis_b,MI,1959,824,37,1064,49,1064
hepatitis_b,MI,1960,127,3,1538,50,1733
hepatitis_b,MI,1961,4206,49,4617,52,4617
hepatitis_b,MI,1962,76,1,,,
hepatitis_b,MI,1963,29,1,,,
hepatitis_b,MI,1964,2165,46,2316,50,2316
hepatitis_b,MI,1965,51,1,675,12,675
hepatitis_b,MI,1966,25,21,,,
hepatitis_b,MI,1967,34,24,,,
hepatitis_b,MI,1968,103,42,,,
hepatitis_b,MI,1969,310,49,,,
hepatitis_b,MI,1970,705,51,,,
hepatitis_b,MI,1971,680,51,,,
hepatitis_b,MI,1972,607,46,,,
hepatitis_b,MI,1973,484,51,,,
hepatitis_b,MI,1974,547,49,,,
hepatitis_b,MI,1975,570,51,,,
hepatitis_b,MI,1976,744,52,,,
hepatitis_b,MI,1977,851,51,,,
hepatitis_b,MI,1978,680,50,,,
hepatitis_b,MI,1979,626,51,,,
hepatitis_b,MI,1980,465,38,,,
hepatitis_b,MI,1981,632,48,,,
hepatitis_b,MI,1982,821,50,,,
hepatitis_b,MI,1983,936,49,,,
hepatitis_b,MI,1984,995,49,,,
hepatitis_b,MI,1985,801,44,,,
hepatitis_b,MI,1986,654,41,,,
hepatitis_b,MI,1987,889,51,,,
hepatitis_b,MI,1988,,,658,52,658
hepatitis_b,MI,1989,,,678,52,678
hepatitis_b,MI,1990,,,637,52,637
hepatitis_b,MI,1991,,,613,52,613
hepatitis_b,MI,1992,,,575,52,575
hepatitis_b,MI,1993,,,393,52,394
hepatitis_b,MI,1994,56,1,433,52,433
hepatitis_b,MI,1995,,,400,52,400
hepatitis_b,MI,1996,,,114,66,421
hepatitis_b,MI,1997,,,454,52,454
hepatitis_b,MI,1998,,,483,52,483
hepatitis_b,MI,1999,,,517,52,517
hepatitis_b,MI,2000,,,449,52,449
hepatitis_b,MI,2001,,,608,52,608
hepatitis_b,MI,2002,,,325,52,414
hepatitis_b,MI,2003,,,192,52,192
hepatitis_b,MI,2004,,,243,52,250
hepatitis_b,MI,2005,,,180,52,180
hepatitis_b,MI,2006,29,23,137,52,137
hepatitis_b,MI,2007,28,20,112,52,112
hepatitis_b,MI,2008,18,13,130,54,130
hepatitis_b,MI,2009,26,18,112,52,112
hepatitis_b,MI,2010,21,17,125,52,125
hepatitis_b,MI,2011,12,10,86,52,86
hepatitis_b,MI,2012,8,7,66,52,66
hepatitis_b,MI,2013,3,3,56,52,56
hepatitis_b,MI,2014,6,6,52,53,58
hepatitis_b,MI,2015,13,13,51,53,51
hepatitis_b,MI,2016,11,9,43,53,44
hepatitis_b,MI,2017,1,1,54,52,54
hepatitis_b,MN,1952,184,36,,,
hepatitis_b,MN,1953,3,1,,,
hepatitis_b,MN,1955,109,2,,,
hepatitis_b,MN,1956,24,3,365,34,365
hepatitis_b,MN,1957,61,16,295,52,295
hepatitis_b,MN,1958,131,34,173,47,173
hepatitis_b,MN,1959,286,37,404,49,404
hepatitis_b,MN,1960,87,4,2721,50,2721
hepatitis_b,MN,1961,1660,49,1784,52,1784
hepatitis_b,MN,1962,35,4,,,
hepatitis_b,MN,1963,26,8,,,
hepatitis_b,MN,1964,213,43,226,50,226
hepatitis_b,MN,1965,6,1,53,12,53
hepatitis_b,MN,1966,15,11,,,
hepatitis_b,MN,1967,16,14,,,
hepatitis_b,MN,1968,36,22,,,
hepatitis_b,MN,1969,45,22,,,
hepatitis_b,MN,1970,39,21,,,
hepatitis_b,MN,1971,37,22,,,
hepatitis_b,MN,1972,23,16,,,
hepatitis_b,MN,1973,53,26,,,
hepatitis_b,MN,1974,216,44,,,
hepatitis_b,MN,1975,339,43,,,
hepatitis_b,MN,1976,219,46,,,
hepatitis_b,MN,1977,301,46,,,
hepatitis_b,MN,1978,242,49,,,
hepatitis_b,MN,1979,157,48,,,
hepatitis_b,MN,1980,88,33,,,
hepatitis_b,MN,1981,123,43,,,
hepatitis_b,MN,1982,120,46,,,
hepatitis_b,MN,1983,131,46,,,
hepatitis_b,MN,1984,123,40,,,
hepatitis_b,MN,1985,141,34,,,
hepatitis_b,MN,1986,104,35,,,
hepatitis_b,MN,1987,132,37,,,
hepatitis_b,MN,1988,,,145,52,146
hepatitis_b,MN,1989,,,116,52,116
hepatitis_b,MN,1990,,,114,52,114
hepatitis_b,MN,1991,,,93,52,93
hepatitis_b,MN,1992,,,81,52,81
hepatitis_b,MN,1993,,,86,52,86
hepatitis_b,MN,1994,6,1,64,52,64
hepatitis_b,MN,1995,,,64,52,64
hepatitis_b,MN,1996,,,3,66,71
hepatitis_b,MN,1997,,,44,52,44
hepatitis_b,MN,1998,,,49,52,49
hepatitis_b,MN,1999,,,59,52,59
hepatitis_b,MN,2000,,,43,52,43
hepatitis_b,MN,2001,,,31,52,31
hepatitis_b,MN,2002,,,39,52,39
hepatitis_b,MN,2003,,,39,52,39
hepatitis_b,MN,2004,,,49,52,49
hepatitis_b,MN,2005,,,29,52,29
hepatitis_b,MN,2006,24,12,24,52,24
hepatitis_b,MN,2007,21,12,21,52,21
hepatitis_b,MN,2008,13,8,15,54,15
hepatitis_b,MN,2009,28,14,26,52,26
hepatitis_b,MN,2010,8,4,8,52,8
hepatitis_b,MN,2011,9,3,9,52,9
hepatitis_b,MN,2014,,,6,53,6
hepatitis_b,MN,2015,,,16,53,16
hepatitis_b,MN,2016,1,1,14,53,14
hepatitis_b,MN,2017,,,12,52,12
hepatitis_b,MO,1952,404,42,,,
hepatitis_b,MO,1953,19,1,,,
hepatitis_b,MO,1955,21,2,,,
hepatitis_b,MO,1956,5,2,65,34,65
hepatitis_b,MO,1957,19,9,130,52,130
hepatitis_b,MO,1958,197,36,230,47,230
hepatitis_b,MO,1959,349,37,419,49,419
hepatitis_b,MO,1960,41,4,435,50,795
hepatitis_b,MO,1961,1348,49,1511,52,1511
hepatitis_b,MO,1962,20,1,,,
hepatitis_b,MO,1963,10,2,,,
hepatitis_b,MO,1964,447,46,496,50,496
hepatitis_b,MO,1965,8,1,116,12,116
hepatitis_b,MO,1966,8,7,,,
hepatitis_b,MO,1967,3,3,,,
hepatitis_b,MO,1968,6,5,,,
hepatitis_b,MO,1969,8,8,,,
hepatitis_b,MO,1970,25,18,,,
hepatitis_b,MO,1971,32,19,,,
hepatitis_b,MO,1972,42,15,,,
hepatitis_b,MO,1973,48,26,,,
hepatitis_b,MO,1974,114,42,,,
hepatitis_b,MO,1975,251,48,,,
hepatitis_b,MO,1976,195,50,,,
hepatitis_b,MO,1977,239,49,,,
hepatitis_b,MO,1978,218,48,,,
hepatitis_b,MO,1979,278,48,,,
hepatitis_b,MO,1980,165,35,,,
hepatitis_b,MO,1981,303,47,,,
hepatitis_b,MO,1982,294,49,,,
hepatitis_b,MO,1983,377,49,,,
hepatitis_b,MO,1984,289,49,,,
hepatitis_b,MO,1985,313,44,,,
hepatitis_b,MO,1986,365,42,,,
hepatitis_b,MO,1987,456,52,,,
hepatitis_b,MO,1988,,,598,52,598
hepatitis_b,MO,1989,,,689,52,689
hepatitis_b,MO,1990,,,574,52,574
hepatitis_b,MO,1991,,,485,52,485
hepatitis_b,MO,1992,,,454,52,454
hepatitis_b,MO,1993,,,461,52,461
hepatitis_b,MO,1994,44,1,498,52,498
hepatitis_b,MO,1995,,,406,52,406
hepatitis_b,MO,1996,,,76,66,313
hepatitis_b,MO,1997,,,323,52,323
hepatitis_b,MO,1998,,,254,52,254
hepatitis_b,MO,1999,,,252,52,252
hepatitis_b,MO,2000,,,395,52,460
hepatitis_b,MO,2001,,,108,52,109
hepatitis_b,MO,2002,,,113,52,121
hepatitis_b,MO,2003,,,253,52,253
hepatitis_b,MO,2004,,,189,52,190
hepatitis_b,MO,2005,,,150,52,152
hepatitis_b,MO,2006,28,19,84,52,84
hepatitis_b,MO,2007,20,14,66,52,68
hepatitis_b,MO,2008,16,13,58,54,58
hepatitis_b,MO,2009,22,18,84,52,84
hepatitis_b,MO,2010,31,26,72,52,72
hepatitis_b,MO,2011,18,13,81,52,81
hepatitis_b,MO,2012,20,18,60,52,60
hepatitis_b,MO,2013,31,23,76,52,76
hepatitis_b,MO,2014,9,8,39,53,46
hepatitis_b,MO,2015,2,2,4,53,4
hepatitis_b,MO,2016,,,36,53,36
hepatitis_b,MO,2017,17,14,31,52,31
hepatitis_b,MP,1988,,,3,52,7
hepatitis_b,MP,1989,,,10,52,10
hepatitis_b,MP,1990,,,10,52,10
hepatitis_b,MP,1991,,,7,52,8
hepatitis_b,MP,1993,,,2,52,2
hepatitis_b,MP,1994,,,1,52,1
hepatitis_b,MP,1995,,,13,52,13
hepatitis_b,MP,1996,,,5,66,5
hepatitis_b,MP,1997,,,34,52,34
hepatitis_b,MP,1998,,,53,52,53
hepatitis_b,MP,2001,,,35,52,35
hepatitis_b,MP,2002,,,37,52,37
hepatitis_b,MP,2007,0,1,,,
hepatitis_b,MS,1952,204,32,,,
hepatitis_b,MS,1953,7,1,,,
hepatitis_b,MS,1955,15,2,,,
hepatitis_b,MS,1956,17,3,173,34,173
hepatitis_b,MS,1957,30,12,133,52,133
hepatitis_b,MS,1958,65,32,83,47,83
hepatitis_b,MS,1959,86,28,149,49,149
hepatitis_b,MS,1960,58,4,1215,50,1215
hepatitis_b,MS,1961,1412,49,1540,52,1540
hepatitis_b,MS,1962,8,2,,,
hepatitis_b,MS,1963,11,2,,,
hepatitis_b,MS,1964,234,46,249,50,249
hepatitis_b,MS,1965,9,1,75,12,75
hepatitis_b,MS,1969,2,1,,,
hepatitis_b,MS,1970,5,4,,,
hepatitis_b,MS,1971,10,9,,,
hepatitis_b,MS,1972,27,18,,,
hepatitis_b,MS,1973,76,36,,,
hepatitis_b,MS,1974,40,23,,,
hepatitis_b,MS,1975,64,39,,,
hepatitis_b,MS,1976,42,29,,,
hepatitis_b,MS,1977,94,42,,,
hepatitis_b,MS,1978,70,30,,,
hepatitis_b,MS,1979,104,40,,,
hepatitis_b,MS,1980,85,33,,,
hepatitis_b,MS,1981,104,41,,,
hepatitis_b,MS,1982,91,35,,,
hepatitis_b,MS,1983,147,45,,,
hepatitis_b,MS,1984,128,43,,,
hepatitis_b,MS,1985,122,35,,,
hepatitis_b,MS,1986,119,31,,,
hepatitis_b,MS,1987,139,41,,,
hepatitis_b,MS,1988,,,143,52,143
hepatitis_b,MS,1989,,,141,52,141
hepatitis_b,MS,1990,,,111,52,111
hepatitis_b,MS,1991,,,31,52,31
hepatitis_b,MS,1992,,,4,52,4
hepatitis_b,MS,1993,,,6,52,6
hepatitis_b,MS,1996,,,231,52,231
hepatitis_b,MS,1997,,,123,52,123
hepatitis_b,MS,1998,,,2,52,2
hepatitis_b,MS,1999,,,134,52,134
hepatitis_b,MS,2000,,,107,52,107
hepatitis_b,MS,2001,,,54,52,54
hepatitis_b,MS,2002,,,80,52,80
hepatitis_b,MS,2003,,,88,52,90
hepatitis_b,MS,2004,,,106,52,172
hepatitis_b,MS,2005,,,58,52,58
hepatitis_b,MS,2006,1,1,38,52,38
hepatitis_b,MS,2007,,,27,52,27
hepatitis_b,MS,2008,9,9,45,54,45
hepatitis_b,MS,2009,5,5,32,52,32
hepatitis_b,MS,2010,3,3,35,52,35
hepatitis_b,MS,2011,1,1,45,52,45
hepatitis_b,MS,2012,6,5,78,52,78
hepatitis_b,MS,2013,3,2,49,52,49
hepatitis_b,MS,2014,11,9,46,53,48
hepatitis_b,MS,2015,19,13,53,53,53
hepatitis_b,MS,2016,3,3,27,53,27
hepatitis_b,MS,2017,5,5,43,52,43
hepatitis_b,MT,1952,26,9,,,
hepatitis_b,MT,1953,5,2,,,
hepatitis_b,MT,1955,14,1,,,
hepatitis_b,MT,1956,15,3,309,34,309
hepatitis_b,MT,1957,48,11,195,52,195
hepatitis_b,MT,1958,261,35,370,47,370
hepatitis_b,MT,1959,177,30,263,49,263
hepatitis_b,MT,1960,100,4,3060,50,3060
hepatitis_b,MT,1961,325,46,354,52,354
hepatitis_b,MT,1962,25,7,,,
hepatitis_b,MT,1963,29,11,,,
hepatitis_b,MT,1964,173,41,190,50,190
hepatitis_b,MT,1965,1,1,48,12,48
hepatitis_b,MT,1969,1,1,,,
hepatitis_b,MT,1970,1,1,,,
hepatitis_b,MT,1971,10,5,,,
hepatitis_b,MT,1972,3,2,,,
hepatitis_b,MT,1973,5,5,,,
hepatitis_b,MT,1974,20,12,,,
hepatitis_b,MT,1975,30,20,,,
hepatitis_b,MT,1976,25,18,,,
hepatitis_b,MT,1977,26,18,,,
hepatitis_b,MT,1978,27,18,,,
hepatitis_b,MT,1979,11,9,,,
hepatitis_b,MT,1980,1,1,,,
hepatitis_b,MT,1981,22,14,,,
hepatitis_b,MT,1982,16,14,,,
hepatitis_b,MT,1983,22,14,,,
hepatitis_b,MT,1984,25,18,,,
hepatitis_b,MT,1985,37,22,,,
hepatitis_b,MT,1986,40,25,,,
hepatitis_b,MT,1987,56,35,,,
hepatitis_b,MT,1988,,,56,52,56
hepatitis_b,MT,1989,,,50,52,50
hepatitis_b,MT,1990,,,74,52,74
hepatitis_b,MT,1991,,,76,52,76
hepatitis_b,MT,1992,,,37,52,37
hepatitis_b,MT,1993,,,28,52,29
hepatitis_b,MT,1994,2,1,22,52,23
hepatitis_b,MT,1995,,,23,52,23
hepatitis_b,MT,1996,,,2,66,17
hepatitis_b,MT,1997,,,12,52,12
hepatitis_b,MT,1998,,,5,52,5
hepatitis_b,MT,1999,,,17,52,17
hepatitis_b,MT,2000,,,7,52,7
hepatitis_b,MT,2001,,,3,52,3
hepatitis_b,MT,2002,,,10,52,10
hepatitis_b,MT,2003,,,16,52,16
hepatitis_b,MT,2004,,,2,52,2
hepatitis_b,MT,2005,,,3,52,3
hepatitis_b,MT,2008,,,2,54,2
hepatitis_b,MT,2010,,,1,52,1
hepatitis_b,MT,2012,1,1,1,52,1
hepatitis_b,MT,2013,,,3,52,3
hepatitis_b,MT,2015,,,5,53,5
hepatitis_b,MT,2016,,,1,53,1
hepatitis_b,MT,2017,,,3,52,3
hepatitis_b,NC,1952,521,41,,,
hepatitis_b,NC,1953,34,1,,,
hepatitis_b,NC,1955,14,2,,,
hepatitis_b,NC,1956,2,1,81,34,81
hepatitis_b,NC,1957,37,15,111,52,111
hepatitis_b,NC,1958,53,26,60,47,60
hepatitis_b,NC,1959,82,28,116,49,116
hepatitis_b,NC,1960,45,4,857,50,857
hepatitis_b,NC,1961,2021,49,2176,52,2176
hepatitis_b,NC,1962,60,1,,,
hepatitis_b,NC,1963,29,1,,,
hepatitis_b,NC,1964,515,45,546,50,546
hepatitis_b,NC,1965,6,1,90,12,90
hepatitis_b,NC,1966,16,12,,,
hepatitis_b,NC,1967,10,8,,,
hepatitis_b,NC,1968,9,8,,,
hepatitis_b,NC,1969,17,14,,,
hepatitis_b,NC,1970,151,44,,,
hepatitis_b,NC,1971,176,45,,,
hepatitis_b,NC,1972,166,44,,,
hepatitis_b,NC,1973,125,43,,,
hepatitis_b,NC,1974,123,42,,,
hepatitis_b,NC,1975,243,49,,,
hepatitis_b,NC,1976,270,51,,,
hepatitis_b,NC,1977,270,50,,,
hepatitis_b,NC,1978,225,48,,,
hepatitis_b,NC,1979,386,50,,,
hepatitis_b,NC,1980,266,38,,,
hepatitis_b,NC,1981,312,48,,,
hepatitis_b,NC,1982,367,50,,,
hepatitis_b,NC,1983,414,50,,,
hepatitis_b,NC,1984,480,49,,,
hepatitis_b,NC,1985,478,43,,,
hepatitis_b,NC,1986,475,42,,,
hepatitis_b,NC,1987,661,51,,,
hepatitis_b,NC,1988,,,838,52,838
hepatitis_b,NC,1989,,,1072,52,1072
hepatitis_b,NC,1990,,,1082,52,1082
hepatitis_b,NC,1991,,,556,52,556
hepatitis_b,NC,1992,,,416,52,416
hepatitis_b,NC,1993,,,315,52,315
hepatitis_b,NC,1994,64,1,286,52,286
hepatitis_b,NC,1995,,,310,52,310
hepatitis_b,NC,1996,,,103,66,337
hepatitis_b,NC,1997,,,265,52,265
hepatitis_b,NC,1998,,,244,52,244
hepatitis_b,NC,1999,,,224,52,224
hepatitis_b,NC,2000,,,256,52,256
hepatitis_b,NC,2001,,,222,52,222
hepatitis_b,NC,2002,,,228,52,228
hepatitis_b,NC,2003,,,160,52,160
hepatitis_b,NC,2004,,,182,52,182
hepatitis_b,NC,2005,,,167,52,167
hepatitis_b,NC,2006,155,24,154,52,154
hepatitis_b,NC,2007,128,23,128,52,128
hepatitis_b,NC,2008,83,17,83,54,83
hepatitis_b,NC,2009,145,23,152,52,152
hepatitis_b,NC,2010,55,13,103,52,103
hepatitis_b,NC,2011,65,35,109,52,109
hepatitis_b,NC,2012,55,32,69,52,69
hepatitis_b,NC,2013,22,12,2,53,73
hepatitis_b,NC,2014,78,22,100,53,142
hepatitis_b,NC,2015,128,33,146,53,146
hepatitis_b,NC,2016,2,1,106,53,106
hepatitis_b,NC,2017,2,2,149,52,149
hepatitis_b,ND,1952,100,31,,,
hepatitis_b,ND,1953,11,2,,,
hepatitis_b,ND,1955,5,2,,,
hepatitis_b,ND,1956,9,3,93,34,93
hepatitis_b,ND,1957,22,8,102,52,102
hepatitis_b,ND,1958,158,38,215,47,215
hepatitis_b,ND,1959,294,37,363,49,363
hepatitis_b,ND,1960,32,3,898,50,898
hepatitis_b,ND,1961,145,38,158,52,158
hepatitis_b,ND,1962,23,11,,,
hepatitis_b,ND,1963,60,16,,,
hepatitis_b,ND,1964,63,28,64,50,64
hepatitis_b,ND,1965,,,9,12,9
hepatitis_b,ND,1967,1,1,,,
hepatitis_b,ND,1972,1,1,,,
hepatitis_b,ND,1973,3,3,,,
hepatitis_b,ND,1974,5,4,,,
hepatitis_b,ND,1975,4,4,,,
hepatitis_b,ND,1976,8,7,,,
hepatitis_b,ND,1977,8,8,,,
hepatitis_b,ND,1978,9,6,,,
hepatitis_b,ND,1979,3,3,,,
hepatitis_b,ND,1982,2,2,,,
hepatitis_b,ND,1985,1,1,,,
hepatitis_b,ND,1988,,,16,52,16
hepatitis_b,ND,1989,,,23,52,23
hepatitis_b,ND,1990,,,6,52,6
hepatitis_b,ND,1991,,,5,52,5
hepatitis_b,ND,1992,,,3,52,3
hepatitis_b,ND,1993,,,1,52,1
hepatitis_b,ND,1994,,,1,52,1
hepatitis_b,ND,1995,,,5,52,5
hepatitis_b,ND,1996,,,2,52,2
hepatitis_b,ND,1997,,,5,52,5
hepatitis_b,ND,1998,,,4,52,4
hepatitis_b,ND,1999,,,2,52,2
hepatitis_b,ND,2000,,,3,52,3
hepatitis_b,ND,2001,,,2,52,2
hepatitis_b,ND,2002,,,5,52,5
hepatitis_b,ND,2003,,,2,52,2
hepatitis_b,ND,2004,,,4,52,4
hepatitis_b,ND,2007,1,1,1,52,1
hepatitis_b,ND,2008,,,1,54,1
hepatitis_b,ND,2014,,,1,40,2
hepatitis_b,ND,2015,,,1,53,1
hepatitis_b,ND,2016,,,2,53,2
hepatitis_b,NE,1952,235,21,,,
hepatitis_b,NE,1953,22,1,,,
hepatitis_b,NE,1955,4,1,,,
hepatitis_b,NE,1956,5,2,90,34,90
hepatitis_b,NE,1957,2,1,24,52,24
hepatitis_b,NE,1958,42,19,81,47,81
hepatitis_b,NE,1959,65,26,81,49,81
hepatitis_b,NE,1960,20,4,155,50,237
hepatitis_b,NE,1961,581,49,644,52,644
hepatitis_b,NE,1962,40,14,,,
hepatitis_b,NE,1963,41,15,,,
hepatitis_b,NE,1964,57,25,74,50,74
hepatitis_b,NE,1965,1,1,15,12,15
hepatitis_b,NE,1970,1,1,,,
hepatitis_b,NE,1971,2,1,,,
hepatitis_b,NE,1972,5,4,,,
hepatitis_b,NE,1973,13,10,,,
hepatitis_b,NE,1974,29,23,,,
hepatitis_b,NE,1975,26,16,,,
hepatitis_b,NE,1976,32,21,,,
hepatitis_b,NE,1977,107,38,,,
hepatitis_b,NE,1978,52,34,,,
hepatitis_b,NE,1979,52,28,,,
hepatitis_b,NE,1980,40,17,,,
hepatitis_b,NE,1981,74,29,,,
hepatitis_b,NE,1982,85,32,,,
hepatitis_b,NE,1983,56,27,,,
hepatitis_b,NE,1984,62,29,,,
hepatitis_b,NE,1985,67,23,,,
hepatitis_b,NE,1986,63,23,,,
hepatitis_b,NE,1987,65,35,,,
hepatitis_b,NE,1988,,,47,52,47
hepatitis_b,NE,1989,,,30,52,30
hepatitis_b,NE,1990,,,33,52,33
hepatitis_b,NE,1991,,,39,52,39
hepatitis_b,NE,1992,,,42,52,42
hepatitis_b,NE,1993,,,20,52,21
hepatitis_b,NE,1994,2,1,29,52,29
hepatitis_b,NE,1995,,,42,52,42
hepatitis_b,NE,1996,,,7,66,49
hepatitis_b,NE,1997,,,16,52,16
hepatitis_b,NE,1998,,,23,52,23
hepatitis_b,NE,1999,,,18,52,18
hepatitis_b,NE,2000,,,44,52,44
hepatitis_b,NE,2001,,,28,52,28
hepatitis_b,NE,2002,,,22,52,22
hepatitis_b,NE,2003,,,28,52,29
hepatitis_b,NE,2004,,,41,52,42
hepatitis_b,NE,2005,,,21,52,21
hepatitis_b,NE,2006,12,10,21,52,21
hepatitis_b,NE,2007,5,5,11,52,11
hepatitis_b,NE,2008,6,6,9,54,9
hepatitis_b,NE,2009,15,10,22,52,22
hepatitis_b,NE,2010,7,7,12,52,12
hepatitis_b,NE,2011,4,4,12,52,12
hepatitis_b,NE,2012,7,7,7,52,7
hepatitis_b,NE,2013,6,4,9,52,9
hepatitis_b,NE,2014,2,2,8,53,8
hepatitis_b,NE,2015,1,1,3,53,3
hepatitis_b,NE,2016,3,3,6,53,6
hepatitis_b,NE,2017,3,3,10,52,10
hepatitis_b,NH,1953,6,1,,,
hepatitis_b,NH,1955,8,2,,,
hepatitis_b,NH,1956,,,27,34,27
hepatitis_b,NH,1957,1,1,8,52,8
hepatitis_b,NH,1958,2,2,2,47,2
hepatitis_b,NH,1959,10,5,15,49,15
hepatitis_b,NH,1960,4,1,81,50,81
hepatitis_b,NH,1961,199,45,207,52,207
hepatitis_b,NH,1962,39,12,,,
hepatitis_b,NH,1963,5,2,,,
hepatitis_b,NH,1964,238,44,256,50,256
hepatitis_b,NH,1965,6,1,49,12,49
hepatitis_b,NH,1968,2,2,,,
hepatitis_b,NH,1969,3,3,,,
hepatitis_b,NH,1970,7,6,,,
hepatitis_b,NH,1971,6,6,,,
hepatitis_b,NH,1972,34,18,,,
hepatitis_b,NH,1973,19,16,,,
hepatitis_b,NH,1974,14,10,,,
hepatitis_b,NH,1975,17,13,,,
hepatitis_b,NH,1976,8,8,,,
hepatitis_b,NH,1977,13,12,,,
hepatitis_b,NH,1978,17,13,,,
hepatitis_b,NH,1979,15,13,,,
hepatitis_b,NH,1980,11,8,,,
hepatitis_b,NH,1981,25,17,,,
hepatitis_b,NH,1982,43,28,,,
hepatitis_b,NH,1983,39,26,,,
hepatitis_b,NH,1984,128,44,,,
hepatitis_b,NH,1985,15,12,,,
hepatitis_b,NH,1986,17,7,,,
hepatitis_b,NH,1987,89,27,,,
hepatitis_b,NH,1988,,,71,52,71
hepatitis_b,NH,1989,,,62,52,62
hepatitis_b,NH,1990,,,40,52,40
hepatitis_b,NH,1991,,,33,52,33
hepatitis_b,NH,1992,,,45,52,45
hepatitis_b,NH,1993,,,128,52,128
hepatitis_b,NH,1994,2,1,23,52,23
hepatitis_b,NH,1995,,,21,52,21
hepatitis_b,NH,1996,,,2,66,21
hepatitis_b,NH,1997,,,17,52,17
hepatitis_b,NH,1998,,,20,52,20
hepatitis_b,NH,1999,,,17,52,17
hepatitis_b,NH,2000,,,19,52,19
hepatitis_b,NH,2001,,,16,52,16
hepatitis_b,NH,2002,,,22,52,22
hepatitis_b,NH,2003,,,11,52,11
hepatitis_b,NH,2004,,,41,52,41
hepatitis_b,NH,2005,,,28,52,28
hepatitis_b,NH,2006,6,6,13,52,13
hepatitis_b,NH,2007,2,2,5,52,5
hepatitis_b,NH,2008,,,11,54,11
hepatitis_b,NH,2009,,,3,52,3
hepatitis_b,NH,2010,,,7,52,7
hepatitis_b,NH,2011,,,3,52,3
hepatitis_b,NH,2012,1,1,8,52,8
hepatitis_b,NH,2013,,,2,52,2
hepatitis_b,NH,2014,,,4,53,4
hepatitis_b,NJ,1953,1,1,,,
hepatitis_b,NJ,1955,38,2,,,
hepatitis_b,NJ,1956,21,3,269,34,269
hepatitis_b,NJ,1957,62,16,286,52,287
hepatitis_b,NJ,1958,125,35,153,47,153
hepatitis_b,NJ,1959,255,36,322,49,322
hepatitis_b,NJ,1960,90,4,2597,50,2597
hepatitis_b,NJ,1961,2106,49,2294,52,2294
hepatitis_b,NJ,1962,31,1,,,
hepatitis_b,NJ,1963,27,1,,,
hepatitis_b,NJ,1964,1221,46,1295,50,1295
hepatitis_b,NJ,1965,35,1,226,12,226
hepatitis_b,NJ,1966,174,49,,,
hepatitis_b,NJ,1967,179,49,,,
hepatitis_b,NJ,1968,276,51,,,
hepatitis_b,NJ,1969,399,50,,,
hepatitis_b,NJ,1970,726,51,,,
hepatitis_b,NJ,1971,1062,51,,,
hepatitis_b,NJ,1972,814,47,,,
hepatitis_b,NJ,1973,439,48,,,
hepatitis_b,NJ,1974,502,48,,,
hepatitis_b,NJ,1975,771,46,,,
hepatitis_b,NJ,1976,1228,48,,,
hepatitis_b,NJ,1977,741,48,,,
hepatitis_b,NJ,1978,705,47,,,
hepatitis_b,NJ,1979,770,48,,,
hepatitis_b,NJ,1980,609,36,,,
hepatitis_b,NJ,1981,952,38,,,
hepatitis_b,NJ,1982,1114,49,,,
hepatitis_b,NJ,1983,1251,50,,,
hepatitis_b,NJ,1984,1099,46,,,
hepatitis_b,NJ,1985,831,44,,,
hepatitis_b,NJ,1986,515,37,,,
hepatitis_b,NJ,1987,429,39,,,
hepatitis_b,NJ,1988,,,720,52,720
hepatitis_b,NJ,1989,,,593,52,593
hepatitis_b,NJ,1990,,,570,52,570
hepatitis_b,NJ,1991,,,385,52,385
hepatitis_b,NJ,1992,,,480,52,480
hepatitis_b,NJ,1993,,,387,52,387
hepatitis_b,NJ,1994,47,1,367,52,367
hepatitis_b,NJ,1995,,,305,52,305
hepatitis_b,NJ,1996,,,78,66,247
hepatitis_b,NJ,1997,,,201,52,201
hepatitis_b,NJ,1998,,,192,52,192
hepatitis_b,NJ,1999,,,41,52,41
hepatitis_b,NJ,2000,,,57,52,105
hepatitis_b,NJ,2001,,,338,52,338
hepatitis_b,NJ,2002,,,394,52,394
hepatitis_b,NJ,2003,,,182,52,215
hepatitis_b,NJ,2004,,,747,52,747
hepatitis_b,NJ,2005,,,625,52,628
hepatitis_b,NJ,2006,,,96,52,96
hepatitis_b,NJ,2007,,,83,52,83
hepatitis_b,NJ,2008,,,115,54,115
hepatitis_b,NJ,2009,,,72,52,72
hepatitis_b,NJ,2010,1,1,67,52,67
hepatitis_b,NJ,2011,,,5,52,58
hepatitis_b,NJ,2012,1,1,50,52,51
hepatitis_b,NJ,2013,,,34,52,34
hepatitis_b,NJ,2014,,,20,53,20
hepatitis_b,NJ,2015,,,65,53,65
hepatitis_b,NJ,2016,,,39,53,39
hepatitis_b,NJ,2017,,,38,52,38
hepatitis_b,NM,1952,107,24,,,
hepatitis_b,NM,1953,1,1,,,
hepatitis_b,NM,1955,45,2,,,
hepatitis_b,NM,1956,,,109,34,109
hepatitis_b,NM,1957,81,14,406,52,406
hepatitis_b,NM,1958,282,36,320,47,320
hepatitis_b,NM,1959,457,37,521,49,521
hepatitis_b,NM,1960,58,4,1118,50,1118
hepatitis_b,NM,1961,417,49,326,52,418
hepatitis_b,NM,1962,27,10,,,
hepatitis_b,NM,1963,52,12,,,
hepatitis_b,NM,1964,302,46,324,50,324
hepatitis_b,NM,1965,13,1,111,12,111
hepatitis_b,NM,1969,8,5,,,
hepatitis_b,NM,1970,13,10,,,
hepatitis_b,NM,1971,13,10,,,
hepatitis_b,NM,1972,17,12,,,
hepatitis_b,NM,1973,24,12,,,
hepatitis_b,NM,1974,29,24,,,
hepatitis_b,NM,1975,46,23,,,
hepatitis_b,NM,1976,42,21,,,
hepatitis_b,NM,1977,112,37,,,
hepatitis_b,NM,1978,98,34,,,
hepatitis_b,NM,1979,84,27,,,
hepatitis_b,NM,1980,13,10,,,
hepatitis_b,NM,1981,68,29,,,
hepatitis_b,NM,1982,46,27,,,
hepatitis_b,NM,1983,84,32,,,
hepatitis_b,NM,1984,100,34,,,
hepatitis_b,NM,1985,260,39,,,
hepatitis_b,NM,1986,196,36,,,
hepatitis_b,NM,1987,246,51,,,
hepatitis_b,NM,1988,,,238,52,238
hepatitis_b,NM,1989,,,216,52,216
hepatitis_b,NM,1990,,,189,52,189
hepatitis_b,NM,1991,,,215,52,215
hepatitis_b,NM,1992,,,220,52,220
hepatitis_b,NM,1993,,,222,52,222
hepatitis_b,NM,1994,34,1,223,52,223
hepatitis_b,NM,1995,,,317,52,317
hepatitis_b,NM,1996,,,103,66,413
hepatitis_b,NM,1997,,,258,52,258
hepatitis_b,NM,1998,,,316,52,316
hepatitis_b,NM,1999,,,185,52,185
hepatitis_b,NM,2000,,,116,52,116
hepatitis_b,NM,2001,,,131,52,131
hepatitis_b,NM,2002,,,144,52,144
hepatitis_b,NM,2003,,,34,52,34
hepatitis_b,NM,2004,,,15,52,15
hepatitis_b,NM,2005,,,12,52,12
hepatitis_b,NM,2006,,,21,52,21
hepatitis_b,NM,2007,,,11,52,11
hepatitis_b,NM,2008,,,11,54,11
hepatitis_b,NM,2009,,,6,52,6
hepatitis_b,NM,2010,,,5,52,5
hepatitis_b,NM,2011,,,8,52,8
hepatitis_b,NM,2012,,,3,52,3
hepatitis_b,NM,2013,1,1,1,52,1
hepatitis_b,NM,2014,,,1,53,1
hepatitis_b,NM,2015,,,2,53,2
hepatitis_b,NM,2016,,,1,53,1
hepatitis_b,NV,1952,1,1,,,
hepatitis_b,NV,1955,8,2,,,
hepatitis_b,NV,1956,1,1,4,34,4
hepatitis_b,NV,1957,11,3,30,52,50
hepatitis_b,NV,1958,94,21,102,47,102
hepatitis_b,NV,1959,23,12,25,49,25
hepatitis_b,NV,1960,26,3,293,50,293
hepatitis_b,NV,1961,141,31,145,52,145
hepatitis_b,NV,1962,23,17,,,
hepatitis_b,NV,1963,18,10,,,
hepatitis_b,NV,1964,44,17,51,50,51
hepatitis_b,NV,1965,,,5,12,5
hepatitis_b,NV,1970,3,2,,,
hepatitis_b,NV,1972,4,2,,,
hepatitis_b,NV,1973,4,4,,,
hepatitis_b,NV,1974,10,9,,,
hepatitis_b,NV,1975,3,3,,,
hepatitis_b,NV,1976,32,14,,,
hepatitis_b,NV,1977,6,4,,,
hepatitis_b,NV,1978,44,28,,,
hepatitis_b,NV,1979,68,33,,,
hepatitis_b,NV,1980,91,30,,,
hepatitis_b,NV,1981,167,42,,,
hepatitis_b,NV,1982,176,40,,,
hepatitis_b,NV,1983,175,41,,,
hepatitis_b,NV,1984,222,44,,,
hepatitis_b,NV,1985,257,43,,,
hepatitis_b,NV,1986,202,41,,,
hepatitis_b,NV,1987,261,48,,,
hepatitis_b,NV,1988,,,238,52,238
hepatitis_b,NV,1989,,,240,52,240
hepatitis_b,NV,1990,,,303,52,303
hepatitis_b,NV,1991,,,193,52,193
hepatitis_b,NV,1992,,,102,52,102
hepatitis_b,NV,1993,,,121,52,121
hepatitis_b,NV,1994,6,1,59,52,59
hepatitis_b,NV,1995,,,58,52,58
hepatitis_b,NV,1996,,,15,66,94
hepatitis_b,NV,1997,,,77,52,77
hepatitis_b,NV,1998,,,82,52,82
hepatitis_b,NV,1999,,,48,52,48
hepatitis_b,NV,2000,,,55,52,55
hepatitis_b,NV,2001,,,48,52,48
hepatitis_b,NV,2002,,,68,52,68
hepatitis_b,NV,2003,,,84,52,84
hepatitis_b,NV,2004,,,71,52,71
hepatitis_b,NV,2005,,,28,52,28
hepatitis_b,NV,2006,1,1,30,52,30
hepatitis_b,NV,2007,12,10,44,52,44
hepatitis_b,NV,2008,15,13,33,54,33
hepatitis_b,NV,2009,24,17,29,52,29
hepatitis_b,NV,2010,18,14,38,52,38
hepatitis_b,NV,2011,8,7,28,52,28
hepatitis_b,NV,2012,18,13,27,52,27
hepatitis_b,NV,2013,11,10,25,52,25
hepatitis_b,NV,2014,,,19,53,22
hepatitis_b,NV,2015,,,16,53,16
hepatitis_b,NV,2016,,,3,53,3
hepatitis_b,NV,2017,,,16,52,16
hepatitis_b,NY,1952,1067,43,,,
hepatitis_b,NY,1953,74,1,,,
hepatitis_b,NY,1955,240,2,,,
hepatitis_b,NY,1956,95,3,1335,34,1452
hepatitis_b,NY,1957,464,16,1505,52,1505
hepatitis_b,NY,1958,1058,39,1278,47,1278
hepatitis_b,NY,1959,1471,37,1928,49,1928
hepatitis_b,NY,1960,301,4,4826,50,4826
hepatitis_b,NY,1961,3918,49,4193,52,4193
hepatitis_b,NY,1962,92,1,,,
hepatitis_b,NY,1963,109,1,,,
hepatitis_b,NY,2014,34,23,39,53,39
hepatitis_b,NY,2015,22,19,28,53,28
hepatitis_b,NY,2016,28,23,40,53,40
hepatitis_b,NY,2017,20,13,24,52,24
hepatitis_b,OH,1952,424,42,,,
hepatitis_b,OH,1953,42,1,,,
hepatitis_b,OH,1955,49,2,,,
hepatitis_b,OH,1956,33,3,521,34,521
hepatitis_b,OH,1957,153,16,631,52,631
hepatitis_b,OH,1958,573,39,723,47,723
hepatitis_b,OH,1959,744,36,963,49,963
hepatitis_b,OH,1960,378,4,7119,50,7119
hepatitis_b,OH,1961,4505,49,4883,52,4883
hepatitis_b,OH,1962,46,1,,,
hepatitis_b,OH,1963,40,1,,,
hepatitis_b,OH,1964,1340,46,1532,50,1532
hepatitis_b,OH,1965,27,1,575,12,575
hepatitis_b,OH,1966,16,14,,,
hepatitis_b,OH,1967,27,20,,,
hepatitis_b,OH,1968,29,21,,,
hepatitis_b,OH,1969,108,44,,,
hepatitis_b,OH,1970,163,46,,,
hepatitis_b,OH,1971,194,50,,,
hepatitis_b,OH,1972,316,46,,,
hepatitis_b,OH,1973,295,48,,,
hepatitis_b,OH,1974,303,40,,,
hepatitis_b,OH,1975,320,41,,,
hepatitis_b,OH,1976,396,48,,,
hepatitis_b,OH,1977,586,50,,,
hepatitis_b,OH,1978,451,50,,,
hepatitis_b,OH,1979,397,50,,,
hepatitis_b,OH,1980,286,36,,,
hepatitis_b,OH,1981,598,45,,,
hepatitis_b,OH,1982,781,49,,,
hepatitis_b,OH,1983,785,50,,,
hepatitis_b,OH,1984,631,49,,,
hepatitis_b,OH,1985,718,44,,,
hepatitis_b,OH,1986,691,42,,,
hepatitis_b,OH,1987,594,52,,,
hepatitis_b,OH,1988,,,557,52,557
hepatitis_b,OH,1989,,,509,52,509
hepatitis_b,OH,1990,,,387,52,387
hepatitis_b,OH,1991,,,407,52,407
hepatitis_b,OH,1992,,,228,52,228
hepatitis_b,OH,1993,,,194,52,194
hepatitis_b,OH,1994,35,1,166,52,166
hepatitis_b,OH,1995,,,116,52,116
hepatitis_b,OH,1996,,,34,66,120
hepatitis_b,OH,1997,,,93,52,93
hepatitis_b,OH,1998,,,77,52,77
hepatitis_b,OH,1999,,,95,52,95
hepatitis_b,OH,2000,,,107,52,107
hepatitis_b,OH,2001,,,93,52,93
hepatitis_b,OH,2002,,,123,52,123
hepatitis_b,OH,2003,,,157,52,157
hepatitis_b,OH,2004,,,121,52,121
hepatitis_b,OH,2005,,,136,52,136
hepatitis_b,OH,2006,125,45,126,52,126
hepatitis_b,OH,2007,122,44,128,52,128
hepatitis_b,OH,2008,97,42,112,54,112
hepatitis_b,OH,2009,64,32,86,52,86
hepatitis_b,OH,2010,67,33,88,52,88
hepatitis_b,OH,2011,49,22,91,52,91
hepatitis_b,OH,2012,168,48,5,53,175
hepatitis_b,OH,2013,203,50,2,53,224
hepatitis_b,OH,2014,152,48,174,53,268
hepatitis_b,OH,2015,369,51,402,53,402
hepatitis_b,OH,2016,175,46,282,53,282
hepatitis_b,OH,2017,147,40,262,52,262
hepatitis_b,OK,1952,54,24,,,
hepatitis_b,OK,1953,3,1,,,
hepatitis_b,OK,1955,6,2,,,
hepatitis_b,OK,1956,7,2,80,34,80
hepatitis_b,OK,1957,40,13,144,52,144
hepatitis_b,OK,1958,110,32,145,47,145
hepatitis_b,OK,1959,183,34,257,49,257
hepatitis_b,OK,1960,29,4,189,50,307
hepatitis_b,OK,1961,295,45,341,52,341
hepatitis_b,OK,1962,44,14,,,
hepatitis_b,OK,1963,16,7,,,
hepatitis_b,OK,1964,123,37,132,50,132
hepatitis_b,OK,1965,1,1,30,12,30
hepatitis_b,OK,1969,1,1,,,
hepatitis_b,OK,1971,19,13,,,
hepatitis_b,OK,1972,49,23,,,
hepatitis_b,OK,1973,74,33,,,
hepatitis_b,OK,1974,128,36,,,
hepatitis_b,OK,1975,161,35,,,
hepatitis_b,OK,1976,194,51,,,
hepatitis_b,OK,1977,147,46,,,
hepatitis_b,OK,1978,150,44,,,
hepatitis_b,OK,1979,172,42,,,
hepatitis_b,OK,1980,157,35,,,
hepatitis_b,OK,1981,223,46,,,
hepatitis_b,OK,1982,336,49,,,
hepatitis_b,OK,1983,304,50,,,
hepatitis_b,OK,1984,254,47,,,
hepatitis_b,OK,1985,140,41,,,
hepatitis_b,OK,1986,176,40,,,
hepatitis_b,OK,1987,248,50,,,
hepatitis_b,OK,1988,,,191,52,191
hepatitis_b,OK,1989,,,216,52,216
hepatitis_b,OK,1990,,,169,52,169
hepatitis_b,OK,1991,,,221,52,221
hepatitis_b,OK,1992,,,191,52,191
hepatitis_b,OK,1993,,,314,52,314
hepatitis_b,OK,1994,46,1,322,52,322
hepatitis_b,OK,1995,,,249,52,376
hepatitis_b,OK,1996,,,16,66,59
hepatitis_b,OK,1997,,,51,52,51
hepatitis_b,OK,1998,,,126,52,126
hepatitis_b,OK,1999,,,147,52,147
hepatitis_b,OK,2000,,,156,52,156
hepatitis_b,OK,2001,,,107,52,107
hepatitis_b,OK,2002,,,50,52,50
hepatitis_b,OK,2003,,,41,52,41
hepatitis_b,OK,2004,,,47,52,47
hepatitis_b,OK,2005,,,42,52,42
hepatitis_b,OK,2006,72,24,73,52,73
hepatitis_b,OK,2007,135,29,135,52,135
hepatitis_b,OK,2008,117,39,117,54,117
hepatitis_b,OK,2009,104,38,107,52,107
hepatitis_b,OK,2010,93,39,94,52,94
hepatitis_b,OK,2011,80,28,88,52,88
hepatitis_b,OK,2012,51,18,65,52,65
hepatitis_b,OK,2013,42,23,37,52,37
hepatitis_b,OK,2014,36,15,36,53,36
hepatitis_b,OK,2015,34,11,34,53,34
hepatitis_b,OK,2016,16,7,18,53,18
hepatitis_b,OK,2017,11,9,11,52,11
hepatitis_b,OR,1952,289,41,,,
hepatitis_b,OR,1953,23,1,,,
hepatitis_b,OR,1955,46,2,,,
hepatitis_b,OR,1956,39,3,460,34,460
hepatitis_b,OR,1957,117,16,506,52,506
hepatitis_b,OR,1958,306,38,408,47,408
hepatitis_b,OR,1959,631,37,854,49,854
hepatitis_b,OR,1960,96,4,973,50,983
hepatitis_b,OR,1961,1402,49,1484,52,1484
hepatitis_b,OR,1962,157,8,,,
hepatitis_b,OR,1963,123,6,,,
hepatitis_b,OR,1964,584,46,644,50,644
hepatitis_b,OR,1965,8,1,140,12,140
hepatitis_b,OR,1966,2,2,,,
hepatitis_b,OR,1967,44,17,,,
hepatitis_b,OR,1968,71,31,,,
hepatitis_b,OR,1969,49,23,,,
hepatitis_b,OR,1970,88,42,,,
hepatitis_b,OR,1971,53,32,,,
hepatitis_b,OR,1972,69,38,,,
hepatitis_b,OR,1973,166,46,,,
hepatitis_b,OR,1974,205,48,,,
hepatitis_b,OR,1975,290,47,,,
hepatitis_b,OR,1976,355,51,,,
hepatitis_b,OR,1977,363,51,,,
hepatitis_b,OR,1978,379,50,,,
hepatitis_b,OR,1979,347,51,,,
hepatitis_b,OR,1980,277,38,,,
hepatitis_b,OR,1981,330,47,,,
hepatitis_b,OR,1982,280,49,,,
hepatitis_b,OR,1983,258,49,,,
hepatitis_b,OR,1984,359,49,,,
hepatitis_b,OR,1985,411,44,,,
hepatitis_b,OR,1986,515,42,,,
hepatitis_b,OR,1987,664,51,,,
hepatitis_b,OR,1988,,,578,52,578
hepatitis_b,OR,1989,,,545,52,545
hepatitis_b,OR,1990,,,412,52,412
hepatitis_b,OR,1991,,,295,52,295
hepatitis_b,OR,1992,,,284,52,284
hepatitis_b,OR,1993,,,35,52,35
hepatitis_b,OR,1994,11,1,90,52,90
hepatitis_b,OR,1995,,,120,52,120
hepatitis_b,OR,1996,,,37,66,118
hepatitis_b,OR,1997,,,108,52,108
hepatitis_b,OR,1998,,,127,52,127
hepatitis_b,OR,1999,,,100,52,100
hepatitis_b,OR,2000,,,133,52,133
hepatitis_b,OR,2001,,,119,52,119
hepatitis_b,OR,2002,,,122,52,122
hepatitis_b,OR,2003,,,114,52,114
hepatitis_b,OR,2004,,,110,52,110
hepatitis_b,OR,2005,,,104,52,104
hepatitis_b,OR,2006,19,16,81,52,81
hepatitis_b,OR,2007,12,10,61,52,61
hepatitis_b,OR,2008,12,10,39,54,40
hepatitis_b,OR,2009,7,6,41,52,41
hepatitis_b,OR,2010,6,6,39,52,39
hepatitis_b,OR,2011,11,9,31,52,31
hepatitis_b,OR,2012,5,4,24,52,26
hepatitis_b,OR,2013,6,6,31,52,31
hepatitis_b,OR,2014,16,12,30,53,44
hepatitis_b,OR,2015,14,14,26,53,27
hepatitis_b,OR,2016,7,7,18,53,18
hepatitis_b,OR,2017,9,9,27,52,27
hepatitis_b,PA,1952,371,41,,,
hepatitis_b,PA,1953,19,1,,,
hepatitis_b,PA,1955,173,2,,,
hepatitis_b,PA,1956,68,3,1162,34,1162
hepatitis_b,PA,1957,117,14,602,52,602
hepatitis_b,PA,1958,378,38,477,47,477
hepatitis_b,PA,1959,709,35,953,49,953
hepatitis_b,PA,1960,122,4,343,50,1553
hepatitis_b,PA,1961,2987,49,3232,52,3232
hepatitis_b,PA,1962,35,1,,,
hepatitis_b,PA,1963,43,1,,,
hepatitis_b,PA,1964,1815,45,1937,50,1937
hepatitis_b,PA,1965,31,1,386,12,386
hepatitis_b,PA,1966,41,27,,,
hepatitis_b,PA,1967,64,30,,,
hepatitis_b,PA,1968,107,42,,,
hepatitis_b,PA,1969,156,44,,,
hepatitis_b,PA,1970,384,48,,,
hepatitis_b,PA,1971,501,50,,,
hepatitis_b,PA,1972,348,35,,,
hepatitis_b,PA,1973,488,50,,,
hepatitis_b,PA,1974,420,48,,,
hepatitis_b,PA,1975,474,46,,,
hepatitis_b,PA,1976,612,48,,,
hepatitis_b,PA,1977,671,42,,,
hepatitis_b,PA,1978,420,28,,,
hepatitis_b,PA,1979,363,25,,,
hepatitis_b,PA,1980,453,28,,,
hepatitis_b,PA,1981,283,14,,,
hepatitis_b,PA,1982,537,26,,,
hepatitis_b,PA,1983,759,35,,,
hepatitis_b,PA,1984,708,33,,,
hepatitis_b,PA,1985,652,31,,,
hepatitis_b,PA,1986,374,24,,,
hepatitis_b,PA,1987,278,23,,,
hepatitis_b,PA,1988,,,383,52,393
hepatitis_b,PA,1989,,,830,52,830
hepatitis_b,PA,1990,,,619,52,619
hepatitis_b,PA,1991,,,468,52,468
hepatitis_b,PA,1992,,,548,52,548
hepatitis_b,PA,1993,,,350,52,350
hepatitis_b,PA,1994,36,1,350,52,350
hepatitis_b,PA,1995,,,191,52,191
hepatitis_b,PA,1996,,,54,66,263
hepatitis_b,PA,1997,,,324,52,324
hepatitis_b,PA,1998,,,337,52,337
hepatitis_b,PA,1999,,,156,52,162
hepatitis_b,PA,2000,,,216,52,216
hepatitis_b,PA,2001,,,245,52,245
hepatitis_b,PA,2002,,,235,52,235
hepatitis_b,PA,2003,,,279,52,279
hepatitis_b,PA,2004,,,300,52,300
hepatitis_b,PA,2005,,,218,52,218
hepatitis_b,PA,2006,56,32,166,52,166
hepatitis_b,PA,2007,39,26,170,52,170
hepatitis_b,PA,2008,110,47,152,54,152
hepatitis_b,PA,2009,56,35,109,52,109
hepatitis_b,PA,2010,31,25,74,52,74
hepatitis_b,PA,2011,58,39,79,52,79
hepatitis_b,PA,2012,28,19,58,52,58
hepatitis_b,PA,2013,17,13,1,53,38
hepatitis_b,PA,2014,55,43,67,53,76
hepatitis_b,PA,2015,21,18,56,53,56
hepatitis_b,PA,2016,17,14,42,53,42
hepatitis_b,PA,2017,19,16,62,52,62
hepatitis_b,PR,1955,6,2,,,
hepatitis_b,PR,1956,9,1,173,34,173
hepatitis_b,PR,1957,37,7,159,52,159
hepatitis_b,PR,1958,114,21,153,47,153
hepatitis_b,PR,1959,281,29,366,49,366
hepatitis_b,PR,1960,57,3,660,44,660
hepatitis_b,PR,1961,810,44,969,52,969
hepatitis_b,PR,1962,56,7,,,
hepatitis_b,PR,1963,23,2,,,
hepatitis_b,PR,1964,550,37,954,50,954
hepatitis_b,PR,1965,35,1,270,12,270
hepatitis_b,PR,1966,46,2,,,
hepatitis_b,PR,1968,6,2,,,
hepatitis_b,PR,1969,3,2,,,
hepatitis_b,PR,1970,113,28,,,
hepatitis_b,PR,1971,38,13,,,
hepatitis_b,PR,1972,45,24,,,
hepatitis_b,PR,1973,33,21,,,
hepatitis_b,PR,1974,19,14,,,
hepatitis_b,PR,1975,51,20,,,
hepatitis_b,PR,1976,61,23,,,
hepatitis_b,PR,1977,36,20,,,
hepatitis_b,PR,1978,53,28,,,
hepatitis_b,PR,1979,82,35,,,
hepatitis_b,PR,1980,46,17,,,
hepatitis_b,PR,1981,144,33,,,
hepatitis_b,PR,1982,225,37,,,
hepatitis_b,PR,1983,371,43,,,
hepatitis_b,PR,1984,581,45,,,
hepatitis_b,PR,1985,436,36,,,
hepatitis_b,PR,1986,314,34,,,
hepatitis_b,PR,1987,265,48,,,
hepatitis_b,PR,1988,,,252,52,262
hepatitis_b,PR,1989,,,259,52,259
hepatitis_b,PR,1990,,,611,52,611
hepatitis_b,PR,1991,,,531,52,531
hepatitis_b,PR,1992,,,410,52,410
hepatitis_b,PR,1993,,,399,52,399
hepatitis_b,PR,1994,22,1,378,52,378
hepatitis_b,PR,1995,,,504,52,525
hepatitis_b,PR,1996,,,45,66,386
hepatitis_b,PR,1997,,,1376,52,1376
hepatitis_b,PR,1998,,,359,52,359
hepatitis_b,PR,1999,,,167,52,255
hepatitis_b,PR,2000,,,260,52,260
hepatitis_b,PR,2001,,,188,52,188
hepatitis_b,PR,2002,,,84,52,84
hepatitis_b,PR,2003,,,86,52,86
hepatitis_b,PR,2004,,,58,52,58
hepatitis_b,PR,2005,,,48,52,48
hepatitis_b,PR,2006,18,11,32,52,32
hepatitis_b,PR,2007,17,12,67,52,67
hepatitis_b,PR,2008,5,3,39,54,39
hepatitis_b,PR,2009,5,1,22,52,22
hepatitis_b,PR,2010,3,3,21,52,21
hepatitis_b,PR,2011,1,1,8,52,8
hepatitis_b,PR,2012,,,4,52,4
hepatitis_b,PR,2013,,,33,52,33
hepatitis_b,PR,2014,2,2,13,53,18
hepatitis_b,PR,2015,4,1,16,53,16
hepatitis_b,PR,2016,,,12,53,12
hepatitis_b,PR,2017,,,1,52,1
hepatitis_b,RI,1952,5,3,,,
hepatitis_b,RI,1955,40,2,,,
hepatitis_b,RI,1956,10,2,115,34,115
hepatitis_b,RI,1957,23,10,78,52,78
hepatitis_b,RI,1958,57,28,67,47,67
hepatitis_b,RI,1959,51,25,72,49,72
hepatitis_b,RI,1960,26,4,532,50,532
hepatitis_b,RI,1961,234,46,250,52,250
hepatitis_b,RI,1962,14,9,,,
hepatitis_b,RI,1963,30,17,,,
hepatitis_b,RI,1964,194,38,217,50,217
hepatitis_b,RI,1965,8,1,66,12,66
hepatitis_b,RI,1966,23,16,,,
hepatitis_b,RI,1967,23,16,,,
hepatitis_b,RI,1968,23,18,,,
hepatitis_b,RI,1969,25,18,,,
hepatitis_b,RI,1970,29,18,,,
hepatitis_b,RI,1971,58,27,,,
hepatitis_b,RI,1972,57,31,,,
hepatitis_b,RI,1973,44,29,,,
hepatitis_b,RI,1974,44,29,,,
hepatitis_b,RI,1975,69,38,,,
hepatitis_b,RI,1976,55,30,,,
hepatitis_b,RI,1977,96,41,,,
hepatitis_b,RI,1978,70,37,,,
hepatitis_b,RI,1979,60,35,,,
hepatitis_b,RI,1980,41,27,,,
hepatitis_b,RI,1981,81,41,,,
hepatitis_b,RI,1982,111,44,,,
hepatitis_b,RI,1983,102,36,,,
hepatitis_b,RI,1984,141,26,,,
hepatitis_b,RI,1985,136,41,,,
hepatitis_b,RI,1986,99,33,,,
hepatitis_b,RI,1987,86,36,,,
hepatitis_b,RI,1988,,,86,52,86
hepatitis_b,RI,1989,,,77,52,77
hepatitis_b,RI,1990,,,54,52,54
hepatitis_b,RI,1991,,,28,52,28
hepatitis_b,RI,1992,,,18,52,18
hepatitis_b,RI,1993,,,21,52,21
hepatitis_b,RI,1994,2,1,8,52,8
hepatitis_b,RI,1995,,,9,52,9
hepatitis_b,RI,1996,,,4,66,12
hepatitis_b,RI,1997,,,16,52,16
hepatitis_b,RI,1998,,,68,52,68
hepatitis_b,RI,1999,,,34,52,34
hepatitis_b,RI,2000,,,23,52,23
hepatitis_b,RI,2001,,,31,52,31
hepatitis_b,RI,2002,,,30,52,30
hepatitis_b,RI,2003,,,18,52,18
hepatitis_b,RI,2004,,,6,52,6
hepatitis_b,RI,2005,,,3,52,3
hepatitis_b,RI,2006,9,6,10,52,10
hepatitis_b,RI,2007,3,2,16,52,16
hepatitis_b,RI,2008,,,4,54,4
hepatitis_b,SC,1952,32,20,,,
hepatitis_b,SC,1953,1,1,,,
hepatitis_b,SC,1956,6,2,34,34,50
hepatitis_b,SC,1957,11,8,36,52,36
hepatitis_b,SC,1958,32,15,39,47,39
hepatitis_b,SC,1959,40,17,51,49,51
hepatitis_b,SC,1960,45,4,458,50,458
hepatitis_b,SC,1961,496,49,523,52,523
hepatitis_b,SC,1962,30,8,,,
hepatitis_b,SC,1963,33,17,,,
hepatitis_b,SC,1964,134,40,152,50,152
hepatitis_b,SC,1965,,,28,12,28
hepatitis_b,SC,1966,1,1,,,
hepatitis_b,SC,1967,1,1,,,
hepatitis_b,SC,1968,5,4,,,
hepatitis_b,SC,1969,2,2,,,
hepatitis_b,SC,1970,9,7,,,
hepatitis_b,SC,1971,23,17,,,
hepatitis_b,SC,1972,30,16,,,
hepatitis_b,SC,1973,25,21,,,
hepatitis_b,SC,1974,42,24,,,
hepatitis_b,SC,1975,73,35,,,
hepatitis_b,SC,1976,80,35,,,
hepatitis_b,SC,1977,155,40,,,
hepatitis_b,SC,1978,151,43,,,
hepatitis_b,SC,1979,158,45,,,
hepatitis_b,SC,1980,307,37,,,
hepatitis_b,SC,1981,412,48,,,
hepatitis_b,SC,1982,462,50,,,
hepatitis_b,SC,1983,510,48,,,
hepatitis_b,SC,1984,602,49,,,
hepatitis_b,SC,1985,552,43,,,
hepatitis_b,SC,1986,544,41,,,
hepatitis_b,SC,1987,545,52,,,
hepatitis_b,SC,1988,,,536,52,536
hepatitis_b,SC,1989,,,617,52,617
hepatitis_b,SC,1990,,,624,52,624
hepatitis_b,SC,1991,,,662,52,662
hepatitis_b,SC,1992,,,53,52,53
hepatitis_b,SC,1993,,,51,52,51
hepatitis_b,SC,1994,7,1,33,52,33
hepatitis_b,SC,1995,,,50,52,50
hepatitis_b,SC,1996,,,28,66,101
hepatitis_b,SC,1997,,,97,52,97
hepatitis_b,SC,1998,,,54,52,54
hepatitis_b,SC,1999,,,64,52,65
hepatitis_b,SC,2000,,,23,52,23
hepatitis_b,SC,2001,,,32,52,32
hepatitis_b,SC,2002,,,121,52,121
hepatitis_b,SC,2003,,,154,52,154
hepatitis_b,SC,2004,,,90,52,90
hepatitis_b,SC,2005,,,135,52,135
hepatitis_b,SC,2006,28,20,83,52,83
hepatitis_b,SC,2007,20,15,60,52,60
hepatitis_b,SC,2008,9,7,62,54,62
hepatitis_b,SC,2009,12,10,51,52,51
hepatitis_b,SC,2010,15,11,55,52,55
hepatitis_b,SC,2011,5,5,32,52,32
hepatitis_b,SC,2012,9,8,40,52,40
hepatitis_b,SC,2013,13,9,56,52,56
hepatitis_b,SC,2014,14,11,35,53,35
hepatitis_b,SC,2015,10,10,30,53,30
hepatitis_b,SC,2016,19,15,33,53,33
hepatitis_b,SC,2017,2,2,7,52,7
hepatitis_b,SD,1952,9,4,,,
hepatitis_b,SD,1953,8,1,,,
hepatitis_b,SD,1955,21,2,,,
hepatitis_b,SD,1956,9,3,143,34,143
hepatitis_b,SD,1957,3,3,36,52,36
hepatitis_b,SD,1958,10,6,16,47,16
hepatitis_b,SD,1959,62,10,74,49,74
hepatitis_b,SD,1960,10,4,181,50,181
hepatitis_b,SD,1961,169,36,199,52,199
hepatitis_b,SD,1962,30,9,,,
hepatitis_b,SD,1963,93,21,,,
hepatitis_b,SD,1964,134,32,135,50,135
hepatitis_b,SD,1965,,,8,12,8
hepatitis_b,SD,1971,2,2,,,
hepatitis_b,SD,1972,1,1,,,
hepatitis_b,SD,1974,15,4,,,
hepatitis_b,SD,1975,7,2,,,
hepatitis_b,SD,1976,6,5,,,
hepatitis_b,SD,1977,13,12,,,
hepatitis_b,SD,1978,13,10,,,
hepatitis_b,SD,1979,18,14,,,
hepatitis_b,SD,1980,3,3,,,
hepatitis_b,SD,1981,7,7,,,
hepatitis_b,SD,1982,19,15,,,
hepatitis_b,SD,1983,15,9,,,
hepatitis_b,SD,1984,26,20,,,
hepatitis_b,SD,1985,25,18,,,
hepatitis_b,SD,1986,12,10,,,
hepatitis_b,SD,1987,12,8,,,
hepatitis_b,SD,1988,,,8,52,8
hepatitis_b,SD,1989,,,10,52,10
hepatitis_b,SD,1990,,,8,52,8
hepatitis_b,SD,1991,,,7,52,7
hepatitis_b,SD,1992,,,5,52,5
hepatitis_b,SD,1994,,,4,52,4
hepatitis_b,SD,1995,,,2,52,2
hepatitis_b,SD,1996,,,5,52,6
hepatitis_b,SD,1997,,,1,52,1
hepatitis_b,SD,1998,,,3,52,3
hepatitis_b,SD,1999,,,1,52,1
hepatitis_b,SD,2000,,,2,52,2
hepatitis_b,SD,2001,,,1,52,1
hepatitis_b,SD,2002,,,2,52,2
hepatitis_b,SD,2003,,,2,52,2
hepatitis_b,SD,2005,,,4,52,4
hepatitis_b,SD,2006,,,3,52,3
hepatitis_b,SD,2007,,,6,52,6
hepatitis_b,SD,2009,,,2,52,2
hepatitis_b,SD,2010,,,1,52,1
hepatitis_b,SD,2011,,,1,52,1
hepatitis_b,SD,2012,,,2,52,2
hepatitis_b,SD,2013,,,4,52,4
hepatitis_b,SD,2014,,,1,53,2
hepatitis_b,SD,2015,,,2,53,2
hepatitis_b,SD,2016,,,2,53,2
hepatitis_b,SD,2017,,,1,52,1
hepatitis_b,TN,1952,1139,43,,,
hepatitis_b,TN,1953,5,1,,,
hepatitis_b,TN,1955,48,2,,,
hepatitis_b,TN,1956,28,3,519,34,519
hepatitis_b,TN,1957,103,15,642,52,650
hepatitis_b,TN,1958,246,38,305,47,305
hepatitis_b,TN,1959,367,37,485,49,485
hepatitis_b,TN,1960,189,4,1983,50,1983
hepatitis_b,TN,1961,3803,48,4214,52,4214
hepatitis_b,TN,1962,32,1,,,
hepatitis_b,TN,1963,54,1,,,
hepatitis_b,TN,1964,819,46,873,50,873
hepatitis_b,TN,1965,25,1,309,12,309
hepatitis_b,TN,1966,14,10,,,
hepatitis_b,TN,1967,20,13,,,
hepatitis_b,TN,1968,28,14,,,
hepatitis_b,TN,1969,28,19,,,
hepatitis_b,TN,1970,35,19,,,
hepatitis_b,TN,1971,80,35,,,
hepatitis_b,TN,1972,81,27,,,
hepatitis_b,TN,1973,117,37,,,
hepatitis_b,TN,1974,239,48,,,
hepatitis_b,TN,1975,327,51,,,
hepatitis_b,TN,1976,435,52,,,
hepatitis_b,TN,1977,524,51,,,
hepatitis_b,TN,1978,430,50,,,
hepatitis_b,TN,1979,489,51,,,
hepatitis_b,TN,1980,309,37,,,
hepatitis_b,TN,1981,462,48,,,
hepatitis_b,TN,1982,579,50,,,
hepatitis_b,TN,1983,649,50,,,
hepatitis_b,TN,1984,673,49,,,
hepatitis_b,TN,1985,581,44,,,
hepatitis_b,TN,1986,555,42,,,
hepatitis_b,TN,1987,582,52,,,
hepatitis_b,TN,1988,,,669,52,669
hepatitis_b,TN,1989,,,843,52,843
hepatitis_b,TN,1990,,,804,52,804
hepatitis_b,TN,1991,,,1007,52,1007
hepatitis_b,TN,1992,,,1079,52,1079
hepatitis_b,TN,1993,,,1149,52,1149
hepatitis_b,TN,1994,169,1,1019,52,1019
hepatitis_b,TN,1995,,,629,52,629
hepatitis_b,TN,1996,,,141,66,488
hepatitis_b,TN,1997,,,446,52,446
hepatitis_b,TN,1998,,,272,52,272
hepatitis_b,TN,1999,,,207,52,211
hepatitis_b,TN,2000,,,218,52,218
hepatitis_b,TN,2001,,,242,52,244
hepatitis_b,TN,2002,,,133,52,133
hepatitis_b,TN,2003,,,207,52,207
hepatitis_b,TN,2004,,,174,52,174
hepatitis_b,TN,2005,,,131,52,131
hepatitis_b,TN,2006,56,28,139,52,139
hepatitis_b,TN,2007,47,29,133,52,133
hepatitis_b,TN,2008,58,32,135,54,135
hepatitis_b,TN,2009,48,30,128,52,128
hepatitis_b,TN,2010,54,33,136,52,136
hepatitis_b,TN,2011,83,36,180,52,180
hepatitis_b,TN,2012,96,43,1,53,211
hepatitis_b,TN,2013,99,41,253,52,253
hepatitis_b,TN,2014,128,46,227,53,290
hepatitis_b,TN,2015,126,46,236,53,236
hepatitis_b,TN,2016,83,39,197,53,197
hepatitis_b,TN,2017,43,29,195,52,195
hepatitis_b,TX,1952,203,27,,,
hepatitis_b,TX,1953,16,1,,,
hepatitis_b,TX,1955,46,2,,,
hepatitis_b,TX,1956,39,3,747,34,747
hepatitis_b,TX,1957,203,14,868,52,868
hepatitis_b,TX,1958,680,39,818,47,818
hepatitis_b,TX,1959,957,37,1269,49,1269
hepatitis_b,TX,1960,131,4,332,50,1943
hepatitis_b,TX,1961,2983,49,3198,52,3198
hepatitis_b,TX,1962,55,1,,,
hepatitis_b,TX,1963,49,1,,,
hepatitis_b,TX,1964,1635,46,1764,50,1764
hepatitis_b,TX,1965,34,1,547,12,547
hepatitis_b,TX,1966,20,14,,,
hepatitis_b,TX,1967,16,14,,,
hepatitis_b,TX,1968,29,21,,,
hepatitis_b,TX,1969,42,24,,,
hepatitis_b,TX,1970,130,44,,,
hepatitis_b,TX,1971,219,46,,,
hepatitis_b,TX,1972,266,44,,,
hepatitis_b,TX,1973,274,38,,,
hepatitis_b,TX,1974,267,39,,,
hepatitis_b,TX,1975,468,48,,,
hepatitis_b,TX,1976,432,40,,,
hepatitis_b,TX,1977,636,51,,,
hepatitis_b,TX,1978,560,50,,,
hepatitis_b,TX,1979,676,51,,,
hepatitis_b,TX,1980,596,38,,,
hepatitis_b,TX,1981,779,47,,,
hepatitis_b,TX,1982,1036,50,,,
hepatitis_b,TX,1983,1130,50,,,
hepatitis_b,TX,1984,1117,44,,,
hepatitis_b,TX,1985,1102,42,,,
hepatitis_b,TX,1986,1033,40,,,
hepatitis_b,TX,1987,1321,49,,,
hepatitis_b,TX,1988,,,1418,52,1418
hepatitis_b,TX,1989,,,1666,52,1666
hepatitis_b,TX,1990,,,1572,52,1572
hepatitis_b,TX,1991,,,1548,52,1548
hepatitis_b,TX,1992,,,1377,52,1377
hepatitis_b,TX,1993,,,1203,52,1203
hepatitis_b,TX,1994,67,1,1045,52,1045
hepatitis_b,TX,1995,,,997,52,997
hepatitis_b,TX,1996,,,130,66,1015
hepatitis_b,TX,1997,,,902,52,902
hepatitis_b,TX,1998,,,802,52,802
hepatitis_b,TX,1999,,,528,52,528
hepatitis_b,TX,2000,,,381,52,381
hepatitis_b,TX,2001,,,417,52,417
hepatitis_b,TX,2002,,,350,52,390
hepatitis_b,TX,2003,,,617,52,850
hepatitis_b,TX,2004,,,430,52,430
hepatitis_b,TX,2005,,,384,52,384
hepatitis_b,TX,2006,142,19,638,52,638
hepatitis_b,TX,2007,218,34,588,52,588
hepatitis_b,TX,2008,209,39,426,54,426
hepatitis_b,TX,2009,118,37,295,52,295
hepatitis_b,TX,2010,175,49,301,52,301
hepatitis_b,TX,2011,108,45,143,52,143
hepatitis_b,TX,2012,101,40,150,52,150
hepatitis_b,TX,2013,78,32,124,52,124
hepatitis_b,TX,2014,70,36,103,53,110
hepatitis_b,TX,2015,103,43,136,53,136
hepatitis_b,TX,2016,58,28,104,53,104
hepatitis_b,TX,2017,41,25,90,52,90
hepatitis_b,UT,1952,61,22,,,
hepatitis_b,UT,1953,60,1,,,
hepatitis_b,UT,1955,6,2,,,
hepatitis_b,UT,1956,4,2,53,34,60
hepatitis_b,UT,1957,33,11,74,52,74
hepatitis_b,UT,1958,141,33,170,47,170
hepatitis_b,UT,1959,152,33,212,49,212
hepatitis_b,UT,1960,44,4,642,50,642
hepatitis_b,UT,1961,633,48,663,52,663
hepatitis_b,UT,1962,17,7,,,
hepatitis_b,UT,1963,22,9,,,
hepatitis_b,UT,1964,174,42,189,50,189
hepatitis_b,UT,1965,2,1,85,12,85
hepatitis_b,UT,1966,2,2,,,
hepatitis_b,UT,1967,2,2,,,
hepatitis_b,UT,1968,6,5,,,
hepatitis_b,UT,1969,23,16,,,
hepatitis_b,UT,1970,49,30,,,
hepatitis_b,UT,1971,68,32,,,
hepatitis_b,UT,1972,45,27,,,
hepatitis_b,UT,1973,39,19,,,
hepatitis_b,UT,1974,37,21,,,
hepatitis_b,UT,1975,50,26,,,
hepatitis_b,UT,1976,41,24,,,
hepatitis_b,UT,1977,47,25,,,
hepatitis_b,UT,1978,37,25,,,
hepatitis_b,UT,1979,46,25,,,
hepatitis_b,UT,1980,31,15,,,
hepatitis_b,UT,1981,53,25,,,
hepatitis_b,UT,1982,81,39,,,
hepatitis_b,UT,1983,80,36,,,
hepatitis_b,UT,1984,93,37,,,
hepatitis_b,UT,1985,149,41,,,
hepatitis_b,UT,1986,133,40,,,
hepatitis_b,UT,1987,113,42,,,
hepatitis_b,UT,1988,,,136,52,136
hepatitis_b,UT,1989,,,120,52,120
hepatitis_b,UT,1990,,,103,52,103
hepatitis_b,UT,1991,,,75,52,75
hepatitis_b,UT,1992,,,25,52,25
hepatitis_b,UT,1993,,,57,52,57
hepatitis_b,UT,1994,4,1,87,52,87
hepatitis_b,UT,1995,,,80,52,80
hepatitis_b,UT,1996,,,36,66,124
hepatitis_b,UT,1997,,,92,52,92
hepatitis_b,UT,1998,,,66,52,66
hepatitis_b,UT,1999,,,37,52,37
hepatitis_b,UT,2000,,,33,52,33
hepatitis_b,UT,2001,,,28,52,28
hepatitis_b,UT,2002,,,64,52,64
hepatitis_b,UT,2003,,,65,52,65
hepatitis_b,UT,2004,,,58,52,58
hepatitis_b,UT,2005,,,46,52,46
hepatitis_b,UT,2006,25,18,31,52,31
hepatitis_b,UT,2007,17,12,21,52,21
hepatitis_b,UT,2008,14,7,31,54,31
hepatitis_b,UT,2009,1,1,6,52,6
hepatitis_b,UT,2010,,,8,52,8
hepatitis_b,UT,2011,,,5,52,5
hepatitis_b,UT,2012,,,13,52,13
hepatitis_b,UT,2013,,,2,52,2
hepatitis_b,UT,2014,,,6,53,6
hepatitis_b,UT,2015,,,9,53,9
hepatitis_b,UT,2016,,,4,53,4
hepatitis_b,UT,2017,,,13,52,13
hepatitis_b,VA,1952,789,43,,,
hepatitis_b,VA,1953,45,1,,,
hepatitis_b,VA,1955,73,2,,,
hepatitis_b,VA,1956,24,3,341,34,341
hepatitis_b,VA,1957,88,15,422,52,422
hepatitis_b,VA,1958,221,38,260,47,260
hepatitis_b,VA,1959,374,37,494,49,494
hepatitis_b,VA,1960,49,3,62,50,689
hepatitis_b,VA,1961,1482,49,1543,52,1543
hepatitis_b,VA,1962,24,1,,,
hepatitis_b,VA,1963,24,1,,,
hepatitis_b,VA,1964,509,46,543,50,543
hepatitis_b,VA,1965,35,1,205,12,205
hepatitis_b,VA,1966,7,7,,,
hepatitis_b,VA,1967,5,5,,,
hepatitis_b,VA,1968,17,12,,,
hepatitis_b,VA,1969,12,11,,,
hepatitis_b,VA,1970,101,36,,,
hepatitis_b,VA,1971,142,51,,,
hepatitis_b,VA,1972,161,43,,,
hepatitis_b,VA,1973,103,43,,,
hepatitis_b,VA,1974,139,43,,,
hepatitis_b,VA,1975,191,45,,,
hepatitis_b,VA,1976,226,50,,,
hepatitis_b,VA,1977,279,49,,,
hepatitis_b,VA,1978,318,49,,,
hepatitis_b,VA,1979,437,50,,,
hepatitis_b,VA,1980,405,38,,,
hepatitis_b,VA,1981,488,47,,,
hepatitis_b,VA,1982,510,50,,,
hepatitis_b,VA,1983,509,49,,,
hepatitis_b,VA,1984,487,46,,,
hepatitis_b,VA,1985,523,41,,,
hepatitis_b,VA,1986,370,40,,,
hepatitis_b,VA,1987,444,47,,,
hepatitis_b,VA,1988,,,341,52,341
hepatitis_b,VA,1989,,,310,52,310
hepatitis_b,VA,1990,,,261,52,261
hepatitis_b,VA,1991,,,221,52,221
hepatitis_b,VA,1992,,,187,52,187
hepatitis_b,VA,1993,,,148,52,148
hepatitis_b,VA,1994,15,1,134,52,134
hepatitis_b,VA,1995,,,117,52,117
hepatitis_b,VA,1996,,,40,66,139
hepatitis_b,VA,1997,,,127,52,127
hepatitis_b,VA,1998,,,102,52,102
hepatitis_b,VA,1999,,,98,52,98
hepatitis_b,VA,2000,,,166,52,166
hepatitis_b,VA,2001,,,186,52,186
hepatitis_b,VA,2002,,,193,52,193
hepatitis_b,VA,2003,,,189,52,189
hepatitis_b,VA,2004,,,280,52,280
hepatitis_b,VA,2005,,,131,52,131
hepatitis_b,VA,2006,20,14,70,52,70
hepatitis_b,VA,2007,40,19,124,52,124
hepatitis_b,VA,2008,39,23,110,54,110
hepatitis_b,VA,2009,26,19,91,52,91
hepatitis_b,VA,2010,56,29,96,52,96
hepatitis_b,VA,2011,29,19,69,52,69
hepatitis_b,VA,2012,27,22,79,52,79
hepatitis_b,VA,2013,16,13,18,52,49
hepatitis_b,VA,2014,23,15,55,53,60
hepatitis_b,VA,2015,25,18,60,53,60
hepatitis_b,VA,2016,21,16,55,53,55
hepatitis_b,VA,2017,20,16,57,52,57
hepatitis_b,VI,1972,1,1,,,
hepatitis_b,VI,1974,3,1,,,
hepatitis_b,VI,1975,4,2,,,
hepatitis_b,VI,1976,1,1,,,
hepatitis_b,VI,1981,1,1,,,
hepatitis_b,VI,1982,6,4,,,
hepatitis_b,VI,1983,11,5,,,
hepatitis_b,VI,1984,4,3,,,
hepatitis_b,VI,1985,8,6,,,
hepatitis_b,VI,1986,7,5,,,
hepatitis_b,VI,1987,7,7,,,
hepatitis_b,VI,1988,,,8,52,8
hepatitis_b,VI,1989,,,9,52,9
hepatitis_b,VI,1990,,,13,52,13
hepatitis_b,VI,1991,,,10,52,10
hepatitis_b,VI,1992,,,7,52,7
hepatitis_b,VI,1993,,,5,52,5
hepatitis_b,VI,1994,1,1,1,52,1
hepatitis_b,VI,1995,,,2,52,2
hepatitis_b,VI,2001,,,25,18,25
hepatitis_b,VI,2004,,,19,26,19
hepatitis_b,VI,2006,0,1,,,
hepatitis_b,VT,1953,1,1,,,
hepatitis_b,VT,1955,20,2,,,
hepatitis_b,VT,1956,12,3,109,34,109
hepatitis_b,VT,1957,7,2,88,52,88
hepatitis_b,VT,1958,22,16,27,47,27
hepatitis_b,VT,1959,22,12,27,49,27
hepatitis_b,VT,1960,2,1,34,50,34
hepatitis_b,VT,1961,194,42,197,52,197
hepatitis_b,VT,1962,23,9,,,
hepatitis_b,VT,1963,18,10,,,
hepatitis_b,VT,1964,359,46,375,50,375
hepatitis_b,VT,1965,1,1,35,12,35
hepatitis_b,VT,1968,4,3,,,
hepatitis_b,VT,1969,6,6,,,
hepatitis_b,VT,1970,1,1,,,
hepatitis_b,VT,1972,4,3,,,
hepatitis_b,VT,1973,6,6,,,
hepatitis_b,VT,1974,1,1,,,
hepatitis_b,VT,1975,27,12,,,
hepatitis_b,VT,1976,9,7,,,
hepatitis_b,VT,1977,18,15,,,
hepatitis_b,VT,1978,14,12,,,
hepatitis_b,VT,1979,19,14,,,
hepatitis_b,VT,1980,13,11,,,
hepatitis_b,VT,1981,28,22,,,
hepatitis_b,VT,1982,19,17,,,
hepatitis_b,VT,1983,41,27,,,
hepatitis_b,VT,1984,28,21,,,
hepatitis_b,VT,1985,17,13,,,
hepatitis_b,VT,1986,35,27,,,
hepatitis_b,VT,1987,64,36,,,
hepatitis_b,VT,1988,,,55,52,56
hepatitis_b,VT,1989,,,81,52,81
hepatitis_b,VT,1990,,,49,52,49
hepatitis_b,VT,1991,,,15,52,15
hepatitis_b,VT,1992,,,13,52,13
hepatitis_b,VT,1993,,,10,52,10
hepatitis_b,VT,1995,,,5,52,5
hepatitis_b,VT,1996,,,2,66,11
hepatitis_b,VT,1997,,,7,52,7
hepatitis_b,VT,1998,,,6,52,6
hepatitis_b,VT,1999,,,3,52,3
hepatitis_b,VT,2000,,,6,52,6
hepatitis_b,VT,2001,,,4,52,4
hepatitis_b,VT,2002,,,5,52,5
hepatitis_b,VT,2003,,,4,52,4
hepatitis_b,VT,2004,,,5,52,5
hepatitis_b,VT,2005,,,5,52,5
hepatitis_b,VT,2006,,,4,52,4
hepatitis_b,VT,2007,1,1,5,52,5
hepatitis_b,VT,2008,,,2,54,2
hepatitis_b,VT,2010,1,1,2,52,2
hepatitis_b,VT,2012,,,2,52,2
hepatitis_b,VT,2013,1,1,2,52,2
hepatitis_b,VT,2014,,,4,53,8
hepatitis_b,VT,2015,,,3,53,3
hepatitis_b,VT,2016,,,2,53,2
hepatitis_b,VT,2017,,,1,52,1
hepatitis_b,WA,1952,160,34,,,
hepatitis_b,WA,1953,3,1,,,
hepatitis_b,WA,1955,38,2,,,
hepatitis_b,WA,1956,37,3,303,34,488
hepatitis_b,WA,1957,105,16,302,52,375
hepatitis_b,WA,1958,330,39,432,47,432
hepatitis_b,WA,1959,414,37,539,49,539
hepatitis_b,WA,1960,231,3,7192,50,7192
hepatitis_b,WA,1961,1017,49,1105,52,1105
hepatitis_b,WA,1962,23,1,,,
hepatitis_b,WA,1963,33,2,,,
hepatitis_b,WA,1964,584,45,647,50,647
hepatitis_b,WA,1965,15,1,131,12,131
hepatitis_b,WA,1966,16,11,,,
hepatitis_b,WA,1967,12,10,,,
hepatitis_b,WA,1968,13,11,,,
hepatitis_b,WA,1969,21,11,,,
hepatitis_b,WA,1970,12,10,,,
hepatitis_b,WA,1971,33,16,,,
hepatitis_b,WA,1972,43,25,,,
hepatitis_b,WA,1973,143,39,,,
hepatitis_b,WA,1974,254,48,,,
hepatitis_b,WA,1975,295,48,,,
hepatitis_b,WA,1976,231,48,,,
hepatitis_b,WA,1977,209,45,,,
hepatitis_b,WA,1978,204,47,,,
hepatitis_b,WA,1979,239,47,,,
hepatitis_b,WA,1980,169,36,,,
hepatitis_b,WA,1981,285,46,,,
hepatitis_b,WA,1982,345,44,,,
hepatitis_b,WA,1983,287,49,,,
hepatitis_b,WA,1984,313,47,,,
hepatitis_b,WA,1985,405,44,,,
hepatitis_b,WA,1986,706,42,,,
hepatitis_b,WA,1987,1078,50,,,
hepatitis_b,WA,1988,,,891,52,891
hepatitis_b,WA,1989,,,998,52,998
hepatitis_b,WA,1990,,,621,52,621
hepatitis_b,WA,1991,,,436,52,436
hepatitis_b,WA,1992,,,355,52,355
hepatitis_b,WA,1993,,,229,52,229
hepatitis_b,WA,1994,13,1,80,52,80
hepatitis_b,WA,1995,,,195,52,195
hepatitis_b,WA,1996,,,25,66,114
hepatitis_b,WA,1997,,,80,52,80
hepatitis_b,WA,1998,,,122,52,122
hepatitis_b,WA,1999,,,94,52,94
hepatitis_b,WA,2000,,,117,52,117
hepatitis_b,WA,2001,,,143,52,143
hepatitis_b,WA,2002,,,69,52,69
hepatitis_b,WA,2003,,,77,52,77
hepatitis_b,WA,2004,,,53,52,53
hepatitis_b,WA,2005,,,66,52,66
hepatitis_b,WA,2006,54,26,54,52,54
hepatitis_b,WA,2007,57,30,58,52,58
hepatitis_b,WA,2008,49,32,49,54,49
hepatitis_b,WA,2009,46,28,42,52,42
hepatitis_b,WA,2010,53,31,48,52,48
hepatitis_b,WA,2011,27,18,26,52,26
hepatitis_b,WA,2012,34,22,34,52,34
hepatitis_b,WA,2013,34,22,26,52,26
hepatitis_b,WA,2014,43,21,36,53,36
hepatitis_b,WA,2015,39,27,32,53,32
hepatitis_b,WA,2016,44,30,40,53,40
hepatitis_b,WA,2017,46,30,39,52,39
hepatitis_b,WI,1952,72,28,,,
hepatitis_b,WI,1953,6,1,,,
hepatitis_b,WI,1955,21,2,,,
hepatitis_b,WI,1956,15,3,238,34,238
hepatitis_b,WI,1957,24,11,237,52,237
hepatitis_b,WI,1958,176,36,207,47,207
hepatitis_b,WI,1959,144,35,211,49,211
hepatitis_b,WI,1960,82,4,2026,50,2026
hepatitis_b,WI,1961,389,49,403,52,403
hepatitis_b,WI,1962,79,10,,,
hepatitis_b,WI,1963,83,19,,,
hepatitis_b,WI,1964,376,46,401,50,401
hepatitis_b,WI,1965,10,1,107,12,107
hepatitis_b,WI,1968,1,1,,,
hepatitis_b,WI,1969,1,1,,,
hepatitis_b,WI,1970,1,1,,,
hepatitis_b,WI,1971,18,14,,,
hepatitis_b,WI,1972,59,29,,,
hepatitis_b,WI,1973,85,34,,,
hepatitis_b,WI,1974,147,45,,,
hepatitis_b,WI,1975,223,50,,,
hepatitis_b,WI,1976,253,52,,,
hepatitis_b,WI,1977,214,50,,,
hepatitis_b,WI,1978,145,41,,,
hepatitis_b,WI,1979,143,44,,,
hepatitis_b,WI,1980,109,32,,,
hepatitis_b,WI,1981,83,37,,,
hepatitis_b,WI,1982,35,21,,,
hepatitis_b,WI,1983,1,1,,,
hepatitis_b,WI,1984,4,4,,,
hepatitis_b,WI,1985,1,1,,,
hepatitis_b,WI,1986,1,1,,,
hepatitis_b,WI,1987,2,2,,,
hepatitis_b,WI,1988,,,273,52,274
hepatitis_b,WI,1989,,,419,52,419
hepatitis_b,WI,1990,,,421,52,421
hepatitis_b,WI,1991,,,385,52,385
hepatitis_b,WI,1992,,,414,52,414
hepatitis_b,WI,1993,,,297,52,298
hepatitis_b,WI,1994,10,1,125,52,125
hepatitis_b,WI,1995,,,64,52,64
hepatitis_b,WI,1996,,,29,66,75
hepatitis_b,WI,1997,,,45,52,45
hepatitis_b,WI,1998,,,54,52,54
hepatitis_b,WI,1999,,,25,52,25
hepatitis_b,WI,2000,,,1,52,1
hepatitis_b,WI,2002,,,43,52,43
hepatitis_b,WI,2003,,,31,52,31
hepatitis_b,WI,2004,,,32,52,32
hepatitis_b,WI,2005,,,34,52,34
hepatitis_b,WI,2006,2,2,8,52,8
hepatitis_b,WI,2007,1,1,21,52,21
hepatitis_b,WI,2008,,,6,54,6
hepatitis_b,WI,2009,2,2,28,52,28
hepatitis_b,WI,2010,3,1,95,52,95
hepatitis_b,WI,2011,1,1,31,52,31
hepatitis_b,WI,2012,,,13,52,13
hepatitis_b,WI,2013,4,4,10,52,13
hepatitis_b,WI,2014,173,16,173,53,175
hepatitis_b,WI,2015,12,11,10,53,10
hepatitis_b,WI,2016,3,3,9,53,9
hepatitis_b,WI,2017,8,7,19,52,19
hepatitis_b,WV,1952,834,41,,,
hepatitis_b,WV,1953,87,1,,,
hepatitis_b,WV,1955,21,2,,,
hepatitis_b,WV,1956,8,3,32,34,50
hepatitis_b,WV,1957,28,14,101,52,101
hepatitis_b,WV,1958,124,33,142,47,142
hepatitis_b,WV,1959,277,35,306,49,306
hepatitis_b,WV,1960,79,4,775,50,775
hepatitis_b,WV,1961,1403,49,1611,52,1611
hepatitis_b,WV,1962,21,2,,,
hepatitis_b,WV,1963,53,3,,,
hepatitis_b,WV,1964,461,45,482,50,482
hepatitis_b,WV,1965,12,1,176,12,176
hepatitis_b,WV,1966,2,2,,,
hepatitis_b,WV,1967,7,2,,,
hepatitis_b,WV,1969,2,2,,,
hepatitis_b,WV,1970,5,5,,,
hepatitis_b,WV,1971,5,4,,,
hepatitis_b,WV,1972,8,6,,,
hepatitis_b,WV,1973,12,10,,,
hepatitis_b,WV,1974,9,8,,,
hepatitis_b,WV,1975,16,8,,,
hepatitis_b,WV,1976,42,24,,,
hepatitis_b,WV,1977,62,35,,,
hepatitis_b,WV,1978,47,28,,,
hepatitis_b,WV,1979,83,38,,,
hepatitis_b,WV,1980,39,20,,,
hepatitis_b,WV,1981,114,46,,,
hepatitis_b,WV,1982,79,33,,,
hepatitis_b,WV,1983,84,37,,,
hepatitis_b,WV,1984,55,32,,,
hepatitis_b,WV,1985,77,34,,,
hepatitis_b,WV,1986,98,36,,,
hepatitis_b,WV,1987,74,41,,,
hepatitis_b,WV,1988,,,72,52,72
hepatitis_b,WV,1989,,,112,52,112
hepatitis_b,WV,1990,,,87,52,87
hepatitis_b,WV,1991,,,62,52,62
hepatitis_b,WV,1992,,,50,52,52
hepatitis_b,WV,1993,,,45,52,45
hepatitis_b,WV,1994,4,1,47,52,47
hepatitis_b,WV,1995,,,53,52,53
hepatitis_b,WV,1996,,,8,66,35
hepatitis_b,WV,1997,,,16,52,16
hepatitis_b,WV,1998,,,11,52,11
hepatitis_b,WV,1999,,,23,52,23
hepatitis_b,WV,2000,,,25,52,25
hepatitis_b,WV,2001,,,25,52,25
hepatitis_b,WV,2002,,,18,52,18
hepatitis_b,WV,2003,,,38,52,38
hepatitis_b,WV,2004,,,39,52,39
hepatitis_b,WV,2005,,,51,52,51
hepatitis_b,WV,2006,23,9,52,52,52
hepatitis_b,WV,2007,20,9,52,52,52
hepatitis_b,WV,2008,,,69,54,69
hepatitis_b,WV,2009,35,10,70,52,70
hepatitis_b,WV,2010,43,11,70,52,70
hepatitis_b,WV,2011,80,11,81,52,81
hepatitis_b,WV,2012,29,4,1,53,127
hepatitis_b,WV,2013,8,8,176,52,176
hepatitis_b,WV,2014,13,9,165,53,208
hepatitis_b,WV,2015,6,6,239,53,239
hepatitis_b,WV,2016,5,4,147,53,147
hepatitis_b,WV,2017,7,6,192,52,192
hepatitis_b,WY,1952,13,10,,,
hepatitis_b,WY,1953,1,1,,,
hepatitis_b,WY,1955,3,2,,,
hepatitis_b,WY,1956,8,3,65,34,65
hepatitis_b,WY,1957,10,5,55,52,55
hepatitis_b,WY,1958,12,8,18,47,18
hepatitis_b,WY,1959,54,17,60,49,60
hepatitis_b,WY,1960,13,3,326,50,326
hepatitis_b,WY,1961,144,36,162,52,162
hepatitis_b,WY,1962,29,14,,,
hepatitis_b,WY,1963,17,11,,,
hepatitis_b,WY,1964,84,29,93,50,93
hepatitis_b,WY,1965,,,24,12,24
hepatitis_b,WY,1970,1,1,,,
hepatitis_b,WY,1971,8,7,,,
hepatitis_b,WY,1972,1,1,,,
hepatitis_b,WY,1973,3,3,,,
hepatitis_b,WY,1974,2,2,,,
hepatitis_b,WY,1975,5,3,,,
hepatitis_b,WY,1976,3,3,,,
hepatitis_b,WY,1977,6,6,,,
hepatitis_b,WY,1978,8,5,,,
hepatitis_b,WY,1979,5,4,,,
hepatitis_b,WY,1980,3,2,,,
hepatitis_b,WY,1981,18,11,,,
hepatitis_b,WY,1982,12,9,,,
hepatitis_b,WY,1983,22,14,,,
hepatitis_b,WY,1984,13,10,,,
hepatitis_b,WY,1985,19,15,,,
hepatitis_b,WY,1986,17,11,,,
hepatitis_b,WY,1987,19,14,,,
hepatitis_b,WY,1988,,,12,52,12
hepatitis_b,WY,1989,,,10,52,10
hepatitis_b,WY,1990,,,17,52,17
hepatitis_b,WY,1991,,,24,52,24
hepatitis_b,WY,1992,,,17,52,17
hepatitis_b,WY,1993,,,31,52,31
hepatitis_b,WY,1994,3,1,23,52,23
hepatitis_b,WY,1995,,,28,52,28
hepatitis_b,WY,1996,,,6,66,45
hepatitis_b,WY,1997,,,40,52,40
hepatitis_b,WY,1998,,,8,52,8
hepatitis_b,WY,1999,,,13,52,13
hepatitis_b,WY,2000,,,41,52,41
hepatitis_b,WY,2001,,,3,52,38
hepatitis_b,WY,2002,,,17,52,17
hepatitis_b,WY,2003,,,31,52,31
hepatitis_b,WY,2004,,,9,52,9
hepatitis_b,WY,2005,,,3,52,3
hepatitis_b,WY,2006,1,1,1,52,1
hepatitis_b,WY,2007,1,1,3,52,3
hepatitis_b,WY,2008,2,2,4,54,4
hepatitis_b,WY,2009,,,4,52,4
hepatitis_b,WY,2010,,,3,52,3
measles,AK,1954,1487,49,,,
measles,AK,1955,537,45,,,
measles,AK,1956,2511,51,,,
measles,AK,1957,958,46,,,
measles,AK,1958,1259,46,,,
measles,AK,1959,1829,48,,,
measles,AK,1960,1456,41,,,
measles,AK,1961,1002,46,,,
measles,AK,1962,1406,51,,,
measles,AK,1963,1849,45,,,
measles,AK,1964,1157,46,,,
measles,AK,1965,215,43,215,52,215
measles,AK,1966,641,43,646,52,646
measles,AK,1967,148,31,141,52,145
measles,AK,1968,4,4,11,52,11
measles,AK,1969,18,10,14,52,14
measles,AK,1970,73,14,141,52,141
measles,AK,1971,40,10,63,104,63
measles,AK,1972,7,4,13,52,13
measles,AK,1973,5,1,65,52,65
measles,AK,1974,1,1,1,27,1
measles,AK,1976,11,3,11,52,11
measles,AK,1977,49,2,60,52,60
measles,AK,1978,2,2,1,52,1
measles,AK,1979,18,6,17,52,18
measles,AK,1980,4,3,6,51,6
measles,AK,1982,1,1,1,52,1
measles,AK,1983,2,1,3,52,4
measles,AK,1987,1,1,1,52,1
measles,AK,1988,1,1,1,52,1
measles,AK,1989,,,1,52,1
measles,AK,1990,24,9,80,52,160
measles,AK,1991,1,1,5,52,10
measles,AK,1992,,,9,52,14
measles,AK,1993,1,1,2,52,9
measles,AK,1994,2,2,16,52,16
measles,AK,1996,6,3,48,66,126
measles,AK,1998,7,2,58,52,58
measles,AK,2000,1,1,2,52,2
measles,AL,1927,323,5,,,
measles,AL,1928,8847,52,,,
measles,AL,1929,2959,49,,,
measles,AL,1930,4389,53,,,
measles,AL,1931,8934,49,,,
measles,AL,1932,270,41,,,
measles,AL,1933,1735,51,,,
measles,AL,1934,15849,52,,,
measles,AL,1935,7214,49,,,
measles,AL,1936,572,41,,,
measles,AL,1937,620,49,,,
measles,AL,1938,13511,46,,,
measles,AL,1939,4381,46,,,
measles,AL,1940,3052,48,,,
measles,AL,1941,8696,48,,,
measles,AL,1942,3564,50,,,
measles,AL,1943,3865,47,,,
measles,AL,1944,7199,48,,,
measles,AL,1945,339,47,,,
measles,AL,1946,3986,50,,,
measles,AL,1947,3693,51,,,
measles,AL,1948,2058,43,,,
measles,AL,1949,11066,49,,,
measles,AL,1950,1630,48,,,
measles,AL,1951,3158,48,,,
measles,AL,1952,12204,49,,,
measles,AL,1953,2799,48,,,
measles,AL,1954,8451,51,,,
measles,AL,1955,2125,49,,,
measles,AL,1956,7117,52,,,
measles,AL,1957,9320,51,,,
measles,AL,1958,7664,49,,,
measles,AL,1959,3467,45,,,
measles,AL,1960,2075,48,,,
measles,AL,1961,2588,48,,,
measles,AL,1962,2379,49,,,
measles,AL,1963,1165,44,,,
measles,AL,1964,18118,51,,,
measles,AL,1965,2346,46,2358,52,2358
measles,AL,1966,1813,48,1842,52,1842
measles,AL,1967,1345,41,1357,52,1357
measles,AL,1968,158,26,95,52,109
measles,AL,1969,12,7,12,52,12
measles,AL,1970,486,29,493,52,493
measles,AL,1971,1948,45,1979,104,1979
measles,AL,1972,142,29,154,52,154
measles,AL,1973,15,6,14,52,14
measles,AL,1974,21,12,21,52,21
measles,AL,1975,5,3,5,52,5
measles,AL,1977,79,11,79,52,79
measles,AL,1978,60,8,102,52,122
measles,AL,1979,94,25,129,52,129
measles,AL,1980,22,7,22,51,22
measles,AL,1981,,,2,52,2
measles,AL,1982,2,1,2,52,2
measles,AL,1983,5,2,7,52,7
measles,AL,1984,,,3,52,3
measles,AL,1985,,,3,105,3
measles,AL,1986,2,2,2,52,4
measles,AL,1987,4,2,4,52,4
measles,AL,1988,1,1,1,38,1
measles,AL,1989,61,17,60,52,60
measles,AL,1990,28,13,25,52,50
measles,AL,1991,2,2,2,52,4
measles,AL,1992,,,2,48,2
measles,AL,1993,1,1,1,52,1
measles,AL,1998,,,2,52,4
measles,AL,2002,,,12,52,12
measles,AR,1927,134,5,,,
measles,AR,1928,8906,49,,,
measles,AR,1929,1245,46,,,
measles,AR,1930,996,40,,,
measles,AR,1931,849,49,,,
measles,AR,1932,99,38,,,
measles,AR,1933,5438,52,,,
measles,AR,1934,7222,35,,,
measles,AR,1935,1518,42,,,
measles,AR,1936,107,24,,,
measles,AR,1937,322,43,,,
measles,AR,1938,6690,47,,,
measles,AR,1939,1724,46,,,
measles,AR,1940,1096,48,,,
measles,AR,1941,5474,48,,,
measles,AR,1942,4542,50,,,
measles,AR,1943,2867,47,,,
measles,AR,1944,3780,48,,,
measles,AR,1945,1098,48,,,
measles,AR,1946,3266,50,,,
measles,AR,1947,2414,50,,,
measles,AR,1948,3824,43,,,
measles,AR,1949,12313,52,,,
measles,AR,1950,1833,51,,,
measles,AR,1951,7625,47,,,
measles,AR,1952,3149,46,,,
measles,AR,1953,13079,49,,,
measles,AR,1954,2619,51,,,
measles,AR,1955,2994,48,,,
measles,AR,1956,8637,51,,,
measles,AR,1957,1358,42,,,
measles,AR,1958,3002,42,,,
measles,AR,1959,816,39,,,
measles,AR,1960,1596,43,,,
measles,AR,1961,1684,38,,,
measles,AR,1962,1438,37,,,
measles,AR,1963,1453,35,,,
measles,AR,1964,1106,34,,,
measles,AR,1965,1195,33,1195,52,1195
measles,AR,1966,1377,28,1389,52,1389
measles,AR,1967,1269,27,1404,52,1404
measles,AR,1968,3,3,2,52,3
measles,AR,1969,3,2,16,52,29
measles,AR,1970,33,12,33,52,33
measles,AR,1971,442,27,778,104,778
measles,AR,1972,13,10,14,52,14
measles,AR,1973,36,15,75,52,75
measles,AR,1974,14,7,7,52,12
measles,AR,1975,2,2,2,10,2
measles,AR,1976,20,3,19,52,19
measles,AR,1977,8,4,36,52,39
measles,AR,1978,18,7,16,52,18
measles,AR,1979,10,7,9,52,9
measles,AR,1980,9,6,16,51,16
measles,AR,1981,14,8,24,52,24
measles,AR,1983,3,2,13,52,13
measles,AR,1984,9,2,8,52,9
measles,AR,1985,,,8,105,8
measles,AR,1986,286,5,278,52,556
measles,AR,1988,,,1,52,2
measles,AR,1989,25,9,22,52,22
measles,AR,1990,51,10,49,52,88
measles,AR,1991,5,3,5,52,5
measles,AR,1992,,,5,48,5
measles,AR,1994,1,1,1,52,1
measles,AR,1995,2,1,4,52,8
measles,AR,1999,1,1,10,52,10
measles,AR,2000,1,1,2,30,2
measles,AS,1986,2,2,2,52,2
measles,AS,1987,2,2,2,52,2
measles,AS,1988,1,1,,,
measles,AS,1990,,,600,52,600
measles,AS,1992,,,24,48,24
measles,AS,1993,1,1,1,52,1
measles,AZ,1927,32,5,,,
measles,AZ,1928,847,41,,,
measles,AZ,1929,236,35,,,
measles,AZ,1930,2107,48,,,
measles,AZ,1931,2135,42,,,
measles,AZ,1932,86,34,,,
measles,AZ,1933,1261,43,,,
measles,AZ,1934,1022,50,,,
measles,AZ,1935,586,42,,,
measles,AZ,1936,2378,47,,,
measles,AZ,1937,3793,40,,,
measles,AZ,1938,604,48,,,
measles,AZ,1939,479,46,,,
measles,AZ,1940,2078,48,,,
measles,AZ,1941,2929,48,,,
measles,AZ,1942,3813,50,,,
measles,AZ,1943,1002,47,,,
measles,AZ,1944,4641,48,,,
measles,AZ,1945,332,47,,,
measles,AZ,1946,3274,51,,,
measles,AZ,1947,1464,49,,,
measles,AZ,1948,4303,41,,,
measles,AZ,1949,3795,51,,,
measles,AZ,1950,2512,50,,,
measles,AZ,1951,10609,49,,,
measles,AZ,1952,2532,48,,,
measles,AZ,1953,4934,48,,,
measles,AZ,1954,4959,52,,,
measles,AZ,1955,10107,49,,,
measles,AZ,1956,6785,50,,,
measles,AZ,1957,7886,51,,,
measles,AZ,1958,9845,49,,,
measles,AZ,1959,9067,48,,,
measles,AZ,1960,4305,46,,,
measles,AZ,1961,7868,50,,,
measles,AZ,1962,6350,52,,,
measles,AZ,1963,8878,48,,,
measles,AZ,1964,6310,51,,,
measles,AZ,1965,1593,52,1588,52,1588
measles,AZ,1966,5438,49,5386,52,5386
measles,AZ,1967,1022,50,1066,52,1066
measles,AZ,1968,243,39,235,52,235
measles,AZ,1969,542,49,526,52,526
measles,AZ,1970,1006,47,1013,52,1013
measles,AZ,1971,505,48,648,104,648
measles,AZ,1972,868,43,907,52,907
measles,AZ,1973,11,7,22,52,22
measles,AZ,1974,21,15,21,52,21
measles,AZ,1975,83,25,83,52,83
measles,AZ,1976,231,22,236,52,345
measles,AZ,1977,242,38,329,52,329
measles,AZ,1978,58,13,57,52,57
measles,AZ,1979,84,22,83,52,83
measles,AZ,1980,327,36,409,51,409
measles,AZ,1981,7,6,7,52,9
measles,AZ,1982,16,5,17,52,17
measles,AZ,1983,1,1,18,52,18
measles,AZ,1984,1,1,1,52,1
measles,AZ,1985,248,15,1,105,241
measles,AZ,1986,256,20,241,53,515
measles,AZ,1987,36,13,36,52,36
measles,AZ,1988,3,1,3,52,3
measles,AZ,1989,118,16,145,52,145
measles,AZ,1990,281,21,312,52,606
measles,AZ,1991,316,12,453,52,453
measles,AZ,1992,,,2,52,456
measles,AZ,1993,3,3,2,52,2
measles,AZ,1994,10,6,9,52,9
measles,AZ,1995,12,7,20,52,40
measles,AZ,1996,8,4,16,52,16
measles,AZ,1997,5,3,10,52,10
measles,AZ,1998,10,4,10,52,20
measles,AZ,1999,1,1,2,52,2
measles,AZ,2001,2,2,2,52,2
measles,CA,1927,174,5,,,
measles,CA,1928,3698,52,,,
measles,CA,1929,4024,52,,,
measles,CA,1930,43585,53,,,
measles,CA,1931,27807,52,,,
measles,CA,1932,12618,52,,,
measles,CA,1933,26551,52,,,
measles,CA,1934,25650,52,,,
measles,CA,1935,28799,52,,,
measles,CA,1936,49092,51,,,
measles,CA,1937,5107,51,,,
measles,CA,1938,19452,47,,,
measles,CA,1939,67180,46,,,
measles,CA,1940,10391,48,,,
measles,CA,1941,12876,48,,,
measles,CA,1942,97526,50,,,
measles,CA,1943,20093,47,,,
measles,CA,1944,58518,48,,,
measles,CA,1945,30026,48,,,
measles,CA,1946,57500,51,,,
measles,CA,1947,7030,51,,,
measles,CA,1948,49335,44,,,
measles,CA,1949,33161,52,,,
measles,CA,1950,15393,51,,,
measles,CA,1951,61055,49,,,
measles,CA,1952,37229,49,,,
measles,CA,1953,53985,49,,,
measles,CA,1954,60293,52,,,
measles,CA,1955,67434,49,,,
measles,CA,1956,32254,52,,,
measles,CA,1957,50403,51,,,
measles,CA,1958,35074,51,,,
measles,CA,1959,38951,48,,,
measles,CA,1960,22222,52,,,
measles,CA,1961,36853,51,,,
measles,CA,1962,28140,52,,,
measles,CA,1963,20028,47,,,
measles,CA,1964,32650,51,,,
measles,CA,1965,13864,52,13864,52,13864
measles,CA,1966,15197,51,15254,52,15254
measles,CA,1967,5260,52,5279,52,5279
measles,CA,1968,1648,52,1648,52,1648
measles,CA,1969,898,51,915,52,915
measles,CA,1970,1949,50,1987,52,1987
measles,CA,1971,2838,50,2925,104,2925
measles,CA,1972,3209,49,3308,52,3308
measles,CA,1973,804,48,848,52,848
measles,CA,1974,1103,48,1136,52,1136
measles,CA,1975,5217,52,5217,52,5217
measles,CA,1976,2324,51,2352,52,2352
measles,CA,1977,8664,44,9478,52,9478
measles,CA,1978,643,47,654,52,992
measles,CA,1979,974,45,1078,52,1078
measles,CA,1980,903,46,982,51,982
measles,CA,1981,345,40,370,52,370
measles,CA,1982,750,42,847,52,847
measles,CA,1983,156,32,1029,52,1029
measles,CA,1984,305,37,330,52,330
measles,CA,1985,258,42,333,105,333
measles,CA,1986,429,40,269,53,886
measles,CA,1987,731,39,811,52,811
measles,CA,1988,723,43,758,52,758
measles,CA,1989,738,19,2811,52,2887
measles,CA,1990,6702,25,12543,52,19622
measles,CA,1991,1960,43,1990,52,4011
measles,CA,1992,48,20,59,52,2037
measles,CA,1993,45,9,96,52,96
measles,CA,1994,45,9,65,52,65
measles,CA,1995,7,6,216,52,432
measles,CA,1996,36,11,92,52,92
measles,CA,1997,7,5,46,52,46
measles,CA,1998,2,2,16,52,16
measles,CA,1999,2,2,34,52,38
measles,CA,2000,1,1,30,52,30
measles,CA,2001,10,1,72,52,72
measles,CA,2002,,,3,52,3
measles,CO,1927,50,5,,,
measles,CO,1928,2097,48,,,
measles,CO,1929,748,51,,,
measles,CO,1930,11821,53,,,
measles,CO,1931,4787,49,,,
measles,CO,1932,2376,49,,,
measles,CO,1933,297,49,,,
measles,CO,1934,12946,52,,,
measles,CO,1935,12786,52,,,
measles,CO,1936,604,50,,,
measles,CO,1937,1027,50,,,
measles,CO,1938,8403,46,,,
measles,CO,1939,5182,46,,,
measles,CO,1940,1428,48,,,
measles,CO,1941,7728,48,,,
measles,CO,1942,5545,50,,,
measles,CO,1943,12237,47,,,
measles,CO,1944,5991,48,,,
measles,CO,1945,775,48,,,
measles,CO,1946,13068,51,,,
measles,CO,1947,1759,51,,,
measles,CO,1948,9147,43,,,
measles,CO,1949,7221,51,,,
measles,CO,1950,5355,51,,,
measles,CO,1951,12385,47,,,
measles,CO,1952,4420,49,,,
measles,CO,1953,9808,49,,,
measles,CO,1954,1906,52,,,
measles,CO,1955,4902,48,,,
measles,CO,1956,14190,51,,,
measles,CO,1957,2887,49,,,
measles,CO,1958,9436,49,,,
measles,CO,1959,7037,45,,,
measles,CO,1960,6806,51,,,
measles,CO,1961,3879,51,,,
measles,CO,1962,9001,52,,,
measles,CO,1963,6298,48,,,
measles,CO,1964,3240,51,,,
measles,CO,1965,6009,52,6009,52,6009
measles,CO,1966,1445,50,1467,52,1467
measles,CO,1967,1635,51,1635,52,1635
measles,CO,1968,498,44,526,52,526
measles,CO,1969,139,19,142,52,142
measles,CO,1970,132,27,306,52,306
measles,CO,1971,833,43,915,104,915
measles,CO,1972,519,42,540,52,540
measles,CO,1973,166,34,112,52,113
measles,CO,1974,158,23,156,52,156
measles,CO,1975,1170,35,1170,52,1170
measles,CO,1976,347,27,451,52,451
measles,CO,1977,514,34,514,52,514
measles,CO,1978,24,14,37,52,37
measles,CO,1979,72,26,72,52,72
measles,CO,1980,22,13,24,51,24
measles,CO,1981,8,6,11,52,11
measles,CO,1982,6,2,7,52,7
measles,CO,1983,3,3,11,52,11
measles,CO,1984,5,1,6,52,7
measles,CO,1985,15,7,6,105,15
measles,CO,1986,10,6,15,53,20
measles,CO,1987,9,2,9,52,9
measles,CO,1988,116,11,113,52,122
measles,CO,1989,101,18,99,52,99
measles,CO,1990,137,21,138,52,276
measles,CO,1991,13,7,12,52,24
measles,CO,1992,23,9,29,52,34
measles,CO,1993,,,3,52,3
measles,CO,1994,15,4,20,52,20
measles,CO,1995,8,3,48,52,96
measles,CO,1996,6,6,14,52,18
measles,CO,1999,,,2,17,2
measles,CO,2000,2,2,6,52,6
measles,CT,1927,202,5,,,
measles,CT,1928,10016,52,,,
measles,CT,1929,9800,51,,,
measles,CT,1930,1978,52,,,
measles,CT,1931,12869,52,,,
measles,CT,1932,5701,52,,,
measles,CT,1933,5430,52,,,
measles,CT,1934,4659,52,,,
measles,CT,1935,24149,52,,,
measles,CT,1936,3987,51,,,
measles,CT,1937,10181,49,,,
measles,CT,1938,1388,47,,,
measles,CT,1939,15817,45,,,
measles,CT,1940,2656,48,,,
measles,CT,1941,6281,48,,,
measles,CT,1942,10642,50,,,
measles,CT,1943,9996,47,,,
measles,CT,1944,9051,48,,,
measles,CT,1945,2654,48,,,
measles,CT,1946,7816,51,,,
measles,CT,1947,16187,51,,,
measles,CT,1948,2836,44,,,
measles,CT,1949,19012,52,,,
measles,CT,1950,4095,52,,,
measles,CT,1951,4612,49,,,
measles,CT,1952,26514,48,,,
measles,CT,1953,1634,47,,,
measles,CT,1954,5026,52,,,
measles,CT,1955,28902,44,,,
measles,CT,1956,2697,51,,,
measles,CT,1957,9672,51,,,
measles,CT,1958,15792,50,,,
measles,CT,1959,13030,48,,,
measles,CT,1960,11057,51,,,
measles,CT,1961,6768,50,,,
measles,CT,1962,17790,51,,,
measles,CT,1963,5859,48,,,
measles,CT,1964,5289,50,,,
measles,CT,1965,9222,50,9222,52,9222
measles,CT,1966,944,49,950,52,950
measles,CT,1967,106,39,106,52,106
measles,CT,1968,707,48,707,52,707
measles,CT,1969,642,44,657,52,657
measles,CT,1970,116,40,117,52,117
measles,CT,1971,1191,43,1195,104,1195
measles,CT,1972,1504,47,1540,52,1540
measles,CT,1973,1819,46,1819,52,1819
measles,CT,1974,174,37,183,52,183
measles,CT,1975,129,30,129,52,129
measles,CT,1976,237,29,288,52,288
measles,CT,1977,812,36,812,52,812
measles,CT,1978,329,22,328,52,328
measles,CT,1979,4,4,4,52,4
measles,CT,1980,9,8,25,51,25
measles,CT,1981,6,6,10,52,10
measles,CT,1982,2,1,6,52,8
measles,CT,1983,7,3,15,52,15
measles,CT,1984,3,2,14,52,14
measles,CT,1985,7,5,14,105,14
measles,CT,1986,9,4,7,53,16
measles,CT,1987,22,7,22,52,22
measles,CT,1988,11,5,15,52,15
measles,CT,1989,78,3,215,52,215
measles,CT,1990,,,195,52,382
measles,CT,1991,20,6,26,52,52
measles,CT,1992,6,3,6,52,37
measles,CT,1993,1,1,9,52,9
measles,CT,1994,4,3,4,52,4
measles,CT,1995,1,1,4,52,8
measles,CT,1996,1,1,1,66,2
measles,CT,1997,,,2,52,2
measles,CT,1999,,,4,52,4
measles,CT,2001,1,1,2,52,2
measles,DC,1909,12,1,,,
measles,DC,1928,2566,35,,,
measles,DC,1929,455,43,,,
measles,DC,1930,903,53,,,
measles,DC,1931,4198,45,,,
measles,DC,1932,273,42,,,
measles,DC,1933,533,52,,,
measles,DC,1934,6461,46,,,
measles,DC,1935,929,41,,,
measles,DC,1936,2124,47,,,
measles,DC,1937,2053,48,,,
measles,DC,1938,432,45,,,
measles,DC,1939,3687,46,,,
measles,DC,1940,93,48,,,
measles,DC,1941,3779,48,,,
measles,DC,1942,1539,50,,,
measles,DC,1943,2151,47,,,
measles,DC,1944,2863,48,,,
measles,DC,1945,200,48,,,
measles,DC,1946,4472,48,,,
measles,DC,1947,530,47,,,
measles,DC,1948,2587,43,,,
measles,DC,1949,2248,48,,,
measles,DC,1950,1791,44,,,
measles,DC,1951,1496,48,,,
measles,DC,1952,2541,45,,,
measles,DC,1953,295,44,,,
measles,DC,1954,3032,45,,,
measles,DC,1955,453,45,,,
measles,DC,1956,1596,39,,,
measles,DC,1957,876,49,,,
measles,DC,1958,1420,40,,,
measles,DC,1959,397,43,,,
measles,DC,1960,1210,45,,,
measles,DC,1961,366,47,,,
measles,DC,1962,703,39,,,
measles,DC,1963,221,34,,,
measles,DC,1964,344,30,,,
measles,DC,1965,157,36,157,52,157
measles,DC,1966,390,36,390,52,390
measles,DC,1967,27,17,26,52,26
measles,DC,1968,6,4,6,52,6
measles,DC,1969,43,6,35,52,35
measles,DC,1970,345,30,345,52,345
measles,DC,1971,16,11,16,104,16
measles,DC,1972,2,1,2,52,2
measles,DC,1973,10,8,9,52,9
measles,DC,1974,1,1,3,52,3
measles,DC,1975,2,2,1,52,2
measles,DC,1976,13,9,13,52,13
measles,DC,1977,1,1,14,52,14
measles,DC,1978,1,1,2,52,2
measles,DC,1979,1,1,1,36,1
measles,DC,1980,5,1,5,51,5
measles,DC,1981,1,1,1,52,2
measles,DC,1982,1,1,1,52,8
measles,DC,1983,,,1,52,1
measles,DC,1984,,,5,52,5
measles,DC,1985,8,3,8,105,31
measles,DC,1986,1,1,31,53,31
measles,DC,1987,1,1,1,52,1
measles,DC,1989,11,5,42,52,42
measles,DC,1990,23,8,23,52,44
measles,DC,1992,2,1,2,52,2
measles,DC,1996,,,2,52,2
measles,DC,1997,1,1,2,52,2
measles,DE,1927,12,4,,,
measles,DE,1928,597,41,,,
measles,DE,1929,566,38,,,
measles,DE,1930,264,41,,,
measles,DE,1931,2428,41,,,
measles,DE,1932,39,26,,,
measles,DE,1933,205,37,,,
measles,DE,1934,3063,42,,,
measles,DE,1935,1040,48,,,
measles,DE,1936,1490,45,,,
measles,DE,1937,1796,36,,,
measles,DE,1938,492,36,,,
measles,DE,1939,159,36,,,
measles,DE,1940,95,48,,,
measles,DE,1941,3593,48,,,
measles,DE,1942,205,50,,,
measles,DE,1943,1713,47,,,
measles,DE,1944,316,48,,,
measles,DE,1945,257,48,,,
measles,DE,1946,625,38,,,
measles,DE,1947,58,34,,,
measles,DE,1948,1046,37,,,
measles,DE,1949,741,50,,,
measles,DE,1950,631,45,,,
measles,DE,1951,690,38,,,
measles,DE,1952,381,30,,,
measles,DE,1953,408,41,,,
measles,DE,1954,1942,43,,,
measles,DE,1955,105,35,,,
measles,DE,1956,866,45,,,
measles,DE,1957,333,44,,,
measles,DE,1958,515,46,,,
measles,DE,1959,616,47,,,
measles,DE,1960,956,49,,,
measles,DE,1961,1698,40,,,
measles,DE,1962,607,49,,,
measles,DE,1963,1201,40,,,
measles,DE,1964,394,37,,,
measles,DE,1965,519,38,519,52,519
measles,DE,1966,264,34,268,52,268
measles,DE,1967,56,24,52,52,52
measles,DE,1968,24,17,23,52,23
measles,DE,1969,506,35,522,52,522
measles,DE,1970,268,37,269,52,269
measles,DE,1971,42,24,42,104,42
measles,DE,1972,55,23,56,52,56
measles,DE,1973,10,7,10,52,10
measles,DE,1974,16,11,16,52,16
measles,DE,1975,35,12,35,52,35
measles,DE,1976,111,22,131,52,131
measles,DE,1977,24,7,22,52,23
measles,DE,1978,9,8,7,52,8
measles,DE,1979,1,1,1,52,1
measles,DE,1980,4,3,4,51,4
measles,DE,1986,1,1,1,52,1
measles,DE,1987,17,5,32,52,32
measles,DE,1989,6,4,43,52,68
measles,DE,1990,5,3,12,52,22
measles,DE,1991,19,11,21,52,21
measles,DE,1992,1,1,1,52,22
measles,DE,1993,2,2,1,52,3
measles,DE,1996,1,1,1,66,2
measles,DE,1998,,,2,52,2
measles,FL,1927,19,5,,,
measles,FL,1928,1715,43,,,
measles,FL,1929,1127,49,,,
measles,FL,1930,5287,52,,,
measles,FL,1931,3894,46,,,
measles,FL,1932,207,45,,,
measles,FL,1933,993,43,,,
measles,FL,1934,8015,52,,,
measles,FL,1935,1174,47,,,
measles,FL,1936,303,40,,,
measles,FL,1937,394,34,,,
measles,FL,1938,8932,45,,,
measles,FL,1939,2541,46,,,
measles,FL,1940,2090,48,,,
measles,FL,1941,9454,48,,,
measles,FL,1942,4076,50,,,
measles,FL,1943,1311,47,,,
measles,FL,1944,4796,48,,,
measles,FL,1945,659,48,,,
measles,FL,1946,3046,50,,,
measles,FL,1947,1309,50,,,
measles,FL,1948,3944,43,,,
measles,FL,1949,3843,50,,,
measles,FL,1950,2494,50,,,
measles,FL,1951,2270,48,,,
measles,FL,1952,3685,47,,,
measles,FL,1953,1250,49,,,
measles,FL,1954,10945,52,,,
measles,FL,1955,1427,47,,,
measles,FL,1956,5149,49,,,
measles,FL,1957,5262,44,,,
measles,FL,1958,12347,50,,,
measles,FL,1959,3592,43,,,
measles,FL,1960,3723,46,,,
measles,FL,1961,6695,49,,,
measles,FL,1962,4154,50,,,
measles,FL,1963,3754,47,,,
measles,FL,1964,7028,51,,,
measles,FL,1965,3708,49,3708,52,3708
measles,FL,1966,3931,50,3957,52,3957
measles,FL,1967,1806,52,1806,52,1806
measles,FL,1968,573,50,569,52,569
measles,FL,1969,611,46,616,52,616
measles,FL,1970,1444,48,1527,52,1527
measles,FL,1971,2232,48,2354,104,2354
measles,FL,1972,1369,48,1444,52,1444
measles,FL,1973,393,45,398,52,398
measles,FL,1974,228,33,229,52,229
measles,FL,1975,82,18,105,52,105
measles,FL,1976,337,25,323,52,323
measles,FL,1977,304,30,313,52,313
measles,FL,1978,1094,48,1161,52,1161
measles,FL,1979,598,49,906,52,906
measles,FL,1980,407,48,411,51,411
measles,FL,1981,299,43,346,52,348
measles,FL,1982,208,22,218,52,218
measles,FL,1983,156,24,404,52,404
measles,FL,1984,17,12,18,52,18
measles,FL,1985,115,23,30,105,115
measles,FL,1986,395,26,115,53,644
measles,FL,1987,79,21,115,52,115
measles,FL,1988,123,19,170,52,170
measles,FL,1989,130,26,278,52,278
measles,FL,1990,320,34,585,52,1120
measles,FL,1991,291,38,356,52,654
measles,FL,1992,40,15,46,52,327
measles,FL,1993,25,12,21,52,29
measles,FL,1994,16,8,18,52,25
measles,FL,1995,9,5,18,52,36
measles,FL,1996,,,1,66,2
measles,FL,1997,14,10,14,52,14
measles,FL,1998,4,4,4,52,4
measles,FL,1999,4,4,4,52,4
measles,FL,2000,5,5,4,52,4
measles,FL,2002,,,2,52,2
measles,GA,1927,204,5,,,
measles,GA,1928,4638,47,,,
measles,GA,1929,1180,48,,,
measles,GA,1930,4537,52,,,
measles,GA,1931,3053,47,,,
measles,GA,1932,1009,45,,,
measles,GA,1933,4628,50,,,
measles,GA,1934,22965,27,,,
measles,GA,1935,31,4,,,
measles,GA,1936,8,1,,,
measles,GA,1938,9241,39,,,
measles,GA,1939,3003,47,,,
measles,GA,1940,2938,48,,,
measles,GA,1941,9539,48,,,
measles,GA,1942,5420,50,,,
measles,GA,1943,4122,47,,,
measles,GA,1944,5353,48,,,
measles,GA,1945,593,49,,,
measles,GA,1946,4050,51,,,
measles,GA,1947,3339,49,,,
measles,GA,1948,1245,42,,,
measles,GA,1949,9599,50,,,
measles,GA,1950,2247,49,,,
measles,GA,1951,7523,49,,,
measles,GA,1952,7830,46,,,
measles,GA,1953,2894,48,,,
measles,GA,1954,6773,51,,,
measles,GA,1955,2478,47,,,
measles,GA,1956,4770,50,,,
measles,GA,1957,5860,50,,,
measles,GA,1958,6664,48,,,
measles,GA,1959,445,30,,,
measles,GA,1960,217,35,,,
measles,GA,1961,413,31,,,
measles,GA,1962,418,32,,,
measles,GA,1963,200,27,,,
measles,GA,1964,211,35,,,
measles,GA,1965,655,36,655,52,655
measles,GA,1966,244,30,244,52,244
measles,GA,1967,42,16,42,52,42
measles,GA,1968,4,3,4,52,4
measles,GA,1969,2,2,2,52,2
measles,GA,1970,18,13,18,52,18
measles,GA,1971,1135,28,1138,104,1138
measles,GA,1972,176,24,195,52,195
measles,GA,1973,50,18,154,52,154
measles,GA,1974,3,3,4,52,4
measles,GA,1975,40,10,40,52,40
measles,GA,1976,5,5,4,52,4
measles,GA,1977,770,32,770,52,770
measles,GA,1978,30,13,36,52,36
measles,GA,1979,370,32,593,52,593
measles,GA,1980,846,29,847,51,847
measles,GA,1981,110,22,111,52,112
measles,GA,1983,8,4,8,52,8
measles,GA,1984,4,4,2,52,2
measles,GA,1985,8,2,6,105,8
measles,GA,1986,93,10,8,53,186
measles,GA,1987,10,3,10,52,10
measles,GA,1989,17,3,18,52,18
measles,GA,1990,357,12,358,52,679
measles,GA,1991,15,2,15,52,30
measles,GA,1992,3,1,3,52,18
measles,GA,1993,1,1,1,47,1
measles,GA,1994,2,2,3,52,3
measles,GA,1995,5,4,4,52,8
measles,GA,1996,2,2,4,52,4
measles,GA,1997,1,1,2,52,2
measles,GA,1998,2,2,4,52,4
measles,GA,2001,2,2,2,52,2
measles,GA,2002,,,3,52,3
measles,GU,1972,10,6,16,52,16
measles,GU,1973,,,52,52,52
measles,GU,1974,,,20,52,20
measles,GU,1975,,,27,52,27
measles,GU,1976,,,16,52,26
measles,GU,1977,46,1,9,52,11
measles,GU,1978,,,25,52,74
measles,GU,1979,48,1,12,52,12
measles,GU,1980,,,6,51,6
measles,GU,1981,4,1,5,52,5
measles,GU,1982,,,6,52,8
measles,GU,1983,,,11,52,11
measles,GU,1984,,,85,52,112
measles,GU,1985,,,104,105,104
measles,GU,1986,5,4,11,53,11
measles,GU,1987,1,1,2,52,2
measles,GU,1988,,,1,52,1
measles,GU,1989,,,3,52,3
measles,GU,1990,,,1,52,1
measles,GU,1992,,,10,52,10
measles,GU,1993,,,4,52,4
measles,GU,1994,,,211,52,421
measles,GU,1999,,,2,52,2
measles,GU,2000,2,1,,,
measles,HI,1950,66,23,,,
measles,HI,1951,4910,44,,,
measles,HI,1954,504,50,,,
measles,HI,1955,6395,48,,,
measles,HI,1956,5154,51,,,
measles,HI,1957,5059,44,,,
measles,HI,1958,575,49,,,
measles,HI,1959,3686,46,,,
measles,HI,1960,5322,42,,,
measles,HI,1961,195,42,,,
measles,HI,1962,2649,49,,,
measles,HI,1963,3559,45,,,
measles,HI,1964,862,48,,,
measles,HI,1965,4054,50,4054,52,4054
measles,HI,1966,144,40,165,52,165
measles,HI,1967,172,36,182,52,182
measles,HI,1968,37,14,35,52,35
measles,HI,1969,53,24,52,52,52
measles,HI,1970,192,34,192,52,192
measles,HI,1971,488,45,532,104,532
measles,HI,1972,96,27,98,52,98
measles,HI,1973,18,16,20,52,23
measles,HI,1974,63,14,66,52,66
measles,HI,1975,65,17,65,52,65
measles,HI,1976,6,3,6,52,7
measles,HI,1977,44,12,44,52,44
measles,HI,1978,16,9,12,52,17
measles,HI,1979,77,27,71,52,71
measles,HI,1980,8,6,7,51,7
measles,HI,1981,8,4,7,52,7
measles,HI,1982,5,5,5,52,5
measles,HI,1983,1,1,6,52,6
measles,HI,1984,174,15,165,52,165
measles,HI,1985,25,15,167,105,167
measles,HI,1986,29,12,24,53,58
measles,HI,1987,4,3,4,52,4
measles,HI,1988,15,3,11,52,11
measles,HI,1989,17,9,32,52,32
measles,HI,1990,41,15,43,52,50
measles,HI,1991,20,12,19,52,38
measles,HI,1992,46,15,46,52,76
measles,HI,1993,17,9,20,52,20
measles,HI,1994,4,3,12,52,12
measles,HI,1995,1,1,2,52,4
measles,HI,1996,13,6,1,66,70
measles,HI,1997,1,1,8,52,8
measles,HI,1999,1,1,4,52,4
measles,HI,2000,2,2,6,52,6
measles,HI,2001,4,3,14,52,14
measles,HI,2002,,,1,52,2
measles,IA,1927,25,4,,,
measles,IA,1928,702,24,,,
measles,IA,1929,2041,45,,,
measles,IA,1930,9792,45,,,
measles,IA,1931,851,50,,,
measles,IA,1932,158,46,,,
measles,IA,1933,824,38,,,
measles,IA,1934,8694,52,,,
measles,IA,1935,21849,51,,,
measles,IA,1936,204,45,,,
measles,IA,1937,269,48,,,
measles,IA,1938,4996,47,,,
measles,IA,1939,4636,45,,,
measles,IA,1940,5531,48,,,
measles,IA,1941,4706,48,,,
measles,IA,1942,6287,50,,,
measles,IA,1943,5674,47,,,
measles,IA,1944,4742,48,,,
measles,IA,1945,1258,48,,,
measles,IA,1946,4283,51,,,
measles,IA,1947,4567,51,,,
measles,IA,1948,9013,44,,,
measles,IA,1949,2243,52,,,
measles,IA,1950,10868,50,,,
measles,IA,1951,2716,47,,,
measles,IA,1952,3773,48,,,
measles,IA,1953,10913,47,,,
measles,IA,1954,12530,52,,,
measles,IA,1955,7679,49,,,
measles,IA,1956,8309,51,,,
measles,IA,1957,8984,48,,,
measles,IA,1958,12560,50,,,
measles,IA,1959,11468,48,,,
measles,IA,1960,1764,51,,,
measles,IA,1961,5306,51,,,
measles,IA,1962,10825,50,,,
measles,IA,1963,7693,48,,,
measles,IA,1964,22512,50,,,
measles,IA,1965,9309,52,9309,52,9309
measles,IA,1966,5453,47,5478,52,5478
measles,IA,1967,826,47,825,52,825
measles,IA,1968,166,33,165,52,165
measles,IA,1969,272,28,338,52,338
measles,IA,1970,199,31,1183,52,1183
measles,IA,1971,2702,45,2717,104,2717
measles,IA,1972,911,46,1050,52,1050
measles,IA,1973,292,30,283,52,283
measles,IA,1974,63,14,134,52,154
measles,IA,1975,700,36,690,52,690
measles,IA,1976,27,15,38,52,38
measles,IA,1977,4129,44,4330,52,4516
measles,IA,1978,77,20,76,52,76
measles,IA,1979,9,7,16,52,16
measles,IA,1980,2,2,20,51,20
measles,IA,1981,1,1,1,52,1
measles,IA,1986,142,12,134,52,268
measles,IA,1988,1,1,2,52,2
measles,IA,1989,12,8,13,52,13
measles,IA,1990,26,9,26,52,52
measles,IA,1991,16,6,17,52,17
measles,IA,1992,2,1,3,52,20
measles,IA,1994,7,1,7,52,7
measles,IA,1995,,,1,45,1
measles,IA,1996,,,2,52,2
measles,IA,1997,,,2,52,2
measles,IA,1998,1,1,2,52,2
measles,IA,2000,2,2,4,52,4
measles,ID,1927,3,3,,,
measles,ID,1928,84,25,,,
measles,ID,1929,717,50,,,
measles,ID,1930,907,49,,,
measles,ID,1931,118,33,,,
measles,ID,1932,40,22,,,
measles,ID,1933,898,40,,,
measles,ID,1934,1194,42,,,
measles,ID,1935,877,44,,,
measles,ID,1936,1389,46,,,
measles,ID,1937,1233,48,,,
measles,ID,1938,776,48,,,
measles,ID,1939,2212,46,,,
measles,ID,1940,1501,47,,,
measles,ID,1941,475,48,,,
measles,ID,1942,1994,50,,,
measles,ID,1943,3273,47,,,
measles,ID,1944,1035,48,,,
measles,ID,1945,1340,49,,,
measles,ID,1946,2395,49,,,
measles,ID,1947,252,49,,,
measles,ID,1948,1517,44,,,
measles,ID,1949,2913,52,,,
measles,ID,1950,2004,51,,,
measles,ID,1951,2109,47,,,
measles,ID,1952,1125,48,,,
measles,ID,1953,1938,47,,,
measles,ID,1954,4405,50,,,
measles,ID,1955,703,46,,,
measles,ID,1956,1994,51,,,
measles,ID,1957,3126,46,,,
measles,ID,1958,3824,46,,,
measles,ID,1959,1624,45,,,
measles,ID,1960,2831,43,,,
measles,ID,1961,1927,50,,,
measles,ID,1962,1620,52,,,
measles,ID,1963,3910,48,,,
measles,ID,1964,2286,51,,,
measles,ID,1965,3119,51,3119,52,3119
measles,ID,1966,1701,50,1715,52,1715
measles,ID,1967,413,44,413,52,413
measles,ID,1968,21,11,21,52,21
measles,ID,1969,90,12,90,52,90
measles,ID,1970,98,29,486,52,486
measles,ID,1971,274,28,274,104,274
measles,ID,1972,109,26,157,52,157
measles,ID,1973,256,35,256,52,318
measles,ID,1974,54,16,54,52,54
measles,ID,1975,20,11,20,52,20
measles,ID,1976,1982,27,2024,52,2024
measles,ID,1977,138,16,171,52,171
measles,ID,1978,1,1,1,52,4
measles,ID,1979,20,5,18,52,21
measles,ID,1981,1,1,1,52,2
measles,ID,1983,4,2,10,52,11
measles,ID,1984,,,23,52,23
measles,ID,1985,35,9,23,105,144
measles,ID,1986,1,1,144,53,144
measles,ID,1988,1,1,1,52,1
measles,ID,1989,10,5,7,52,10
measles,ID,1990,14,8,26,52,52
measles,ID,1991,432,23,452,52,904
measles,ID,1992,,,451,48,451
measles,ID,1994,2,2,1,52,1
measles,ID,1995,4,3,4,52,8
measles,ID,1996,2,2,2,52,4
measles,ID,1998,1,1,2,8,2
measles,ID,2001,2,2,2,52,4
measles,ID,2002,,,1,39,1
measles,IL,1927,138,5,,,
measles,IL,1928,7460,52,,,
measles,IL,1929,38503,52,,,
measles,IL,1930,16974,53,,,
measles,IL,1931,39738,52,,,
measles,IL,1932,16113,52,,,
measles,IL,1933,12092,52,,,
measles,IL,1934,44676,52,,,
measles,IL,1935,58229,52,,,
measles,IL,1936,1232,51,,,
measles,IL,1937,11545,50,,,
measles,IL,1938,87362,47,,,
measles,IL,1939,1127,45,,,
measles,IL,1940,7365,48,,,
measles,IL,1941,50135,48,,,
measles,IL,1942,9543,50,,,
measles,IL,1943,27542,47,,,
measles,IL,1944,17418,48,,,
measles,IL,1945,6998,48,,,
measles,IL,1946,26129,51,,,
measles,IL,1947,7584,51,,,
measles,IL,1948,37072,44,,,
measles,IL,1949,5715,52,,,
measles,IL,1950,18528,52,,,
measles,IL,1951,16494,49,,,
measles,IL,1952,27498,48,,,
measles,IL,1953,15475,49,,,
measles,IL,1954,33190,52,,,
measles,IL,1955,13649,49,,,
measles,IL,1956,42124,52,,,
measles,IL,1957,9692,50,,,
measles,IL,1958,23045,50,,,
measles,IL,1959,9611,48,,,
measles,IL,1960,22656,52,,,
measles,IL,1961,16108,51,,,
measles,IL,1962,16795,51,,,
measles,IL,1963,10247,48,,,
measles,IL,1964,15801,51,,,
measles,IL,1965,4565,52,4565,52,4565
measles,IL,1966,11521,51,11555,52,11555
measles,IL,1967,1306,52,1306,52,1306
measles,IL,1968,1483,50,1445,52,1445
measles,IL,1969,1120,51,1129,52,1129
measles,IL,1970,3293,51,3316,52,3316
measles,IL,1971,3239,50,3372,104,3372
measles,IL,1972,4416,49,4586,52,4586
measles,IL,1973,2195,50,2204,52,2204
measles,IL,1974,2118,49,2199,52,2199
measles,IL,1975,1865,49,1865,52,1865
measles,IL,1976,2032,52,2032,52,2032
measles,IL,1977,1919,51,1931,52,1931
measles,IL,1978,792,46,1335,52,1335
measles,IL,1979,1317,46,1531,52,1531
measles,IL,1980,339,34,353,51,353
measles,IL,1981,28,13,26,52,26
measles,IL,1982,14,6,24,52,24
measles,IL,1983,182,19,230,52,230
measles,IL,1984,149,15,182,52,182
measles,IL,1985,193,14,186,105,303
measles,IL,1986,380,31,303,53,1386
measles,IL,1987,182,36,210,52,210
measles,IL,1988,46,13,72,52,72
measles,IL,1989,238,11,2586,52,2586
measles,IL,1990,5,5,1338,52,2596
measles,IL,1991,,,26,52,52
measles,IL,1992,,,14,52,41
measles,IL,1993,,,5,52,5
measles,IL,1994,44,6,56,52,56
measles,IL,1995,2,2,12,52,24
measles,IL,1996,3,3,6,52,9
measles,IL,1997,5,3,14,52,14
measles,IL,1998,1,1,2,52,2
measles,IL,2000,3,3,8,52,8
measles,IL,2001,3,2,6,52,6
measles,IN,1927,154,5,,,
measles,IN,1928,8466,52,,,
measles,IN,1929,10391,52,,,
measles,IN,1930,4131,53,,,
measles,IN,1931,17628,52,,,
measles,IN,1932,2914,52,,,
measles,IN,1933,3570,51,,,
measles,IN,1934,20943,51,,,
measles,IN,1935,9967,50,,,
measles,IN,1936,712,50,,,
measles,IN,1937,7088,50,,,
measles,IN,1938,17069,46,,,
measles,IN,1939,437,45,,,
measles,IN,1940,533,47,,,
measles,IN,1941,13350,48,,,
measles,IN,1942,3075,50,,,
measles,IN,1943,9697,47,,,
measles,IN,1944,4836,48,,,
measles,IN,1945,856,48,,,
measles,IN,1946,11921,49,,,
measles,IN,1947,2173,51,,,
measles,IN,1948,14314,42,,,
measles,IN,1949,3964,52,,,
measles,IN,1950,7593,49,,,
measles,IN,1951,4178,49,,,
measles,IN,1952,7496,48,,,
measles,IN,1953,6727,49,,,
measles,IN,1954,22049,51,,,
measles,IN,1955,3769,48,,,
measles,IN,1956,16415,50,,,
measles,IN,1957,8167,50,,,
measles,IN,1958,18173,50,,,
measles,IN,1959,4595,46,,,
measles,IN,1960,10427,52,,,
measles,IN,1961,5898,47,,,
measles,IN,1962,7661,51,,,
measles,IN,1963,5871,47,,,
measles,IN,1964,22281,51,,,
measles,IN,1965,2366,51,2366,52,2366
measles,IN,1966,5817,50,5834,52,5834
measles,IN,1967,678,47,678,52,678
measles,IN,1968,789,49,746,52,746
measles,IN,1969,540,36,501,52,501
measles,IN,1970,287,39,280,52,280
measles,IN,1971,3078,48,3094,104,3094
measles,IN,1972,1267,48,1372,52,1372
measles,IN,1973,712,48,713,52,713
measles,IN,1974,258,46,285,52,285
measles,IN,1975,516,50,548,52,548
measles,IN,1976,4337,51,4491,52,4491
measles,IN,1977,4260,49,4372,52,4372
measles,IN,1978,205,35,234,52,234
measles,IN,1979,188,39,229,52,229
measles,IN,1980,112,30,94,51,94
measles,IN,1981,18,10,9,52,15
measles,IN,1982,3,3,2,52,2
measles,IN,1983,86,4,408,52,408
measles,IN,1984,3,3,3,52,3
measles,IN,1985,4,3,3,105,57
measles,IN,1986,37,8,57,53,76
measles,IN,1988,56,6,57,52,57
measles,IN,1989,77,5,112,52,112
measles,IN,1990,249,17,418,52,652
measles,IN,1991,6,4,6,52,12
measles,IN,1992,11,5,20,52,26
measles,IN,1993,1,1,1,52,1
measles,IN,1994,1,1,1,52,1
measles,IN,1998,1,1,6,52,6
measles,IN,1999,1,1,4,52,4
measles,IN,2001,4,2,8,52,8
measles,IN,2002,,,2,52,2
measles,KS,1927,198,5,,,
measles,KS,1928,2518,51,,,
measles,KS,1929,10370,52,,,
measles,KS,1930,12559,53,,,
measles,KS,1931,1758,52,,,
measles,KS,1932,6150,52,,,
measles,KS,1933,6289,52,,,
measles,KS,1934,10066,52,,,
measles,KS,1935,26190,51,,,
measles,KS,1936,438,46,,,
measles,KS,1937,782,50,,,
measles,KS,1938,10304,47,,,
measles,KS,1939,1700,45,,,
measles,KS,1940,10842,48,,,
measles,KS,1941,13521,48,,,
measles,KS,1942,9368,50,,,
measles,KS,1943,9852,47,,,
measles,KS,1944,9827,48,,,
measles,KS,1945,1121,48,,,
measles,KS,1946,12906,51,,,
measles,KS,1947,431,51,,,
measles,KS,1948,1108,44,,,
measles,KS,1949,16984,51,,,
measles,KS,1950,1840,51,,,
measles,KS,1951,11158,49,,,
measles,KS,1952,6642,48,,,
measles,KS,1953,15022,48,,,
measles,KS,1954,1355,49,,,
measles,KS,1955,3046,48,,,
measles,KS,1956,4254,32,,,
measles,KS,1957,13,8,,,
measles,KS,1958,71,6,,,
measles,KS,1967,97,8,97,52,97
measles,KS,1968,21,6,10,52,14
measles,KS,1969,9,6,9,52,9
measles,KS,1970,76,12,71,52,73
measles,KS,1971,1399,30,1409,104,1409
measles,KS,1972,39,8,39,52,39
measles,KS,1973,27,7,27,52,27
measles,KS,1974,168,17,168,52,168
measles,KS,1975,2147,24,2147,52,2147
measles,KS,1976,745,31,745,52,745
measles,KS,1977,1196,26,1220,52,1665
measles,KS,1978,95,24,94,52,95
measles,KS,1979,75,19,75,52,75
measles,KS,1980,71,12,67,51,74
measles,KS,1981,1,1,1,52,1
measles,KS,1982,44,6,44,52,44
measles,KS,1983,6,2,50,52,50
measles,KS,1984,,,5,52,5
measles,KS,1985,1,1,5,105,5
measles,KS,1986,99,20,1,53,198
measles,KS,1987,1,1,1,52,1
measles,KS,1988,1,1,1,18,1
measles,KS,1989,106,11,140,52,140
measles,KS,1990,235,14,234,52,234
measles,KS,1991,3,1,13,52,13
measles,KS,1992,2,2,1,52,14
measles,KS,1993,2,2,2,52,2
measles,KS,1994,1,1,1,52,1
measles,KS,1995,1,1,2,52,4
measles,KS,1996,1,1,2,52,2
measles,KS,2000,2,2,4,52,4
measles,KS,2001,1,1,2,8,2
measles,KY,1927,47,1,,,
measles,KY,1928,5551,33,,,
measles,KY,1929,1125,25,,,
measles,KY,1930,1859,30,,,
measles,KY,1931,4801,36,,,
measles,KY,1932,1953,35,,,
measles,KY,1933,1560,34,,,
measles,KY,1934,11501,52,,,
measles,KY,1935,14667,52,,,
measles,KY,1936,2214,50,,,
measles,KY,1937,6842,47,,,
measles,KY,1938,10477,46,,,
measles,KY,1939,1190,46,,,
measles,KY,1940,3086,48,,,
measles,KY,1941,17555,48,,,
measles,KY,1942,1881,50,,,
measles,KY,1943,10819,47,,,
measles,KY,1944,2176,48,,,
measles,KY,1945,1525,49,,,
measles,KY,1946,8084,42,,,
measles,KY,1947,635,45,,,
measles,KY,1948,3620,43,,,
measles,KY,1949,8393,47,,,
measles,KY,1950,5239,50,,,
measles,KY,1951,8558,47,,,
measles,KY,1952,10162,46,,,
measles,KY,1953,3802,48,,,
measles,KY,1954,29774,51,,,
measles,KY,1955,2213,49,,,
measles,KY,1956,17687,50,,,
measles,KY,1957,16331,50,,,
measles,KY,1958,18348,48,,,
measles,KY,1959,6647,48,,,
measles,KY,1960,10734,49,,,
measles,KY,1961,11259,50,,,
measles,KY,1962,6229,52,,,
measles,KY,1963,8819,48,,,
measles,KY,1964,15076,50,,,
measles,KY,1965,3802,50,3805,52,3805
measles,KY,1966,4852,48,4877,52,4877
measles,KY,1967,1486,48,1437,52,1437
measles,KY,1968,141,33,107,52,179
measles,KY,1969,71,28,75,52,75
measles,KY,1970,1070,50,1115,52,1115
measles,KY,1971,3717,47,3994,104,3994
measles,KY,1972,483,37,546,52,546
measles,KY,1973,402,40,404,52,404
measles,KY,1974,190,39,198,52,198
measles,KY,1975,158,31,158,52,158
measles,KY,1976,762,41,760,52,760
measles,KY,1977,1197,39,1200,52,1200
measles,KY,1978,122,31,122,52,122
measles,KY,1979,60,17,60,52,60
measles,KY,1980,63,24,57,51,57
measles,KY,1981,1,1,2,52,2
measles,KY,1982,2,2,1,52,2
measles,KY,1983,1,1,2,52,2
measles,KY,1984,1,1,1,52,1
measles,KY,1985,5,2,1,105,5
measles,KY,1986,6,3,5,53,6
measles,KY,1988,35,3,35,52,35
measles,KY,1989,44,11,44,52,44
measles,KY,1990,41,12,42,52,84
measles,KY,1991,26,4,24,52,48
measles,KY,1992,262,25,451,52,475
measles,KY,1993,,,113,10,113
measles,KY,1999,,,4,52,4
measles,KY,2001,4,2,4,52,4
measles,LA,1927,168,5,,,
measles,LA,1928,5374,51,,,
measles,LA,1929,1853,46,,,
measles,LA,1930,1817,49,,,
measles,LA,1931,244,43,,,
measles,LA,1932,1453,48,,,
measles,LA,1933,931,47,,,
measles,LA,1934,4866,52,,,
measles,LA,1935,2613,52,,,
measles,LA,1936,1310,47,,,
measles,LA,1937,468,38,,,
measles,LA,1938,805,45,,,
measles,LA,1939,3332,46,,,
measles,LA,1940,260,48,,,
measles,LA,1941,939,48,,,
measles,LA,1942,3201,50,,,
measles,LA,1943,2585,47,,,
measles,LA,1944,2586,48,,,
measles,LA,1945,1056,48,,,
measles,LA,1946,3261,44,,,
measles,LA,1947,1254,47,,,
measles,LA,1948,1503,41,,,
measles,LA,1949,1359,47,,,
measles,LA,1950,784,47,,,
measles,LA,1951,2180,39,,,
measles,LA,1952,546,39,,,
measles,LA,1953,4467,48,,,
measles,LA,1954,3028,45,,,
measles,LA,1955,167,29,,,
measles,LA,1956,2112,47,,,
measles,LA,1957,1080,43,,,
measles,LA,1958,285,37,,,
measles,LA,1959,68,31,,,
measles,LA,1960,244,27,,,
measles,LA,1961,41,23,,,
measles,LA,1962,230,39,,,
measles,LA,1963,143,25,,,
measles,LA,1964,117,32,,,
measles,LA,1965,134,44,134,52,134
measles,LA,1966,107,30,108,52,108
measles,LA,1967,159,32,159,52,159
measles,LA,1968,7,6,26,52,26
measles,LA,1969,124,18,125,52,125
measles,LA,1970,309,33,319,52,319
measles,LA,1971,1586,41,1718,104,1719
measles,LA,1972,123,30,111,52,111
measles,LA,1973,89,21,90,52,90
measles,LA,1974,14,9,14,52,14
measles,LA,1975,2,2,2,52,2
measles,LA,1976,314,30,311,52,311
measles,LA,1977,112,23,112,52,112
measles,LA,1978,472,31,385,52,526
measles,LA,1979,257,22,259,52,259
measles,LA,1980,19,8,15,51,15
measles,LA,1981,4,2,4,52,4
measles,LA,1982,15,4,15,52,15
measles,LA,1983,26,4,45,52,45
measles,LA,1984,8,1,8,52,8
measles,LA,1985,42,10,8,105,42
measles,LA,1986,4,4,42,53,42
measles,LA,1987,,,1,31,1
measles,LA,1989,118,10,119,52,119
measles,LA,1990,,,10,52,10
measles,LA,1993,1,1,1,52,1
measles,LA,1994,1,1,1,52,1
measles,LA,1995,17,4,36,52,72
measles,LA,1998,1,1,2,52,2
measles,MA,1927,2535,5,,,
measles,MA,1928,41422,51,,,
measles,MA,1929,14861,52,,,
measles,MA,1930,27238,53,,,
measles,MA,1931,16431,52,,,
measles,MA,1932,19727,52,,,
measles,MA,1933,15067,52,,,
measles,MA,1934,44749,52,,,
measles,MA,1935,12453,52,,,
measles,MA,1936,27397,51,,,
measles,MA,1937,20846,50,,,
measles,MA,1938,9217,47,,,
measles,MA,1939,24651,45,,,
measles,MA,1940,19840,48,,,
measles,MA,1941,20217,48,,,
measles,MA,1942,24807,50,,,
measles,MA,1943,33245,47,,,
measles,MA,1944,17915,48,,,
measles,MA,1945,6734,48,,,
measles,MA,1946,38107,51,,,
measles,MA,1947,11708,51,,,
measles,MA,1948,31661,44,,,
measles,MA,1949,26401,52,,,
measles,MA,1950,12856,52,,,
measles,MA,1951,14499,49,,,
measles,MA,1952,44691,48,,,
measles,MA,1953,2177,48,,,
measles,MA,1954,23325,52,,,
measles,MA,1955,46745,49,,,
measles,MA,1956,3522,51,,,
measles,MA,1957,10945,51,,,
measles,MA,1958,35819,50,,,
measles,MA,1959,6305,48,,,
measles,MA,1960,21703,51,,,
measles,MA,1961,21735,50,,,
measles,MA,1962,26910,52,,,
measles,MA,1963,4495,48,,,
measles,MA,1964,7407,51,,,
measles,MA,1965,19505,52,19505,52,19505
measles,MA,1966,831,50,844,52,844
measles,MA,1967,416,51,416,52,416
measles,MA,1968,552,52,388,52,388
measles,MA,1969,371,49,268,52,268
measles,MA,1970,905,50,507,52,507
measles,MA,1971,466,46,263,104,286
measles,MA,1972,1246,48,1210,52,1210
measles,MA,1973,3993,51,3970,52,3975
measles,MA,1974,409,44,408,52,408
measles,MA,1975,156,28,114,52,122
measles,MA,1976,43,8,40,52,40
measles,MA,1977,765,36,650,52,651
measles,MA,1978,315,38,263,52,263
measles,MA,1979,24,7,26,52,26
measles,MA,1980,58,19,59,51,59
measles,MA,1981,61,10,60,52,61
measles,MA,1982,5,5,5,52,5
measles,MA,1983,9,8,13,52,13
measles,MA,1984,84,7,49,52,62
measles,MA,1985,118,16,49,105,118
measles,MA,1986,37,11,118,53,118
measles,MA,1987,68,12,66,52,66
measles,MA,1988,5,4,5,52,5
measles,MA,1989,107,18,108,52,108
measles,MA,1990,32,13,32,52,58
measles,MA,1991,38,9,43,52,80
measles,MA,1992,21,5,21,52,61
measles,MA,1993,10,2,18,52,18
measles,MA,1994,5,4,8,52,9
measles,MA,1995,3,3,10,52,20
measles,MA,1996,4,3,4,66,24
measles,MA,1997,,,32,52,32
measles,MA,1998,,,4,52,4
measles,MA,1999,,,16,52,16
measles,MA,2000,,,2,52,2
measles,MA,2001,2,1,6,52,6
measles,MD,1927,366,4,,,
measles,MD,1928,17542,52,,,
measles,MD,1929,2043,52,,,
measles,MD,1930,1266,51,,,
measles,MD,1931,20959,51,,,
measles,MD,1932,1093,51,,,
measles,MD,1933,697,52,,,
measles,MD,1934,26948,52,,,
measles,MD,1935,2302,52,,,
measles,MD,1936,7240,51,,,
measles,MD,1937,12246,50,,,
measles,MD,1938,2213,47,,,
measles,MD,1939,13539,46,,,
measles,MD,1940,254,48,,,
measles,MD,1941,7412,48,,,
measles,MD,1942,10640,50,,,
measles,MD,1943,3503,47,,,
measles,MD,1944,13380,48,,,
measles,MD,1945,1094,49,,,
measles,MD,1946,11642,51,,,
measles,MD,1947,1072,49,,,
measles,MD,1948,9899,44,,,
measles,MD,1949,17240,52,,,
measles,MD,1950,1545,50,,,
measles,MD,1951,6568,49,,,
measles,MD,1952,8312,49,,,
measles,MD,1953,1841,49,,,
measles,MD,1954,11648,52,,,
measles,MD,1955,2290,49,,,
measles,MD,1956,8736,50,,,
measles,MD,1957,2289,51,,,
measles,MD,1958,6287,51,,,
measles,MD,1959,2333,48,,,
measles,MD,1960,3251,52,,,
measles,MD,1961,4137,51,,,
measles,MD,1962,3154,51,,,
measles,MD,1963,2034,47,,,
measles,MD,1964,3125,47,,,
measles,MD,1965,1279,51,1359,52,1359
measles,MD,1966,2133,45,2133,52,2133
measles,MD,1967,182,46,182,52,182
measles,MD,1968,104,33,104,52,104
measles,MD,1969,96,24,100,52,100
measles,MD,1970,1392,39,1392,52,1392
measles,MD,1971,556,33,556,104,556
measles,MD,1972,12,11,15,52,15
measles,MD,1973,14,6,14,52,14
measles,MD,1974,24,6,24,52,24
measles,MD,1975,64,8,64,52,64
measles,MD,1976,829,19,715,52,829
measles,MD,1977,372,16,372,52,372
measles,MD,1978,51,10,51,52,51
measles,MD,1979,17,8,16,52,16
measles,MD,1980,85,13,84,51,84
measles,MD,1981,5,4,5,52,5
measles,MD,1982,5,5,4,52,4
measles,MD,1983,10,6,15,52,15
measles,MD,1984,23,9,22,52,22
measles,MD,1985,116,26,22,105,115
measles,MD,1986,35,16,115,53,115
measles,MD,1987,11,6,11,52,11
measles,MD,1988,16,10,17,52,17
measles,MD,1989,117,25,115,52,115
measles,MD,1990,208,29,213,52,424
measles,MD,1991,180,23,178,52,353
measles,MD,1992,13,8,17,52,193
measles,MD,1993,2,2,4,52,4
measles,MD,1994,2,1,5,52,5
measles,MD,1995,1,1,2,52,4
measles,MD,1996,3,3,4,52,8
measles,MD,1997,2,2,4,52,4
measles,MD,1998,1,1,2,52,4
measles,MD,2001,4,2,6,52,6
measles,ME,1927,301,5,,,
measles,ME,1928,3213,51,,,
measles,ME,1929,5732,52,,,
measles,ME,1930,1602,49,,,
measles,ME,1931,3505,52,,,
measles,ME,1932,8853,44,,,
measles,ME,1933,110,41,,,
measles,ME,1934,647,47,,,
measles,ME,1935,7171,50,,,
measles,ME,1936,7516,49,,,
measles,ME,1937,1131,46,,,
measles,ME,1938,3733,47,,,
measles,ME,1939,1620,45,,,
measles,ME,1940,9313,48,,,
measles,ME,1941,4414,48,,,
measles,ME,1942,4433,50,,,
measles,ME,1943,2168,47,,,
measles,ME,1944,5147,48,,,
measles,ME,1945,133,46,,,
measles,ME,1946,4742,51,,,
measles,ME,1947,4435,47,,,
measles,ME,1948,2942,44,,,
measles,ME,1949,10013,52,,,
measles,ME,1950,1009,47,,,
measles,ME,1951,1768,49,,,
measles,ME,1952,9536,48,,,
measles,ME,1953,1447,49,,,
measles,ME,1954,5810,52,,,
measles,ME,1955,6636,44,,,
measles,ME,1956,1082,50,,,
measles,ME,1957,4516,51,,,
measles,ME,1958,4367,51,,,
measles,ME,1959,2588,47,,,
measles,ME,1960,4027,52,,,
measles,ME,1961,2777,49,,,
measles,ME,1962,7137,52,,,
measles,ME,1963,482,46,,,
measles,ME,1964,3713,50,,,
measles,ME,1965,2949,50,2949,52,2949
measles,ME,1966,297,42,307,52,307
measles,ME,1967,212,25,262,52,262
measles,ME,1968,7,6,38,52,38
measles,ME,1969,1,1,10,52,10
measles,ME,1970,419,29,434,52,434
measles,ME,1971,1240,39,1534,104,1534
measles,ME,1972,211,30,254,52,254
measles,ME,1973,11,8,71,52,71
measles,ME,1974,31,15,45,52,45
measles,ME,1975,4,3,15,52,15
measles,ME,1976,10,6,10,52,10
measles,ME,1977,179,20,178,52,178
measles,ME,1978,1322,33,1319,52,1319
measles,ME,1979,19,8,18,52,19
measles,ME,1980,48,9,33,51,33
measles,ME,1981,5,5,5,52,5
measles,ME,1985,1,1,1,52,1
measles,ME,1986,15,6,1,53,26
measles,ME,1987,3,1,3,52,3
measles,ME,1988,8,1,7,52,8
measles,ME,1989,1,1,1,52,1
measles,ME,1990,3,2,30,52,59
measles,ME,1991,7,3,7,52,7
measles,ME,1992,4,3,4,52,11
measles,ME,1993,2,2,1,52,2
measles,ME,1994,5,3,5,52,5
measles,ME,1996,,,2,7,2
measles,ME,1997,,,2,52,2
measles,MI,1927,1294,5,,,
measles,MI,1928,25550,52,,,
measles,MI,1929,18052,52,,,
measles,MI,1930,28290,53,,,
measles,MI,1931,6403,52,,,
measles,MI,1932,42116,52,,,
measles,MI,1933,22089,52,,,
measles,MI,1934,6355,52,,,
measles,MI,1935,77451,52,,,
measles,MI,1936,2378,51,,,
measles,MI,1937,5743,50,,,
measles,MI,1938,74183,46,,,
measles,MI,1939,11187,45,,,
measles,MI,1940,16798,47,,,
measles,MI,1941,61228,48,,,
measles,MI,1942,7834,50,,,
measles,MI,1943,45128,47,,,
measles,MI,1944,23530,48,,,
measles,MI,1945,5278,48,,,
measles,MI,1946,40032,51,,,
measles,MI,1947,8616,51,,,
measles,MI,1948,35278,44,,,
measles,MI,1949,19761,52,,,
measles,MI,1950,38243,52,,,
measles,MI,1951,14414,49,,,
measles,MI,1952,28626,49,,,
measles,MI,1953,22286,49,,,
measles,MI,1954,40177,52,,,
measles,MI,1955,22520,49,,,
measles,MI,1956,40333,50,,,
measles,MI,1957,17777,51,,,
measles,MI,1958,40667,50,,,
measles,MI,1959,11469,48,,,
measles,MI,1960,35379,51,,,
measles,MI,1961,27580,51,,,
measles,MI,1962,25303,52,,,
measles,MI,1963,41632,48,,,
measles,MI,1964,29023,51,,,
measles,MI,1965,28161,51,28161,52,28161
measles,MI,1966,14984,51,15221,52,15221
measles,MI,1967,1151,52,1048,52,1048
measles,MI,1968,351,49,353,52,353
measles,MI,1969,389,49,402,52,402
measles,MI,1970,1819,51,1851,52,1851
measles,MI,1971,2590,50,2659,104,2659
measles,MI,1972,2313,49,2353,52,2353
measles,MI,1973,4254,50,4552,52,4552
measles,MI,1974,2288,50,2365,52,2365
measles,MI,1975,3199,48,3219,52,3219
measles,MI,1976,6021,52,6139,52,6139
measles,MI,1977,1305,49,1392,52,1392
measles,MI,1978,7618,52,8006,52,8006
measles,MI,1979,875,46,869,52,869
measles,MI,1980,280,33,250,51,250
measles,MI,1981,35,17,34,52,34
measles,MI,1982,55,18,57,52,57
measles,MI,1983,9,4,70,52,70
measles,MI,1984,296,26,465,52,465
measles,MI,1985,57,11,464,105,464
measles,MI,1986,107,15,60,53,107
measles,MI,1987,25,6,29,52,29
measles,MI,1988,27,9,31,52,31
measles,MI,1989,387,21,344,52,344
measles,MI,1990,453,22,473,52,946
measles,MI,1991,30,10,43,52,43
measles,MI,1992,5,3,13,52,58
measles,MI,1993,7,3,7,52,7
measles,MI,1994,7,4,26,52,26
measles,MI,1995,,,14,52,28
measles,MI,1996,3,2,6,52,9
measles,MI,1997,,,4,52,4
measles,MI,1998,3,2,20,52,20
measles,MI,1999,,,4,52,4
measles,MI,2000,1,1,6,52,6
measles,MN,1927,18,4,,,
measles,MN,1928,2071,52,,,
measles,MN,1929,12663,51,,,
measles,MN,1930,5656,52,,,
measles,MN,1931,3229,52,,,
measles,MN,1932,2516,52,,,
measles,MN,1933,20110,52,,,
measles,MN,1934,8451,52,,,
measles,MN,1935,28855,52,,,
measles,MN,1936,7764,50,,,
measles,MN,1937,690,48,,,
measles,MN,1938,6480,46,,,
measles,MN,1939,16227,45,,,
measles,MN,1940,5012,48,,,
measles,MN,1941,947,48,,,
measles,MN,1942,15663,50,,,
measles,MN,1943,9451,47,,,
measles,MN,1944,19569,48,,,
measles,MN,1945,366,48,,,
measles,MN,1946,1276,49,,,
measles,MN,1947,9200,51,,,
measles,MN,1948,8372,43,,,
measles,MN,1949,3359,52,,,
measles,MN,1950,4064,52,,,
measles,MN,1951,2810,48,,,
measles,MN,1952,3321,49,,,
measles,MN,1953,4239,48,,,
measles,MN,1954,2893,52,,,
measles,MN,1955,7146,49,,,
measles,MN,1956,1320,51,,,
measles,MN,1957,7508,47,,,
measles,MN,1958,1254,47,,,
measles,MN,1959,2694,47,,,
measles,MN,1960,4325,47,,,
measles,MN,1961,714,47,,,
measles,MN,1962,1667,50,,,
measles,MN,1963,2710,40,,,
measles,MN,1964,345,42,,,
measles,MN,1965,950,48,950,52,950
measles,MN,1966,1683,43,1690,52,1690
measles,MN,1967,137,33,139,52,139
measles,MN,1968,17,10,19,52,19
measles,MN,1969,27,12,11,52,17
measles,MN,1970,49,16,40,52,47
measles,MN,1971,71,23,59,104,61
measles,MN,1972,26,19,27,52,27
measles,MN,1973,24,14,24,52,24
measles,MN,1974,53,12,85,52,85
measles,MN,1975,53,6,231,52,231
measles,MN,1976,407,29,430,52,430
measles,MN,1977,2574,35,2647,52,2834
measles,MN,1978,43,17,43,52,54
measles,MN,1979,1218,32,1218,52,1218
measles,MN,1980,1106,36,1106,51,1106
measles,MN,1981,7,6,3,52,6
measles,MN,1983,,,1,52,1
measles,MN,1984,48,6,47,52,47
measles,MN,1985,4,3,47,105,47
measles,MN,1986,32,10,6,53,98
measles,MN,1987,40,13,39,52,39
measles,MN,1988,21,2,11,52,20
measles,MN,1989,2,2,27,52,27
measles,MN,1990,367,11,381,52,844
measles,MN,1991,27,9,27,52,54
measles,MN,1992,10,7,12,52,39
measles,MN,1993,,,3,10,3
measles,MN,1996,18,6,2,66,42
measles,MN,1997,8,6,16,52,16
measles,MN,1999,,,2,52,2
measles,MN,2000,1,1,2,52,2
measles,MN,2001,4,3,6,52,6
measles,MN,2002,,,1,52,2
measles,MO,1927,111,5,,,
measles,MO,1928,7155,51,,,
measles,MO,1929,6644,51,,,
measles,MO,1930,6445,53,,,
measles,MO,1931,13723,49,,,
measles,MO,1932,1618,47,,,
measles,MO,1933,5771,51,,,
measles,MO,1934,20414,52,,,
measles,MO,1935,13110,52,,,
measles,MO,1936,668,45,,,
measles,MO,1937,7073,50,,,
measles,MO,1938,17893,47,,,
measles,MO,1939,351,44,,,
measles,MO,1940,646,48,,,
measles,MO,1941,6489,48,,,
measles,MO,1942,6695,50,,,
measles,MO,1943,7254,47,,,
measles,MO,1944,5412,48,,,
measles,MO,1945,769,48,,,
measles,MO,1946,6531,45,,,
measles,MO,1947,1121,47,,,
measles,MO,1948,5794,44,,,
measles,MO,1949,7910,47,,,
measles,MO,1950,2373,52,,,
measles,MO,1951,7571,46,,,
measles,MO,1952,2163,49,,,
measles,MO,1953,8881,45,,,
measles,MO,1954,1541,49,,,
measles,MO,1955,3991,47,,,
measles,MO,1956,5200,52,,,
measles,MO,1957,4283,47,,,
measles,MO,1958,3450,50,,,
measles,MO,1959,3605,42,,,
measles,MO,1960,751,47,,,
measles,MO,1961,4441,46,,,
measles,MO,1962,1382,46,,,
measles,MO,1963,2812,43,,,
measles,MO,1964,1074,46,,,
measles,MO,1965,2688,51,2688,52,2688
measles,MO,1966,568,38,539,52,566
measles,MO,1967,340,32,340,52,340
measles,MO,1968,32,16,81,52,81
measles,MO,1969,74,16,32,52,39
measles,MO,1970,779,35,1281,52,1281
measles,MO,1971,2038,37,2607,104,2607
measles,MO,1972,179,30,181,52,181
measles,MO,1973,56,17,56,52,56
measles,MO,1974,265,33,277,52,277
measles,MO,1975,262,34,273,52,273
measles,MO,1976,230,16,230,52,230
measles,MO,1977,966,37,920,52,992
measles,MO,1978,169,14,173,52,173
measles,MO,1979,479,36,439,52,439
measles,MO,1980,50,14,65,51,65
measles,MO,1981,1,1,1,52,1
measles,MO,1982,2,2,2,52,2
measles,MO,1983,3,2,3,52,3
measles,MO,1984,6,5,6,52,6
measles,MO,1985,3,2,6,105,6
measles,MO,1986,32,11,3,53,62
measles,MO,1987,191,21,189,52,189
measles,MO,1988,21,2,23,52,23
measles,MO,1989,62,3,561,52,561
measles,MO,1990,1,1,102,52,102
measles,MO,1991,,,1,52,1
measles,MO,1992,1,1,1,48,1
measles,MO,1993,,,1,52,1
measles,MO,1994,137,1,160,52,160
measles,MO,1995,,,2,52,4
measles,MO,1996,1,1,1,66,8
measles,MO,1997,3,2,2,52,8
measles,MO,1999,1,1,2,45,2
measles,MO,2001,3,2,4,52,6
measles,MO,2002,,,2,52,2
measles,MP,1990,10,1,69,52,69
measles,MP,1992,,,2,52,2
measles,MP,1993,84,9,83,52,83
measles,MP,1994,19,6,26,52,26
measles,MP,1997,,,2,52,2
measles,MS,1937,0,1,,,
measles,MS,1938,0,1,,,
measles,MS,1939,0,4,,,
measles,MS,1940,0,1,,,
measles,MS,1941,0,1,,,
measles,MS,1944,0,4,,,
measles,MS,1945,0,2,,,
measles,MS,1947,324,39,,,
measles,MS,1948,1228,45,,,
measles,MS,1949,2226,49,,,
measles,MS,1950,2222,47,,,
measles,MS,1951,1974,48,,,
measles,MS,1952,1317,48,,,
measles,MS,1953,2414,49,,,
measles,MS,1954,3012,50,,,
measles,MS,1955,1499,46,,,
measles,MS,1956,2248,52,,,
measles,MS,1957,1283,49,,,
measles,MS,1958,1408,48,,,
measles,MS,1959,1421,40,,,
measles,MS,1960,1665,38,,,
measles,MS,1961,1520,47,,,
measles,MS,1962,2670,47,,,
measles,MS,1963,671,43,,,
measles,MS,1964,5859,42,,,
measles,MS,1965,1150,49,1150,52,1150
measles,MS,1966,1280,48,1364,52,1364
measles,MS,1967,678,44,678,52,678
measles,MS,1968,241,31,241,52,241
measles,MS,1969,23,13,24,52,24
measles,MS,1970,138,29,139,52,139
measles,MS,1971,1476,33,1560,104,1560
measles,MS,1972,210,30,197,52,197
measles,MS,1973,65,21,58,52,59
measles,MS,1974,15,9,15,52,15
measles,MS,1975,36,11,36,52,36
measles,MS,1976,17,7,17,52,17
measles,MS,1977,58,20,57,52,57
measles,MS,1978,232,27,250,52,776
measles,MS,1979,27,10,24,52,28
measles,MS,1980,31,7,99,51,99
measles,MS,1982,4,2,3,52,3
measles,MS,1983,2,1,26,52,26
measles,MS,1985,1,1,1,52,1
measles,MS,1986,7,4,1,53,12
measles,MS,1987,4,3,4,52,4
measles,MS,1988,10,5,34,52,34
measles,MS,1989,1,1,1,52,1
measles,MS,1990,,,27,52,29
measles,MS,1992,,,17,52,19
measles,MS,1993,,,16,10,16
measles,MT,1927,4,4,,,
measles,MT,1928,759,48,,,
measles,MT,1929,4285,51,,,
measles,MT,1930,636,47,,,
measles,MT,1931,1538,52,,,
measles,MT,1932,5443,52,,,
measles,MT,1933,2270,47,,,
measles,MT,1934,1940,51,,,
measles,MT,1935,7824,51,,,
measles,MT,1936,455,43,,,
measles,MT,1937,619,49,,,
measles,MT,1938,2837,46,,,
measles,MT,1939,7370,46,,,
measles,MT,1940,1164,48,,,
measles,MT,1941,870,48,,,
measles,MT,1942,3137,50,,,
measles,MT,1943,5683,47,,,
measles,MT,1944,3312,48,,,
measles,MT,1945,540,48,,,
measles,MT,1946,2222,51,,,
measles,MT,1947,4757,51,,,
measles,MT,1948,1892,42,,,
measles,MT,1949,3847,52,,,
measles,MT,1950,1866,49,,,
measles,MT,1951,2483,49,,,
measles,MT,1952,3957,49,,,
measles,MT,1953,3101,48,,,
measles,MT,1954,4680,48,,,
measles,MT,1955,2861,48,,,
measles,MT,1956,6669,51,,,
measles,MT,1957,3526,49,,,
measles,MT,1958,7096,45,,,
measles,MT,1959,4185,39,,,
measles,MT,1960,2132,45,,,
measles,MT,1961,2270,45,,,
measles,MT,1962,8246,50,,,
measles,MT,1963,3391,46,,,
measles,MT,1964,4092,49,,,
measles,MT,1965,3928,52,3928,52,3928
measles,MT,1966,1928,50,1935,52,1935
measles,MT,1967,343,42,339,52,339
measles,MT,1968,68,13,58,52,67
measles,MT,1969,118,15,122,52,122
measles,MT,1970,109,22,114,52,114
measles,MT,1971,812,31,925,104,925
measles,MT,1972,15,7,18,52,18
measles,MT,1973,358,18,358,52,358
measles,MT,1974,346,24,373,52,373
measles,MT,1975,53,14,50,52,50
measles,MT,1976,507,33,492,52,492
measles,MT,1977,1020,34,1172,52,1172
measles,MT,1978,109,18,107,52,107
measles,MT,1979,62,20,56,52,60
measles,MT,1980,1,1,2,51,2
measles,MT,1983,4,2,4,52,4
measles,MT,1985,151,13,139,52,149
measles,MT,1986,10,5,139,53,139
measles,MT,1987,139,11,128,52,134
measles,MT,1988,93,15,88,52,88
measles,MT,1989,13,1,13,52,13
measles,MT,1990,1,1,1,52,1
measles,NC,1927,2606,3,,,
measles,NC,1928,56207,48,,,
measles,NC,1929,1207,47,,,
measles,NC,1930,1429,53,,,
measles,NC,1931,15299,51,,,
measles,NC,1932,13653,52,,,
measles,NC,1933,16197,52,,,
measles,NC,1934,55684,52,,,
measles,NC,1935,10763,49,,,
measles,NC,1936,1387,49,,,
measles,NC,1937,7652,50,,,
measles,NC,1938,45795,46,,,
measles,NC,1939,19242,46,,,
measles,NC,1940,3546,48,,,
measles,NC,1941,24004,48,,,
measles,NC,1942,19851,50,,,
measles,NC,1943,4633,47,,,
measles,NC,1944,24753,48,,,
measles,NC,1945,1132,48,,,
measles,NC,1946,8947,51,,,
measles,NC,1947,4792,50,,,
measles,NC,1948,1035,43,,,
measles,NC,1949,17306,51,,,
measles,NC,1950,5116,52,,,
measles,NC,1951,3353,49,,,
measles,NC,1952,3898,49,,,
measles,NC,1953,4776,49,,,
measles,NC,1954,9472,50,,,
measles,NC,1955,1259,48,,,
measles,NC,1956,7705,51,,,
measles,NC,1957,1906,50,,,
measles,NC,1958,4103,50,,,
measles,NC,1959,3260,41,,,
measles,NC,1960,1239,50,,,
measles,NC,1961,5162,50,,,
measles,NC,1962,907,48,,,
measles,NC,1963,1449,46,,,
measles,NC,1964,1265,47,,,
measles,NC,1965,419,46,419,52,419
measles,NC,1966,778,51,827,52,827
measles,NC,1967,943,47,942,52,942
measles,NC,1968,324,32,322,52,322
measles,NC,1969,373,42,373,52,373
measles,NC,1970,1013,51,1014,52,1014
measles,NC,1971,1896,46,1966,104,1966
measles,NC,1972,37,21,38,52,38
measles,NC,1973,6,4,4,52,6
measles,NC,1974,6,5,5,52,5
measles,NC,1975,3,3,2,52,2
measles,NC,1976,19,6,18,52,18
measles,NC,1977,66,23,66,52,66
measles,NC,1978,125,26,125,52,125
measles,NC,1979,115,21,114,52,114
measles,NC,1980,131,21,130,51,130
measles,NC,1981,4,2,3,52,6
measles,NC,1982,2,2,2,52,2
measles,NC,1983,1,1,3,52,3
measles,NC,1984,1,1,1,52,1
measles,NC,1985,9,3,1,105,9
measles,NC,1986,4,3,9,53,9
measles,NC,1987,15,5,6,52,6
measles,NC,1988,4,4,5,52,5
measles,NC,1989,195,16,190,52,190
measles,NC,1990,40,11,40,52,48
measles,NC,1991,45,10,44,52,88
measles,NC,1992,25,7,24,52,68
measles,NC,1993,,,3,10,3
measles,NC,1994,3,1,3,52,3
measles,NC,1996,4,1,8,52,8
measles,NC,1997,3,3,4,52,4
measles,NC,1999,1,1,2,41,2
measles,NC,2000,1,1,2,17,2
measles,ND,1928,371,43,,,
measles,ND,1929,2286,52,,,
measles,ND,1930,813,43,,,
measles,ND,1931,966,40,,,
measles,ND,1932,2150,49,,,
measles,ND,1933,2518,51,,,
measles,ND,1934,4419,52,,,
measles,ND,1935,1946,51,,,
measles,ND,1936,112,36,,,
measles,ND,1937,55,26,,,
measles,ND,1938,4432,51,,,
measles,ND,1939,2968,45,,,
measles,ND,1940,170,48,,,
measles,ND,1941,1346,48,,,
measles,ND,1942,1594,50,,,
measles,ND,1943,4316,47,,,
measles,ND,1944,3226,48,,,
measles,ND,1945,118,47,,,
measles,ND,1946,245,36,,,
measles,ND,1947,1426,51,,,
measles,ND,1948,1258,44,,,
measles,ND,1949,1468,51,,,
measles,ND,1950,398,47,,,
measles,ND,1951,2579,49,,,
measles,ND,1952,2646,47,,,
measles,ND,1953,1548,48,,,
measles,ND,1954,2775,52,,,
measles,ND,1955,2508,48,,,
measles,ND,1956,2222,51,,,
measles,ND,1957,3851,50,,,
measles,ND,1958,4330,49,,,
measles,ND,1959,5559,48,,,
measles,ND,1960,2476,51,,,
measles,ND,1961,2814,48,,,
measles,ND,1962,3715,52,,,
measles,ND,1963,4366,48,,,
measles,ND,1964,5278,51,,,
measles,ND,1965,4045,52,4045,52,4045
measles,ND,1966,1376,50,1439,52,1439
measles,ND,1967,896,47,896,52,896
measles,ND,1968,142,37,142,52,142
measles,ND,1969,81,19,81,52,81
measles,ND,1970,321,32,321,52,321
measles,ND,1971,227,34,243,104,243
measles,ND,1972,59,23,61,52,61
measles,ND,1973,71,19,71,52,71
measles,ND,1974,37,17,37,52,37
measles,ND,1975,852,35,1063,52,1063
measles,ND,1976,1,1,3,52,3
measles,ND,1977,23,12,29,52,31
measles,ND,1978,179,24,211,52,211
measles,ND,1979,11,6,21,52,21
measles,ND,1980,,,1,51,1
measles,ND,1985,1,1,2,52,2
measles,ND,1986,,,2,53,52
measles,ND,1987,,,1,52,1
measles,NE,1927,48,4,,,
measles,NE,1928,1087,48,,,
measles,NE,1929,4166,51,,,
measles,NE,1930,10294,51,,,
measles,NE,1931,345,48,,,
measles,NE,1932,438,48,,,
measles,NE,1933,1625,47,,,
measles,NE,1934,4575,50,,,
measles,NE,1935,8795,51,,,
measles,NE,1936,1175,51,,,
measles,NE,1937,462,46,,,
measles,NE,1938,2451,44,,,
measles,NE,1939,3652,46,,,
measles,NE,1940,999,48,,,
measles,NE,1941,421,48,,,
measles,NE,1942,5486,50,,,
measles,NE,1943,4956,47,,,
measles,NE,1944,2294,48,,,
measles,NE,1945,816,48,,,
measles,NE,1946,5621,50,,,
measles,NE,1947,465,47,,,
measles,NE,1948,3336,43,,,
measles,NE,1949,2708,50,,,
measles,NE,1950,3882,40,,,
measles,NE,1951,549,43,,,
measles,NE,1952,3040,48,,,
measles,NE,1953,2430,43,,,
measles,NE,1954,2568,45,,,
measles,NE,1955,166,38,,,
measles,NE,1956,2495,47,,,
measles,NE,1957,234,42,,,
measles,NE,1958,1505,47,,,
measles,NE,1959,410,37,,,
measles,NE,1960,210,34,,,
measles,NE,1961,639,33,,,
measles,NE,1962,119,28,,,
measles,NE,1963,234,17,,,
measles,NE,1964,810,21,,,
measles,NE,1965,470,28,470,52,470
measles,NE,1966,169,26,200,52,200
measles,NE,1967,532,46,663,52,663
measles,NE,1968,67,30,67,52,67
measles,NE,1969,621,40,716,52,716
measles,NE,1970,787,33,946,52,946
measles,NE,1971,71,24,75,104,75
measles,NE,1972,24,13,24,52,24
measles,NE,1973,6,5,6,52,6
measles,NE,1974,94,6,94,52,94
measles,NE,1975,396,26,396,52,396
measles,NE,1976,55,12,55,52,55
measles,NE,1977,209,8,214,52,214
measles,NE,1978,,,5,52,9
measles,NE,1979,67,8,78,52,78
measles,NE,1980,57,11,83,51,83
measles,NE,1981,1,1,4,52,4
measles,NE,1982,3,1,3,52,3
measles,NE,1983,,,3,52,3
measles,NE,1986,,,1,52,1
measles,NE,1989,,,113,52,113
measles,NE,1990,,,106,52,196
measles,NE,1991,,,1,52,1
measles,NE,1992,,,1,48,1
measles,NE,1994,,,2,52,2
measles,NH,1927,1,1,,,
measles,NH,1928,1293,45,,,
measles,NH,1929,1609,48,,,
measles,NH,1930,665,37,,,
measles,NH,1931,1406,45,,,
measles,NH,1932,717,38,,,
measles,NH,1933,1042,36,,,
measles,NH,1934,4064,46,,,
measles,NH,1935,265,30,,,
measles,NH,1936,895,47,,,
measles,NH,1937,1891,48,,,
measles,NH,1938,1183,34,,,
measles,NH,1939,226,43,,,
measles,NH,1940,980,48,,,
measles,NH,1941,961,48,,,
measles,NH,1942,839,50,,,
measles,NH,1943,1008,47,,,
measles,NH,1944,547,48,,,
measles,NH,1945,154,47,,,
measles,NH,1946,1192,45,,,
measles,NH,1947,257,31,,,
measles,NH,1948,385,36,,,
measles,NH,1949,1229,32,,,
measles,NH,1950,186,22,,,
measles,NH,1951,1039,44,,,
measles,NH,1952,2380,38,,,
measles,NH,1953,133,25,,,
measles,NH,1954,932,48,,,
measles,NH,1955,4631,32,,,
measles,NH,1956,200,25,,,
measles,NH,1957,395,40,,,
measles,NH,1958,2138,41,,,
measles,NH,1959,456,30,,,
measles,NH,1960,1135,47,,,
measles,NH,1961,1450,46,,,
measles,NH,1962,1034,41,,,
measles,NH,1963,42,19,,,
measles,NH,1964,893,45,,,
measles,NH,1965,358,28,383,52,383
measles,NH,1966,79,24,80,52,80
measles,NH,1967,24,11,78,52,78
measles,NH,1968,88,19,150,52,150
measles,NH,1969,196,27,248,52,248
measles,NH,1970,64,21,61,52,61
measles,NH,1971,207,30,218,104,218
measles,NH,1972,762,34,849,52,849
measles,NH,1973,737,44,1043,52,1043
measles,NH,1974,157,19,212,52,212
measles,NH,1975,18,10,22,52,22
measles,NH,1976,8,6,9,52,11
measles,NH,1977,265,26,514,52,514
measles,NH,1978,54,21,86,52,86
measles,NH,1979,19,12,33,52,41
measles,NH,1980,242,26,331,51,331
measles,NH,1981,5,5,10,52,10
measles,NH,1982,5,5,3,52,3
measles,NH,1983,1,1,6,52,6
measles,NH,1984,25,5,36,52,37
measles,NH,1985,,,36,105,36
measles,NH,1986,23,7,43,52,43
measles,NH,1987,139,13,163,52,164
measles,NH,1988,111,5,111,52,112
measles,NH,1989,16,8,16,52,16
measles,NH,1990,9,5,9,52,9
measles,NH,1992,16,6,16,52,16
measles,NH,1993,1,1,2,52,2
measles,NH,1994,,,1,52,1
measles,NH,1997,,,2,52,2
measles,NH,1999,,,2,52,2
measles,NH,2000,3,1,6,52,6
measles,NJ,1927,383,5,,,
measles,NJ,1928,31637,52,,,
measles,NJ,1929,7253,52,,,
measles,NJ,1930,24703,53,,,
measles,NJ,1931,20361,52,,,
measles,NJ,1932,15407,52,,,
measles,NJ,1933,29855,52,,,
measles,NJ,1934,14718,51,,,
measles,NJ,1935,32392,52,,,
measles,NJ,1936,9069,51,,,
measles,NJ,1937,45334,50,,,
measles,NJ,1938,27132,47,,,
measles,NJ,1939,1251,45,,,
measles,NJ,1940,15587,48,,,
measles,NJ,1941,43745,48,,,
measles,NJ,1942,13121,50,,,
measles,NJ,1943,42070,47,,,
measles,NJ,1944,26675,48,,,
measles,NJ,1945,1678,48,,,
measles,NJ,1946,56625,51,,,
measles,NJ,1947,11694,51,,,
measles,NJ,1948,34529,44,,,
measles,NJ,1949,34473,52,,,
measles,NJ,1950,30874,52,,,
measles,NJ,1951,19773,49,,,
measles,NJ,1952,70631,49,,,
measles,NJ,1953,3357,47,,,
measles,NJ,1954,23896,51,,,
measles,NJ,1955,51559,48,,,
measles,NJ,1956,19110,52,,,
measles,NJ,1957,26279,51,,,
measles,NJ,1958,25274,49,,,
measles,NJ,1959,30207,48,,,
measles,NJ,1960,10697,52,,,
measles,NJ,1961,18391,51,,,
measles,NJ,1962,32528,51,,,
measles,NJ,1963,10490,48,,,
measles,NJ,1964,11744,50,,,
measles,NJ,1965,4140,51,4140,52,4140
measles,NJ,1966,2015,45,2033,52,2033
measles,NJ,1967,612,47,661,52,661
measles,NJ,1968,682,48,721,52,721
measles,NJ,1969,955,49,1126,52,1126
measles,NJ,1970,1710,46,1729,52,1729
measles,NJ,1971,1268,44,1325,104,1325
measles,NJ,1972,415,35,500,52,500
measles,NJ,1973,740,45,771,52,771
measles,NJ,1974,5505,50,5714,52,5714
measles,NJ,1975,479,43,479,52,479
measles,NJ,1976,626,38,624,52,624
measles,NJ,1977,198,26,210,52,210
measles,NJ,1978,75,18,75,52,75
measles,NJ,1979,47,17,58,52,59
measles,NJ,1980,648,27,850,51,850
measles,NJ,1981,59,25,59,52,59
measles,NJ,1982,6,4,6,52,6
measles,NJ,1983,26,2,33,52,33
measles,NJ,1984,5,3,7,52,8
measles,NJ,1985,27,13,7,105,27
measles,NJ,1986,862,16,27,53,1818
measles,NJ,1987,19,7,39,52,39
measles,NJ,1988,252,9,329,52,329
measles,NJ,1989,1,1,433,52,436
measles,NJ,1990,3,2,351,52,521
measles,NJ,1991,,,1028,52,2056
measles,NJ,1992,23,5,60,52,1092
measles,NJ,1993,,,9,52,29
measles,NJ,1994,19,1,156,52,156
measles,NJ,1995,,,12,52,24
measles,NJ,1996,,,6,52,6
measles,NJ,1997,,,6,52,6
measles,NJ,1998,,,16,52,16
measles,NJ,2001,1,1,2,52,2
measles,NM,1927,80,5,,,
measles,NM,1928,2760,43,,,
measles,NM,1929,230,37,,,
measles,NM,1930,2300,50,,,
measles,NM,1931,1415,41,,,
measles,NM,1932,1199,39,,,
measles,NM,1933,668,50,,,
measles,NM,1934,3374,50,,,
measles,NM,1935,703,43,,,
measles,NM,1936,1150,50,,,
measles,NM,1937,2451,51,,,
measles,NM,1938,2395,46,,,
measles,NM,1939,683,46,,,
measles,NM,1940,1187,48,,,
measles,NM,1941,3990,48,,,
measles,NM,1942,1537,50,,,
measles,NM,1943,440,47,,,
measles,NM,1944,1738,48,,,
measles,NM,1945,251,49,,,
measles,NM,1946,1222,49,,,
measles,NM,1947,1327,45,,,
measles,NM,1948,1057,42,,,
measles,NM,1949,4324,51,,,
measles,NM,1950,968,49,,,
measles,NM,1951,2133,49,,,
measles,NM,1952,1469,47,,,
measles,NM,1953,4981,47,,,
measles,NM,1954,2716,50,,,
measles,NM,1955,4881,48,,,
measles,NM,1956,3992,51,,,
measles,NM,1957,6330,51,,,
measles,NM,1958,8082,48,,,
measles,NM,1959,4448,48,,,
measles,NM,1960,65,1,,,
measles,NM,1961,20,1,,,
measles,NM,1964,1118,44,,,
measles,NM,1965,690,37,694,52,694
measles,NM,1966,1272,44,1282,52,1282
measles,NM,1967,612,42,612,52,612
measles,NM,1968,176,38,176,52,176
measles,NM,1969,286,44,290,52,290
measles,NM,1970,302,48,310,52,310
measles,NM,1971,402,43,406,104,406
measles,NM,1972,134,39,139,52,139
measles,NM,1973,158,40,154,52,154
measles,NM,1974,62,17,62,52,62
measles,NM,1975,108,9,16,52,92
measles,NM,1976,16,9,16,52,16
measles,NM,1977,25,14,256,52,270
measles,NM,1979,30,7,38,52,39
measles,NM,1980,1,1,14,51,14
measles,NM,1981,8,5,8,52,9
measles,NM,1984,1,1,88,52,88
measles,NM,1985,,,88,105,88
measles,NM,1986,36,15,6,53,80
measles,NM,1987,126,22,318,52,322
measles,NM,1989,25,10,31,52,31
measles,NM,1990,77,15,93,52,186
measles,NM,1991,70,23,122,52,244
measles,NM,1992,2,2,2,52,100
measles,NM,1994,,,2,52,2
measles,NM,1995,19,6,62,52,124
measles,NM,1996,15,9,34,52,34
measles,NM,1997,1,1,2,36,2
measles,NV,1940,0,10,,,
measles,NV,1941,331,49,,,
measles,NV,1942,1160,49,,,
measles,NV,1943,525,47,,,
measles,NV,1944,428,47,,,
measles,NV,1945,104,47,,,
measles,NV,1946,201,29,,,
measles,NV,1947,27,10,,,
measles,NV,1948,60,21,,,
measles,NV,1949,95,14,,,
measles,NV,1950,114,21,,,
measles,NV,1951,288,22,,,
measles,NV,1952,464,25,,,
measles,NV,1953,201,32,,,
measles,NV,1954,388,28,,,
measles,NV,1955,392,35,,,
measles,NV,1956,138,29,,,
measles,NV,1957,1540,30,,,
measles,NV,1958,198,33,,,
measles,NV,1959,614,26,,,
measles,NV,1960,765,39,,,
measles,NV,1961,623,37,,,
measles,NV,1962,674,23,,,
measles,NV,1963,269,26,,,
measles,NV,1964,996,32,,,
measles,NV,1965,223,25,225,52,225
measles,NV,1966,64,15,74,52,74
measles,NV,1967,269,18,269,52,269
measles,NV,1968,8,5,8,52,8
measles,NV,1969,1,1,1,52,1
measles,NV,1970,21,7,21,52,21
measles,NV,1971,5,2,7,104,7
measles,NV,1972,1,1,1,52,1
measles,NV,1973,1,1,1,52,1
measles,NV,1974,166,12,200,52,200
measles,NV,1975,27,12,28,52,28
measles,NV,1976,34,13,67,52,67
measles,NV,1977,78,18,93,52,93
measles,NV,1978,20,15,20,52,20
measles,NV,1979,21,9,20,52,20
measles,NV,1980,14,9,10,51,10
measles,NV,1981,14,7,11,52,11
measles,NV,1983,2,2,1,35,1
measles,NV,1986,3,3,2,52,2
measles,NV,1987,3,2,3,52,3
measles,NV,1989,7,6,9,52,9
measles,NV,1990,216,28,249,52,450
measles,NV,1991,19,12,19,52,38
measles,NV,1992,1,1,19,48,19
measles,NV,1993,1,1,1,52,1
measles,NV,1994,11,1,11,52,11
measles,NV,1995,1,1,2,52,4
measles,NV,1996,3,3,4,66,10
measles,NV,1997,1,1,4,52,6
measles,NV,1999,,,2,52,2
measles,NV,2000,4,2,14,52,14
measles,NV,2002,,,1,52,1
measles,NY,1927,1675,5,,,
measles,NY,1928,75435,51,,,
measles,NY,1929,30318,52,,,
measles,NY,1930,40007,53,,,
measles,NY,1931,54376,52,,,
measles,NY,1932,60464,52,,,
measles,NY,1933,72057,52,,,
measles,NY,1934,34208,52,,,
measles,NY,1935,69073,52,,,
measles,NY,1936,64605,51,,,
measles,NY,1937,27404,50,,,
measles,NY,1938,69473,47,,,
measles,NY,1939,41925,45,,,
measles,NY,1940,23116,48,,,
measles,NY,1941,106238,48,,,
measles,NY,1942,22772,50,,,
measles,NY,1943,66272,47,,,
measles,NY,1944,40787,48,,,
measles,NY,1945,4650,48,,,
measles,NY,1946,87064,51,,,
measles,NY,1947,14664,51,,,
measles,NY,1948,48207,44,,,
measles,NY,1949,52580,52,,,
measles,NY,1950,31526,52,,,
measles,NY,1951,35827,49,,,
measles,NY,1952,79697,49,,,
measles,NY,1953,10174,49,,,
measles,NY,1954,86718,52,,,
measles,NY,1955,38542,49,,,
measles,NY,1956,49716,52,,,
measles,NY,1957,38255,51,,,
measles,NY,1958,60457,50,,,
measles,NY,1959,23392,48,,,
measles,NY,1960,46685,52,,,
measles,NY,1961,35367,51,,,
measles,NY,1962,47224,52,,,
measles,NY,1963,18799,48,,,
measles,OH,1927,370,5,,,
measles,OH,1928,23531,49,,,
measles,OH,1929,37181,52,,,
measles,OH,1930,18541,53,,,
measles,OH,1931,19500,52,,,
measles,OH,1932,36228,52,,,
measles,OH,1933,15751,52,,,
measles,OH,1934,27713,51,,,
measles,OH,1935,36976,52,,,
measles,OH,1936,9319,51,,,
measles,OH,1937,24944,50,,,
measles,OH,1938,44402,47,,,
measles,OH,1939,1197,45,,,
measles,OH,1940,1534,48,,,
measles,OH,1941,81859,48,,,
measles,OH,1942,7626,50,,,
measles,OH,1943,20059,47,,,
measles,OH,1944,37758,48,,,
measles,OH,1945,1489,48,,,
measles,OH,1946,15929,51,,,
measles,OH,1947,18777,51,,,
measles,OH,1948,22558,44,,,
measles,OH,1949,21389,52,,,
measles,OH,1950,13470,51,,,
measles,OH,1951,23843,49,,,
measles,OH,1952,20689,48,,,
measles,OH,1953,27128,49,,,
measles,OH,1954,28597,52,,,
measles,OH,1955,15356,49,,,
measles,OH,1956,43946,52,,,
measles,OH,1957,8181,51,,,
measles,OH,1958,30025,50,,,
measles,OH,1959,12029,48,,,
measles,OH,1960,18605,51,,,
measles,OH,1961,20569,51,,,
measles,OH,1962,11763,52,,,
measles,OH,1963,14646,48,,,
measles,OH,1964,19266,51,,,
measles,OH,1965,9277,52,9277,52,9277
measles,OH,1966,6503,51,6511,52,6511
measles,OH,1967,1220,50,1220,52,1220
measles,OH,1968,334,47,333,52,333
measles,OH,1969,565,50,568,52,568
measles,OH,1970,4044,51,4047,52,4047
measles,OH,1971,3982,49,4078,104,4078
measles,OH,1972,296,44,312,52,312
measles,OH,1973,403,41,404,52,404
measles,OH,1974,2952,48,3075,52,3075
measles,OH,1975,113,30,112,52,112
measles,OH,1976,626,30,626,52,677
measles,OH,1977,1874,42,1877,52,1877
measles,OH,1978,501,41,497,52,497
measles,OH,1979,321,23,326,52,326
measles,OH,1980,380,24,380,51,380
measles,OH,1981,20,6,20,52,20
measles,OH,1982,3,2,1,52,2
measles,OH,1983,89,10,89,52,89
measles,OH,1984,9,6,9,52,9
measles,OH,1985,16,4,11,105,59
measles,OH,1986,10,2,59,53,59
measles,OH,1987,5,3,5,52,5
measles,OH,1988,96,6,109,52,109
measles,OH,1989,2721,23,2720,52,2720
measles,OH,1990,566,8,558,52,1104
measles,OH,1991,12,3,11,52,22
measles,OH,1992,6,4,6,52,17
measles,OH,1993,8,2,9,52,9
measles,OH,1994,,,17,52,17
measles,OH,1995,2,2,4,52,8
measles,OH,1996,6,3,2,66,12
measles,OH,1998,1,1,2,52,2
measles,OH,2000,2,1,6,52,6
measles,OH,2001,3,2,6,52,6
measles,OH,2002,,,1,52,1
measles,OK,1927,233,5,,,
measles,OK,1928,6298,50,,,
measles,OK,1929,1095,51,,,
measles,OK,1930,3981,52,,,
measles,OK,1931,774,43,,,
measles,OK,1932,1034,47,,,
measles,OK,1933,2437,46,,,
measles,OK,1934,9040,46,,,
measles,OK,1935,2456,43,,,
measles,OK,1936,363,45,,,
measles,OK,1937,1065,48,,,
measles,OK,1938,2573,47,,,
measles,OK,1939,4504,46,,,
measles,OK,1940,338,48,,,
measles,OK,1941,2035,48,,,
measles,OK,1942,5951,50,,,
measles,OK,1943,1256,47,,,
measles,OK,1944,3877,48,,,
measles,OK,1945,887,48,,,
measles,OK,1946,4312,47,,,
measles,OK,1947,156,44,,,
measles,OK,1948,1387,42,,,
measles,OK,1949,7453,50,,,
measles,OK,1950,634,51,,,
measles,OK,1951,7954,48,,,
measles,OK,1952,1484,47,,,
measles,OK,1953,3769,47,,,
measles,OK,1954,3361,52,,,
measles,OK,1955,2976,49,,,
measles,OK,1956,10011,49,,,
measles,OK,1957,1508,50,,,
measles,OK,1958,7206,45,,,
measles,OK,1959,668,41,,,
measles,OK,1960,1208,40,,,
measles,OK,1961,598,41,,,
measles,OK,1962,2099,34,,,
measles,OK,1963,346,34,,,
measles,OK,1964,1038,42,,,
measles,OK,1965,244,40,244,52,244
measles,OK,1966,620,41,672,52,672
measles,OK,1967,805,37,3400,52,3400
measles,OK,1968,95,24,132,52,132
measles,OK,1969,142,20,143,52,143
measles,OK,1970,802,39,994,52,994
measles,OK,1971,666,35,758,104,758
measles,OK,1972,12,9,12,52,12
measles,OK,1973,61,22,66,52,66
measles,OK,1974,29,21,30,52,30
measles,OK,1975,202,26,269,52,271
measles,OK,1976,289,34,308,52,308
measles,OK,1977,63,29,66,52,66
measles,OK,1978,20,14,19,52,19
measles,OK,1979,26,5,22,52,25
measles,OK,1980,672,23,776,51,776
measles,OK,1981,8,6,7,52,7
measles,OK,1982,33,9,30,52,30
measles,OK,1983,1,1,31,52,31
measles,OK,1984,11,4,8,52,10
measles,OK,1985,1,1,8,105,8
measles,OK,1986,32,7,1,53,78
measles,OK,1987,5,5,4,52,5
measles,OK,1988,8,2,8,52,8
measles,OK,1989,127,14,126,52,127
measles,OK,1990,175,18,174,52,177
measles,OK,1992,8,3,12,52,12
measles,OK,1997,1,1,2,52,2
measles,OK,2001,,,1,30,1
measles,OR,1927,58,5,,,
measles,OR,1928,2092,52,,,
measles,OR,1929,4662,51,,,
measles,OR,1930,2691,53,,,
measles,OR,1931,2343,52,,,
measles,OR,1932,4998,52,,,
measles,OR,1933,2253,52,,,
measles,OR,1934,1906,52,,,
measles,OR,1935,7061,52,,,
measles,OR,1936,9427,51,,,
measles,OR,1937,400,51,,,
measles,OR,1938,1011,47,,,
measles,OR,1939,1959,46,,,
measles,OR,1940,9536,48,,,
measles,OR,1941,6085,48,,,
measles,OR,1942,5630,50,,,
measles,OR,1943,8883,47,,,
measles,OR,1944,2892,48,,,
measles,OR,1945,1954,48,,,
measles,OR,1946,6454,51,,,
measles,OR,1947,917,50,,,
measles,OR,1948,5177,43,,,
measles,OR,1949,9793,52,,,
measles,OR,1950,768,51,,,
measles,OR,1951,9613,49,,,
measles,OR,1952,3255,49,,,
measles,OR,1953,8969,47,,,
measles,OR,1954,3973,52,,,
measles,OR,1955,4897,49,,,
measles,OR,1956,2293,52,,,
measles,OR,1957,15053,51,,,
measles,OR,1958,9088,50,,,
measles,OR,1959,7815,48,,,
measles,OR,1960,11074,52,,,
measles,OR,1961,5755,51,,,
measles,OR,1962,13929,52,,,
measles,OR,1963,4787,45,,,
measles,OR,1964,8553,51,,,
measles,OR,1965,3520,52,3520,52,3520
measles,OR,1966,2499,51,2596,52,2596
measles,OR,1967,1717,52,1717,52,1717
measles,OR,1968,614,51,592,52,592
measles,OR,1969,202,32,201,52,201
measles,OR,1970,455,38,458,52,458
measles,OR,1971,350,36,378,104,378
measles,OR,1972,193,34,205,52,205
measles,OR,1973,446,36,461,52,461
measles,OR,1974,24,3,24,52,24
measles,OR,1975,199,24,199,52,199
measles,OR,1976,175,29,175,52,175
measles,OR,1977,359,30,367,52,368
measles,OR,1978,531,26,529,52,529
measles,OR,1979,73,14,66,52,66
measles,OR,1980,2,2,1,51,1
measles,OR,1981,5,4,6,52,6
measles,OR,1982,12,4,24,52,24
measles,OR,1983,10,8,27,52,27
measles,OR,1985,5,4,5,52,5
measles,OR,1986,10,7,5,53,22
measles,OR,1987,101,18,103,52,103
measles,OR,1988,34,5,8,52,29
measles,OR,1989,57,8,60,52,60
measles,OR,1990,11,4,213,52,424
measles,OR,1991,75,18,93,52,186
measles,OR,1992,9,7,4,52,94
measles,OR,1994,,,2,52,2
measles,OR,1995,3,2,2,52,6
measles,OR,1996,1,1,22,52,22
measles,OR,1999,,,18,52,18
measles,OR,2001,7,5,8,52,8
measles,OR,2002,,,3,23,3
measles,PA,1927,2851,5,,,
measles,PA,1928,57322,52,,,
measles,PA,1929,47605,50,,,
measles,PA,1930,35096,53,,,
measles,PA,1931,79748,52,,,
measles,PA,1932,45957,52,,,
measles,PA,1933,32912,52,,,
measles,PA,1934,83076,52,,,
measles,PA,1935,89661,52,,,
measles,PA,1936,23857,51,,,
measles,PA,1937,38270,50,,,
measles,PA,1938,126221,47,,,
measles,PA,1939,4203,45,,,
measles,PA,1940,15465,48,,,
measles,PA,1941,100622,48,,,
measles,PA,1942,34520,50,,,
measles,PA,1943,55387,47,,,
measles,PA,1944,22780,48,,,
measles,PA,1945,10473,48,,,
measles,PA,1946,64947,50,,,
measles,PA,1947,11115,49,,,
measles,PA,1948,31723,43,,,
measles,PA,1949,50284,52,,,
measles,PA,1950,18152,52,,,
measles,PA,1951,31369,48,,,
measles,PA,1952,37432,48,,,
measles,PA,1953,14713,49,,,
measles,PA,1954,38057,51,,,
measles,PA,1955,18647,46,,,
measles,PA,1956,43664,52,,,
measles,PA,1957,12826,48,,,
measles,PA,1958,33968,45,,,
measles,PA,1959,27808,45,,,
measles,PA,1960,6767,51,,,
measles,PA,1961,25758,51,,,
measles,PA,1962,9437,52,,,
measles,PA,1963,12122,48,,,
measles,PA,1964,11736,50,,,
measles,PA,1965,6644,51,6644,52,6644
measles,PA,1966,5499,50,5516,52,5516
measles,PA,1967,792,45,792,52,792
measles,PA,1968,295,42,201,52,201
measles,PA,1969,1251,51,1252,52,1252
measles,PA,1970,2098,49,2117,52,2117
measles,PA,1971,1854,47,1935,104,1935
measles,PA,1972,56,24,70,52,70
measles,PA,1973,404,43,409,52,409
measles,PA,1974,920,40,970,52,970
measles,PA,1975,564,41,623,52,623
measles,PA,1976,3383,47,3390,52,3390
measles,PA,1977,3444,36,3687,52,3687
measles,PA,1978,294,29,363,52,363
measles,PA,1979,43,22,48,52,63
measles,PA,1980,1127,26,1119,51,1119
measles,PA,1981,484,23,607,52,607
measles,PA,1982,7,7,7,52,7
measles,PA,1983,,,10,52,10
measles,PA,1984,8,3,7,52,7
measles,PA,1985,35,9,5,105,40
measles,PA,1986,27,10,40,53,52
measles,PA,1987,37,10,40,52,40
measles,PA,1988,510,31,543,52,543
measles,PA,1989,205,21,282,52,282
measles,PA,1990,449,35,454,52,768
measles,PA,1991,1402,30,1545,52,3088
measles,PA,1992,7,4,6,52,1470
measles,PA,1994,7,6,9,52,9
measles,PA,1995,1,1,2,15,2
measles,PA,1996,13,5,26,52,31
measles,PA,1997,9,5,16,52,16
measles,PA,1998,3,2,8,52,8
measles,PA,2000,1,1,2,52,2
measles,PA,2001,2,2,12,52,12
measles,PR,1954,4257,52,,,
measles,PR,1955,3574,45,,,
measles,PR,1956,2132,51,,,
measles,PR,1957,2464,51,,,
measles,PR,1958,3010,47,,,
measles,PR,1959,2055,47,,,
measles,PR,1960,1065,42,,,
measles,PR,1961,1684,48,,,
measles,PR,1962,3686,51,,,
measles,PR,1963,1402,47,,,
measles,PR,1964,6505,45,,,
measles,PR,1965,2987,51,3009,52,3009
measles,PR,1966,4370,49,3588,52,3588
measles,PR,1967,2245,52,2245,52,2245
measles,PR,1968,507,47,524,52,524
measles,PR,1969,1927,46,2131,52,2131
measles,PR,1970,776,42,994,52,994
measles,PR,1971,423,34,650,104,650
measles,PR,1972,1030,47,1089,52,1089
measles,PR,1973,1955,50,2031,52,2031
measles,PR,1974,614,40,674,52,674
measles,PR,1975,690,40,744,52,744
measles,PR,1976,493,45,493,52,493
measles,PR,1977,916,47,1092,52,1092
measles,PR,1978,265,46,315,52,767
measles,PR,1979,375,44,381,52,381
measles,PR,1980,134,33,190,51,190
measles,PR,1981,268,37,303,52,307
measles,PR,1982,124,33,138,52,138
measles,PR,1983,63,8,315,52,315
measles,PR,1984,114,3,256,52,256
measles,PR,1985,57,12,285,105,285
measles,PR,1986,26,3,67,53,67
measles,PR,1987,699,17,771,52,771
measles,PR,1988,223,11,231,52,231
measles,PR,1989,494,24,568,52,568
measles,PR,1990,658,14,1668,52,1668
measles,PR,1991,79,14,94,52,94
measles,PR,1992,229,9,481,52,557
measles,PR,1993,134,7,311,52,311
measles,PR,1994,13,3,13,52,13
measles,PR,1995,11,5,22,52,44
measles,PR,1996,7,4,1,66,16
measles,PR,1998,635,1,,,
measles,RI,1927,30,5,,,
measles,RI,1928,4989,50,,,
measles,RI,1929,1851,41,,,
measles,RI,1930,269,40,,,
measles,RI,1931,4529,48,,,
measles,RI,1932,9970,42,,,
measles,RI,1933,63,27,,,
measles,RI,1934,444,45,,,
measles,RI,1935,6740,51,,,
measles,RI,1936,2577,47,,,
measles,RI,1937,4714,41,,,
measles,RI,1938,76,31,,,
measles,RI,1939,1680,46,,,
measles,RI,1940,3949,47,,,
measles,RI,1941,278,48,,,
measles,RI,1942,4734,50,,,
measles,RI,1943,1874,47,,,
measles,RI,1944,4288,48,,,
measles,RI,1945,204,47,,,
measles,RI,1946,1247,45,,,
measles,RI,1947,4033,39,,,
measles,RI,1948,381,37,,,
measles,RI,1949,4499,40,,,
measles,RI,1950,260,45,,,
measles,RI,1951,888,48,,,
measles,RI,1952,5156,31,,,
measles,RI,1953,130,24,,,
measles,RI,1954,1825,49,,,
measles,RI,1955,5409,36,,,
measles,RI,1956,188,34,,,
measles,RI,1957,618,38,,,
measles,RI,1958,4263,41,,,
measles,RI,1959,308,32,,,
measles,RI,1960,1948,50,,,
measles,RI,1961,6573,45,,,
measles,RI,1962,3301,46,,,
measles,RI,1963,1223,47,,,
measles,RI,1964,2472,50,,,
measles,RI,1965,3972,43,3972,52,3972
measles,RI,1966,88,22,75,52,79
measles,RI,1967,61,12,62,52,62
measles,RI,1968,67,10,65,52,65
measles,RI,1969,18,6,27,52,27
measles,RI,1970,110,18,120,52,120
measles,RI,1971,227,19,241,104,241
measles,RI,1972,509,30,527,52,527
measles,RI,1973,647,39,647,52,647
measles,RI,1974,60,15,61,52,61
measles,RI,1975,5,4,3,52,3
measles,RI,1976,16,6,15,52,15
measles,RI,1977,65,13,65,52,65
measles,RI,1978,8,3,8,52,8
measles,RI,1979,103,6,102,52,103
measles,RI,1980,2,2,2,51,2
measles,RI,1986,2,2,2,52,2
measles,RI,1987,2,2,2,52,2
measles,RI,1989,38,8,40,52,41
measles,RI,1990,30,5,30,52,60
measles,RI,1991,4,2,4,52,8
measles,RI,1992,11,2,20,52,27
measles,RI,1993,1,1,2,52,2
measles,RI,1994,5,4,7,52,7
measles,RI,1995,5,2,10,52,20
measles,SC,1927,2146,5,,,
measles,SC,1928,19798,42,,,
measles,SC,1929,211,25,,,
measles,SC,1930,252,7,,,
measles,SC,1931,3330,50,,,
measles,SC,1932,3192,52,,,
measles,SC,1933,6319,52,,,
measles,SC,1934,11222,52,,,
measles,SC,1935,818,45,,,
measles,SC,1936,872,46,,,
measles,SC,1937,1787,47,,,
measles,SC,1938,6514,47,,,
measles,SC,1939,609,46,,,
measles,SC,1940,558,48,,,
measles,SC,1941,9764,48,,,
measles,SC,1942,4031,50,,,
measles,SC,1943,2899,47,,,
measles,SC,1944,7375,48,,,
measles,SC,1945,1090,48,,,
measles,SC,1946,7555,46,,,
measles,SC,1947,3165,51,,,
measles,SC,1948,2412,43,,,
measles,SC,1949,9193,51,,,
measles,SC,1950,1973,46,,,
measles,SC,1951,743,47,,,
measles,SC,1952,1981,47,,,
measles,SC,1953,1948,43,,,
measles,SC,1954,5546,46,,,
measles,SC,1955,1173,49,,,
measles,SC,1956,8576,52,,,
measles,SC,1957,5644,50,,,
measles,SC,1958,10879,42,,,
measles,SC,1959,1946,40,,,
measles,SC,1960,1284,45,,,
measles,SC,1961,3292,50,,,
measles,SC,1962,930,45,,,
measles,SC,1963,2356,48,,,
measles,SC,1964,4001,47,,,
measles,SC,1965,1262,48,1262,52,1262
measles,SC,1966,663,39,664,52,664
measles,SC,1967,517,33,517,52,517
measles,SC,1968,38,18,29,52,29
measles,SC,1969,136,35,134,52,134
measles,SC,1970,638,45,645,52,645
measles,SC,1971,892,45,939,104,939
measles,SC,1972,210,28,218,52,218
measles,SC,1973,79,32,79,52,79
measles,SC,1974,58,23,57,52,57
measles,SC,1975,17,5,1,52,14
measles,SC,1976,5,5,4,52,4
measles,SC,1977,165,30,164,52,181
measles,SC,1978,200,29,199,52,199
measles,SC,1979,95,23,183,52,183
measles,SC,1980,160,15,159,51,159
measles,SC,1981,,,2,52,2
measles,SC,1983,4,3,4,52,4
measles,SC,1985,1,1,1,105,3
measles,SC,1986,249,13,3,53,275
measles,SC,1987,2,1,2,52,2
measles,SC,1989,18,3,15,52,18
measles,SC,1990,4,3,4,52,4
measles,SC,1991,13,2,13,52,13
measles,SC,1992,29,1,29,52,42
measles,SC,1997,1,1,2,52,2
measles,SD,1927,86,5,,,
measles,SD,1928,1094,45,,,
measles,SD,1929,1158,47,,,
measles,SD,1930,2400,44,,,
measles,SD,1931,1474,50,,,
measles,SD,1932,667,39,,,
measles,SD,1933,2064,45,,,
measles,SD,1934,9370,51,,,
measles,SD,1935,1127,43,,,
measles,SD,1936,228,40,,,
measles,SD,1937,65,25,,,
measles,SD,1938,942,15,,,
measles,SD,1939,6294,48,,,
measles,SD,1940,141,48,,,
measles,SD,1941,353,48,,,
measles,SD,1942,871,50,,,
measles,SD,1943,3221,47,,,
measles,SD,1944,1416,48,,,
measles,SD,1945,491,48,,,
measles,SD,1946,1160,43,,,
measles,SD,1947,1259,51,,,
measles,SD,1948,864,40,,,
measles,SD,1949,993,48,,,
measles,SD,1950,710,46,,,
measles,SD,1951,699,49,,,
measles,SD,1952,920,43,,,
measles,SD,1953,446,37,,,
measles,SD,1954,809,46,,,
measles,SD,1955,422,42,,,
measles,SD,1956,581,41,,,
measles,SD,1957,543,36,,,
measles,SD,1958,121,31,,,
measles,SD,1959,861,28,,,
measles,SD,1960,120,12,,,
measles,SD,1961,151,28,,,
measles,SD,1962,453,38,,,
measles,SD,1963,89,22,,,
measles,SD,1964,69,20,,,
measles,SD,1965,116,25,116,52,116
measles,SD,1966,40,7,40,52,40
measles,SD,1967,58,16,58,52,58
measles,SD,1968,4,4,4,52,4
measles,SD,1969,3,3,51,52,51
measles,SD,1970,106,15,106,52,106
measles,SD,1971,211,27,222,104,222
measles,SD,1972,12,9,12,52,12
measles,SD,1973,3,2,3,52,3
measles,SD,1974,28,9,28,52,28
measles,SD,1975,178,17,356,52,356
measles,SD,1976,5,4,5,52,5
measles,SD,1977,60,12,75,52,75
measles,SD,1979,2,2,2,52,2
measles,SD,1990,23,8,23,52,46
measles,SD,1997,8,1,16,52,16
measles,TN,1927,619,5,,,
measles,TN,1928,8272,42,,,
measles,TN,1929,860,51,,,
measles,TN,1930,4793,52,,,
measles,TN,1931,3581,51,,,
measles,TN,1932,1870,47,,,
measles,TN,1933,3667,52,,,
measles,TN,1934,18036,52,,,
measles,TN,1935,1436,46,,,
measles,TN,1936,1431,49,,,
measles,TN,1937,2974,49,,,
measles,TN,1938,10758,47,,,
measles,TN,1939,2009,46,,,
measles,TN,1940,2861,48,,,
measles,TN,1941,8511,48,,,
measles,TN,1942,2908,50,,,
measles,TN,1943,6291,47,,,
measles,TN,1944,5066,48,,,
measles,TN,1945,1693,48,,,
measles,TN,1946,4874,51,,,
measles,TN,1947,1884,50,,,
measles,TN,1948,4122,44,,,
measles,TN,1949,8179,52,,,
measles,TN,1950,3578,50,,,
measles,TN,1951,2719,49,,,
measles,TN,1952,7556,49,,,
measles,TN,1953,2797,49,,,
measles,TN,1954,13987,52,,,
measles,TN,1955,5876,49,,,
measles,TN,1956,21071,52,,,
measles,TN,1957,15659,51,,,
measles,TN,1958,27544,49,,,
measles,TN,1959,9720,48,,,
measles,TN,1960,19158,52,,,
measles,TN,1961,14600,50,,,
measles,TN,1962,24474,52,,,
measles,TN,1963,6825,48,,,
measles,TN,1964,23734,51,,,
measles,TN,1965,9043,52,9043,52,9043
measles,TN,1966,12718,51,12754,52,12754
measles,TN,1967,2068,52,2068,52,2068
measles,TN,1968,65,23,65,52,65
measles,TN,1969,19,15,21,52,21
measles,TN,1970,546,44,556,52,556
measles,TN,1971,1012,38,1026,104,1026
measles,TN,1972,195,30,195,52,195
measles,TN,1973,165,25,165,52,165
measles,TN,1974,56,12,57,52,57
measles,TN,1975,178,25,178,52,178
measles,TN,1976,212,27,215,52,215
measles,TN,1977,737,43,746,52,746
measles,TN,1978,990,46,966,52,972
measles,TN,1979,80,29,77,52,77
measles,TN,1980,179,22,172,51,179
measles,TN,1981,4,3,2,52,2
measles,TN,1982,6,6,6,52,6
measles,TN,1983,1,1,6,52,6
measles,TN,1984,,,2,52,2
measles,TN,1985,,,2,105,2
measles,TN,1986,58,9,1,53,116
measles,TN,1988,1,1,1,48,1
measles,TN,1989,138,15,150,52,152
measles,TN,1990,77,18,104,52,104
measles,TN,1991,9,5,7,52,14
measles,TN,1992,1,1,3,48,3
measles,TN,1993,,,1,19,1
measles,TN,1994,24,6,28,52,28
measles,TN,1996,1,1,4,52,4
measles,TN,1998,,,2,52,2
measles,TX,1927,129,4,,,
measles,TX,1928,5528,49,,,
measles,TX,1929,4107,52,,,
measles,TX,1930,4376,52,,,
measles,TX,1931,2336,44,,,
measles,TX,1932,4564,48,,,
measles,TX,1933,21734,52,,,
measles,TX,1934,29699,52,,,
measles,TX,1935,3923,50,,,
measles,TX,1936,7903,50,,,
measles,TX,1937,14694,51,,,
measles,TX,1938,5438,47,,,
measles,TX,1939,8157,46,,,
measles,TX,1940,18701,48,,,
measles,TX,1941,19515,47,,,
measles,TX,1942,35058,50,,,
measles,TX,1943,14882,47,,,
measles,TX,1944,40338,48,,,
measles,TX,1945,10679,48,,,
measles,TX,1946,31293,51,,,
measles,TX,1947,8214,51,,,
measles,TX,1948,44845,44,,,
measles,TX,1949,57133,52,,,
measles,TX,1950,14493,51,,,
measles,TX,1951,65601,49,,,
measles,TX,1952,18823,48,,,
measles,TX,1953,74072,48,,,
measles,TX,1954,75953,50,,,
measles,TX,1955,39466,49,,,
measles,TX,1956,66685,52,,,
measles,TX,1957,42797,48,,,
measles,TX,1958,82299,50,,,
measles,TX,1959,33917,48,,,
measles,TX,1960,49678,52,,,
measles,TX,1961,16111,51,,,
measles,TX,1962,66915,52,,,
measles,TX,1963,16697,48,,,
measles,TX,1964,39353,37,,,
measles,TX,1965,29509,51,30634,52,30634
measles,TX,1966,25178,51,25440,52,25440
measles,TX,1967,13283,51,13383,52,13383
measles,TX,1968,5146,50,5220,52,5220
measles,TX,1969,4957,51,4943,52,4943
measles,TX,1970,8327,50,8365,52,8365
measles,TX,1971,9093,50,9488,104,9488
measles,TX,1972,1554,48,1618,52,1618
measles,TX,1973,499,47,524,52,524
measles,TX,1974,173,39,210,52,210
measles,TX,1975,280,48,278,52,278
measles,TX,1976,262,48,267,52,267
measles,TX,1977,2050,50,2032,52,2032
measles,TX,1978,1047,51,1033,52,1033
measles,TX,1979,648,49,670,52,673
measles,TX,1980,200,47,189,51,189
measles,TX,1981,924,45,872,52,925
measles,TX,1982,174,31,127,52,129
measles,TX,1983,37,6,163,52,163
measles,TX,1984,540,29,602,52,602
measles,TX,1985,412,29,602,105,602
measles,TX,1986,369,28,409,53,794
measles,TX,1987,409,17,444,52,444
measles,TX,1988,14,5,16,52,16
measles,TX,1989,3129,29,3072,52,3072
measles,TX,1990,4066,26,4096,52,8084
measles,TX,1991,212,15,214,52,428
measles,TX,1992,887,15,1052,52,1263
measles,TX,1993,9,3,9,52,62
measles,TX,1994,17,8,17,52,17
measles,TX,1995,8,7,28,52,56
measles,TX,1996,19,8,1,66,56
measles,TX,1997,4,3,14,52,14
measles,TX,1999,4,3,18,52,18
measles,TX,2001,1,1,2,52,2
measles,TX,2002,,,1,52,2
measles,UT,1927,3,3,,,
measles,UT,1928,85,38,,,
measles,UT,1929,350,44,,,
measles,UT,1930,5323,48,,,
measles,UT,1931,153,40,,,
measles,UT,1932,72,36,,,
measles,UT,1933,2091,51,,,
measles,UT,1934,11405,51,,,
measles,UT,1935,264,43,,,
measles,UT,1936,701,50,,,
measles,UT,1937,2099,51,,,
measles,UT,1938,6753,47,,,
measles,UT,1939,2946,45,,,
measles,UT,1940,9513,48,,,
measles,UT,1941,1012,48,,,
measles,UT,1942,15653,50,,,
measles,UT,1943,7124,47,,,
measles,UT,1944,1101,48,,,
measles,UT,1945,4573,48,,,
measles,UT,1946,8450,51,,,
measles,UT,1947,498,50,,,
measles,UT,1948,5952,44,,,
measles,UT,1949,3533,51,,,
measles,UT,1950,6382,51,,,
measles,UT,1951,2340,48,,,
measles,UT,1952,4915,49,,,
measles,UT,1953,5736,49,,,
measles,UT,1954,7829,52,,,
measles,UT,1955,791,48,,,
measles,UT,1956,2299,51,,,
measles,UT,1957,14454,50,,,
measles,UT,1958,3877,50,,,
measles,UT,1959,5837,45,,,
measles,UT,1960,4966,52,,,
measles,UT,1961,1681,51,,,
measles,UT,1962,4125,51,,,
measles,UT,1963,3080,48,,,
measles,UT,1964,2550,51,,,
measles,UT,1965,4422,52,4658,52,4658
measles,UT,1966,688,45,690,52,690
measles,UT,1967,385,39,383,52,385
measles,UT,1968,21,7,21,52,21
measles,UT,1969,11,10,11,52,11
measles,UT,1970,39,16,39,52,39
measles,UT,1971,332,30,345,104,345
measles,UT,1972,160,21,159,52,159
measles,UT,1973,3,3,129,52,129
measles,UT,1974,15,8,15,52,16
measles,UT,1975,355,19,354,52,354
measles,UT,1976,2197,38,2239,52,2255
measles,UT,1977,23,12,23,52,23
measles,UT,1978,44,5,44,52,46
measles,UT,1979,21,7,20,52,20
measles,UT,1980,45,14,47,51,47
measles,UT,1982,3,1,3,52,3
measles,UT,1983,10,2,25,52,25
measles,UT,1984,25,9,27,52,27
measles,UT,1985,,,27,105,27
measles,UT,1986,7,6,13,52,13
measles,UT,1987,1,1,1,52,1
measles,UT,1988,1,1,1,52,1
measles,UT,1989,115,7,114,52,118
measles,UT,1990,146,12,147,52,147
measles,UT,1991,224,15,224,52,448
measles,UT,1992,,,224,48,224
measles,UT,1994,102,11,134,52,134
measles,UT,1995,1,1,2,25,2
measles,UT,1996,137,8,238,52,238
measles,UT,1997,2,2,2,52,2
measles,UT,1999,2,2,4,52,4
measles,UT,2000,2,1,6,52,6
measles,UT,2002,,,1,52,1
measles,VA,1921,1,1,,,
measles,VA,1922,27,3,,,
measles,VA,1923,2,1,,,
measles,VA,1932,1309,27,,,
measles,VA,1933,8656,52,,,
measles,VA,1934,28795,52,,,
measles,VA,1935,18329,52,,,
measles,VA,1936,3332,50,,,
measles,VA,1937,8739,50,,,
measles,VA,1938,11795,47,,,
measles,VA,1939,10761,46,,,
measles,VA,1940,3925,48,,,
measles,VA,1941,29744,48,,,
measles,VA,1942,4693,50,,,
measles,VA,1943,10975,47,,,
measles,VA,1944,15734,48,,,
measles,VA,1945,1465,48,,,
measles,VA,1946,13413,51,,,
measles,VA,1947,7831,51,,,
measles,VA,1948,6160,44,,,
measles,VA,1949,21377,52,,,
measles,VA,1950,2951,52,,,
measles,VA,1951,14035,49,,,
measles,VA,1952,13215,47,,,
measles,VA,1953,4808,49,,,
measles,VA,1954,23945,52,,,
measles,VA,1955,4310,49,,,
measles,VA,1956,23616,52,,,
measles,VA,1957,4946,50,,,
measles,VA,1958,21533,49,,,
measles,VA,1959,13801,48,,,
measles,VA,1960,7396,51,,,
measles,VA,1961,11709,50,,,
measles,VA,1962,9660,51,,,
measles,VA,1963,7377,47,,,
measles,VA,1964,11973,51,,,
measles,VA,1965,4117,51,4325,52,4325
measles,VA,1966,2256,49,2268,52,2268
measles,VA,1967,2346,51,2346,52,2346
measles,VA,1968,356,44,425,52,425
measles,VA,1969,934,41,1011,52,1011
measles,VA,1970,2466,48,2343,52,2343
measles,VA,1971,1562,46,1615,104,1615
measles,VA,1972,77,29,77,52,77
measles,VA,1973,435,37,430,52,430
measles,VA,1974,43,20,38,52,38
measles,VA,1975,43,24,40,52,40
measles,VA,1976,856,47,850,52,850
measles,VA,1977,2757,48,2758,52,2758
measles,VA,1978,2648,46,2836,52,2837
measles,VA,1979,320,41,288,52,290
measles,VA,1980,358,31,339,51,340
measles,VA,1981,9,4,16,52,16
measles,VA,1982,3,3,14,52,14
measles,VA,1983,22,6,37,52,37
measles,VA,1984,2,2,5,52,5
measles,VA,1985,27,11,5,105,28
measles,VA,1986,36,15,28,53,120
measles,VA,1987,1,1,1,52,1
measles,VA,1988,211,19,239,52,239
measles,VA,1989,22,9,22,52,23
measles,VA,1990,76,19,86,52,172
measles,VA,1991,29,11,31,52,61
measles,VA,1992,10,5,16,52,46
measles,VA,1993,4,4,4,52,6
measles,VA,1994,1,1,3,52,3
measles,VA,1996,,,6,52,6
measles,VA,1997,1,1,2,52,2
measles,VA,1998,2,1,4,52,8
measles,VA,1999,17,4,36,52,36
measles,VA,2000,2,1,4,52,4
measles,VA,2001,2,2,2,52,2
measles,VI,1970,8,7,8,52,8
measles,VI,1971,14,9,17,104,17
measles,VI,1972,2,2,3,52,3
measles,VI,1973,8,3,7,52,7
measles,VI,1974,28,12,30,52,30
measles,VI,1975,53009,8,8,52,53008
measles,VI,1976,14,12,17,52,17
measles,VI,1977,13,5,14,52,14
measles,VI,1978,15,3,6,52,265
measles,VI,1979,4,3,6,52,9
measles,VI,1980,4,2,6,51,6
measles,VI,1981,11,4,25,52,25
measles,VI,1983,4,2,8,52,8
measles,VI,1984,,,5,35,5
measles,VI,1985,5,3,10,52,12
measles,VI,1986,,,10,53,10
measles,VI,1989,,,4,52,4
measles,VI,1990,,,24,52,48
measles,VI,1991,,,2,52,2
measles,VI,1992,,,2,48,2
measles,VT,1927,2,2,,,
measles,VT,1928,1205,48,,,
measles,VT,1929,378,41,,,
measles,VT,1930,860,43,,,
measles,VT,1931,1143,45,,,
measles,VT,1932,4103,46,,,
measles,VT,1933,1116,43,,,
measles,VT,1934,1359,44,,,
measles,VT,1935,1390,51,,,
measles,VT,1936,10623,42,,,
measles,VT,1937,1030,41,,,
measles,VT,1938,4181,43,,,
measles,VT,1939,2138,45,,,
measles,VT,1940,428,48,,,
measles,VT,1941,1299,48,,,
measles,VT,1942,3929,50,,,
measles,VT,1943,8025,47,,,
measles,VT,1944,2198,48,,,
measles,VT,1945,457,47,,,
measles,VT,1946,2802,51,,,
measles,VT,1947,4859,45,,,
measles,VT,1948,1471,40,,,
measles,VT,1949,6315,47,,,
measles,VT,1950,605,48,,,
measles,VT,1951,4275,49,,,
measles,VT,1952,5076,46,,,
measles,VT,1953,441,46,,,
measles,VT,1954,2866,51,,,
measles,VT,1955,7106,46,,,
measles,VT,1956,1285,50,,,
measles,VT,1957,2863,43,,,
measles,VT,1958,2087,47,,,
measles,VT,1959,2034,45,,,
measles,VT,1960,3475,47,,,
measles,VT,1961,1154,44,,,
measles,VT,1962,2037,47,,,
measles,VT,1963,1611,41,,,
measles,VT,1964,2381,49,,,
measles,VT,1965,1457,45,1457,52,1457
measles,VT,1966,327,38,348,52,348
measles,VT,1967,42,14,42,52,42
measles,VT,1968,8,4,3,52,5
measles,VT,1969,3,3,3,52,3
measles,VT,1970,9,8,9,52,9
measles,VT,1971,123,28,123,104,123
measles,VT,1972,80,19,128,52,128
measles,VT,1973,121,25,121,52,121
measles,VT,1974,57,11,56,52,57
measles,VT,1975,45,12,75,52,75
measles,VT,1976,169,19,169,52,169
measles,VT,1977,285,27,294,52,294
measles,VT,1978,53,14,53,52,53
measles,VT,1979,118,19,119,52,119
measles,VT,1980,216,24,227,51,227
measles,VT,1981,2,2,3,52,3
measles,VT,1982,2,2,2,52,2
measles,VT,1983,,,2,52,2
measles,VT,1984,7,6,7,52,7
measles,VT,1985,,,7,105,7
measles,VT,1987,24,10,26,52,26
measles,VT,1989,,,3,52,3
measles,VT,1990,1,1,1,52,1
measles,VT,1991,4,3,5,52,5
measles,VT,1992,,,5,48,5
measles,VT,1993,27,13,31,52,31
measles,VT,1994,,,3,52,3
measles,VT,1996,1,1,1,66,4
measles,VT,1998,1,1,2,52,2
measles,VT,2000,2,1,6,52,6
measles,VT,2001,2,2,2,52,2
measles,WA,1927,741,5,,,
measles,WA,1928,5357,52,,,
measles,WA,1929,3866,52,,,
measles,WA,1930,9931,53,,,
measles,WA,1931,3121,51,,,
measles,WA,1932,10009,50,,,
measles,WA,1933,2481,51,,,
measles,WA,1934,7628,51,,,
measles,WA,1935,8560,52,,,
measles,WA,1936,7682,51,,,
measles,WA,1937,1737,51,,,
measles,WA,1938,1413,47,,,
measles,WA,1939,20973,46,,,
measles,WA,1940,16545,48,,,
measles,WA,1941,1552,48,,,
measles,WA,1942,13002,50,,,
measles,WA,1943,16286,47,,,
measles,WA,1944,5415,48,,,
measles,WA,1945,6418,48,,,
measles,WA,1946,12512,50,,,
measles,WA,1947,1216,51,,,
measles,WA,1948,10931,44,,,
measles,WA,1949,12644,52,,,
measles,WA,1950,3543,50,,,
measles,WA,1951,17776,48,,,
measles,WA,1952,4864,49,,,
measles,WA,1953,11723,49,,,
measles,WA,1954,21574,50,,,
measles,WA,1955,11068,48,,,
measles,WA,1956,12842,51,,,
measles,WA,1957,16735,51,,,
measles,WA,1958,10654,49,,,
measles,WA,1959,14457,48,,,
measles,WA,1960,13023,49,,,
measles,WA,1961,8685,51,,,
measles,WA,1962,20714,50,,,
measles,WA,1963,4933,47,,,
measles,WA,1964,19978,50,,,
measles,WA,1965,7587,48,7619,52,7619
measles,WA,1966,4931,49,5342,52,5342
measles,WA,1967,5679,51,5689,52,5689
measles,WA,1968,598,43,607,52,607
measles,WA,1969,56,24,69,52,69
measles,WA,1970,678,40,774,52,774
measles,WA,1971,1136,42,1166,104,1166
measles,WA,1972,987,38,996,52,996
measles,WA,1973,888,45,1111,52,1111
measles,WA,1974,79,27,78,52,78
measles,WA,1975,300,29,300,52,300
measles,WA,1976,367,33,364,52,364
measles,WA,1977,539,39,559,52,559
measles,WA,1978,429,40,428,52,710
measles,WA,1979,1037,40,1163,52,1163
measles,WA,1980,173,25,178,51,178
measles,WA,1981,2,1,3,52,5
measles,WA,1982,32,14,42,52,42
measles,WA,1983,28,9,78,52,78
measles,WA,1984,172,16,172,52,172
measles,WA,1985,45,7,178,105,178
measles,WA,1986,215,26,147,53,334
measles,WA,1987,47,12,47,52,47
measles,WA,1988,7,3,7,52,18
measles,WA,1989,16,2,53,52,53
measles,WA,1990,75,2,345,52,542
measles,WA,1991,65,2,61,52,122
measles,WA,1992,11,3,11,52,72
measles,WA,1993,,,7,10,7
measles,WA,1995,21,6,42,52,84
measles,WA,1996,45,5,4,66,102
measles,WA,1997,1,1,4,52,4
measles,WA,1998,,,2,52,2
measles,WA,2000,,,6,52,6
measles,WA,2001,13,1,30,52,30
measles,WI,1927,434,5,,,
measles,WI,1928,3646,52,,,
measles,WI,1929,29825,52,,,
measles,WI,1930,22240,53,,,
measles,WI,1931,15146,52,,,
measles,WI,1932,28255,52,,,
measles,WI,1933,9651,52,,,
measles,WI,1934,40706,52,,,
measles,WI,1935,43453,52,,,
measles,WI,1936,3930,51,,,
measles,WI,1937,2055,50,,,
measles,WI,1938,70163,47,,,
measles,WI,1939,18438,45,,,
measles,WI,1940,18902,48,,,
measles,WI,1941,30360,48,,,
measles,WI,1942,23550,50,,,
measles,WI,1943,40946,47,,,
measles,WI,1944,42991,48,,,
measles,WI,1945,2147,48,,,
measles,WI,1946,46363,51,,,
measles,WI,1947,12440,51,,,
measles,WI,1948,30801,44,,,
measles,WI,1949,39712,52,,,
measles,WI,1950,19386,52,,,
measles,WI,1951,32948,48,,,
measles,WI,1952,41722,49,,,
measles,WI,1953,41410,49,,,
measles,WI,1954,10448,52,,,
measles,WI,1955,51103,49,,,
measles,WI,1956,26782,52,,,
measles,WI,1957,37181,50,,,
measles,WI,1958,64000,47,,,
measles,WI,1959,14972,47,,,
measles,WI,1960,43191,51,,,
measles,WI,1961,37401,51,,,
measles,WI,1962,14793,51,,,
measles,WI,1963,58107,48,,,
measles,WI,1964,15425,51,,,
measles,WI,1965,20407,52,20407,52,20407
measles,WI,1966,31459,51,31504,52,31504
measles,WI,1967,2131,52,2121,52,2123
measles,WI,1968,1384,52,1384,52,1384
measles,WI,1969,671,51,688,52,688
measles,WI,1970,1384,51,1390,52,1390
measles,WI,1971,3874,50,3980,104,3980
measles,WI,1972,3436,49,3869,52,3869
measles,WI,1973,1361,51,1368,52,1368
measles,WI,1974,637,50,684,52,684
measles,WI,1975,1472,52,1506,52,1506
measles,WI,1976,4096,52,4147,52,4147
measles,WI,1977,2327,50,2491,52,2491
measles,WI,1978,1555,49,1515,52,1516
measles,WI,1979,647,50,550,52,550
measles,WI,1980,1477,41,1377,51,1386
measles,WI,1981,5,4,3,52,5
measles,WI,1982,1,1,1,6,1
measles,WI,1983,,,1,52,1
measles,WI,1984,3,1,35,52,35
measles,WI,1985,,,41,105,59
measles,WI,1986,,,59,53,562
measles,WI,1987,3,3,146,52,148
measles,WI,1988,1,1,4,52,4
measles,WI,1989,,,460,52,460
measles,WI,1990,1,1,747,52,1498
measles,WI,1991,,,9,52,18
measles,WI,1992,,,2,52,11
measles,WI,1993,,,6,52,7
measles,WI,1994,,,3,52,3
measles,WI,1995,,,4,52,8
measles,WI,1996,,,1,66,4
measles,WI,1997,,,2,45,2
measles,WI,1998,,,2,52,2
measles,WV,1927,165,5,,,
measles,WV,1928,3324,52,,,
measles,WV,1929,6527,51,,,
measles,WV,1930,2754,53,,,
measles,WV,1931,5070,52,,,
measles,WV,1932,10476,52,,,
measles,WV,1933,5315,51,,,
measles,WV,1934,4105,52,,,
measles,WV,1935,10870,51,,,
measles,WV,1936,1154,45,,,
measles,WV,1937,1995,50,,,
measles,WV,1938,10100,44,,,
measles,WV,1939,461,46,,,
measles,WV,1940,583,48,,,
measles,WV,1941,11418,48,,,
measles,WV,1942,5266,50,,,
measles,WV,1943,2079,47,,,
measles,WV,1944,8801,48,,,
measles,WV,1945,888,47,,,
measles,WV,1946,2590,46,,,
measles,WV,1947,2890,48,,,
measles,WV,1948,5726,38,,,
measles,WV,1949,3637,52,,,
measles,WV,1950,6133,51,,,
measles,WV,1951,4509,48,,,
measles,WV,1952,5370,49,,,
measles,WV,1953,5943,48,,,
measles,WV,1954,9755,51,,,
measles,WV,1955,3839,49,,,
measles,WV,1956,10903,51,,,
measles,WV,1957,3411,50,,,
measles,WV,1958,12125,49,,,
measles,WV,1959,7538,47,,,
measles,WV,1960,3528,49,,,
measles,WV,1961,7842,51,,,
measles,WV,1962,9970,51,,,
measles,WV,1963,12505,47,,,
measles,WV,1964,9321,51,,,
measles,WV,1965,14872,52,14872,52,14872
measles,WV,1966,5564,51,5580,52,5580
measles,WV,1967,1496,51,1486,52,1486
measles,WV,1968,362,49,337,52,337
measles,WV,1969,242,41,226,52,226
measles,WV,1970,349,45,350,52,350
measles,WV,1971,568,48,580,104,580
measles,WV,1972,276,41,306,52,306
measles,WV,1973,226,44,232,52,232
measles,WV,1974,234,46,231,52,231
measles,WV,1975,220,45,222,52,222
measles,WV,1976,212,44,214,52,214
measles,WV,1977,275,45,278,52,278
measles,WV,1978,885,44,1068,52,1085
measles,WV,1979,69,30,65,52,65
measles,WV,1980,30,21,15,51,23
measles,WV,1981,4,2,9,52,9
measles,WV,1982,1,1,3,52,3
measles,WV,1983,1,1,3,52,3
measles,WV,1985,35,6,33,52,33
measles,WV,1986,2,1,33,53,33
measles,WV,1988,4,1,6,52,8
measles,WV,1989,53,3,53,52,53
measles,WV,1990,6,1,6,52,6
measles,WV,1994,36,1,36,52,36
measles,WY,1927,32,4,,,
measles,WY,1928,499,35,,,
measles,WY,1929,696,43,,,
measles,WY,1930,773,36,,,
measles,WY,1931,139,41,,,
measles,WY,1932,557,45,,,
measles,WY,1933,573,50,,,
measles,WY,1934,2254,47,,,
measles,WY,1935,2217,52,,,
measles,WY,1936,141,40,,,
measles,WY,1937,170,42,,,
measles,WY,1938,613,46,,,
measles,WY,1939,1967,46,,,
measles,WY,1940,650,48,,,
measles,WY,1941,815,48,,,
measles,WY,1942,1639,50,,,
measles,WY,1943,2824,47,,,
measles,WY,1944,1739,48,,,
measles,WY,1945,255,48,,,
measles,WY,1946,1069,45,,,
measles,WY,1947,444,47,,,
measles,WY,1948,2172,41,,,
measles,WY,1949,558,49,,,
measles,WY,1950,648,43,,,
measles,WY,1951,2193,44,,,
measles,WY,1952,410,44,,,
measles,WY,1953,1440,46,,,
measles,WY,1954,1148,44,,,
measles,WY,1955,555,41,,,
measles,WY,1956,1999,41,,,
measles,WY,1957,218,38,,,
measles,WY,1958,1365,45,,,
measles,WY,1959,900,40,,,
measles,WY,1960,694,33,,,
measles,WY,1961,484,35,,,
measles,WY,1962,476,29,,,
measles,WY,1963,329,23,,,
measles,WY,1964,286,32,,,
measles,WY,1965,751,44,874,52,874
measles,WY,1966,225,33,236,52,236
measles,WY,1967,107,23,207,52,207
measles,WY,1968,55,25,55,52,55
measles,WY,1969,8,1,8,20,8
measles,WY,1970,11,3,11,52,11
measles,WY,1971,85,14,85,104,85
measles,WY,1972,51,3,51,52,51
measles,WY,1973,66,15,81,52,81
measles,WY,1974,17,4,14,52,14
measles,WY,1975,3,3,3,52,3
measles,WY,1976,4,2,4,52,4
measles,WY,1977,19,11,19,52,19
measles,WY,1979,,,36,52,38
measles,WY,1981,1,1,1,52,1
measles,WY,1982,,,1,52,1
measles,WY,1983,,,1,52,1
measles,WY,1985,5,2,5,52,5
measles,WY,1986,,,5,53,5
measles,WY,1987,2,1,2,52,2
measles,WY,1990,2,1,15,52,15
measles,WY,1991,3,1,3,52,6
measles,WY,1992,1,1,1,52,4
measles,WY,1993,,,1,10,1
measles,WY,1996,1,1,2,52,2
mumps,AK,1968,718,52,,,
mumps,AK,1969,920,41,,,
mumps,AK,1970,241,27,399,52,399
mumps,AK,1971,73,21,130,52,130
mumps,AK,1972,247,30,284,52,284
mumps,AK,1973,872,46,932,52,932
mumps,AK,1974,149,32,152,52,152
mumps,AK,1975,52,19,52,52,52
mumps,AK,1976,38,21,38,52,38
mumps,AK,1977,34,13,35,52,35
mumps,AK,1978,15,14,15,52,15
mumps,AK,1979,15,8,15,52,15
mumps,AK,1980,14,9,14,51,14
mumps,AK,1981,19,12,20,52,20
mumps,AK,1982,14,11,16,52,16
mumps,AK,1983,16,12,16,52,16
mumps,AK,1984,16,11,14,52,15
mumps,AK,1985,10,9,10,52,10
mumps,AK,1986,8,6,10,53,10
mumps,AK,1987,8,6,8,52,8
mumps,AK,1988,14,12,13,52,13
mumps,AK,1989,1,1,2,52,2
mumps,AK,1990,1,1,8,52,8
mumps,AK,1991,12,8,17,52,17
mumps,AK,1992,3,2,3,52,3
mumps,AK,1993,7,6,11,52,11
mumps,AK,1994,2,2,4,52,4
mumps,AK,1995,,,13,52,13
mumps,AK,1996,2,2,3,52,3
mumps,AK,1997,4,4,4,52,4
mumps,AK,1998,2,1,2,52,2
mumps,AK,1999,3,3,3,52,3
mumps,AK,2000,7,5,7,52,7
mumps,AK,2001,1,1,1,52,1
mumps,AK,2011,1,1,1,52,1
mumps,AK,2012,,,1,52,1
mumps,AK,2013,1,1,1,52,1
mumps,AK,2014,2,2,2,53,2
mumps,AK,2015,1,1,1,42,1
mumps,AK,2016,2,2,2,53,2
mumps,AK,2017,4,4,120,52,120
mumps,AL,1968,548,44,,,
mumps,AL,1969,234,37,,,
mumps,AL,1970,392,47,404,52,404
mumps,AL,1971,1021,45,1036,52,1036
mumps,AL,1972,821,44,852,52,852
mumps,AL,1973,755,45,758,52,758
mumps,AL,1974,613,49,624,52,624
mumps,AL,1975,453,49,453,52,453
mumps,AL,1976,389,50,389,52,389
mumps,AL,1977,278,45,376,52,376
mumps,AL,1978,437,46,437,52,437
mumps,AL,1979,28,20,28,52,28
mumps,AL,1980,34,19,34,51,34
mumps,AL,1981,19,12,19,52,19
mumps,AL,1982,10,9,10,52,10
mumps,AL,1983,2,2,2,52,2
mumps,AL,1984,6,6,6,52,6
mumps,AL,1985,1,1,1,52,1
mumps,AL,1986,4,4,1,53,4
mumps,AL,1987,64,22,64,52,64
mumps,AL,1988,16,11,16,52,16
mumps,AL,1989,30,20,29,52,29
mumps,AL,1990,19,14,19,52,19
mumps,AL,1991,14,13,15,52,15
mumps,AL,1992,11,10,14,52,14
mumps,AL,1993,22,16,22,52,22
mumps,AL,1994,12,5,12,52,12
mumps,AL,1995,,,4,52,4
mumps,AL,1996,5,4,6,52,6
mumps,AL,1997,8,8,9,52,9
mumps,AL,1998,4,4,9,52,9
mumps,AL,1999,5,5,11,52,11
mumps,AL,2000,3,3,4,52,4
mumps,AL,2002,,,3,52,3
mumps,AL,2011,,,1,52,1
mumps,AL,2012,,,1,52,1
mumps,AL,2013,,,2,52,2
mumps,AL,2014,,,2,53,4
mumps,AL,2015,,,1,53,1
mumps,AL,2016,1,1,3,53,3
mumps,AL,2017,,,36,52,36
mumps,AR,1968,19,13,,,
mumps,AR,1969,89,17,,,
mumps,AR,1970,156,26,162,52,162
mumps,AR,1971,157,31,158,52,158
mumps,AR,1972,192,27,222,52,222
mumps,AR,1973,335,50,415,52,415
mumps,AR,1974,184,36,255,52,255
mumps,AR,1975,185,21,186,52,186
mumps,AR,1976,81,16,81,52,81
mumps,AR,1977,151,34,157,52,157
mumps,AR,1978,629,38,641,52,641
mumps,AR,1979,641,26,532,52,755
mumps,AR,1980,26,15,25,51,25
mumps,AR,1981,7,6,8,52,8
mumps,AR,1982,7,7,9,52,9
mumps,AR,1983,2,2,3,52,3
mumps,AR,1984,8,6,8,52,8
mumps,AR,1985,7,6,7,52,7
mumps,AR,1986,184,9,7,53,184
mumps,AR,1987,71,13,294,52,294
mumps,AR,1988,54,13,142,52,143
mumps,AR,1989,204,42,202,52,202
mumps,AR,1990,138,34,140,52,140
mumps,AR,1991,44,16,44,52,44
mumps,AR,1992,8,7,9,52,9
mumps,AR,1993,3,3,4,52,4
mumps,AR,1994,5,2,5,52,5
mumps,AR,1995,,,10,52,10
mumps,AR,1996,1,1,1,52,2
mumps,AR,1997,,,1,52,1
mumps,AR,1998,8,2,12,52,12
mumps,AR,2000,5,3,5,52,5
mumps,AR,2001,1,1,1,52,1
mumps,AR,2011,,,3,52,3
mumps,AR,2012,,,1,52,1
mumps,AR,2013,,,2,52,2
mumps,AR,2014,1,1,1,53,2
mumps,AR,2015,4,4,7,53,7
mumps,AR,2016,764,14,2122,53,2122
mumps,AR,2017,272,20,528,52,537
mumps,AS,1986,4,3,5,52,5
mumps,AS,1987,6,5,7,52,7
mumps,AS,1988,3,2,4,52,4
mumps,AS,1989,,,3,52,3
mumps,AS,1990,,,41,52,41
mumps,AS,1991,,,3,52,3
mumps,AS,1993,1,1,1,52,1
mumps,AS,1994,1,1,1,52,1
mumps,AZ,1968,2014,50,,,
mumps,AZ,1969,2101,49,,,
mumps,AZ,1970,987,49,1015,52,1015
mumps,AZ,1971,1232,50,1274,52,1274
mumps,AZ,1972,947,47,1037,52,1037
mumps,AZ,1973,130,6,140,52,150
mumps,AZ,1978,24,18,26,52,26
mumps,AZ,1979,64,21,64,52,64
mumps,AZ,1980,42,20,46,51,46
mumps,AZ,1981,37,22,39,52,39
mumps,AZ,1982,50,22,63,52,63
mumps,AZ,1983,89,29,93,52,93
mumps,AZ,1984,203,37,203,52,203
mumps,AZ,1985,124,37,127,52,127
mumps,AZ,1986,188,42,127,53,206
mumps,AZ,1987,189,36,191,52,191
mumps,AZ,1988,141,39,143,52,143
mumps,AZ,1989,128,34,130,52,130
mumps,AZ,1990,112,39,143,52,143
mumps,AZ,1991,91,31,122,52,129
mumps,AZ,1992,28,11,78,52,78
mumps,AZ,1993,13,8,15,52,20
mumps,AZ,1994,96,12,95,52,95
mumps,AZ,1995,,,2,52,7
mumps,AZ,1996,1,1,1,52,1
mumps,AZ,1997,31,6,33,52,33
mumps,AZ,1998,2,2,6,52,6
mumps,AZ,1999,8,3,8,52,8
mumps,AZ,2000,4,2,6,52,6
mumps,AZ,2001,1,1,1,52,1
mumps,AZ,2002,,,1,52,1
mumps,AZ,2011,1,1,1,44,1
mumps,AZ,2012,,,3,52,3
mumps,AZ,2013,,,1,52,1
mumps,AZ,2014,,,11,53,18
mumps,AZ,2015,,,2,53,2
mumps,AZ,2016,3,3,7,53,7
mumps,AZ,2017,17,11,34,52,35
mumps,CA,1968,16895,51,,,
mumps,CA,1969,8016,51,,,
mumps,CA,1970,6225,50,6398,52,6398
mumps,CA,1971,7370,50,7654,52,7654
mumps,CA,1972,7007,49,7345,52,7345
mumps,CA,1973,5672,49,5935,52,5935
mumps,CA,1974,2494,48,2639,52,2639
mumps,CA,1975,3690,50,3690,52,3690
mumps,CA,1976,1768,51,1838,52,1838
mumps,CA,1977,831,44,923,52,923
mumps,CA,1978,527,47,594,52,594
mumps,CA,1979,449,44,490,52,490
mumps,CA,1980,413,46,464,51,464
mumps,CA,1981,402,45,473,52,473
mumps,CA,1982,410,45,484,52,484
mumps,CA,1983,301,43,349,52,349
mumps,CA,1984,352,45,415,52,415
mumps,CA,1985,382,46,420,52,420
mumps,CA,1986,304,47,420,53,420
mumps,CA,1987,347,44,393,52,393
mumps,CA,1988,430,47,490,52,490
mumps,CA,1989,245,29,519,52,519
mumps,CA,1990,451,44,570,52,570
mumps,CA,1991,389,47,499,52,499
mumps,CA,1992,215,48,304,52,304
mumps,CA,1993,166,49,283,52,283
mumps,CA,1994,131,42,248,52,248
mumps,CA,1995,,,206,52,206
mumps,CA,1996,78,37,178,52,178
mumps,CA,1997,68,25,147,52,147
mumps,CA,1998,49,33,108,52,108
mumps,CA,1999,38,27,90,52,90
mumps,CA,2000,52,20,87,52,87
mumps,CA,2001,26,18,46,52,46
mumps,CA,2002,,,67,52,67
mumps,CA,2011,5,2,37,52,37
mumps,CA,2012,1,1,23,52,23
mumps,CA,2013,8,4,23,52,23
mumps,CA,2014,5,5,32,53,32
mumps,CA,2015,,,16,53,16
mumps,CA,2016,4,4,79,53,79
mumps,CA,2017,12,11,97,52,97
mumps,CO,1968,2810,48,,,
mumps,CO,1969,859,48,,,
mumps,CO,1970,1535,49,1566,52,1566
mumps,CO,1971,1554,50,1636,52,1636
mumps,CO,1972,820,47,847,52,847
mumps,CO,1973,604,49,616,52,616
mumps,CO,1974,594,48,616,52,616
mumps,CO,1975,675,50,675,52,675
mumps,CO,1976,282,45,282,52,282
mumps,CO,1977,307,45,308,52,308
mumps,CO,1978,115,39,115,52,115
mumps,CO,1979,118,36,117,52,117
mumps,CO,1980,65,37,66,51,66
mumps,CO,1981,42,23,54,52,54
mumps,CO,1982,16,13,21,52,21
mumps,CO,1983,49,18,54,52,54
mumps,CO,1984,31,22,31,52,31
mumps,CO,1985,25,19,27,52,27
mumps,CO,1986,18,16,27,53,27
mumps,CO,1987,35,18,35,52,35
mumps,CO,1988,33,19,33,52,33
mumps,CO,1989,65,26,82,52,82
mumps,CO,1990,27,22,26,52,26
mumps,CO,1991,140,35,135,52,135
mumps,CO,1992,31,20,32,52,32
mumps,CO,1993,12,8,17,52,17
mumps,CO,1994,3,3,3,52,3
mumps,CO,1995,,,2,52,2
mumps,CO,1996,3,3,3,52,3
mumps,CO,1997,3,3,3,52,3
mumps,CO,1998,8,7,7,52,8
mumps,CO,1999,5,5,5,52,5
mumps,CO,2000,3,3,3,52,3
mumps,CO,2001,2,2,3,52,3
mumps,CO,2002,,,3,52,3
mumps,CO,2011,2,2,3,52,3
mumps,CO,2012,,,5,52,5
mumps,CO,2013,,,2,52,2
mumps,CO,2014,1,1,4,53,4
mumps,CO,2015,2,2,6,53,6
mumps,CO,2016,13,11,13,53,13
mumps,CO,2017,60,22,82,52,82
mumps,CT,1968,3835,50,,,
mumps,CT,1969,3985,51,,,
mumps,CT,1970,3649,51,3692,52,3692
mumps,CT,1971,1549,50,1610,52,1610
mumps,CT,1972,1101,49,1159,52,1159
mumps,CT,1973,1583,51,1597,52,1597
mumps,CT,1974,1676,49,1685,52,1685
mumps,CT,1975,812,51,812,52,812
mumps,CT,1976,745,50,745,52,745
mumps,CT,1977,364,44,375,52,375
mumps,CT,1978,139,43,139,52,139
mumps,CT,1979,204,43,264,52,264
mumps,CT,1980,102,27,100,51,100
mumps,CT,1981,51,28,52,52,52
mumps,CT,1982,25,22,26,52,26
mumps,CT,1983,22,17,21,52,21
mumps,CT,1984,10,7,10,52,10
mumps,CT,1985,8,6,8,52,8
mumps,CT,1986,22,9,8,53,23
mumps,CT,1987,16,12,16,52,16
mumps,CT,1988,,,10,52,10
mumps,CT,1989,7,5,11,52,11
mumps,CT,1990,12,5,12,52,12
mumps,CT,1991,12,5,12,52,12
mumps,CT,1992,7,3,8,52,8
mumps,CT,1993,5,5,7,52,7
mumps,CT,1994,12,5,12,52,12
mumps,CT,1995,,,3,52,3
mumps,CT,1997,,,1,52,1
mumps,CT,1998,2,2,3,52,3
mumps,CT,2000,3,3,3,52,3
mumps,CT,2002,,,1,52,1
mumps,CT,2013,,,4,52,4
mumps,CT,2015,,,3,53,4
mumps,CT,2016,4,2,38,53,38
mumps,CT,2017,1,1,13,52,13
mumps,DC,1968,236,33,,,
mumps,DC,1969,92,24,,,
mumps,DC,1970,218,43,223,52,223
mumps,DC,1971,97,36,101,52,101
mumps,DC,1972,31,20,31,52,31
mumps,DC,1973,159,38,164,52,164
mumps,DC,1974,50,25,51,52,51
mumps,DC,1975,154,32,158,52,158
mumps,DC,1976,108,27,108,52,108
mumps,DC,1977,6,4,7,52,7
mumps,DC,1978,2,2,2,52,2
mumps,DC,1979,1,1,2,52,2
mumps,DC,1980,5,5,5,51,5
mumps,DC,1981,3,3,4,52,7
mumps,DC,1984,1,1,,,
mumps,DC,1986,1,1,1,52,1
mumps,DC,1987,1,1,1,52,1
mumps,DC,1988,284,42,291,52,291
mumps,DC,1989,92,28,143,52,143
mumps,DC,1990,34,20,41,52,41
mumps,DC,1991,24,12,24,52,24
mumps,DC,1992,7,4,7,52,7
mumps,DC,1993,1,1,1,52,1
mumps,DC,1996,,,1,52,1
mumps,DC,1998,,,2,10,2
mumps,DC,1999,2,2,2,52,2
mumps,DC,2011,,,1,52,1
mumps,DC,2012,,,2,52,2
mumps,DC,2013,,,1,52,1
mumps,DC,2014,15,6,16,53,32
mumps,DC,2016,4,4,10,53,10
mumps,DC,2017,2,2,11,52,11
mumps,DE,1968,302,46,,,
mumps,DE,1969,130,39,,,
mumps,DE,1970,366,50,375,52,375
mumps,DE,1971,184,45,188,52,188
mumps,DE,1972,174,43,180,52,180
mumps,DE,1973,285,42,285,52,285
mumps,DE,1974,186,38,106,52,106
mumps,DE,1975,13,10,13,52,13
mumps,DE,1976,89,34,83,52,83
mumps,DE,1977,144,43,154,52,154
mumps,DE,1978,56,27,57,52,57
mumps,DE,1979,95,39,95,52,95
mumps,DE,1980,41,23,42,51,42
mumps,DE,1981,8,5,10,52,10
mumps,DE,1982,12,5,12,52,13
mumps,DE,1983,6,5,9,52,9
mumps,DE,1984,2,2,3,52,3
mumps,DE,1985,,,1,52,1
mumps,DE,1986,,,1,53,1
mumps,DE,1988,1,1,1,52,1
mumps,DE,1989,1,1,1,52,2
mumps,DE,1990,2,2,6,52,6
mumps,DE,1991,3,3,7,52,7
mumps,DE,1992,7,6,8,52,8
mumps,DE,1993,7,6,7,52,7
mumps,DE,1998,,,2,10,2
mumps,DE,2015,1,1,2,53,2
mumps,DE,2017,,,3,52,3
mumps,FL,1968,2234,51,,,
mumps,FL,1969,1646,50,,,
mumps,FL,1970,2907,50,3026,52,3026
mumps,FL,1971,2848,49,2974,52,2974
mumps,FL,1972,1366,47,1462,52,1462
mumps,FL,1973,2601,49,2643,52,2643
mumps,FL,1974,1845,50,1887,52,1887
mumps,FL,1975,942,48,953,52,953
mumps,FL,1976,361,49,355,52,355
mumps,FL,1977,263,46,268,52,268
mumps,FL,1978,309,49,310,52,310
mumps,FL,1979,130,39,195,52,195
mumps,FL,1980,182,46,182,51,182
mumps,FL,1981,129,41,140,52,140
mumps,FL,1982,40,24,46,52,46
mumps,FL,1984,38,27,52,52,52
mumps,FL,1985,56,31,55,52,55
mumps,FL,1986,50,26,55,53,57
mumps,FL,1987,58,30,65,52,65
mumps,FL,1988,34,20,39,52,39
mumps,FL,1989,43,32,47,52,47
mumps,FL,1990,160,39,185,52,185
mumps,FL,1991,359,41,445,52,445
mumps,FL,1992,263,38,285,52,285
mumps,FL,1993,50,33,45,52,45
mumps,FL,1994,34,18,33,52,33
mumps,FL,1995,,,17,52,17
mumps,FL,1996,16,12,32,52,32
mumps,FL,1997,35,21,23,52,23
mumps,FL,1998,33,18,22,52,22
mumps,FL,1999,26,18,16,52,16
mumps,FL,2000,6,5,7,52,7
mumps,FL,2001,9,9,8,52,8
mumps,FL,2002,,,7,52,8
mumps,FL,2011,12,9,11,52,11
mumps,FL,2012,6,6,6,52,6
mumps,FL,2013,4,4,1,52,2
mumps,FL,2014,4,4,1,53,2
mumps,FL,2015,10,10,11,53,11
mumps,FL,2016,15,14,16,53,16
mumps,FL,2017,69,27,74,52,74
mumps,GA,1968,92,3,,,
mumps,GA,1969,4,4,,,
mumps,GA,1970,3,2,3,52,3
mumps,GA,1971,11,4,11,52,11
mumps,GA,1972,27,8,27,52,27
mumps,GA,1973,32,13,32,52,32
mumps,GA,1974,1,1,1,52,1
mumps,GA,1975,17,9,17,52,17
mumps,GA,1976,3,3,3,52,5
mumps,GA,1977,35,19,37,52,37
mumps,GA,1978,69,19,71,52,71
mumps,GA,1979,7,5,7,52,7
mumps,GA,1980,17,10,16,51,16
mumps,GA,1981,40,19,38,52,38
mumps,GA,1982,26,19,29,52,29
mumps,GA,1983,20,11,51,52,51
mumps,GA,1984,21,9,22,52,22
mumps,GA,1985,29,6,30,52,30
mumps,GA,1986,28,13,30,53,30
mumps,GA,1987,40,4,40,52,40
mumps,GA,1988,37,18,37,52,37
mumps,GA,1989,103,17,102,52,102
mumps,GA,1990,96,15,96,52,96
mumps,GA,1991,86,12,86,52,86
mumps,GA,1992,50,6,75,52,75
mumps,GA,1993,18,6,18,52,18
mumps,GA,1994,5,3,9,52,9
mumps,GA,1995,,,10,52,10
mumps,GA,1996,3,3,3,52,3
mumps,GA,1997,9,5,10,52,10
mumps,GA,1998,2,2,2,52,3
mumps,GA,1999,4,3,4,52,4
mumps,GA,2000,2,2,2,52,2
mumps,GA,2001,7,2,7,52,7
mumps,GA,2002,,,2,52,4
mumps,GA,2011,3,2,5,52,5
mumps,GA,2012,2,2,3,52,3
mumps,GA,2014,,,4,50,8
mumps,GA,2016,1,1,3,53,3
mumps,GA,2017,5,4,59,52,59
mumps,GU,1972,8,5,14,52,14
mumps,GU,1973,1,1,40,52,40
mumps,GU,1974,1,1,376,52,376
mumps,GU,1975,,,32,52,32
mumps,GU,1976,1,1,24,52,24
mumps,GU,1977,,,9,52,9
mumps,GU,1978,,,39,52,39
mumps,GU,1979,,,13,52,13
mumps,GU,1980,,,11,51,11
mumps,GU,1981,,,8,52,9
mumps,GU,1982,,,5,52,5
mumps,GU,1983,,,1,52,1
mumps,GU,1984,,,5,52,5
mumps,GU,1985,,,7,52,7
mumps,GU,1986,4,4,7,53,7
mumps,GU,1987,2,2,5,52,5
mumps,GU,1988,2,2,3,52,3
mumps,GU,1989,,,12,52,12
mumps,GU,1990,1,1,5,52,5
mumps,GU,1992,,,12,52,12
mumps,GU,1993,,,10,52,10
mumps,GU,1994,,,7,52,7
mumps,GU,1995,,,4,52,4
mumps,GU,1996,,,5,52,5
mumps,GU,1997,,,1,52,1
mumps,GU,1998,,,2,52,2
mumps,GU,1999,,,1,52,1
mumps,GU,2011,,,12,52,14
mumps,HI,1968,988,48,,,
mumps,HI,1969,597,47,,,
mumps,HI,1970,1457,48,1638,52,1638
mumps,HI,1971,869,47,937,52,937
mumps,HI,1972,306,44,313,52,313
mumps,HI,1973,267,41,281,52,281
mumps,HI,1974,75,34,77,52,77
mumps,HI,1975,54,31,54,52,54
mumps,HI,1976,42,26,42,52,42
mumps,HI,1977,41,27,41,52,41
mumps,HI,1978,35,21,35,52,35
mumps,HI,1979,119,39,119,52,119
mumps,HI,1980,22,16,21,51,21
mumps,HI,1981,25,15,26,52,26
mumps,HI,1982,21,13,21,52,21
mumps,HI,1983,18,13,20,52,20
mumps,HI,1984,24,18,24,52,24
mumps,HI,1985,18,14,19,52,19
mumps,HI,1986,24,16,19,53,24
mumps,HI,1987,16,14,16,52,16
mumps,HI,1988,14,10,18,52,18
mumps,HI,1989,17,16,20,52,20
mumps,HI,1990,25,15,26,52,26
mumps,HI,1991,27,20,30,52,30
mumps,HI,1992,25,13,27,52,27
mumps,HI,1993,24,20,26,52,26
mumps,HI,1994,18,13,19,52,19
mumps,HI,1995,,,14,52,14
mumps,HI,1996,19,14,30,52,30
mumps,HI,1997,9,7,23,52,23
mumps,HI,1998,7,7,24,52,24
mumps,HI,1999,4,3,13,52,13
mumps,HI,2000,1,1,14,52,14
mumps,HI,2001,11,7,41,52,41
mumps,HI,2002,,,16,52,16
mumps,HI,2011,,,2,52,3
mumps,HI,2012,,,1,52,1
mumps,HI,2013,,,1,52,1
mumps,HI,2014,,,1,53,1
mumps,HI,2015,1,1,2,53,2
mumps,HI,2016,,,6,53,6
mumps,HI,2017,36,15,755,52,755
mumps,IA,1968,11927,49,,,
mumps,IA,1969,4329,51,,,
mumps,IA,1970,3319,49,3454,52,3454
mumps,IA,1971,5519,50,5721,52,5721
mumps,IA,1972,6483,49,6986,52,6986
mumps,IA,1973,3833,46,3877,52,3877
mumps,IA,1974,1962,48,1983,52,1983
mumps,IA,1975,1525,51,1540,52,1540
mumps,IA,1976,1591,49,1615,52,1615
mumps,IA,1977,1245,48,1359,52,1359
mumps,IA,1978,165,38,189,52,189
mumps,IA,1979,246,40,246,52,246
mumps,IA,1980,64,31,62,51,62
mumps,IA,1981,89,35,94,52,94
mumps,IA,1982,63,28,65,52,65
mumps,IA,1983,43,21,45,52,45
mumps,IA,1984,26,18,26,52,26
mumps,IA,1985,19,17,19,52,19
mumps,IA,1986,76,33,19,53,87
mumps,IA,1987,467,49,467,52,467
mumps,IA,1988,39,20,39,52,39
mumps,IA,1989,53,32,53,52,53
mumps,IA,1990,23,20,23,52,23
mumps,IA,1991,24,19,24,52,24
mumps,IA,1992,14,12,13,52,13
mumps,IA,1993,10,9,11,52,11
mumps,IA,1994,15,13,16,52,16
mumps,IA,1995,,,11,52,11
mumps,IA,1996,2,2,3,52,3
mumps,IA,1997,10,8,10,52,10
mumps,IA,1998,7,7,11,52,11
mumps,IA,1999,7,7,8,52,8
mumps,IA,2000,5,5,8,52,8
mumps,IA,2001,1,1,1,52,1
mumps,IA,2002,,,1,52,1
mumps,IA,2011,,,7,52,7
mumps,IA,2012,,,3,52,3
mumps,IA,2013,,,3,52,3
mumps,IA,2014,,,8,53,8
mumps,IA,2015,5,4,237,53,237
mumps,IA,2016,31,23,678,53,678
mumps,IA,2017,8,7,118,52,118
mumps,ID,1968,464,49,,,
mumps,ID,1969,207,39,,,
mumps,ID,1970,107,31,110,52,110
mumps,ID,1971,182,37,183,52,183
mumps,ID,1972,220,35,257,52,257
mumps,ID,1973,133,25,133,52,133
mumps,ID,1974,162,22,162,52,162
mumps,ID,1975,71,16,71,52,71
mumps,ID,1976,436,36,478,52,478
mumps,ID,1977,127,34,134,52,134
mumps,ID,1978,26,11,28,52,70
mumps,ID,1979,6,5,11,52,11
mumps,ID,1980,13,9,16,51,16
mumps,ID,1981,8,6,8,52,8
mumps,ID,1982,5,5,5,52,5
mumps,ID,1983,9,6,9,52,9
mumps,ID,1984,10,9,10,52,10
mumps,ID,1985,10,10,10,52,10
mumps,ID,1986,9,8,10,53,10
mumps,ID,1987,7,7,7,52,7
mumps,ID,1988,10,8,10,52,10
mumps,ID,1989,35,16,39,52,39
mumps,ID,1990,74,23,144,52,144
mumps,ID,1991,10,7,12,52,12
mumps,ID,1992,5,5,4,52,4
mumps,ID,1993,5,4,5,52,5
mumps,ID,1994,11,10,10,52,10
mumps,ID,1995,,,4,52,4
mumps,ID,1997,5,5,5,52,5
mumps,ID,1998,6,5,7,52,7
mumps,ID,1999,3,3,4,52,4
mumps,ID,2000,1,1,1,52,1
mumps,ID,2001,3,3,2,52,2
mumps,ID,2002,,,2,52,2
mumps,ID,2011,2,2,2,52,2
mumps,ID,2014,9,5,12,53,12
mumps,ID,2015,10,7,8,53,9
mumps,ID,2016,1,1,1,53,1
mumps,ID,2017,5,5,5,52,6
mumps,IL,1968,5166,50,,,
mumps,IL,1969,2859,48,,,
mumps,IL,1970,2221,51,2258,52,2258
mumps,IL,1971,5070,50,5332,52,5332
mumps,IL,1972,3198,49,3361,52,3361
mumps,IL,1973,2857,49,2869,52,2869
mumps,IL,1974,1607,50,1634,52,1634
mumps,IL,1975,2853,51,2853,52,2853
mumps,IL,1976,1964,52,1964,52,1964
mumps,IL,1977,1390,51,1396,52,1396
mumps,IL,1978,1904,52,2101,52,2101
mumps,IL,1979,1003,50,1007,52,1007
mumps,IL,1980,412,50,419,51,419
mumps,IL,1981,213,41,229,52,229
mumps,IL,1982,191,43,222,52,222
mumps,IL,1983,153,34,170,52,170
mumps,IL,1984,195,39,211,52,211
mumps,IL,1985,195,35,253,52,253
mumps,IL,1986,2530,46,253,53,2670
mumps,IL,1987,2601,50,2647,52,2647
mumps,IL,1988,153,31,326,52,326
mumps,IL,1989,86,9,207,52,207
mumps,IL,1990,1,1,186,52,186
mumps,IL,1991,8,1,147,52,147
mumps,IL,1992,1,1,104,52,104
mumps,IL,1993,,,67,52,67
mumps,IL,1994,,,106,52,106
mumps,IL,1995,,,48,52,48
mumps,IL,1996,13,11,20,52,20
mumps,IL,1997,8,6,13,52,13
mumps,IL,1998,2,2,11,52,11
mumps,IL,1999,6,4,13,52,13
mumps,IL,2000,4,3,6,52,6
mumps,IL,2001,9,6,11,52,11
mumps,IL,2002,,,15,52,15
mumps,IL,2011,1,1,75,52,75
mumps,IL,2012,,,31,52,31
mumps,IL,2013,,,27,52,27
mumps,IL,2014,1,1,128,53,218
mumps,IL,2015,36,13,413,53,413
mumps,IL,2016,16,10,322,53,322
mumps,IL,2017,9,5,260,52,260
mumps,IN,1968,4172,49,,,
mumps,IN,1969,2802,51,,,
mumps,IN,1970,2428,50,2467,52,2467
mumps,IN,1971,5170,50,5371,52,5371
mumps,IN,1972,1160,49,1272,52,1272
mumps,IN,1973,1781,51,1786,52,1786
mumps,IN,1974,1353,46,1455,52,1455
mumps,IN,1975,2283,50,2304,52,2304
mumps,IN,1976,1558,50,1607,52,1607
mumps,IN,1977,366,48,372,52,372
mumps,IN,1978,288,37,358,52,358
mumps,IN,1979,282,41,351,52,351
mumps,IN,1980,160,47,156,51,156
mumps,IN,1981,114,39,128,52,128
mumps,IN,1982,47,23,50,52,50
mumps,IN,1983,54,22,56,52,56
mumps,IN,1984,68,21,78,52,78
mumps,IN,1985,37,18,37,52,37
mumps,IN,1986,89,20,37,53,90
mumps,IN,1987,890,27,962,52,962
mumps,IN,1988,80,24,82,52,82
mumps,IN,1989,42,12,51,52,51
mumps,IN,1990,17,8,21,52,21
mumps,IN,1991,6,6,9,52,9
mumps,IN,1992,9,9,11,52,11
mumps,IN,1993,8,5,8,52,8
mumps,IN,1994,7,7,7,52,7
mumps,IN,1995,,,10,52,10
mumps,IN,1996,9,7,8,52,9
mumps,IN,1997,14,9,14,52,14
mumps,IN,1998,5,4,6,52,6
mumps,IN,1999,2,2,5,52,5
mumps,IN,2000,1,1,1,52,1
mumps,IN,2001,2,2,3,52,3
mumps,IN,2002,,,2,52,5
mumps,IN,2011,,,3,52,3
mumps,IN,2012,,,4,52,4
mumps,IN,2013,,,3,52,3
mumps,IN,2014,,,23,53,42
mumps,IN,2015,,,6,53,6
mumps,IN,2016,3,2,236,53,236
mumps,IN,2017,1,1,38,52,38
mumps,KS,1968,711,26,,,
mumps,KS,1969,108,15,,,
mumps,KS,1970,151,16,155,52,155
mumps,KS,1971,682,31,1031,52,1031
mumps,KS,1972,737,25,784,52,784
mumps,KS,1973,959,32,959,52,959
mumps,KS,1974,810,35,817,52,817
mumps,KS,1975,1073,37,1073,52,1073
mumps,KS,1976,1184,36,1186,52,1186
mumps,KS,1977,1326,41,1330,52,1330
mumps,KS,1978,625,40,625,52,625
mumps,KS,1979,261,37,260,52,260
mumps,KS,1980,128,37,128,51,128
mumps,KS,1981,144,31,139,52,139
mumps,KS,1982,104,29,111,52,111
mumps,KS,1983,74,29,76,52,76
mumps,KS,1984,61,21,61,52,61
mumps,KS,1985,24,8,44,52,44
mumps,KS,1986,39,19,44,53,60
mumps,KS,1987,62,19,63,52,63
mumps,KS,1988,209,27,205,52,205
mumps,KS,1989,304,21,310,52,310
mumps,KS,1990,95,24,96,52,96
mumps,KS,1991,37,11,31,52,31
mumps,KS,1992,3,3,3,52,3
mumps,KS,1993,1,1,1,52,1
mumps,KS,1995,,,1,52,1
mumps,KS,1996,1,1,2,52,2
mumps,KS,1998,,,1,52,1
mumps,KS,1999,,,3,52,3
mumps,KS,2000,3,3,4,52,4
mumps,KS,2001,8,7,6,52,6
mumps,KS,2002,,,6,52,6
mumps,KS,2011,,,4,52,4
mumps,KS,2012,,,4,52,4
mumps,KS,2014,,,2,53,2
mumps,KS,2016,,,10,53,10
mumps,KS,2017,41,10,159,52,162
mumps,KY,1968,2738,50,,,
mumps,KY,1969,1359,51,,,
mumps,KY,1970,2203,51,2269,52,2269
mumps,KY,1971,2309,48,2534,52,2534
mumps,KY,1972,539,42,567,52,567
mumps,KY,1973,1755,51,1759,52,1759
mumps,KY,1974,3154,50,3220,52,3220
mumps,KY,1975,1881,52,1881,52,1881
mumps,KY,1976,989,45,989,52,989
mumps,KY,1977,124,35,124,52,124
mumps,KY,1978,280,36,311,52,311
mumps,KY,1979,1378,50,1378,52,1378
mumps,KY,1980,765,41,764,51,764
mumps,KY,1981,47,27,49,52,49
mumps,KY,1982,22,16,22,52,22
mumps,KY,1983,21,12,21,52,21
mumps,KY,1984,11,9,11,52,11
mumps,KY,1985,8,3,8,52,8
mumps,KY,1986,6,4,8,53,8
mumps,KY,1987,273,17,273,52,273
mumps,KY,1988,181,16,213,52,213
mumps,KY,1989,9,1,9,52,9
mumps,KY,1994,1,1,2,22,2
mumps,KY,1997,3,2,3,52,3
mumps,KY,1998,,,1,52,1
mumps,KY,2000,,,1,52,1
mumps,KY,2001,3,2,3,52,3
mumps,KY,2002,,,3,52,4
mumps,KY,2012,,,1,52,1
mumps,KY,2013,,,1,52,1
mumps,KY,2014,,,2,53,2
mumps,KY,2015,2,1,4,53,4
mumps,KY,2016,2,2,91,53,91
mumps,KY,2017,1,1,17,52,17
mumps,LA,1968,69,26,,,
mumps,LA,1969,27,10,,,
mumps,LA,1970,48,25,50,52,50
mumps,LA,1971,157,30,157,52,157
mumps,LA,1972,345,41,341,52,341
mumps,LA,1973,133,24,132,52,132
mumps,LA,1974,327,32,325,52,325
mumps,LA,1975,352,35,343,52,344
mumps,LA,1976,37,17,36,52,36
mumps,LA,1977,59,23,67,52,67
mumps,LA,1978,67,22,67,52,67
mumps,LA,1979,39,12,37,52,37
mumps,LA,1980,60,21,68,51,68
mumps,LA,1981,6,4,6,52,6
mumps,LA,1982,6,4,6,52,6
mumps,LA,1983,45,1,1,52,46
mumps,LA,1985,2,1,2,52,2
mumps,LA,1986,5,4,2,53,7
mumps,LA,1987,704,39,707,52,707
mumps,LA,1988,333,44,331,52,331
mumps,LA,1989,746,45,745,52,745
mumps,LA,1990,120,39,124,52,124
mumps,LA,1991,34,24,41,52,41
mumps,LA,1992,28,18,25,52,25
mumps,LA,1993,20,15,20,52,20
mumps,LA,1994,35,26,35,52,35
mumps,LA,1995,,,14,52,14
mumps,LA,1996,18,13,18,52,18
mumps,LA,1997,16,10,16,52,16
mumps,LA,1998,9,5,10,52,10
mumps,LA,1999,3,3,11,52,11
mumps,LA,2000,,,4,52,4
mumps,LA,2001,1,1,2,52,2
mumps,LA,2002,,,1,52,1
mumps,LA,2012,,,2,52,2
mumps,LA,2013,,,2,52,2
mumps,LA,2015,,,2,53,2
mumps,LA,2017,4,2,15,52,15
mumps,MA,1968,8371,50,,,
mumps,MA,1969,4334,51,,,
mumps,MA,1970,3391,51,3449,52,3449
mumps,MA,1971,1765,50,1844,52,1844
mumps,MA,1972,781,48,833,52,833
mumps,MA,1973,1312,51,1317,52,1317
mumps,MA,1974,1131,49,1164,52,1164
mumps,MA,1975,311,49,311,52,311
mumps,MA,1976,184,41,184,52,184
mumps,MA,1977,138,44,138,52,138
mumps,MA,1978,105,38,97,52,97
mumps,MA,1979,201,37,194,52,194
mumps,MA,1980,130,32,131,51,131
mumps,MA,1981,116,37,104,52,104
mumps,MA,1982,82,32,84,52,86
mumps,MA,1983,42,29,29,52,40
mumps,MA,1984,37,21,23,52,23
mumps,MA,1985,24,14,23,52,23
mumps,MA,1986,15,8,23,53,23
mumps,MA,1987,24,10,23,52,23
mumps,MA,1988,16,9,13,52,13
mumps,MA,1989,32,15,59,52,59
mumps,MA,1990,13,10,13,52,13
mumps,MA,1991,3,3,2,52,3
mumps,MA,1992,3,3,3,52,3
mumps,MA,1993,2,2,2,52,2
mumps,MA,1994,1,1,3,52,3
mumps,MA,1995,,,2,52,2
mumps,MA,1996,,,2,52,2
mumps,MA,1997,,,4,52,4
mumps,MA,1998,,,4,52,4
mumps,MA,1999,,,4,52,4
mumps,MA,2000,,,1,52,1
mumps,MA,2002,,,1,52,2
mumps,MA,2011,,,4,52,4
mumps,MA,2012,,,3,52,3
mumps,MA,2013,,,59,52,59
mumps,MA,2014,2,1,6,53,10
mumps,MA,2015,,,8,53,8
mumps,MA,2016,18,7,248,53,248
mumps,MA,2017,7,7,174,52,174
mumps,MD,1968,1100,51,,,
mumps,MD,1969,576,50,,,
mumps,MD,1970,1140,51,1151,52,1151
mumps,MD,1971,756,49,785,52,785
mumps,MD,1972,448,46,564,52,564
mumps,MD,1973,696,49,699,52,699
mumps,MD,1974,147,44,151,52,151
mumps,MD,1975,466,48,466,52,466
mumps,MD,1976,724,52,718,52,718
mumps,MD,1977,95,39,99,52,99
mumps,MD,1978,84,33,84,52,84
mumps,MD,1979,203,43,213,52,213
mumps,MD,1980,353,41,358,51,358
mumps,MD,1981,104,35,110,52,110
mumps,MD,1982,32,23,34,52,34
mumps,MD,1983,46,26,45,52,45
mumps,MD,1984,37,23,44,52,44
mumps,MD,1985,37,20,36,52,36
mumps,MD,1986,28,17,36,53,36
mumps,MD,1987,31,21,45,52,45
mumps,MD,1988,178,19,175,52,175
mumps,MD,1989,584,42,582,52,582
mumps,MD,1990,1078,50,1118,52,1118
mumps,MD,1991,233,46,251,52,251
mumps,MD,1992,74,35,84,52,84
mumps,MD,1993,73,30,82,52,82
mumps,MD,1994,56,28,67,52,68
mumps,MD,1995,,,20,52,20
mumps,MD,1996,26,21,32,52,32
mumps,MD,1997,11,8,10,52,10
mumps,MD,1998,2,2,2,14,2
mumps,MD,1999,6,6,7,52,7
mumps,MD,2000,6,6,10,52,10
mumps,MD,2001,7,8,7,52,7
mumps,MD,2002,,,5,52,5
mumps,MD,2011,3,3,2,52,2
mumps,MD,2012,1,1,1,16,1
mumps,MD,2013,56,11,87,52,87
mumps,MD,2014,1,1,2,53,2
mumps,MD,2015,17,6,16,53,21
mumps,MD,2016,4,2,10,53,10
mumps,MD,2017,,,5,52,5
mumps,ME,1968,910,49,,,
mumps,ME,1969,1117,49,,,
mumps,ME,1970,904,47,872,52,872
mumps,ME,1971,1000,43,1293,52,1293
mumps,ME,1972,190,32,326,52,326
mumps,ME,1973,137,39,521,52,521
mumps,ME,1974,464,31,899,52,899
mumps,ME,1975,8,6,83,52,84
mumps,ME,1976,114,29,128,52,128
mumps,ME,1977,83,27,83,52,83
mumps,ME,1978,587,38,586,52,586
mumps,ME,1979,271,43,272,52,272
mumps,ME,1980,290,39,308,51,308
mumps,ME,1981,45,27,47,52,47
mumps,ME,1982,43,25,43,52,43
mumps,ME,1983,21,17,22,52,22
mumps,ME,1984,27,20,30,52,30
mumps,ME,1985,6,6,6,52,6
mumps,ME,1986,,,6,53,6
mumps,ME,1987,1,1,1,52,1
mumps,ME,1994,3,1,3,52,3
mumps,ME,1995,,,4,52,4
mumps,ME,2002,,,1,48,1
mumps,ME,2011,2,1,2,52,2
mumps,ME,2013,,,1,52,1
mumps,ME,2016,17,9,33,53,33
mumps,ME,2017,,,1,52,1
mumps,MI,1968,14314,51,,,
mumps,MI,1969,5020,51,,,
mumps,MI,1970,7672,51,7815,52,7815
mumps,MI,1971,10093,50,10748,52,10748
mumps,MI,1972,3517,49,3729,52,3729
mumps,MI,1973,5030,51,5042,52,5042
mumps,MI,1974,7007,50,7230,52,7230
mumps,MI,1975,9867,52,9867,52,9867
mumps,MI,1976,5507,51,5507,52,5507
mumps,MI,1977,2304,51,2339,52,2339
mumps,MI,1978,1628,52,1628,52,1628
mumps,MI,1979,1076,49,1067,52,1067
mumps,MI,1980,1000,50,997,51,997
mumps,MI,1981,394,43,406,52,406
mumps,MI,1982,401,46,401,52,401
mumps,MI,1983,498,45,528,52,528
mumps,MI,1984,206,44,204,52,204
mumps,MI,1985,334,44,330,52,330
mumps,MI,1986,456,46,330,53,468
mumps,MI,1987,1113,51,1108,52,1108
mumps,MI,1988,231,42,229,52,229
mumps,MI,1989,164,45,161,52,161
mumps,MI,1990,160,42,175,52,175
mumps,MI,1991,96,37,121,52,121
mumps,MI,1992,76,33,84,52,84
mumps,MI,1993,74,37,80,52,80
mumps,MI,1994,54,31,59,52,59
mumps,MI,1995,,,60,52,61
mumps,MI,1996,30,22,26,52,26
mumps,MI,1997,15,9,15,52,15
mumps,MI,1998,17,14,31,52,31
mumps,MI,1999,7,5,7,52,7
mumps,MI,2000,3,3,17,52,17
mumps,MI,2001,6,5,5,52,5
mumps,MI,2002,,,7,52,8
mumps,MI,2011,3,3,11,52,11
mumps,MI,2012,,,6,52,7
mumps,MI,2013,2,2,7,52,7
mumps,MI,2014,4,4,17,53,17
mumps,MI,2015,2,2,5,53,5
mumps,MI,2016,9,6,19,53,19
mumps,MI,2017,1,1,25,52,25
mumps,MN,1968,696,44,,,
mumps,MN,1969,693,35,,,
mumps,MN,1970,536,43,604,52,604
mumps,MN,1971,1378,48,1415,52,1415
mumps,MN,1972,650,41,710,52,710
mumps,MN,1973,105,30,105,52,105
mumps,MN,1974,100,21,100,52,100
mumps,MN,1975,240,30,240,52,240
mumps,MN,1976,551,30,551,52,551
mumps,MN,1977,38,11,38,52,38
mumps,MN,1978,20,16,22,52,22
mumps,MN,1979,25,18,25,52,25
mumps,MN,1980,30,16,20,51,23
mumps,MN,1981,5,5,8,52,8
mumps,MN,1982,460,24,456,52,456
mumps,MN,1983,29,15,30,52,30
mumps,MN,1984,7,5,9,52,9
mumps,MN,1985,1,1,1,52,1
mumps,MN,1986,23,6,1,53,48
mumps,MN,1987,792,34,782,52,782
mumps,MN,1988,1,1,1,52,1
mumps,MN,1989,,,2,52,2
mumps,MN,1990,10,3,17,52,17
mumps,MN,1991,21,13,21,52,21
mumps,MN,1992,15,7,24,52,24
mumps,MN,1993,2,2,2,52,2
mumps,MN,1994,5,2,5,52,5
mumps,MN,1995,,,8,52,8
mumps,MN,1996,6,5,6,52,6
mumps,MN,1997,6,6,6,52,6
mumps,MN,1998,14,8,13,52,13
mumps,MN,1999,1,1,1,52,1
mumps,MN,2001,5,4,5,52,5
mumps,MN,2002,,,4,52,4
mumps,MN,2011,1,1,1,52,1
mumps,MN,2012,,,7,52,7
mumps,MN,2013,,,1,52,1
mumps,MN,2014,2,2,21,53,22
mumps,MN,2015,,,5,53,5
mumps,MN,2016,2,2,22,53,22
mumps,MN,2017,11,5,76,52,77
mumps,MO,1968,880,45,,,
mumps,MO,1969,428,45,,,
mumps,MO,1970,314,47,414,52,414
mumps,MO,1971,796,44,1151,52,1151
mumps,MO,1972,696,42,719,52,719
mumps,MO,1973,757,46,788,52,788
mumps,MO,1974,452,42,460,52,460
mumps,MO,1975,540,48,945,52,945
mumps,MO,1976,422,43,421,52,421
mumps,MO,1977,1542,51,1660,52,1660
mumps,MO,1978,619,45,1203,52,1203
mumps,MO,1979,181,30,202,52,202
mumps,MO,1980,67,19,101,51,101
mumps,MO,1981,40,17,26,52,29
mumps,MO,1982,21,15,21,52,21
mumps,MO,1983,23,13,20,52,21
mumps,MO,1984,12,10,11,52,11
mumps,MO,1985,18,16,18,52,18
mumps,MO,1986,27,16,18,53,27
mumps,MO,1987,38,27,38,52,38
mumps,MO,1988,42,24,43,52,43
mumps,MO,1989,58,26,83,52,83
mumps,MO,1990,31,23,59,52,59
mumps,MO,1991,24,17,40,52,40
mumps,MO,1992,24,18,43,52,43
mumps,MO,1993,15,10,33,52,33
mumps,MO,1994,19,16,41,52,41
mumps,MO,1995,,,24,52,24
mumps,MO,1996,4,4,7,52,7
mumps,MO,1998,2,2,4,52,4
mumps,MO,1999,1,1,1,52,2
mumps,MO,2000,4,3,4,52,5
mumps,MO,2001,3,2,4,52,4
mumps,MO,2002,,,4,52,5
mumps,MO,2011,7,7,12,52,12
mumps,MO,2012,2,2,6,52,6
mumps,MO,2013,1,1,10,52,10
mumps,MO,2014,1,1,6,53,8
mumps,MO,2015,1,1,1,53,1
mumps,MO,2016,8,1,70,53,70
mumps,MO,2017,191,25,457,52,457
mumps,MP,1988,,,2,52,2
mumps,MP,1989,,,6,52,6
mumps,MP,1990,1,1,10,52,10
mumps,MP,1993,25,10,13,52,13
mumps,MP,1994,1,1,2,52,2
mumps,MP,1997,,,4,52,4
mumps,MP,1998,,,2,51,2
mumps,MS,1968,247,28,,,
mumps,MS,1969,51,23,,,
mumps,MS,1970,73,26,73,52,73
mumps,MS,1971,161,35,162,52,162
mumps,MS,1972,126,35,130,52,130
mumps,MS,1973,487,33,488,52,488
mumps,MS,1974,403,35,403,52,403
mumps,MS,1975,373,45,373,52,373
mumps,MS,1976,62,28,62,52,62
mumps,MS,1977,38,24,44,52,44
mumps,MS,1978,91,35,91,52,91
mumps,MS,1979,125,22,125,52,125
mumps,MS,1980,65,29,64,51,64
mumps,MS,1981,6,6,6,52,6
mumps,MS,1982,10,10,10,52,10
mumps,MS,1983,4,3,4,52,4
mumps,MS,1984,21,17,21,52,21
mumps,MS,1985,5,5,5,52,5
mumps,MS,1986,,,5,53,5
mumps,MS,1990,6,6,28,52,28
mumps,MS,1991,4,4,22,52,22
mumps,MS,1992,5,5,31,52,31
mumps,MS,1993,5,4,17,52,17
mumps,MS,1994,5,5,7,52,7
mumps,MS,1995,,,15,52,15
mumps,MS,1996,13,8,15,52,15
mumps,MS,1997,3,3,9,52,9
mumps,MS,1998,1,1,6,52,6
mumps,MS,1999,1,1,3,52,3
mumps,MS,2000,,,2,52,2
mumps,MS,2001,,,5,52,5
mumps,MS,2002,,,5,52,5
mumps,MS,2011,,,3,52,3
mumps,MS,2012,,,2,52,2
mumps,MS,2015,,,1,53,1
mumps,MS,2016,1,1,2,53,2
mumps,MS,2017,13,8,26,52,26
mumps,MT,1968,627,50,,,
mumps,MT,1969,751,50,,,
mumps,MT,1970,807,51,811,52,811
mumps,MT,1971,374,48,453,52,453
mumps,MT,1972,235,42,272,52,272
mumps,MT,1973,315,48,315,52,315
mumps,MT,1974,181,27,183,52,183
mumps,MT,1975,44,22,44,52,44
mumps,MT,1976,27,18,27,52,27
mumps,MT,1977,16,14,15,52,15
mumps,MT,1978,148,14,148,52,148
mumps,MT,1979,13,8,13,52,13
mumps,MT,1980,44,18,60,51,60
mumps,MT,1981,14,10,14,52,14
mumps,MT,1982,8,7,8,52,8
mumps,MT,1983,7,6,7,52,7
mumps,MT,1984,10,10,11,52,11
mumps,MT,1985,12,11,12,52,12
mumps,MT,1986,5,5,12,53,12
mumps,MT,1987,9,4,9,52,9
mumps,MT,1988,2,1,2,52,2
mumps,MT,1989,4,3,4,52,4
mumps,MT,1990,1,1,1,52,1
mumps,MT,1992,2,2,2,52,2
mumps,MT,1995,,,1,52,1
mumps,MT,2000,1,1,1,52,1
mumps,MT,2001,1,1,1,52,1
mumps,MT,2012,,,1,52,1
mumps,MT,2015,,,1,48,1
mumps,MT,2016,14,7,26,53,26
mumps,MT,2017,1,1,6,52,6
mumps,NC,1975,126,31,126,52,126
mumps,NC,1976,381,37,389,52,569
mumps,NC,1977,80,34,78,52,78
mumps,NC,1978,81,35,81,52,81
mumps,NC,1979,90,35,90,52,90
mumps,NC,1980,101,36,100,51,100
mumps,NC,1981,23,15,23,52,29
mumps,NC,1982,23,18,23,52,23
mumps,NC,1983,32,14,31,52,31
mumps,NC,1984,26,20,23,52,23
mumps,NC,1985,20,14,20,52,20
mumps,NC,1986,28,16,20,53,29
mumps,NC,1987,31,16,31,52,31
mumps,NC,1988,52,28,52,52,52
mumps,NC,1989,45,27,45,52,45
mumps,NC,1990,327,33,327,52,327
mumps,NC,1991,262,32,269,52,269
mumps,NC,1992,215,13,217,52,217
mumps,NC,1993,170,16,224,52,224
mumps,NC,1994,38,13,36,52,36
mumps,NC,1995,,,42,52,42
mumps,NC,1996,21,9,21,52,21
mumps,NC,1997,11,9,12,52,12
mumps,NC,1998,11,9,11,52,11
mumps,NC,1999,9,7,9,52,9
mumps,NC,2000,7,7,8,52,8
mumps,NC,2001,5,4,5,52,5
mumps,NC,2002,,,2,52,2
mumps,NC,2011,9,6,9,52,9
mumps,NC,2012,1,1,1,52,1
mumps,NC,2013,3,3,4,52,4
mumps,NC,2014,,,3,53,3
mumps,NC,2015,4,4,4,53,4
mumps,NC,2016,,,31,53,31
mumps,NC,2017,,,36,52,36
mumps,ND,1968,1409,41,,,
mumps,ND,1969,408,41,,,
mumps,ND,1970,374,48,382,52,382
mumps,ND,1971,416,46,425,52,425
mumps,ND,1972,398,42,417,52,417
mumps,ND,1973,78,30,78,52,78
mumps,ND,1974,110,32,111,52,111
mumps,ND,1975,514,41,514,52,514
mumps,ND,1976,128,22,128,52,128
mumps,ND,1977,20,13,21,52,21
mumps,ND,1978,17,13,17,52,17
mumps,ND,1979,1,1,2,52,2
mumps,ND,1980,3,2,4,51,4
mumps,ND,1983,,,1,52,1
mumps,ND,1984,1,1,2,52,2
mumps,ND,1985,2,2,4,52,4
mumps,ND,1986,2,2,4,53,4
mumps,ND,1987,,,6,52,6
mumps,ND,1991,,,2,52,2
mumps,ND,1992,,,3,52,3
mumps,ND,1993,,,5,52,5
mumps,ND,1994,1,1,5,52,5
mumps,ND,1995,,,1,52,1
mumps,ND,1996,2,1,2,52,2
mumps,ND,1998,1,1,2,52,2
mumps,ND,1999,1,1,1,52,1
mumps,ND,2002,,,1,52,1
mumps,ND,2011,1,1,4,52,4
mumps,ND,2013,,,2,52,2
mumps,ND,2014,,,1,53,1
mumps,ND,2016,1,1,13,53,13
mumps,ND,2017,3,3,12,52,12
mumps,NE,1968,595,40,,,
mumps,NE,1969,298,44,,,
mumps,NE,1970,399,40,402,52,402
mumps,NE,1971,238,37,240,52,240
mumps,NE,1972,267,28,274,52,274
mumps,NE,1973,185,42,190,52,190
mumps,NE,1974,93,31,93,52,93
mumps,NE,1975,91,22,91,52,91
mumps,NE,1976,115,32,115,52,115
mumps,NE,1977,92,26,86,52,86
mumps,NE,1978,28,18,26,52,26
mumps,NE,1979,7,7,7,52,7
mumps,NE,1980,9,5,9,51,9
mumps,NE,1981,3,1,3,52,5
mumps,NE,1982,1,1,1,52,1
mumps,NE,1983,4,3,4,52,4
mumps,NE,1984,3,3,4,52,4
mumps,NE,1985,3,2,3,52,3
mumps,NE,1986,2,1,3,53,3
mumps,NE,1987,6,6,6,52,6
mumps,NE,1988,11,6,11,52,11
mumps,NE,1989,5,5,5,52,5
mumps,NE,1990,9,9,9,52,9
mumps,NE,1991,9,9,8,52,8
mumps,NE,1992,6,6,6,52,6
mumps,NE,1993,1,1,2,52,2
mumps,NE,1994,1,1,1,52,2
mumps,NE,1995,,,5,52,5
mumps,NE,1997,1,1,2,52,2
mumps,NE,2000,4,3,4,52,4
mumps,NE,2001,1,1,1,52,1
mumps,NE,2011,6,6,6,52,6
mumps,NE,2012,2,2,1,52,2
mumps,NE,2015,1,1,2,53,2
mumps,NE,2016,28,13,49,53,49
mumps,NE,2017,3,3,5,52,5
mumps,NH,1968,303,40,,,
mumps,NH,1969,230,37,,,
mumps,NH,1970,431,42,452,52,452
mumps,NH,1971,605,37,684,52,684
mumps,NH,1972,154,34,196,52,196
mumps,NH,1973,197,38,300,52,300
mumps,NH,1974,131,28,306,52,306
mumps,NH,1975,115,20,137,52,137
mumps,NH,1976,28,12,29,52,29
mumps,NH,1977,69,16,99,52,99
mumps,NH,1978,9,8,18,52,18
mumps,NH,1979,6,6,6,52,6
mumps,NH,1980,15,12,26,51,26
mumps,NH,1981,22,16,25,52,25
mumps,NH,1982,17,14,18,52,18
mumps,NH,1983,21,16,27,52,27
mumps,NH,1984,7,6,21,52,21
mumps,NH,1985,5,4,12,52,12
mumps,NH,1986,8,7,12,53,15
mumps,NH,1987,12,9,12,52,12
mumps,NH,1988,107,16,106,52,106
mumps,NH,1989,16,13,15,52,15
mumps,NH,1990,11,9,11,52,11
mumps,NH,1991,6,5,6,52,6
mumps,NH,1992,6,4,6,52,6
mumps,NH,1994,3,3,4,52,4
mumps,NH,1995,,,1,52,1
mumps,NH,1996,1,1,1,52,1
mumps,NH,1997,,,1,52,1
mumps,NH,1999,1,1,1,52,1
mumps,NH,2002,,,4,52,4
mumps,NH,2012,,,1,52,1
mumps,NH,2014,,,2,53,2
mumps,NH,2015,,,2,53,2
mumps,NH,2016,,,10,53,10
mumps,NH,2017,1,1,5,52,5
mumps,NJ,1968,3808,51,,,
mumps,NJ,1969,1835,51,,,
mumps,NJ,1970,2772,50,2796,52,2796
mumps,NJ,1971,1781,47,1820,52,1820
mumps,NJ,1972,998,47,1104,52,1104
mumps,NJ,1973,1665,50,1684,52,1684
mumps,NJ,1974,776,48,783,52,783
mumps,NJ,1975,447,46,449,52,449
mumps,NJ,1976,563,45,575,52,575
mumps,NJ,1977,366,44,379,52,379
mumps,NJ,1978,167,43,180,52,180
mumps,NJ,1979,602,47,606,52,606
mumps,NJ,1980,126,37,128,51,128
mumps,NJ,1981,96,28,104,52,104
mumps,NJ,1982,55,32,55,52,55
mumps,NJ,1983,139,31,144,52,144
mumps,NJ,1984,138,30,138,52,138
mumps,NJ,1985,55,25,55,52,55
mumps,NJ,1986,55,31,55,53,55
mumps,NJ,1987,66,30,76,52,76
mumps,NJ,1988,44,17,58,52,58
mumps,NJ,1989,11,3,200,52,200
mumps,NJ,1990,,,95,52,95
mumps,NJ,1991,,,65,52,65
mumps,NJ,1992,8,3,17,52,17
mumps,NJ,1993,,,12,52,12
mumps,NJ,1994,,,7,52,7
mumps,NJ,1995,,,17,52,17
mumps,NJ,1996,,,3,52,3
mumps,NJ,1997,1,1,7,52,7
mumps,NJ,1998,,,3,52,3
mumps,NJ,2000,,,4,52,4
mumps,NJ,2001,2,2,4,52,4
mumps,NJ,2002,,,1,36,1
mumps,NJ,2011,,,12,52,12
mumps,NJ,2013,,,76,52,76
mumps,NJ,2014,,,32,53,54
mumps,NJ,2015,,,23,53,23
mumps,NJ,2016,,,32,53,32
mumps,NJ,2017,,,34,52,34
mumps,NM,1968,978,51,,,
mumps,NM,1969,1002,51,,,
mumps,NM,1970,783,50,793,52,793
mumps,NM,1971,736,49,770,52,770
mumps,NM,1972,773,42,789,52,789
mumps,NM,1973,1040,51,1044,52,1044
mumps,NM,1974,183,36,185,52,185
mumps,NM,1975,65,19,65,52,65
mumps,NM,1976,90,13,128,52,128
mumps,NM,1977,124,22,118,52,118
mumps,NM,1978,19,6,20,52,20
mumps,NM,1979,14,7,15,52,15
mumps,NM,2000,1,1,1,52,1
mumps,NM,2001,2,2,2,52,2
mumps,NM,2002,,,1,52,1
mumps,NM,2011,,,2,52,2
mumps,NM,2013,,,1,52,1
mumps,NM,2014,,,2,53,2
mumps,NM,2015,,,1,53,1
mumps,NM,2016,,,2,53,2
mumps,NM,2017,,,4,52,4
mumps,NV,1968,182,9,,,
mumps,NV,1972,50,9,50,52,50
mumps,NV,1973,14,5,14,52,14
mumps,NV,1974,23,10,23,52,23
mumps,NV,1975,101,28,103,52,103
mumps,NV,1976,104,11,118,52,118
mumps,NV,1977,14,9,17,52,17
mumps,NV,1978,9,9,9,52,9
mumps,NV,1979,15,11,14,52,14
mumps,NV,1980,9,7,9,51,9
mumps,NV,1981,15,11,17,52,17
mumps,NV,1982,8,7,8,52,8
mumps,NV,1983,5,5,5,52,5
mumps,NV,1984,7,7,7,52,7
mumps,NV,1985,66,17,66,52,66
mumps,NV,1986,11,10,66,53,66
mumps,NV,1987,13,8,6,52,9
mumps,NV,1988,20,16,21,52,21
mumps,NV,1989,4,3,7,52,7
mumps,NV,1990,19,13,21,52,21
mumps,NV,1991,17,9,22,52,22
mumps,NV,1992,12,9,13,52,13
mumps,NV,1993,26,17,26,52,26
mumps,NV,1994,19,12,18,52,18
mumps,NV,1995,,,11,52,11
mumps,NV,1996,7,2,15,52,17
mumps,NV,1997,2,2,7,52,7
mumps,NV,1998,4,3,14,52,14
mumps,NV,1999,,,5,52,5
mumps,NV,2000,2,2,6,52,6
mumps,NV,2001,2,2,3,52,3
mumps,NV,2002,,,6,52,6
mumps,NV,2013,,,5,52,5
mumps,NV,2014,,,2,53,4
mumps,NV,2016,,,3,53,3
mumps,NV,2017,1,1,5,52,5
mumps,NY,2014,15,13,11,53,11
mumps,NY,2015,23,15,24,53,24
mumps,NY,2016,184,31,204,53,204
mumps,NY,2017,286,45,290,52,290
mumps,OH,1968,2974,52,,,
mumps,OH,1969,2098,51,,,
mumps,OH,1970,4903,51,4969,52,4969
mumps,OH,1971,8467,50,8858,52,8858
mumps,OH,1972,2560,49,2668,52,2668
mumps,OH,1973,3206,51,3215,52,3215
mumps,OH,1974,3561,50,3579,52,3579
mumps,OH,1975,2770,51,2770,52,2770
mumps,OH,1976,2198,49,2198,52,2198
mumps,OH,1977,833,48,859,52,859
mumps,OH,1978,1413,52,1413,52,1413
mumps,OH,1979,2056,50,2041,52,2041
mumps,OH,1980,1290,49,1253,51,1253
mumps,OH,1981,570,47,639,52,639
mumps,OH,1982,1767,44,1775,52,1775
mumps,OH,1983,581,38,591,52,591
mumps,OH,1984,431,42,518,52,518
mumps,OH,1985,300,43,302,52,302
mumps,OH,1986,147,34,302,53,302
mumps,OH,1987,143,25,143,52,143
mumps,OH,1988,144,16,144,52,144
mumps,OH,1989,165,7,165,52,165
mumps,OH,1990,92,9,91,52,91
mumps,OH,1991,105,20,112,52,112
mumps,OH,1992,104,21,117,52,117
mumps,OH,1993,72,29,74,52,74
mumps,OH,1994,76,23,77,52,77
mumps,OH,1995,,,54,52,54
mumps,OH,1996,48,25,52,52,52
mumps,OH,1997,34,21,35,52,35
mumps,OH,1998,22,15,29,52,29
mumps,OH,1999,19,12,21,52,21
mumps,OH,2000,4,3,9,52,9
mumps,OH,2001,1,1,1,52,1
mumps,OH,2002,,,14,52,14
mumps,OH,2011,17,14,16,52,16
mumps,OH,2012,6,6,6,52,6
mumps,OH,2013,12,11,12,52,12
mumps,OH,2014,543,40,551,53,1044
mumps,OH,2015,21,13,18,53,19
mumps,OH,2016,71,29,72,53,72
mumps,OH,2017,50,19,56,52,56
mumps,OK,1968,187,37,,,
mumps,OK,1969,999,44,,,
mumps,OK,1970,2403,46,2711,52,2711
mumps,OK,1971,182,36,217,52,217
mumps,OK,1972,151,31,166,52,166
mumps,OK,1973,494,48,506,52,506
mumps,OK,1974,377,42,414,52,414
mumps,OK,1975,345,48,345,52,345
mumps,OK,1976,865,52,873,52,873
mumps,OK,1977,535,45,600,52,600
mumps,OK,1978,4,1,4,52,4
mumps,OK,1987,1,1,19,52,19
mumps,OK,1988,209,24,208,52,208
mumps,OK,1989,210,24,211,52,211
mumps,OK,1990,113,21,108,52,111
mumps,OK,1991,16,9,16,52,16
mumps,OK,1992,13,10,21,52,21
mumps,OK,1993,16,8,16,52,16
mumps,OK,1994,22,7,23,52,23
mumps,OK,1996,,,1,52,1
mumps,OK,1998,3,1,,,
mumps,OK,1999,,,1,52,1
mumps,OK,2011,3,2,4,52,4
mumps,OK,2012,1,1,1,52,1
mumps,OK,2013,1,1,1,52,1
mumps,OK,2014,2,1,4,53,4
mumps,OK,2015,1,1,1,53,1
mumps,OK,2016,375,16,404,53,404
mumps,OK,2017,156,26,168,52,168
mumps,OR,1968,1020,51,,,
mumps,OR,1969,648,51,,,
mumps,OR,1970,1372,50,1406,52,1406
mumps,OR,1971,1692,50,1772,52,1772
mumps,OR,1972,1963,49,2060,52,2060
mumps,OR,1973,2071,50,2110,52,2110
mumps,OR,1974,838,49,851,52,851
mumps,OR,1975,761,51,761,52,761
mumps,OR,1976,422,51,422,52,422
mumps,OR,1977,316,50,322,52,322
mumps,OR,1978,138,44,138,52,138
mumps,OR,1979,117,42,118,52,118
mumps,OR,1980,94,40,94,51,94
mumps,OR,1981,68,27,69,52,69
mumps,OR,1997,1,1,1,26,1
mumps,OR,2011,,,4,52,4
mumps,OR,2012,1,1,5,52,5
mumps,OR,2013,,,3,52,3
mumps,OR,2014,1,1,1,53,2
mumps,OR,2015,1,1,2,53,2
mumps,OR,2016,11,5,20,53,20
mumps,OR,2017,22,17,66,52,66
mumps,PA,1970,3450,50,3613,52,3613
mumps,PA,1971,2718,50,3005,52,3005
mumps,PA,1972,765,38,904,52,904
mumps,PA,1973,1706,50,1742,52,1742
mumps,PA,1974,1497,49,1557,52,1557
mumps,PA,1975,729,50,741,52,741
mumps,PA,1976,607,50,607,52,607
mumps,PA,1977,203,46,216,52,216
mumps,PA,1978,147,40,183,52,183
mumps,PA,1979,354,43,380,52,380
mumps,PA,1980,499,33,529,51,529
mumps,PA,1981,268,33,347,52,347
mumps,PA,1982,119,33,143,52,143
mumps,PA,1983,70,29,85,52,85
mumps,PA,1984,58,18,58,52,58
mumps,PA,1985,69,23,76,52,76
mumps,PA,1986,52,28,76,53,76
mumps,PA,1987,65,27,80,52,80
mumps,PA,1988,101,25,103,52,103
mumps,PA,1989,71,31,81,52,81
mumps,PA,1990,110,36,119,52,119
mumps,PA,1991,129,32,124,52,124
mumps,PA,1992,81,23,84,52,84
mumps,PA,1993,67,28,69,52,69
mumps,PA,1994,54,26,58,52,58
mumps,PA,1995,,,61,52,61
mumps,PA,1996,28,18,43,52,43
mumps,PA,1997,35,20,35,52,35
mumps,PA,1998,12,5,19,52,19
mumps,PA,1999,15,12,19,52,19
mumps,PA,2000,4,3,6,52,6
mumps,PA,2001,1,1,4,52,4
mumps,PA,2002,,,17,52,17
mumps,PA,2011,2,2,3,52,3
mumps,PA,2012,3,3,4,52,5
mumps,PA,2013,8,6,18,52,18
mumps,PA,2014,9,5,17,53,17
mumps,PA,2015,3,3,14,53,14
mumps,PA,2016,5,5,14,53,14
mumps,PA,2017,72,18,114,52,122
mumps,PR,1968,973,49,,,
mumps,PR,1969,956,44,,,
mumps,PR,1970,796,44,948,52,948
mumps,PR,1971,941,36,1389,52,1389
mumps,PR,1972,890,47,960,52,960
mumps,PR,1973,924,50,1117,52,1117
mumps,PR,1974,1063,41,1225,52,1225
mumps,PR,1975,1118,42,1178,52,1178
mumps,PR,1976,777,48,777,52,777
mumps,PR,1977,923,49,971,52,971
mumps,PR,1978,1420,49,1659,52,1659
mumps,PR,1979,589,48,604,52,604
mumps,PR,1980,111,33,160,51,160
mumps,PR,1981,151,38,163,52,163
mumps,PR,1982,66,25,100,52,100
mumps,PR,1983,142,37,151,52,151
mumps,PR,1984,186,45,173,52,173
mumps,PR,1985,139,36,162,52,162
mumps,PR,1986,27,14,162,53,162
mumps,PR,1987,13,11,13,52,13
mumps,PR,1988,9,8,10,52,10
mumps,PR,1989,9,6,8,52,9
mumps,PR,1990,5,4,8,52,8
mumps,PR,1991,12,10,13,52,13
mumps,PR,1992,3,3,3,52,3
mumps,PR,1993,4,4,4,52,4
mumps,PR,1994,1,1,2,52,2
mumps,PR,1995,,,2,52,2
mumps,PR,1996,1,1,1,52,1
mumps,PR,1997,3,2,7,52,7
mumps,PR,1998,1,1,1,52,4
mumps,PR,2001,2,1,,,
mumps,PR,2011,,,1,52,1
mumps,PR,2012,,,3,52,3
mumps,PR,2013,,,3,52,3
mumps,PR,2015,,,4,53,4
mumps,PR,2016,,,1,53,1
mumps,PR,2017,,,1,52,1
mumps,RI,1968,1682,49,,,
mumps,RI,1969,1184,48,,,
mumps,RI,1970,2257,50,2384,52,2384
mumps,RI,1971,1271,50,1322,52,1322
mumps,RI,1972,422,47,434,52,434
mumps,RI,1973,905,50,910,52,910
mumps,RI,1974,2526,49,2676,52,2676
mumps,RI,1975,881,48,881,52,881
mumps,RI,1976,505,47,505,52,505
mumps,RI,1977,65,35,68,52,68
mumps,RI,1978,54,33,56,52,56
mumps,RI,1979,51,35,51,52,51
mumps,RI,1980,34,27,34,51,34
mumps,RI,1981,28,16,28,52,28
mumps,RI,1982,18,16,18,52,18
mumps,RI,1983,16,13,16,52,16
mumps,RI,1984,11,10,11,52,11
mumps,RI,1985,15,11,16,52,16
mumps,RI,1986,13,11,16,53,16
mumps,RI,1987,2,2,2,52,2
mumps,RI,1990,10,4,11,52,11
mumps,RI,1991,4,4,4,52,4
mumps,RI,1992,1,1,2,52,2
mumps,RI,1993,2,2,2,52,2
mumps,RI,1994,4,4,4,52,4
mumps,RI,1995,,,1,52,1
mumps,RI,1996,1,1,1,52,1
mumps,RI,1997,6,4,6,52,6
mumps,RI,1998,1,1,1,52,1
mumps,RI,1999,2,1,2,52,2
mumps,RI,2000,1,1,1,52,1
mumps,RI,2011,,,3,52,4
mumps,RI,2012,,,2,52,2
mumps,RI,2013,2,2,3,52,3
mumps,RI,2015,2,2,3,53,3
mumps,RI,2016,,,1,53,1
mumps,RI,2017,7,2,19,52,19
mumps,SC,1968,287,38,,,
mumps,SC,1969,470,47,,,
mumps,SC,1970,1027,50,1036,52,1036
mumps,SC,1971,815,47,915,52,915
mumps,SC,1972,171,37,189,52,189
mumps,SC,1973,374,43,377,52,377
mumps,SC,1974,141,40,145,52,145
mumps,SC,1975,75,33,76,52,76
mumps,SC,1976,46,19,46,52,46
mumps,SC,1977,21,14,21,52,21
mumps,SC,1978,18,12,18,52,18
mumps,SC,1979,3,3,3,52,3
mumps,SC,1980,211,25,211,51,211
mumps,SC,1981,18,16,18,52,18
mumps,SC,1982,18,14,18,52,18
mumps,SC,1983,14,11,14,52,14
mumps,SC,1984,5,4,5,52,5
mumps,SC,1985,11,7,11,52,11
mumps,SC,1986,17,15,11,53,19
mumps,SC,1987,21,16,21,52,21
mumps,SC,1988,9,7,9,52,9
mumps,SC,1989,56,22,56,52,56
mumps,SC,1990,72,25,75,52,75
mumps,SC,1991,384,32,380,52,380
mumps,SC,1992,51,14,51,52,51
mumps,SC,1993,15,9,16,52,16
mumps,SC,1994,8,7,8,52,8
mumps,SC,1995,,,13,52,13
mumps,SC,1996,7,7,7,52,7
mumps,SC,1997,8,5,11,52,11
mumps,SC,1998,7,6,7,52,7
mumps,SC,1999,5,5,6,52,6
mumps,SC,2000,11,11,11,52,11
mumps,SC,2001,4,3,7,52,7
mumps,SC,2002,,,3,52,3
mumps,SC,2011,,,1,52,1
mumps,SC,2012,,,1,52,1
mumps,SC,2013,2,2,2,52,2
mumps,SC,2014,,,2,53,2
mumps,SC,2016,,,6,53,6
mumps,SC,2017,1,1,5,52,5
mumps,SD,1970,58,12,59,52,59
mumps,SD,1971,267,46,309,52,309
mumps,SD,1972,120,28,122,52,122
mumps,SD,1973,20,12,20,52,20
mumps,SD,1974,3,3,3,52,3
mumps,SD,1975,6,4,6,52,6
mumps,SD,1976,11,7,11,52,11
mumps,SD,1977,59,11,59,52,59
mumps,SD,1978,11,9,11,52,11
mumps,SD,1979,11,7,11,52,11
mumps,SD,1980,4,3,4,51,4
mumps,SD,1981,1,1,1,52,1
mumps,SD,1982,1,1,1,52,1
mumps,SD,1986,1,1,1,52,1
mumps,SD,1987,90,20,90,52,90
mumps,SD,1988,1,1,1,52,1
mumps,SD,1991,2,2,2,52,2
mumps,SD,2016,,,2,53,2
mumps,TN,1968,5940,52,,,
mumps,TN,1969,2279,51,,,
mumps,TN,1970,3303,51,3385,52,3385
mumps,TN,1971,5035,50,5232,52,5232
mumps,TN,1972,2083,49,2216,52,2216
mumps,TN,1973,2805,51,2831,52,2831
mumps,TN,1974,2818,50,2897,52,2897
mumps,TN,1975,2410,52,2391,52,2391
mumps,TN,1976,1706,52,1715,52,1715
mumps,TN,1977,638,51,685,52,685
mumps,TN,1978,466,46,472,52,472
mumps,TN,1979,109,36,108,52,108
mumps,TN,1980,34,24,34,51,34
mumps,TN,1981,24,15,24,52,24
mumps,TN,1982,27,18,25,52,25
mumps,TN,1983,29,22,32,52,32
mumps,TN,1984,17,14,17,52,17
mumps,TN,1985,18,14,18,52,18
mumps,TN,1986,236,24,18,53,319
mumps,TN,1987,1178,48,1178,52,1178
mumps,TN,1988,219,37,219,52,219
mumps,TN,1989,105,33,86,52,86
mumps,TN,1990,50,26,61,52,61
mumps,TN,1991,125,26,195,52,198
mumps,TN,1992,15,8,15,52,15
mumps,TN,1993,16,12,17,52,17
mumps,TN,1994,8,5,8,52,9
mumps,TN,1995,,,5,52,5
mumps,TN,1996,2,1,3,52,3
mumps,TN,1997,4,4,6,52,6
mumps,TN,1998,1,1,2,52,2
mumps,TN,2000,2,1,2,52,2
mumps,TN,2001,1,1,1,52,1
mumps,TN,2002,,,2,52,2
mumps,TN,2011,1,1,1,52,1
mumps,TN,2012,3,3,2,52,2
mumps,TN,2013,5,3,7,52,7
mumps,TN,2014,2,2,4,53,8
mumps,TN,2015,3,2,3,53,3
mumps,TN,2016,2,2,5,53,5
mumps,TN,2017,17,11,69,52,69
mumps,TX,1968,11236,49,,,
mumps,TX,1969,8070,51,,,
mumps,TX,1970,5972,51,6116,52,6116
mumps,TX,1971,8680,50,9143,52,9143
mumps,TX,1972,4826,48,5112,52,5112
mumps,TX,1973,3607,48,3721,52,3721
mumps,TX,1974,3000,44,3491,52,3491
mumps,TX,1975,3890,49,4044,52,4044
mumps,TX,1976,1735,52,1755,52,1755
mumps,TX,1977,979,51,995,52,995
mumps,TX,1978,1527,52,1527,52,1527
mumps,TX,1979,906,50,906,52,906
mumps,TX,1980,212,48,211,51,211
mumps,TX,1981,216,43,227,52,227
mumps,TX,1982,251,50,254,52,254
mumps,TX,1983,217,49,220,52,220
mumps,TX,1984,181,43,182,52,182
mumps,TX,1985,315,50,315,52,315
mumps,TX,1986,220,47,315,53,315
mumps,TX,1987,317,44,323,52,323
mumps,TX,1988,294,45,294,52,294
mumps,TX,1989,596,52,541,52,541
mumps,TX,1990,456,48,433,52,433
mumps,TX,1991,340,46,240,52,266
mumps,TX,1992,299,35,362,52,362
mumps,TX,1993,228,46,229,52,229
mumps,TX,1994,194,41,121,52,373
mumps,TX,1995,,,30,52,30
mumps,TX,1996,22,12,26,52,26
mumps,TX,1997,31,16,58,52,58
mumps,TX,1998,22,14,39,52,39
mumps,TX,1999,17,9,29,52,29
mumps,TX,2000,6,5,22,52,22
mumps,TX,2001,6,6,11,52,11
mumps,TX,2002,,,11,52,16
mumps,TX,2011,27,19,62,52,62
mumps,TX,2012,12,11,15,52,15
mumps,TX,2013,7,5,12,52,12
mumps,TX,2014,9,8,15,53,15
mumps,TX,2015,9,8,20,53,20
mumps,TX,2016,78,23,122,53,122
mumps,TX,2017,253,43,423,52,423
mumps,UT,1968,695,51,,,
mumps,UT,1969,334,45,,,
mumps,UT,1970,129,25,132,52,132
mumps,UT,1971,186,24,201,52,201
mumps,UT,1972,141,20,141,52,141
mumps,UT,1973,157,23,157,52,157
mumps,UT,1974,77,12,77,52,77
mumps,UT,1975,157,19,176,52,176
mumps,UT,1976,221,28,221,52,221
mumps,UT,1977,83,21,95,52,95
mumps,UT,1978,162,27,162,52,162
mumps,UT,1979,94,17,96,52,96
mumps,UT,1980,29,7,29,51,29
mumps,UT,1981,21,15,24,52,24
mumps,UT,1982,21,16,22,52,22
mumps,UT,1983,8,5,15,52,15
mumps,UT,1984,5,5,11,52,11
mumps,UT,1985,5,3,6,52,6
mumps,UT,1986,16,7,6,53,16
mumps,UT,1987,8,6,12,52,12
mumps,UT,1988,7,5,7,52,7
mumps,UT,1989,14,8,19,52,19
mumps,UT,1990,14,10,14,52,14
mumps,UT,1991,15,7,15,52,15
mumps,UT,1992,28,12,24,52,24
mumps,UT,1993,8,5,5,52,5
mumps,UT,1994,25,12,26,52,26
mumps,UT,1995,,,11,52,11
mumps,UT,1996,2,2,2,52,2
mumps,UT,1997,9,9,8,52,8
mumps,UT,1998,6,5,5,52,6
mumps,UT,1999,4,3,7,52,7
mumps,UT,2000,4,4,7,52,7
mumps,UT,2001,,,1,52,1
mumps,UT,2002,,,8,52,8
mumps,UT,2012,,,3,52,3
mumps,UT,2013,,,2,52,2
mumps,UT,2014,,,1,53,1
mumps,UT,2016,,,1,53,1
mumps,UT,2017,1,1,40,52,40
mumps,VA,1968,1265,52,,,
mumps,VA,1969,1291,50,,,
mumps,VA,1970,2228,50,2271,52,2271
mumps,VA,1971,1059,50,1085,52,1085
mumps,VA,1972,1311,47,1328,52,1328
mumps,VA,1973,781,50,782,52,782
mumps,VA,1974,758,47,783,52,783
mumps,VA,1975,851,50,854,52,854
mumps,VA,1976,225,40,225,52,225
mumps,VA,1977,126,39,129,52,129
mumps,VA,1978,194,43,196,52,196
mumps,VA,1979,102,37,105,52,105
mumps,VA,1980,86,32,86,51,86
mumps,VA,1981,129,31,134,52,134
mumps,VA,1982,44,31,44,52,44
mumps,VA,1983,33,20,37,52,37
mumps,VA,1984,20,19,19,52,19
mumps,VA,1985,49,26,49,52,49
mumps,VA,1986,45,25,49,53,49
mumps,VA,1987,89,23,88,52,88
mumps,VA,1988,138,17,139,52,148
mumps,VA,1989,121,32,132,52,132
mumps,VA,1990,95,27,106,52,106
mumps,VA,1991,67,21,70,52,70
mumps,VA,1992,37,11,58,52,58
mumps,VA,1993,33,21,36,52,36
mumps,VA,1994,46,26,47,52,47
mumps,VA,1995,,,25,52,25
mumps,VA,1996,11,10,16,52,16
mumps,VA,1997,19,10,19,52,19
mumps,VA,1998,10,9,10,52,10
mumps,VA,1999,9,5,10,52,10
mumps,VA,2000,11,10,11,52,11
mumps,VA,2001,6,5,8,52,8
mumps,VA,2002,,,4,52,4
mumps,VA,2011,,,9,52,9
mumps,VA,2012,1,1,7,52,7
mumps,VA,2013,20,7,5,52,109
mumps,VA,2014,2,2,18,53,26
mumps,VA,2015,13,7,34,53,34
mumps,VA,2016,4,4,14,53,14
mumps,VA,2017,2,2,35,52,35
mumps,VI,1970,3,3,3,52,3
mumps,VI,1971,81,24,86,52,86
mumps,VI,1972,110,13,130,52,130
mumps,VI,1973,35,21,34,52,34
mumps,VI,1974,45,18,45,52,45
mumps,VI,1975,244,17,250,52,250
mumps,VI,1976,49,16,61,52,61
mumps,VI,1977,144,18,195,52,195
mumps,VI,1978,45,1,1,52,1308
mumps,VI,1979,1,1,20,52,20
mumps,VI,1980,1,1,2,51,2
mumps,VI,1981,6,4,18,52,18
mumps,VI,1982,2,2,3,52,3
mumps,VI,1984,7,2,5,52,5
mumps,VI,1985,3,2,4,52,4
mumps,VI,1986,16,14,4,53,18
mumps,VI,1987,19,17,21,52,21
mumps,VI,1988,10,8,35,52,35
mumps,VI,1989,17,17,21,52,21
mumps,VI,1990,12,12,15,52,15
mumps,VI,1991,5,5,10,52,10
mumps,VI,1992,13,11,23,52,23
mumps,VI,1993,5,5,5,52,5
mumps,VI,1994,1,1,1,52,1
mumps,VI,1995,,,2,52,2
mumps,VI,2017,,,1,52,1
mumps,VT,1968,1246,49,,,
mumps,VT,1969,1255,48,,,
mumps,VT,1970,736,47,736,52,736
mumps,VT,1971,348,28,498,52,498
mumps,VT,1972,136,20,144,52,144
mumps,VT,1973,266,33,278,52,278
mumps,VT,1974,21,16,21,52,29
mumps,VT,1975,12,8,19,52,19
mumps,VT,1976,48,12,48,52,48
mumps,VT,1977,8,5,8,52,8
mumps,VT,1978,6,5,6,52,6
mumps,VT,1979,10,9,10,52,10
mumps,VT,1980,12,10,12,51,12
mumps,VT,1981,10,8,10,52,10
mumps,VT,1982,7,6,7,52,7
mumps,VT,1983,15,12,15,52,15
mumps,VT,1984,5,5,5,52,5
mumps,VT,1985,2,1,3,52,3
mumps,VT,1986,2,2,3,53,5
mumps,VT,1987,6,5,7,52,7
mumps,VT,1988,5,5,6,52,6
mumps,VT,1989,4,3,3,52,3
mumps,VT,1990,2,2,2,52,2
mumps,VT,1991,3,3,4,52,4
mumps,VT,1992,1,1,1,52,1
mumps,VT,1993,,,1,52,1
mumps,VT,1999,,,1,52,1
mumps,VT,2011,,,1,52,1
mumps,VT,2013,,,1,52,1
mumps,VT,2015,,,1,53,1
mumps,VT,2017,,,1,52,1
mumps,WA,1968,6559,48,,,
mumps,WA,1969,4352,48,,,
mumps,WA,1970,5829,51,6108,52,6108
mumps,WA,1971,6323,48,6816,52,6816
mumps,WA,1972,3937,49,4125,52,4125
mumps,WA,1973,1563,47,1940,52,1940
mumps,WA,1974,2119,48,2197,52,2197
mumps,WA,1975,4556,51,4675,52,4675
mumps,WA,1976,882,45,943,52,943
mumps,WA,1977,333,44,356,52,356
mumps,WA,1978,212,41,218,52,218
mumps,WA,1979,246,39,249,52,249
mumps,WA,1980,131,39,153,51,153
mumps,WA,1981,162,42,165,52,169
mumps,WA,1982,102,31,102,52,102
mumps,WA,1983,48,31,55,52,55
mumps,WA,1984,62,32,55,52,55
mumps,WA,1985,37,21,41,52,41
mumps,WA,1986,24,16,41,53,41
mumps,WA,1987,72,32,71,52,71
mumps,WA,1988,45,26,63,52,63
mumps,WA,1989,56,27,56,52,56
mumps,WA,1990,61,30,66,52,66
mumps,WA,1991,174,28,171,52,171
mumps,WA,1992,18,15,18,52,18
mumps,WA,1993,14,9,14,52,14
mumps,WA,1994,9,9,9,52,9
mumps,WA,1995,,,15,52,15
mumps,WA,1996,21,16,21,52,21
mumps,WA,1997,15,12,21,52,21
mumps,WA,1998,9,8,11,52,11
mumps,WA,1999,2,2,2,52,2
mumps,WA,2000,11,9,11,52,11
mumps,WA,2001,1,1,2,52,2
mumps,WA,2011,2,2,2,52,2
mumps,WA,2012,2,2,2,52,2
mumps,WA,2013,2,2,2,52,2
mumps,WA,2014,5,5,5,53,5
mumps,WA,2015,6,3,6,53,6
mumps,WA,2016,48,5,48,53,48
mumps,WA,2017,821,36,752,52,752
mumps,WI,1968,15413,49,,,
mumps,WI,1969,8530,51,,,
mumps,WI,1970,11346,50,11609,52,11609
mumps,WI,1971,16591,50,17172,52,17172
mumps,WI,1972,8037,49,8468,52,8468
mumps,WI,1973,4729,51,4740,52,4740
mumps,WI,1974,3343,50,3518,52,3518
mumps,WI,1975,6051,52,6051,52,6051
mumps,WI,1976,4199,52,4199,52,4199
mumps,WI,1977,1878,51,1902,52,1902
mumps,WI,1978,1329,51,1331,52,1331
mumps,WI,1979,1256,52,1266,52,1266
mumps,WI,1980,368,51,364,51,364
mumps,WI,1981,195,43,238,52,238
mumps,WI,1982,115,32,132,52,132
mumps,WI,1983,14,8,94,52,94
mumps,WI,1984,6,3,115,52,115
mumps,WI,1985,3,3,91,52,91
mumps,WI,1986,12,9,91,53,283
mumps,WI,1987,66,24,1688,52,1688
mumps,WI,1988,4,4,139,52,139
mumps,WI,1989,4,4,52,52,52
mumps,WI,1990,3,3,56,52,56
mumps,WI,1991,2,2,30,52,30
mumps,WI,1992,1,1,15,52,15
mumps,WI,1993,,,22,52,22
mumps,WI,1994,,,14,52,14
mumps,WI,1996,,,1,52,1
mumps,WI,1997,,,3,52,3
mumps,WI,1999,,,2,52,2
mumps,WI,2002,,,1,52,1
mumps,WI,2011,,,4,52,4
mumps,WI,2012,,,7,52,7
mumps,WI,2013,,,1,52,1
mumps,WI,2014,3,2,62,53,118
mumps,WI,2015,5,5,42,53,42
mumps,WI,2016,2,1,32,53,32
mumps,WI,2017,5,3,52,52,52
mumps,WV,1968,3483,52,,,
mumps,WV,1969,2748,51,,,
mumps,WV,1970,2535,51,2592,52,2592
mumps,WV,1971,2539,50,2670,52,2670
mumps,WV,1972,2482,46,2768,52,2768
mumps,WV,1973,2660,49,2663,52,2663
mumps,WV,1974,3329,50,3448,52,3448
mumps,WV,1975,1472,52,1472,52,1472
mumps,WV,1976,857,52,857,52,857
mumps,WV,1977,213,47,221,52,221
mumps,WV,1978,140,43,194,52,194
mumps,WV,1979,127,40,139,52,139
mumps,WV,1980,139,39,127,51,127
mumps,WV,1981,116,44,120,52,120
mumps,WV,1982,113,35,123,52,123
mumps,WV,1983,56,35,62,52,62
mumps,WV,1984,40,26,42,52,42
mumps,WV,1985,71,33,75,52,75
mumps,WV,1986,47,31,75,53,75
mumps,WV,1987,37,26,41,52,41
mumps,WV,1988,17,14,19,52,19
mumps,WV,1989,16,16,17,52,17
mumps,WV,1990,43,18,44,52,44
mumps,WV,1991,26,17,27,52,27
mumps,WV,1992,27,14,27,52,31
mumps,WV,1993,19,15,23,52,23
mumps,WV,1994,3,3,5,52,5
mumps,WV,1997,2,2,1,38,1
mumps,WV,1998,,,5,10,5
mumps,WV,2011,1,1,1,52,1
mumps,WV,2012,2,2,2,52,2
mumps,WV,2014,1,1,1,53,1
mumps,WV,2015,,,1,53,1
mumps,WV,2016,,,1,53,1
mumps,WV,2017,,,2,52,2
mumps,WY,1968,399,22,,,
mumps,WY,1969,8,5,,,
mumps,WY,1970,44,16,44,52,44
mumps,WY,1971,425,31,426,52,426
mumps,WY,1972,348,31,372,52,372
mumps,WY,1973,435,24,436,52,436
mumps,WY,1974,10,5,10,52,10
mumps,WY,1975,2,1,2,52,2
mumps,WY,1976,1,1,1,52,1
mumps,WY,1977,4,3,4,52,4
mumps,WY,1978,2,2,2,52,2
mumps,WY,1981,3,2,3,52,3
mumps,WY,1982,2,2,2,52,2
mumps,WY,1983,4,4,4,52,4
mumps,WY,1984,2,2,2,52,2
mumps,WY,1985,2,2,2,52,2
mumps,WY,1986,,,2,53,2
mumps,WY,1988,7,5,7,52,7
mumps,WY,1989,4,3,8,52,8
mumps,WY,1990,3,2,3,52,3
mumps,WY,1991,5,4,5,52,5
mumps,WY,1992,,,1,52,1
mumps,WY,1993,5,4,5,52,5
mumps,WY,1994,3,3,3,52,3
mumps,WY,1996,1,1,1,52,1
mumps,WY,1997,1,1,1,52,1
mumps,WY,1998,1,1,1,52,1
mumps,WY,2000,1,1,4,52,4
mumps,WY,2001,1,1,2,52,2
mumps,WY,2011,,,1,52,1
mumps,WY,2012,,,1,52,1
pertussis,AK,1950,86,15,,,
pertussis,AK,1951,78,19,,,
pertussis,AK,1955,55,9,,,
pertussis,AK,1975,4,3,,,
pertussis,AK,1977,5,3,,,
pertussis,AK,1978,19,11,,,
pertussis,AK,1979,10,6,,,
pertussis,AK,1980,5,5,,,
pertussis,AK,1983,5,2,4,52,4
pertussis,AK,1984,,,1,52,1
pertussis,AK,1985,21,9,5,105,30
pertussis,AK,1986,5,5,30,53,30
pertussis,AK,1987,9,6,5,52,10
pertussis,AK,1988,7,7,7,52,7
pertussis,AK,1989,,,1,52,1
pertussis,AK,1990,9,3,17,52,17
pertussis,AK,1991,2,2,13,52,13
pertussis,AK,1992,2,2,15,52,15
pertussis,AK,1993,2,2,5,52,5
pertussis,AK,1994,1,1,1,52,2
pertussis,AK,1995,,,1,52,1
pertussis,AK,1996,,,4,52,4
pertussis,AK,1997,9,1,14,52,14
pertussis,AK,1998,8,4,15,52,15
pertussis,AK,1999,2,2,5,52,5
pertussis,AK,2000,10,6,22,52,22
pertussis,AK,2001,5,4,11,52,11
pertussis,AK,2002,,,5,52,5
pertussis,AK,2003,,,7,52,7
pertussis,AK,2004,,,12,52,12
pertussis,AK,2005,,,125,52,125
pertussis,AK,2006,40,22,65,52,65
pertussis,AK,2007,36,21,52,52,52
pertussis,AK,2008,185,39,258,54,258
pertussis,AK,2009,22,13,49,52,56
pertussis,AK,2010,,,43,52,43
pertussis,AK,2011,1,1,28,52,28
pertussis,AK,2012,177,36,6,53,313
pertussis,AK,2013,198,43,2,53,313
pertussis,AK,2014,89,33,164,53,164
pertussis,AK,2015,85,27,107,53,107
pertussis,AK,2016,57,30,144,53,144
pertussis,AK,2017,10,7,43,52,43
pertussis,AL,1937,137,8,,,
pertussis,AL,1938,1005,31,,,
pertussis,AL,1939,1892,52,,,
pertussis,AL,1940,961,50,,,
pertussis,AL,1941,1589,52,,,
pertussis,AL,1942,1624,51,,,
pertussis,AL,1943,1970,52,,,
pertussis,AL,1944,1176,52,,,
pertussis,AL,1945,1075,52,,,
pertussis,AL,1946,1110,51,,,
pertussis,AL,1947,2302,52,,,
pertussis,AL,1948,1243,50,,,
pertussis,AL,1949,515,52,,,
pertussis,AL,1950,1192,51,,,
pertussis,AL,1951,1209,48,,,
pertussis,AL,1952,665,45,,,
pertussis,AL,1953,317,46,,,
pertussis,AL,1954,748,47,,,
pertussis,AL,1955,1774,51,,,
pertussis,AL,1974,19,11,,,
pertussis,AL,1975,46,8,,,
pertussis,AL,1976,6,5,,,
pertussis,AL,1977,4,2,,,
pertussis,AL,1978,3,2,,,
pertussis,AL,1979,4,4,,,
pertussis,AL,1980,4,3,,,
pertussis,AL,1982,5,4,,,
pertussis,AL,1983,4,3,5,52,5
pertussis,AL,1984,1,1,2,52,2
pertussis,AL,1985,28,14,2,105,29
pertussis,AL,1986,24,19,29,53,29
pertussis,AL,1987,26,18,25,52,25
pertussis,AL,1988,62,25,62,52,62
pertussis,AL,1989,97,38,79,52,79
pertussis,AL,1990,75,34,69,52,69
pertussis,AL,1991,60,29,57,52,57
pertussis,AL,1992,21,18,19,52,19
pertussis,AL,1993,64,30,64,52,64
pertussis,AL,1994,39,22,35,52,35
pertussis,AL,1995,38,19,38,52,38
pertussis,AL,1996,22,15,28,52,28
pertussis,AL,1997,29,21,33,52,33
pertussis,AL,1998,22,13,32,52,32
pertussis,AL,1999,18,13,21,52,21
pertussis,AL,2000,12,10,21,52,21
pertussis,AL,2001,31,19,37,52,37
pertussis,AL,2002,,,37,52,37
pertussis,AL,2003,,,17,52,17
pertussis,AL,2004,,,45,52,45
pertussis,AL,2005,,,84,52,84
pertussis,AL,2006,59,20,165,52,165
pertussis,AL,2007,2,2,82,52,82
pertussis,AL,2008,5,5,59,54,59
pertussis,AL,2009,34,19,285,52,285
pertussis,AL,2010,23,17,197,52,197
pertussis,AL,2011,15,9,132,52,132
pertussis,AL,2012,36,21,1,53,195
pertussis,AL,2013,31,20,3,53,176
pertussis,AL,2014,32,24,279,53,284
pertussis,AL,2015,19,14,156,53,156
pertussis,AL,2016,20,17,160,53,160
pertussis,AL,2017,4,4,223,52,223
pertussis,AR,1937,173,8,,,
pertussis,AR,1938,467,27,,,
pertussis,AR,1939,787,52,,,
pertussis,AR,1940,813,50,,,
pertussis,AR,1941,1126,52,,,
pertussis,AR,1942,864,51,,,
pertussis,AR,1943,1453,52,,,
pertussis,AR,1944,908,52,,,
pertussis,AR,1945,663,52,,,
pertussis,AR,1946,489,51,,,
pertussis,AR,1947,1704,52,,,
pertussis,AR,1948,1187,49,,,
pertussis,AR,1949,769,52,,,
pertussis,AR,1950,2001,51,,,
pertussis,AR,1951,1541,48,,,
pertussis,AR,1952,538,48,,,
pertussis,AR,1953,569,45,,,
pertussis,AR,1954,899,51,,,
pertussis,AR,1955,1659,50,,,
pertussis,AR,1974,22,12,,,
pertussis,AR,1975,25,15,,,
pertussis,AR,1976,28,16,,,
pertussis,AR,1977,23,15,,,
pertussis,AR,1978,32,24,,,
pertussis,AR,1979,17,10,,,
pertussis,AR,1980,14,12,,,
pertussis,AR,1981,2,2,,,
pertussis,AR,1982,3,1,,,
pertussis,AR,1983,21,14,27,52,27
pertussis,AR,1984,20,12,19,52,19
pertussis,AR,1985,7,4,22,105,22
pertussis,AR,1986,20,14,17,53,20
pertussis,AR,1987,7,6,13,52,13
pertussis,AR,1988,38,15,38,52,38
pertussis,AR,1989,31,20,31,52,31
pertussis,AR,1990,23,12,23,52,23
pertussis,AR,1991,14,11,14,52,14
pertussis,AR,1992,18,14,19,52,19
pertussis,AR,1993,12,9,12,52,12
pertussis,AR,1994,26,12,27,52,27
pertussis,AR,1995,34,7,41,52,41
pertussis,AR,1996,12,8,10,52,13
pertussis,AR,1997,48,17,60,52,60
pertussis,AR,1998,78,28,96,52,96
pertussis,AR,1999,17,13,19,52,19
pertussis,AR,2000,29,14,36,52,36
pertussis,AR,2001,29,14,47,52,47
pertussis,AR,2002,,,489,52,489
pertussis,AR,2003,,,37,52,37
pertussis,AR,2004,,,78,52,78
pertussis,AR,2005,,,292,52,292
pertussis,AR,2006,48,24,75,52,75
pertussis,AR,2007,71,13,137,52,137
pertussis,AR,2008,53,15,93,54,93
pertussis,AR,2009,53,16,278,52,278
pertussis,AR,2010,42,17,183,52,183
pertussis,AR,2011,12,9,59,52,59
pertussis,AR,2012,22,14,171,52,171
pertussis,AR,2013,43,19,1,53,371
pertussis,AR,2014,54,31,259,53,360
pertussis,AR,2015,14,10,57,53,57
pertussis,AR,2016,11,10,42,53,42
pertussis,AR,2017,82,37,196,52,196
pertussis,AS,1988,1,1,,,
pertussis,AS,1992,27,2,6,52,139
pertussis,AS,1993,,,2,52,2
pertussis,AS,1994,1,1,2,52,2
pertussis,AZ,1937,28,2,,,
pertussis,AZ,1938,298,25,,,
pertussis,AZ,1939,748,52,,,
pertussis,AZ,1940,915,50,,,
pertussis,AZ,1941,1187,52,,,
pertussis,AZ,1942,1139,51,,,
pertussis,AZ,1943,943,52,,,
pertussis,AZ,1944,967,52,,,
pertussis,AZ,1945,828,51,,,
pertussis,AZ,1946,693,51,,,
pertussis,AZ,1947,1210,52,,,
pertussis,AZ,1948,1229,49,,,
pertussis,AZ,1949,563,52,,,
pertussis,AZ,1950,2016,51,,,
pertussis,AZ,1951,1806,48,,,
pertussis,AZ,1952,1624,48,,,
pertussis,AZ,1953,249,42,,,
pertussis,AZ,1954,839,52,,,
pertussis,AZ,1955,1589,51,,,
pertussis,AZ,1978,23,13,,,
pertussis,AZ,1979,29,17,,,
pertussis,AZ,1980,26,9,,,
pertussis,AZ,1981,12,8,,,
pertussis,AZ,1982,16,7,,,
pertussis,AZ,1983,29,11,29,52,29
pertussis,AZ,1984,24,14,27,52,27
pertussis,AZ,1985,49,19,27,105,49
pertussis,AZ,1986,72,20,49,53,65
pertussis,AZ,1987,38,10,38,52,38
pertussis,AZ,1988,433,29,440,52,440
pertussis,AZ,1989,372,40,400,52,400
pertussis,AZ,1990,52,14,56,52,56
pertussis,AZ,1991,69,8,69,52,69
pertussis,AZ,1992,116,15,127,52,127
pertussis,AZ,1993,14,9,63,52,63
pertussis,AZ,1994,128,24,148,52,148
pertussis,AZ,1995,339,24,151,52,305
pertussis,AZ,1996,23,8,29,52,29
pertussis,AZ,1997,32,15,41,52,41
pertussis,AZ,1998,157,24,224,52,224
pertussis,AZ,1999,86,21,128,52,128
pertussis,AZ,2000,114,28,143,52,143
pertussis,AZ,2001,613,30,637,52,637
pertussis,AZ,2002,,,706,52,706
pertussis,AZ,2003,,,126,52,126
pertussis,AZ,2004,,,240,52,240
pertussis,AZ,2005,,,959,52,959
pertussis,AZ,2006,255,30,476,52,476
pertussis,AZ,2007,122,24,201,52,201
pertussis,AZ,2008,29,20,204,54,204
pertussis,AZ,2009,38,18,224,52,224
pertussis,AZ,2010,36,23,419,52,419
pertussis,AZ,2011,47,27,666,52,666
pertussis,AZ,2012,87,33,4,53,912
pertussis,AZ,2013,99,23,1292,52,1292
pertussis,AZ,2014,49,19,464,53,464
pertussis,AZ,2015,214,44,581,53,581
pertussis,AZ,2016,173,44,278,53,278
pertussis,AZ,2017,289,50,417,52,417
pertussis,CA,1937,2143,8,,,
pertussis,CA,1938,4045,27,,,
pertussis,CA,1939,6939,52,,,
pertussis,CA,1940,14284,50,,,
pertussis,CA,1941,19382,52,,,
pertussis,CA,1942,11030,51,,,
pertussis,CA,1943,12626,52,,,
pertussis,CA,1944,4457,52,,,
pertussis,CA,1945,12271,52,,,
pertussis,CA,1946,3796,52,,,
pertussis,CA,1947,8454,52,,,
pertussis,CA,1948,3263,50,,,
pertussis,CA,1949,3684,52,,,
pertussis,CA,1950,5025,50,,,
pertussis,CA,1951,2707,48,,,
pertussis,CA,1952,3873,46,,,
pertussis,CA,1953,2059,49,,,
pertussis,CA,1954,5670,52,,,
pertussis,CA,1955,5026,51,,,
pertussis,CA,1974,320,46,,,
pertussis,CA,1975,129,43,,,
pertussis,CA,1976,76,38,,,
pertussis,CA,1977,181,38,,,
pertussis,CA,1978,222,47,,,
pertussis,CA,1979,99,40,,,
pertussis,CA,1980,128,42,,,
pertussis,CA,1981,147,37,,,
pertussis,CA,1982,99,40,,,
pertussis,CA,1983,97,32,115,52,115
pertussis,CA,1984,131,39,164,52,164
pertussis,CA,1985,249,39,164,105,278
pertussis,CA,1986,284,42,278,53,312
pertussis,CA,1987,204,42,236,52,236
pertussis,CA,1988,253,47,285,52,285
pertussis,CA,1989,317,50,328,52,328
pertussis,CA,1990,409,48,463,52,463
pertussis,CA,1991,222,45,263,52,263
pertussis,CA,1992,389,46,511,52,511
pertussis,CA,1993,350,46,583,52,583
pertussis,CA,1994,299,41,573,52,573
pertussis,CA,1995,318,34,463,52,463
pertussis,CA,1996,634,32,724,52,724
pertussis,CA,1997,159,20,403,52,403
pertussis,CA,1998,78,18,958,52,958
pertussis,CA,1999,87,23,936,52,936
pertussis,CA,2000,107,19,550,52,550
pertussis,CA,2001,,,495,52,495
pertussis,CA,2002,,,702,52,702
pertussis,CA,2003,,,735,52,735
pertussis,CA,2004,,,521,52,521
pertussis,CA,2005,,,1622,52,1622
pertussis,CA,2006,361,10,1335,52,1335
pertussis,CA,2007,6,2,272,52,272
pertussis,CA,2008,8,4,392,54,392
pertussis,CA,2009,1,1,473,52,473
pertussis,CA,2010,165,28,3080,52,3080
pertussis,CA,2011,606,30,2044,52,2044
pertussis,CA,2012,28,22,651,52,651
pertussis,CA,2013,76,39,1462,52,1462
pertussis,CA,2014,542,45,6951,53,8334
pertussis,CA,2015,34,14,2792,53,2792
pertussis,CA,2016,51,27,1098,53,1098
pertussis,CA,2017,55,30,1742,52,1742
pertussis,CO,1937,62,9,,,
pertussis,CO,1938,937,27,,,
pertussis,CO,1939,1918,52,,,
pertussis,CO,1940,866,50,,,
pertussis,CO,1941,5014,52,,,
pertussis,CO,1942,1326,51,,,
pertussis,CO,1943,1616,52,,,
pertussis,CO,1944,1490,52,,,
pertussis,CO,1945,1650,52,,,
pertussis,CO,1946,1030,51,,,
pertussis,CO,1947,2203,52,,,
pertussis,CO,1948,1771,49,,,
pertussis,CO,1949,350,45,,,
pertussis,CO,1950,1118,51,,,
pertussis,CO,1951,891,48,,,
pertussis,CO,1952,433,46,,,
pertussis,CO,1953,180,38,,,
pertussis,CO,1954,280,46,,,
pertussis,CO,1955,579,50,,,
pertussis,CO,1977,12,7,,,
pertussis,CO,1978,21,10,,,
pertussis,CO,1979,41,23,,,
pertussis,CO,1980,27,20,,,
pertussis,CO,1981,24,12,,,
pertussis,CO,1982,30,12,,,
pertussis,CO,1983,136,36,138,52,138
pertussis,CO,1984,47,19,47,52,47
pertussis,CO,1985,91,27,49,105,97
pertussis,CO,1986,68,29,97,53,97
pertussis,CO,1987,70,29,70,52,70
pertussis,CO,1988,41,16,39,52,39
pertussis,CO,1989,97,20,107,52,107
pertussis,CO,1990,126,29,123,52,123
pertussis,CO,1991,156,28,145,52,145
pertussis,CO,1992,83,18,94,52,94
pertussis,CO,1993,120,26,155,52,155
pertussis,CO,1994,45,19,125,52,125
pertussis,CO,1995,79,20,113,52,113
pertussis,CO,1996,131,29,157,52,157
pertussis,CO,1997,222,48,342,52,342
pertussis,CO,1998,146,43,257,52,257
pertussis,CO,1999,151,37,245,52,245
pertussis,CO,2000,414,45,457,52,457
pertussis,CO,2001,231,40,344,52,344
pertussis,CO,2002,,,432,52,432
pertussis,CO,2003,,,340,52,340
pertussis,CO,2004,,,1072,52,1072
pertussis,CO,2005,,,1373,52,1373
pertussis,CO,2006,374,32,718,52,718
pertussis,CO,2007,225,35,306,52,306
pertussis,CO,2008,119,37,160,54,160
pertussis,CO,2009,195,36,233,52,243
pertussis,CO,2010,597,39,663,52,663
pertussis,CO,2011,468,45,432,52,432
pertussis,CO,2012,,,1477,52,1480
pertussis,CO,2013,221,21,914,52,914
pertussis,CO,2014,568,25,1280,53,1526
pertussis,CO,2015,740,41,948,53,948
pertussis,CO,2016,757,48,771,53,771
pertussis,CO,2017,651,46,677,52,677
pertussis,CT,1937,329,9,,,
pertussis,CT,1938,3408,50,,,
pertussis,CT,1939,3800,52,,,
pertussis,CT,1940,2611,50,,,
pertussis,CT,1941,2836,52,,,
pertussis,CT,1942,4085,51,,,
pertussis,CT,1943,1902,52,,,
pertussis,CT,1944,2108,52,,,
pertussis,CT,1945,2427,52,,,
pertussis,CT,1946,2200,52,,,
pertussis,CT,1947,2974,52,,,
pertussis,CT,1948,711,51,,,
pertussis,CT,1949,1701,52,,,
pertussis,CT,1950,3723,52,,,
pertussis,CT,1951,494,48,,,
pertussis,CT,1952,466,47,,,
pertussis,CT,1953,613,49,,,
pertussis,CT,1954,1961,52,,,
pertussis,CT,1955,836,51,,,
pertussis,CT,1974,25,16,,,
pertussis,CT,1975,10,8,,,
pertussis,CT,1976,16,9,,,
pertussis,CT,1977,7,7,,,
pertussis,CT,1978,11,8,,,
pertussis,CT,1979,6,6,,,
pertussis,CT,1980,4,4,,,
pertussis,CT,1981,1,1,,,
pertussis,CT,1982,3,1,,,
pertussis,CT,1983,5,2,7,52,7
pertussis,CT,1984,5,4,5,52,5
pertussis,CT,1985,12,10,6,105,12
pertussis,CT,1986,26,15,12,53,26
pertussis,CT,1987,30,12,31,52,31
pertussis,CT,1988,23,15,23,52,23
pertussis,CT,1989,22,14,22,52,22
pertussis,CT,1990,27,16,27,52,27
pertussis,CT,1991,18,12,23,52,23
pertussis,CT,1992,38,19,45,52,45
pertussis,CT,1993,88,30,91,52,91
pertussis,CT,1994,32,14,42,52,42
pertussis,CT,1995,28,10,32,52,32
pertussis,CT,1996,9,4,36,52,36
pertussis,CT,1997,12,5,35,52,35
pertussis,CT,1998,21,12,46,52,46
pertussis,CT,1999,14,6,31,52,31
pertussis,CT,2000,28,15,48,52,48
pertussis,CT,2001,9,7,17,52,17
pertussis,CT,2002,,,27,52,27
pertussis,CT,2003,,,25,52,25
pertussis,CT,2004,,,12,52,12
pertussis,CT,2005,,,53,52,53
pertussis,CT,2006,,,91,52,91
pertussis,CT,2007,0,1,59,52,59
pertussis,CT,2008,,,34,54,34
pertussis,CT,2009,,,48,52,48
pertussis,CT,2010,1,1,108,52,108
pertussis,CT,2011,3,2,60,52,60
pertussis,CT,2012,1,1,172,52,172
pertussis,CT,2013,1,1,57,52,57
pertussis,CT,2014,,,72,53,72
pertussis,CT,2015,,,59,53,59
pertussis,CT,2016,,,81,53,81
pertussis,CT,2017,1,1,56,52,56
pertussis,DC,1909,2,1,,,
pertussis,DC,1937,44,9,,,
pertussis,DC,1938,495,50,,,
pertussis,DC,1939,1332,52,,,
pertussis,DC,1940,452,50,,,
pertussis,DC,1941,747,52,,,
pertussis,DC,1942,936,51,,,
pertussis,DC,1943,1093,52,,,
pertussis,DC,1944,175,51,,,
pertussis,DC,1945,410,52,,,
pertussis,DC,1946,374,51,,,
pertussis,DC,1947,626,52,,,
pertussis,DC,1948,233,44,,,
pertussis,DC,1949,119,39,,,
pertussis,DC,1950,190,47,,,
pertussis,DC,1951,195,43,,,
pertussis,DC,1952,74,33,,,
pertussis,DC,1953,154,39,,,
pertussis,DC,1954,159,48,,,
pertussis,DC,1955,107,38,,,
pertussis,DC,1977,1,1,,,
pertussis,DC,1982,1,1,,,
pertussis,DC,1985,1,1,1,52,1
pertussis,DC,1986,,,1,53,1
pertussis,DC,1988,1,1,1,52,1
pertussis,DC,1989,4,3,4,52,4
pertussis,DC,1990,15,6,15,52,15
pertussis,DC,1991,2,2,2,52,2
pertussis,DC,1992,1,1,1,52,1
pertussis,DC,1993,11,8,13,52,13
pertussis,DC,1994,12,9,11,52,11
pertussis,DC,1995,6,6,6,52,6
pertussis,DC,1996,4,3,5,52,5
pertussis,DC,1997,3,2,3,52,3
pertussis,DC,1998,,,1,52,1
pertussis,DC,1999,,,1,52,1
pertussis,DC,2000,,,3,52,3
pertussis,DC,2001,1,1,1,52,1
pertussis,DC,2002,,,2,52,2
pertussis,DC,2003,,,3,52,3
pertussis,DC,2004,,,9,52,9
pertussis,DC,2005,,,11,52,11
pertussis,DC,2006,5,3,6,52,6
pertussis,DC,2007,,,2,52,2
pertussis,DC,2008,2,2,7,54,7
pertussis,DC,2009,,,3,52,3
pertussis,DC,2010,,,12,52,12
pertussis,DC,2011,1,1,8,52,8
pertussis,DC,2012,7,4,19,52,19
pertussis,DC,2013,21,12,40,52,40
pertussis,DC,2014,10,9,22,53,22
pertussis,DC,2015,8,7,11,53,11
pertussis,DC,2016,3,2,9,53,9
pertussis,DC,2017,4,4,17,52,17
pertussis,DE,1932,0,1,,,
pertussis,DE,1937,71,9,,,
pertussis,DE,1938,358,50,,,
pertussis,DE,1939,430,52,,,
pertussis,DE,1940,599,50,,,
pertussis,DE,1941,270,52,,,
pertussis,DE,1942,121,51,,,
pertussis,DE,1943,211,52,,,
pertussis,DE,1944,57,50,,,
pertussis,DE,1945,103,51,,,
pertussis,DE,1946,183,43,,,
pertussis,DE,1947,223,48,,,
pertussis,DE,1948,63,26,,,
pertussis,DE,1949,227,40,,,
pertussis,DE,1950,337,49,,,
pertussis,DE,1951,64,26,,,
pertussis,DE,1952,39,23,,,
pertussis,DE,1953,34,16,,,
pertussis,DE,1954,34,17,,,
pertussis,DE,1955,69,29,,,
pertussis,DE,1974,3,1,,,
pertussis,DE,1975,2,1,,,
pertussis,DE,1978,1,1,,,
pertussis,DE,1980,1,1,,,
pertussis,DE,1981,1,1,,,
pertussis,DE,1982,5,4,,,
pertussis,DE,1983,5,3,5,52,5
pertussis,DE,1984,1,1,2,52,2
pertussis,DE,1985,,,2,105,2
pertussis,DE,1986,107,13,2,53,227
pertussis,DE,1987,4,2,5,52,5
pertussis,DE,1988,6,6,7,52,7
pertussis,DE,1989,1,1,1,52,1
pertussis,DE,1990,2,2,9,52,9
pertussis,DE,1992,7,5,7,52,7
pertussis,DE,1993,17,12,17,52,17
pertussis,DE,1994,3,3,3,52,3
pertussis,DE,1995,10,10,10,52,10
pertussis,DE,1996,14,10,27,52,27
pertussis,DE,1997,,,1,52,1
pertussis,DE,1998,5,4,5,52,5
pertussis,DE,1999,5,3,7,52,7
pertussis,DE,2000,8,7,9,52,9
pertussis,DE,2002,,,4,52,4
pertussis,DE,2003,,,8,52,8
pertussis,DE,2004,,,5,52,8
pertussis,DE,2005,,,15,52,15
pertussis,DE,2006,,,3,52,3
pertussis,DE,2007,3,3,11,52,11
pertussis,DE,2008,2,2,18,54,18
pertussis,DE,2009,3,3,13,52,13
pertussis,DE,2010,3,3,15,52,15
pertussis,DE,2011,5,5,25,52,25
pertussis,DE,2012,11,9,54,52,54
pertussis,DE,2013,8,7,25,52,25
pertussis,DE,2014,36,11,205,53,398
pertussis,DE,2015,6,5,18,53,18
pertussis,DE,2016,9,9,15,53,15
pertussis,DE,2017,1,1,9,52,9
pertussis,FL,1937,40,8,,,
pertussis,FL,1938,666,43,,,
pertussis,FL,1939,1112,52,,,
pertussis,FL,1940,382,50,,,
pertussis,FL,1941,760,52,,,
pertussis,FL,1942,798,51,,,
pertussis,FL,1943,1098,52,,,
pertussis,FL,1944,979,52,,,
pertussis,FL,1945,480,51,,,
pertussis,FL,1946,1028,52,,,
pertussis,FL,1947,1868,52,,,
pertussis,FL,1948,721,51,,,
pertussis,FL,1949,191,44,,,
pertussis,FL,1950,471,51,,,
pertussis,FL,1951,821,47,,,
pertussis,FL,1952,280,44,,,
pertussis,FL,1953,202,45,,,
pertussis,FL,1954,336,50,,,
pertussis,FL,1955,1085,50,,,
pertussis,FL,1974,28,8,,,
pertussis,FL,1975,27,14,,,
pertussis,FL,1976,25,8,,,
pertussis,FL,1977,87,16,,,
pertussis,FL,1978,55,24,,,
pertussis,FL,1979,39,23,,,
pertussis,FL,1980,58,28,,,
pertussis,FL,1981,60,32,,,
pertussis,FL,1982,47,26,,,
pertussis,FL,1983,50,34,53,52,53
pertussis,FL,1984,78,39,79,52,79
pertussis,FL,1985,71,31,91,105,91
pertussis,FL,1986,49,19,71,53,71
pertussis,FL,1987,30,17,42,52,42
pertussis,FL,1988,31,13,58,52,58
pertussis,FL,1989,37,17,79,52,79
pertussis,FL,1990,30,11,53,52,53
pertussis,FL,1991,60,26,60,52,60
pertussis,FL,1992,52,23,51,52,51
pertussis,FL,1993,111,36,100,52,100
pertussis,FL,1994,52,22,47,52,47
pertussis,FL,1995,113,22,68,52,68
pertussis,FL,1996,119,31,102,52,102
pertussis,FL,1997,141,38,85,52,85
pertussis,FL,1998,127,40,62,52,63
pertussis,FL,1999,190,35,102,52,102
pertussis,FL,2000,45,20,65,52,65
pertussis,FL,2001,36,22,29,52,29
pertussis,FL,2002,,,53,52,53
pertussis,FL,2003,,,119,52,119
pertussis,FL,2004,,,133,52,133
pertussis,FL,2005,,,209,52,209
pertussis,FL,2006,237,50,230,52,230
pertussis,FL,2007,214,46,213,52,213
pertussis,FL,2008,310,52,306,54,306
pertussis,FL,2009,515,49,500,52,500
pertussis,FL,2010,346,52,330,52,330
pertussis,FL,2011,323,52,317,52,317
pertussis,FL,2012,562,50,582,52,582
pertussis,FL,2013,711,48,5,53,729
pertussis,FL,2014,721,52,721,53,1058
pertussis,FL,2015,348,52,342,53,342
pertussis,FL,2016,332,50,339,53,339
pertussis,FL,2017,387,50,392,52,392
pertussis,GA,1937,94,9,,,
pertussis,GA,1938,1570,44,,,
pertussis,GA,1939,1410,52,,,
pertussis,GA,1940,896,50,,,
pertussis,GA,1941,1285,52,,,
pertussis,GA,1942,1248,51,,,
pertussis,GA,1943,1612,52,,,
pertussis,GA,1944,682,52,,,
pertussis,GA,1945,858,51,,,
pertussis,GA,1946,559,50,,,
pertussis,GA,1947,1294,51,,,
pertussis,GA,1948,504,48,,,
pertussis,GA,1949,238,43,,,
pertussis,GA,1950,1044,51,,,
pertussis,GA,1951,1111,47,,,
pertussis,GA,1952,404,46,,,
pertussis,GA,1953,119,36,,,
pertussis,GA,1954,341,48,,,
pertussis,GA,1955,1015,46,,,
pertussis,GA,1974,10,6,,,
pertussis,GA,1975,8,7,,,
pertussis,GA,1976,2,2,,,
pertussis,GA,1977,139,19,,,
pertussis,GA,1978,75,33,,,
pertussis,GA,1979,81,29,,,
pertussis,GA,1980,125,41,,,
pertussis,GA,1981,57,27,,,
pertussis,GA,1982,39,22,,,
pertussis,GA,1983,53,20,65,52,65
pertussis,GA,1984,13,10,18,52,18
pertussis,GA,1985,85,24,20,105,99
pertussis,GA,1986,143,35,99,53,135
pertussis,GA,1987,23,12,23,52,23
pertussis,GA,1988,40,18,40,52,40
pertussis,GA,1989,55,23,55,52,61
pertussis,GA,1990,42,16,41,52,41
pertussis,GA,1991,50,17,50,52,50
pertussis,GA,1992,17,6,17,52,17
pertussis,GA,1993,39,16,40,52,40
pertussis,GA,1994,16,8,27,52,27
pertussis,GA,1995,36,15,25,52,30
pertussis,GA,1996,19,10,20,52,20
pertussis,GA,1997,15,6,13,52,13
pertussis,GA,1998,27,12,28,52,28
pertussis,GA,1999,39,20,40,52,40
pertussis,GA,2000,38,15,40,52,40
pertussis,GA,2001,13,6,27,52,27
pertussis,GA,2002,,,15,52,22
pertussis,GA,2003,,,32,52,32
pertussis,GA,2004,,,23,52,32
pertussis,GA,2005,,,42,52,42
pertussis,GA,2006,2,2,25,52,25
pertussis,GA,2007,2,2,32,52,32
pertussis,GA,2008,7,6,91,54,91
pertussis,GA,2009,5,5,194,52,194
pertussis,GA,2010,49,26,235,52,235
pertussis,GA,2011,59,28,167,52,167
pertussis,GA,2012,22,10,262,52,262
pertussis,GA,2013,23,8,188,52,188
pertussis,GA,2014,27,10,321,53,426
pertussis,GA,2015,5,5,180,53,180
pertussis,GA,2016,8,6,170,53,170
pertussis,GA,2017,7,3,163,52,163
pertussis,GU,1989,,,1,52,1
pertussis,GU,1990,,,1,52,1
pertussis,GU,1994,,,2,52,2
pertussis,GU,1995,,,1,52,1
pertussis,GU,1996,,,1,52,1
pertussis,GU,1999,,,1,52,1
pertussis,GU,2004,,,9,29,9
pertussis,GU,2006,,,0,3,0
pertussis,GU,2011,,,31,52,31
pertussis,HI,1950,28,13,,,
pertussis,HI,1951,9,7,,,
pertussis,HI,1954,114,33,,,
pertussis,HI,1955,30,15,,,
pertussis,HI,1976,1,1,,,
pertussis,HI,1978,1,1,,,
pertussis,HI,1979,11,7,,,
pertussis,HI,1981,4,4,,,
pertussis,HI,1982,28,2,,,
pertussis,HI,1983,3,3,3,52,3
pertussis,HI,1984,82,19,82,52,82
pertussis,HI,1985,17,7,82,105,82
pertussis,HI,1986,37,19,17,53,36
pertussis,HI,1987,231,41,238,52,238
pertussis,HI,1988,49,13,61,52,61
pertussis,HI,1989,28,11,28,52,28
pertussis,HI,1990,113,27,113,52,113
pertussis,HI,1991,64,23,66,52,66
pertussis,HI,1992,49,13,53,52,53
pertussis,HI,1993,23,14,23,52,23
pertussis,HI,1994,25,19,21,52,22
pertussis,HI,1995,51,21,60,52,60
pertussis,HI,1996,17,12,29,52,29
pertussis,HI,1997,1,1,14,52,14
pertussis,HI,1998,3,3,20,52,20
pertussis,HI,1999,3,3,34,52,34
pertussis,HI,2000,2,2,32,52,32
pertussis,HI,2001,3,2,43,52,43
pertussis,HI,2002,,,17,52,17
pertussis,HI,2003,,,11,52,11
pertussis,HI,2004,,,27,52,27
pertussis,HI,2005,,,154,52,154
pertussis,HI,2006,,,80,52,80
pertussis,HI,2007,,,4,52,18
pertussis,HI,2008,1,1,17,54,17
pertussis,HI,2009,14,11,29,52,29
pertussis,HI,2010,1,1,46,52,46
pertussis,HI,2011,13,11,93,52,93
pertussis,HI,2012,12,10,101,52,101
pertussis,HI,2013,1,1,47,52,47
pertussis,HI,2014,,,36,53,48
pertussis,HI,2015,4,4,41,53,41
pertussis,HI,2016,4,4,51,53,51
pertussis,HI,2017,5,5,31,52,31
pertussis,IA,1937,271,8,,,
pertussis,IA,1938,1272,51,,,
pertussis,IA,1939,951,52,,,
pertussis,IA,1940,1109,50,,,
pertussis,IA,1941,1690,52,,,
pertussis,IA,1942,1177,51,,,
pertussis,IA,1943,1701,52,,,
pertussis,IA,1944,513,52,,,
pertussis,IA,1945,275,51,,,
pertussis,IA,1946,1032,52,,,
pertussis,IA,1947,1172,51,,,
pertussis,IA,1948,450,52,,,
pertussis,IA,1949,188,46,,,
pertussis,IA,1950,1122,52,,,
pertussis,IA,1951,462,48,,,
pertussis,IA,1952,193,38,,,
pertussis,IA,1953,299,40,,,
pertussis,IA,1954,384,48,,,
pertussis,IA,1955,909,50,,,
pertussis,IA,1974,16,12,,,
pertussis,IA,1975,4,4,,,
pertussis,IA,1976,3,3,,,
pertussis,IA,1978,10,6,,,
pertussis,IA,1979,4,4,,,
pertussis,IA,1980,2,2,,,
pertussis,IA,1981,8,7,,,
pertussis,IA,1982,9,7,,,
pertussis,IA,1983,9,8,9,52,9
pertussis,IA,1984,15,14,15,52,15
pertussis,IA,1985,35,12,15,105,34
pertussis,IA,1986,19,10,34,53,34
pertussis,IA,1987,59,18,58,52,58
pertussis,IA,1988,33,16,34,52,34
pertussis,IA,1989,16,13,15,52,15
pertussis,IA,1990,20,13,20,52,20
pertussis,IA,1991,25,19,26,52,26
pertussis,IA,1992,11,7,11,52,11
pertussis,IA,1993,38,14,38,52,38
pertussis,IA,1994,23,14,23,52,23
pertussis,IA,1995,9,7,12,52,12
pertussis,IA,1996,25,15,30,52,30
pertussis,IA,1997,86,28,108,52,108
pertussis,IA,1998,43,23,73,52,77
pertussis,IA,1999,42,20,79,52,79
pertussis,IA,2000,26,17,60,52,60
pertussis,IA,2001,17,8,81,52,81
pertussis,IA,2002,,,143,52,143
pertussis,IA,2003,,,151,52,151
pertussis,IA,2004,,,308,52,308
pertussis,IA,2005,,,896,52,896
pertussis,IA,2006,1,1,274,52,274
pertussis,IA,2007,,,139,52,139
pertussis,IA,2008,,,209,54,209
pertussis,IA,2009,1,1,192,52,192
pertussis,IA,2010,,,632,52,632
pertussis,IA,2011,,,207,52,207
pertussis,IA,2012,1,1,1639,52,1639
pertussis,IA,2013,,,270,52,270
pertussis,IA,2014,,,189,53,189
pertussis,IA,2015,,,147,53,147
pertussis,IA,2016,,,121,53,121
pertussis,IA,2017,,,153,52,153
pertussis,ID,1932,0,1,,,
pertussis,ID,1937,82,8,,,
pertussis,ID,1938,84,26,,,
pertussis,ID,1939,132,52,,,
pertussis,ID,1940,457,50,,,
pertussis,ID,1941,612,52,,,
pertussis,ID,1942,221,51,,,
pertussis,ID,1943,149,52,,,
pertussis,ID,1944,203,52,,,
pertussis,ID,1945,401,52,,,
pertussis,ID,1946,466,47,,,
pertussis,ID,1947,544,51,,,
pertussis,ID,1948,266,43,,,
pertussis,ID,1949,140,41,,,
pertussis,ID,1950,784,46,,,
pertussis,ID,1951,275,42,,,
pertussis,ID,1952,74,27,,,
pertussis,ID,1953,96,29,,,
pertussis,ID,1954,170,37,,,
pertussis,ID,1955,194,44,,,
pertussis,ID,1974,5,3,,,
pertussis,ID,1975,9,4,,,
pertussis,ID,1976,8,5,,,
pertussis,ID,1977,8,6,,,
pertussis,ID,1978,4,3,,,
pertussis,ID,1979,3,1,,,
pertussis,ID,1980,10,6,,,
pertussis,ID,1981,4,3,,,
pertussis,ID,1982,12,8,,,
pertussis,ID,1983,15,8,15,52,15
pertussis,ID,1984,7,5,7,52,7
pertussis,ID,1985,16,9,7,105,16
pertussis,ID,1986,51,14,16,53,56
pertussis,ID,1987,69,17,78,52,78
pertussis,ID,1988,353,41,358,52,358
pertussis,ID,1989,59,23,76,52,76
pertussis,ID,1990,47,20,58,52,58
pertussis,ID,1991,28,11,29,52,29
pertussis,ID,1992,40,14,43,52,43
pertussis,ID,1993,113,26,121,52,121
pertussis,ID,1994,162,20,172,52,172
pertussis,ID,1995,96,26,101,52,101
pertussis,ID,1996,122,23,115,52,115
pertussis,ID,1997,594,42,621,52,621
pertussis,ID,1998,262,39,246,52,257
pertussis,ID,1999,118,25,141,52,141
pertussis,ID,2000,64,28,64,52,108
pertussis,ID,2001,152,30,171,52,171
pertussis,ID,2002,,,152,52,152
pertussis,ID,2003,,,82,52,82
pertussis,ID,2004,,,37,52,38
pertussis,ID,2005,,,231,52,231
pertussis,ID,2006,45,23,86,52,86
pertussis,ID,2007,36,21,42,52,42
pertussis,ID,2008,25,16,38,54,38
pertussis,ID,2009,62,29,99,52,99
pertussis,ID,2010,152,43,186,52,186
pertussis,ID,2011,135,39,187,52,187
pertussis,ID,2012,180,43,3,53,227
pertussis,ID,2013,163,43,3,53,214
pertussis,ID,2014,332,53,368,53,486
pertussis,ID,2015,175,43,193,53,193
pertussis,ID,2016,74,33,81,53,81
pertussis,ID,2017,65,26,84,52,84
pertussis,IL,1937,708,9,,,
pertussis,IL,1938,14753,51,,,
pertussis,IL,1939,13064,52,,,
pertussis,IL,1940,6159,50,,,
pertussis,IL,1941,7831,52,,,
pertussis,IL,1942,11613,51,,,
pertussis,IL,1943,7500,52,,,
pertussis,IL,1944,3219,52,,,
pertussis,IL,1945,4118,52,,,
pertussis,IL,1946,5429,52,,,
pertussis,IL,1947,4823,52,,,
pertussis,IL,1948,2178,52,,,
pertussis,IL,1949,3972,52,,,
pertussis,IL,1950,3376,52,,,
pertussis,IL,1951,1364,48,,,
pertussis,IL,1952,650,48,,,
pertussis,IL,1953,541,48,,,
pertussis,IL,1954,1907,51,,,
pertussis,IL,1955,1772,51,,,
pertussis,IL,1974,213,39,,,
pertussis,IL,1975,88,37,,,
pertussis,IL,1976,38,23,,,
pertussis,IL,1977,76,18,,,
pertussis,IL,1978,112,27,,,
pertussis,IL,1979,136,28,,,
pertussis,IL,1980,107,24,,,
pertussis,IL,1981,69,24,,,
pertussis,IL,1982,147,33,,,
pertussis,IL,1983,94,31,161,52,161
pertussis,IL,1984,16,10,26,52,26
pertussis,IL,1985,24,14,29,105,61
pertussis,IL,1986,14,11,61,53,61
pertussis,IL,1987,8,7,18,52,18
pertussis,IL,1988,16,10,46,52,46
pertussis,IL,1989,,,167,52,167
pertussis,IL,1990,2,1,332,52,332
pertussis,IL,1991,1,1,61,52,61
pertussis,IL,1992,1,1,45,52,45
pertussis,IL,1993,2,2,391,52,391
pertussis,IL,1994,,,95,52,95
pertussis,IL,1995,92,27,138,52,138
pertussis,IL,1996,139,30,166,52,166
pertussis,IL,1997,78,23,124,52,124
pertussis,IL,1998,86,25,129,52,129
pertussis,IL,1999,47,12,102,52,102
pertussis,IL,2000,64,23,82,52,82
pertussis,IL,2001,56,24,80,52,80
pertussis,IL,2002,,,166,52,166
pertussis,IL,2004,,,503,52,503
pertussis,IL,2005,,,698,52,698
pertussis,IL,2006,,,453,52,453
pertussis,IL,2007,,,166,52,166
pertussis,IL,2008,,,517,54,517
pertussis,IL,2009,,,570,52,570
pertussis,IL,2010,2,2,919,52,919
pertussis,IL,2011,1,1,945,52,945
pertussis,IL,2012,1,1,1859,52,1859
pertussis,IL,2013,,,686,52,686
pertussis,IL,2014,,,640,53,640
pertussis,IL,2015,,,603,53,603
pertussis,IL,2016,,,899,53,899
pertussis,IL,2017,,,423,52,423
pertussis,IN,1937,211,9,,,
pertussis,IN,1938,899,51,,,
pertussis,IN,1939,2646,52,,,
pertussis,IN,1940,1274,50,,,
pertussis,IN,1941,1221,52,,,
pertussis,IN,1942,2028,51,,,
pertussis,IN,1943,2341,52,,,
pertussis,IN,1944,763,52,,,
pertussis,IN,1945,1064,52,,,
pertussis,IN,1946,1188,52,,,
pertussis,IN,1947,2345,52,,,
pertussis,IN,1948,961,51,,,
pertussis,IN,1949,989,52,,,
pertussis,IN,1950,1687,52,,,
pertussis,IN,1951,948,48,,,
pertussis,IN,1952,402,47,,,
pertussis,IN,1953,745,48,,,
pertussis,IN,1954,1379,50,,,
pertussis,IN,1955,1953,51,,,
pertussis,IN,1975,5,1,,,
pertussis,IN,1978,87,24,,,
pertussis,IN,1979,34,21,,,
pertussis,IN,1980,100,27,,,
pertussis,IN,1981,78,30,,,
pertussis,IN,1982,22,14,,,
pertussis,IN,1983,62,24,63,52,63
pertussis,IN,1984,221,25,246,52,246
pertussis,IN,1985,83,5,258,105,258
pertussis,IN,1986,23,7,201,53,201
pertussis,IN,1987,20,7,23,52,23
pertussis,IN,1988,72,19,74,52,74
pertussis,IN,1989,54,11,60,52,60
pertussis,IN,1990,107,20,154,52,154
pertussis,IN,1991,51,19,71,52,71
pertussis,IN,1992,53,19,62,52,62
pertussis,IN,1993,154,31,176,52,176
pertussis,IN,1994,63,24,78,52,78
pertussis,IN,1995,30,12,77,52,77
pertussis,IN,1996,99,25,94,52,107
pertussis,IN,1997,65,21,85,52,85
pertussis,IN,1998,112,20,151,52,151
pertussis,IN,1999,47,19,77,52,77
pertussis,IN,2000,103,27,126,52,126
pertussis,IN,2001,94,27,96,52,96
pertussis,IN,2002,,,152,52,152
pertussis,IN,2003,,,70,52,70
pertussis,IN,2004,,,293,52,293
pertussis,IN,2005,,,335,52,335
pertussis,IN,2006,230,35,231,52,231
pertussis,IN,2007,55,19,55,52,55
pertussis,IN,2008,111,18,139,54,139
pertussis,IN,2009,5,4,338,52,338
pertussis,IN,2010,,,606,52,606
pertussis,IN,2011,,,289,52,289
pertussis,IN,2012,1,1,373,52,373
pertussis,IN,2013,,,448,52,448
pertussis,IN,2014,,,438,53,438
pertussis,IN,2015,1,1,201,53,201
pertussis,IN,2016,1,1,142,53,142
pertussis,IN,2017,1,1,347,52,347
pertussis,KS,1928,11,1,,,
pertussis,KS,1937,536,9,,,
pertussis,KS,1938,4396,51,,,
pertussis,KS,1939,912,52,,,
pertussis,KS,1940,2454,50,,,
pertussis,KS,1941,5079,52,,,
pertussis,KS,1942,2159,51,,,
pertussis,KS,1943,2829,52,,,
pertussis,KS,1944,1670,52,,,
pertussis,KS,1945,1514,52,,,
pertussis,KS,1946,1095,52,,,
pertussis,KS,1947,1817,52,,,
pertussis,KS,1948,1543,52,,,
pertussis,KS,1949,401,51,,,
pertussis,KS,1950,1494,52,,,
pertussis,KS,1951,1163,48,,,
pertussis,KS,1952,344,47,,,
pertussis,KS,1953,170,41,,,
pertussis,KS,1954,384,46,,,
pertussis,KS,1955,566,50,,,
pertussis,KS,1976,14,7,,,
pertussis,KS,1977,1,1,,,
pertussis,KS,1979,20,15,,,
pertussis,KS,1980,16,7,,,
pertussis,KS,1981,8,7,,,
pertussis,KS,1982,17,14,,,
pertussis,KS,1983,58,22,54,52,54
pertussis,KS,1984,29,18,55,52,55
pertussis,KS,1985,25,12,55,105,55
pertussis,KS,1986,1345,24,31,53,1288
pertussis,KS,1987,16,14,16,52,16
pertussis,KS,1988,7,7,7,52,7
pertussis,KS,1989,7,5,6,52,8
pertussis,KS,1990,23,11,25,52,25
pertussis,KS,1991,12,4,12,52,12
pertussis,KS,1992,32,11,32,52,32
pertussis,KS,1993,24,17,24,52,24
pertussis,KS,1994,8,6,18,52,18
pertussis,KS,1995,17,11,23,52,23
pertussis,KS,1996,,,7,52,16
pertussis,KS,1997,,,13,52,13
pertussis,KS,1998,2,2,66,52,66
pertussis,KS,1999,1,1,35,52,35
pertussis,KS,2000,16,12,40,52,40
pertussis,KS,2001,20,14,30,52,30
pertussis,KS,2002,,,64,52,64
pertussis,KS,2003,,,45,52,45
pertussis,KS,2004,,,230,52,230
pertussis,KS,2005,,,550,52,550
pertussis,KS,2006,214,42,320,52,320
pertussis,KS,2007,65,26,133,52,133
pertussis,KS,2008,20,11,78,54,78
pertussis,KS,2009,28,14,146,52,146
pertussis,KS,2010,4,3,163,52,163
pertussis,KS,2011,15,10,124,52,124
pertussis,KS,2012,3,3,731,52,731
pertussis,KS,2013,1,1,347,52,347
pertussis,KS,2014,1,1,357,53,357
pertussis,KS,2015,,,390,53,390
pertussis,KS,2016,,,110,53,110
pertussis,KS,2017,,,179,52,179
pertussis,KY,1937,564,8,,,
pertussis,KY,1938,1242,31,,,
pertussis,KY,1939,1659,52,,,
pertussis,KY,1940,3580,50,,,
pertussis,KY,1941,3419,52,,,
pertussis,KY,1942,3003,51,,,
pertussis,KY,1943,2318,52,,,
pertussis,KY,1944,2574,52,,,
pertussis,KY,1945,1914,52,,,
pertussis,KY,1946,1308,52,,,
pertussis,KY,1947,1518,52,,,
pertussis,KY,1948,785,49,,,
pertussis,KY,1949,1182,51,,,
pertussis,KY,1950,1913,51,,,
pertussis,KY,1951,1293,48,,,
pertussis,KY,1952,1806,48,,,
pertussis,KY,1953,742,47,,,
pertussis,KY,1954,2086,52,,,
pertussis,KY,1955,2296,51,,,
pertussis,KY,1974,50,20,,,
pertussis,KY,1975,41,18,,,
pertussis,KY,1976,43,25,,,
pertussis,KY,1977,20,13,,,
pertussis,KY,1978,46,24,,,
pertussis,KY,1979,31,11,,,
pertussis,KY,1980,36,17,,,
pertussis,KY,1981,25,13,,,
pertussis,KY,1982,6,5,,,
pertussis,KY,1983,14,11,14,52,14
pertussis,KY,1984,2,2,2,52,2
pertussis,KY,1985,9,5,2,105,9
pertussis,KY,1986,5,3,9,53,9
pertussis,KY,1987,2,2,2,52,2
pertussis,KY,1988,7,2,13,52,13
pertussis,KY,1989,1,1,1,52,1
pertussis,KY,1992,1,1,1,52,1
pertussis,KY,1993,4,2,30,52,30
pertussis,KY,1994,39,3,59,52,59
pertussis,KY,1995,9,5,24,52,24
pertussis,KY,1996,2,1,140,52,140
pertussis,KY,1997,4,4,61,52,61
pertussis,KY,1998,25,7,50,52,50
pertussis,KY,1999,7,6,29,52,29
pertussis,KY,2000,15,9,56,52,56
pertussis,KY,2001,17,10,84,52,84
pertussis,KY,2002,,,93,52,93
pertussis,KY,2003,,,45,52,45
pertussis,KY,2004,,,87,52,87
pertussis,KY,2005,,,145,52,145
pertussis,KY,2006,9,5,55,52,55
pertussis,KY,2007,3,2,27,52,27
pertussis,KY,2008,33,17,136,54,136
pertussis,KY,2009,66,25,219,52,219
pertussis,KY,2010,54,18,273,52,273
pertussis,KY,2011,41,16,171,52,171
pertussis,KY,2012,77,21,553,52,553
pertussis,KY,2013,76,23,346,52,346
pertussis,KY,2014,46,20,268,53,368
pertussis,KY,2015,25,12,163,53,163
pertussis,KY,2016,148,39,478,53,478
pertussis,KY,2017,67,27,401,52,401
pertussis,LA,1937,71,8,,,
pertussis,LA,1938,650,27,,,
pertussis,LA,1939,1098,52,,,
pertussis,LA,1940,867,50,,,
pertussis,LA,1941,405,52,,,
pertussis,LA,1942,298,51,,,
pertussis,LA,1943,336,52,,,
pertussis,LA,1944,107,52,,,
pertussis,LA,1945,293,50,,,
pertussis,LA,1946,275,39,,,
pertussis,LA,1947,487,50,,,
pertussis,LA,1948,245,36,,,
pertussis,LA,1949,107,37,,,
pertussis,LA,1950,224,42,,,
pertussis,LA,1951,166,43,,,
pertussis,LA,1952,175,38,,,
pertussis,LA,1953,105,39,,,
pertussis,LA,1954,159,45,,,
pertussis,LA,1955,143,39,,,
pertussis,LA,1974,17,9,,,
pertussis,LA,1975,64,26,,,
pertussis,LA,1976,10,8,,,
pertussis,LA,1977,11,9,,,
pertussis,LA,1978,4,4,,,
pertussis,LA,1979,19,11,,,
pertussis,LA,1980,33,17,,,
pertussis,LA,1981,8,8,,,
pertussis,LA,1982,23,11,,,
pertussis,LA,1983,13,10,12,52,12
pertussis,LA,1984,10,7,10,52,10
pertussis,LA,1985,16,12,12,105,18
pertussis,LA,1986,15,11,18,53,18
pertussis,LA,1987,49,20,50,52,50
pertussis,LA,1988,20,14,20,52,20
pertussis,LA,1989,31,13,31,52,31
pertussis,LA,1990,34,21,34,52,34
pertussis,LA,1991,16,11,17,52,17
pertussis,LA,1992,15,13,15,52,15
pertussis,LA,1993,9,8,12,52,12
pertussis,LA,1994,12,9,12,52,12
pertussis,LA,1995,18,13,18,52,18
pertussis,LA,1996,11,10,11,52,11
pertussis,LA,1997,20,14,20,52,20
pertussis,LA,1998,8,6,9,52,9
pertussis,LA,1999,3,1,10,52,10
pertussis,LA,2000,,,12,52,12
pertussis,LA,2001,,,3,52,3
pertussis,LA,2002,,,7,52,7
pertussis,LA,2003,,,6,52,6
pertussis,LA,2004,,,16,52,16
pertussis,LA,2005,,,39,52,39
pertussis,LA,2006,1,1,13,52,13
pertussis,LA,2007,1,1,19,52,19
pertussis,LA,2008,1,1,77,54,77
pertussis,LA,2009,6,6,90,52,90
pertussis,LA,2010,1,1,41,52,41
pertussis,LA,2011,4,4,17,52,17
pertussis,LA,2012,,,67,52,67
pertussis,LA,2013,5,5,166,52,166
pertussis,LA,2014,1,1,73,53,92
pertussis,LA,2015,12,8,54,53,54
pertussis,LA,2016,6,4,35,53,35
pertussis,LA,2017,2,2,49,52,49
pertussis,MA,1932,0,1,,,
pertussis,MA,1937,1203,9,,,
pertussis,MA,1938,5672,51,,,
pertussis,MA,1939,7597,52,,,
pertussis,MA,1940,7589,50,,,
pertussis,MA,1941,9723,52,,,
pertussis,MA,1942,10627,51,,,
pertussis,MA,1943,5887,52,,,
pertussis,MA,1944,4058,52,,,
pertussis,MA,1945,7244,52,,,
pertussis,MA,1946,6424,51,,,
pertussis,MA,1947,7091,52,,,
pertussis,MA,1948,2770,52,,,
pertussis,MA,1949,4630,52,,,
pertussis,MA,1950,5641,52,,,
pertussis,MA,1951,2224,47,,,
pertussis,MA,1952,1728,48,,,
pertussis,MA,1953,1729,49,,,
pertussis,MA,1954,2719,52,,,
pertussis,MA,1955,1454,51,,,
pertussis,MA,1974,3,3,,,
pertussis,MA,1975,4,4,,,
pertussis,MA,1976,9,9,,,
pertussis,MA,1977,8,7,,,
pertussis,MA,1978,25,16,,,
pertussis,MA,1979,25,17,,,
pertussis,MA,1980,23,16,,,
pertussis,MA,1981,22,14,,,
pertussis,MA,1982,31,21,,,
pertussis,MA,1983,38,27,38,52,38
pertussis,MA,1984,20,17,21,52,21
pertussis,MA,1985,52,25,22,105,54
pertussis,MA,1986,59,18,54,53,60
pertussis,MA,1987,56,12,55,52,55
pertussis,MA,1988,67,17,60,52,60
pertussis,MA,1989,309,30,306,52,306
pertussis,MA,1990,319,46,323,52,323
pertussis,MA,1991,160,34,178,52,178
pertussis,MA,1992,110,27,113,52,113
pertussis,MA,1993,70,16,325,52,325
pertussis,MA,1994,173,29,316,52,316
pertussis,MA,1995,226,40,416,52,416
pertussis,MA,1996,664,39,1066,52,1066
pertussis,MA,1997,122,36,522,52,522
pertussis,MA,1998,190,40,686,52,686
pertussis,MA,1999,69,18,527,52,527
pertussis,MA,2000,101,28,1151,52,1151
pertussis,MA,2001,10,9,389,52,389
pertussis,MA,2002,,,511,52,511
pertussis,MA,2003,,,1017,52,1017
pertussis,MA,2004,,,1589,52,1589
pertussis,MA,2005,,,996,52,996
pertussis,MA,2006,23,12,594,52,594
pertussis,MA,2007,19,4,956,52,956
pertussis,MA,2008,10,4,420,54,420
pertussis,MA,2009,13,6,348,52,348
pertussis,MA,2010,8,5,252,52,252
pertussis,MA,2011,11,6,222,52,222
pertussis,MA,2012,24,6,606,52,606
pertussis,MA,2013,30,12,330,52,330
pertussis,MA,2014,1,1,247,53,247
pertussis,MA,2015,1,1,218,53,218
pertussis,MA,2016,1,1,158,53,158
pertussis,MA,2017,2,2,303,52,303
pertussis,MD,1932,0,1,,,
pertussis,MD,1937,608,9,,,
pertussis,MD,1938,2174,50,,,
pertussis,MD,1939,2138,52,,,
pertussis,MD,1940,6046,50,,,
pertussis,MD,1941,3488,52,,,
pertussis,MD,1942,2949,51,,,
pertussis,MD,1943,4410,52,,,
pertussis,MD,1944,2943,52,,,
pertussis,MD,1945,2769,52,,,
pertussis,MD,1946,1376,52,,,
pertussis,MD,1947,4093,52,,,
pertussis,MD,1948,906,52,,,
pertussis,MD,1949,1272,52,,,
pertussis,MD,1950,2309,52,,,
pertussis,MD,1951,424,48,,,
pertussis,MD,1952,215,46,,,
pertussis,MD,1953,439,45,,,
pertussis,MD,1954,946,52,,,
pertussis,MD,1955,398,51,,,
pertussis,MD,1974,1,1,,,
pertussis,MD,1979,8,7,,,
pertussis,MD,1980,3,2,,,
pertussis,MD,1981,1,1,,,
pertussis,MD,1982,37,8,,,
pertussis,MD,1983,18,4,20,52,20
pertussis,MD,1984,13,6,78,52,78
pertussis,MD,1985,121,28,61,105,177
pertussis,MD,1986,134,23,177,53,177
pertussis,MD,1987,25,14,23,52,23
pertussis,MD,1988,47,17,48,52,48
pertussis,MD,1989,78,24,80,52,80
pertussis,MD,1990,65,23,62,52,62
pertussis,MD,1991,58,24,63,52,63
pertussis,MD,1992,39,17,39,52,39
pertussis,MD,1993,141,35,133,52,141
pertussis,MD,1994,62,25,75,52,80
pertussis,MD,1995,17,10,40,52,40
pertussis,MD,1996,182,40,263,52,263
pertussis,MD,1997,84,36,124,52,124
pertussis,MD,1998,39,21,59,52,59
pertussis,MD,1999,62,29,107,52,108
pertussis,MD,2000,83,32,136,52,136
pertussis,MD,2001,37,19,45,52,45
pertussis,MD,2002,,,65,52,65
pertussis,MD,2003,,,86,52,86
pertussis,MD,2004,,,139,52,139
pertussis,MD,2005,,,199,52,199
pertussis,MD,2006,64,30,128,52,128
pertussis,MD,2007,50,29,113,52,113
pertussis,MD,2008,75,29,130,54,130
pertussis,MD,2009,59,32,134,52,134
pertussis,MD,2010,59,31,136,52,136
pertussis,MD,2011,52,28,116,52,116
pertussis,MD,2012,165,47,1,53,346
pertussis,MD,2013,90,37,196,52,196
pertussis,MD,2014,116,36,173,53,173
pertussis,MD,2015,57,33,116,53,116
pertussis,MD,2016,45,24,127,53,127
pertussis,MD,2017,51,27,105,52,105
pertussis,ME,1937,315,9,,,
pertussis,ME,1938,2219,50,,,
pertussis,ME,1939,2170,52,,,
pertussis,ME,1940,1679,50,,,
pertussis,ME,1941,1210,52,,,
pertussis,ME,1942,1914,51,,,
pertussis,ME,1943,1777,52,,,
pertussis,ME,1944,857,52,,,
pertussis,ME,1945,2153,52,,,
pertussis,ME,1946,825,50,,,
pertussis,ME,1947,1037,52,,,
pertussis,ME,1948,766,51,,,
pertussis,ME,1949,493,52,,,
pertussis,ME,1950,1945,52,,,
pertussis,ME,1951,949,48,,,
pertussis,ME,1952,236,41,,,
pertussis,ME,1953,427,44,,,
pertussis,ME,1954,346,44,,,
pertussis,ME,1955,638,49,,,
pertussis,ME,1979,13,9,,,
pertussis,ME,1980,5,4,,,
pertussis,ME,1981,12,8,,,
pertussis,ME,1982,4,3,,,
pertussis,ME,1983,5,4,5,52,5
pertussis,ME,1984,2,2,4,52,4
pertussis,ME,1985,10,4,4,105,13
pertussis,ME,1986,2,2,10,53,10
pertussis,ME,1987,34,12,34,52,34
pertussis,ME,1988,23,3,24,52,24
pertussis,ME,1989,28,9,27,52,27
pertussis,ME,1990,24,11,24,52,24
pertussis,ME,1991,62,16,52,52,52
pertussis,ME,1992,11,8,11,52,11
pertussis,ME,1993,22,12,24,52,24
pertussis,ME,1994,18,6,21,52,21
pertussis,ME,1995,44,24,50,52,50
pertussis,ME,1996,13,7,23,52,24
pertussis,ME,1997,7,3,11,52,11
pertussis,ME,1998,2,2,5,52,5
pertussis,ME,1999,,,19,15,19
pertussis,ME,2000,44,14,45,52,45
pertussis,ME,2001,16,1,21,52,21
pertussis,ME,2002,,,17,52,17
pertussis,ME,2003,,,12,52,12
pertussis,ME,2004,,,34,52,34
pertussis,ME,2005,,,37,52,37
pertussis,ME,2006,13,6,112,52,112
pertussis,ME,2007,10,9,77,52,77
pertussis,ME,2008,6,4,47,54,47
pertussis,ME,2009,11,7,78,52,78
pertussis,ME,2010,17,12,52,52,52
pertussis,ME,2011,69,31,200,52,200
pertussis,ME,2012,181,40,1,53,703
pertussis,ME,2013,115,37,1,53,295
pertussis,ME,2014,327,47,532,53,532
pertussis,ME,2015,151,40,273,53,273
pertussis,ME,2016,133,43,243,53,243
pertussis,ME,2017,192,47,369,52,369
pertussis,MI,1937,1188,7,,,
pertussis,MI,1938,13594,51,,,
pertussis,MI,1939,8690,52,,,
pertussis,MI,1940,11071,49,,,
pertussis,MI,1941,15758,52,,,
pertussis,MI,1942,10713,51,,,
pertussis,MI,1943,11714,52,,,
pertussis,MI,1944,3913,52,,,
pertussis,MI,1945,5051,52,,,
pertussis,MI,1946,7559,52,,,
pertussis,MI,1947,10110,52,,,
pertussis,MI,1948,2595,52,,,
pertussis,MI,1949,4034,52,,,
pertussis,MI,1950,8862,51,,,
pertussis,MI,1951,2966,48,,,
pertussis,MI,1952,1848,48,,,
pertussis,MI,1953,2771,49,,,
pertussis,MI,1954,5596,52,,,
pertussis,MI,1955,4198,51,,,
pertussis,MI,1974,94,34,,,
pertussis,MI,1975,93,32,,,
pertussis,MI,1976,68,33,,,
pertussis,MI,1977,73,32,,,
pertussis,MI,1978,47,27,,,
pertussis,MI,1979,102,32,,,
pertussis,MI,1980,37,26,,,
pertussis,MI,1981,29,18,,,
pertussis,MI,1982,30,19,,,
pertussis,MI,1983,45,23,46,52,46
pertussis,MI,1984,31,20,31,52,31
pertussis,MI,1985,56,27,31,105,54
pertussis,MI,1986,39,26,54,53,54
pertussis,MI,1987,55,30,54,52,54
pertussis,MI,1988,39,29,39,52,39
pertussis,MI,1989,48,26,48,52,48
pertussis,MI,1990,82,33,87,52,87
pertussis,MI,1991,35,17,37,52,37
pertussis,MI,1992,13,11,16,52,16
pertussis,MI,1993,104,34,110,52,110
pertussis,MI,1994,46,25,50,52,50
pertussis,MI,1995,124,32,101,52,110
pertussis,MI,1996,46,25,54,52,54
pertussis,MI,1997,38,22,61,52,61
pertussis,MI,1998,37,23,71,52,71
pertussis,MI,1999,41,25,70,52,70
pertussis,MI,2000,69,30,125,52,125
pertussis,MI,2001,58,27,139,52,139
pertussis,MI,2002,,,60,52,60
pertussis,MI,2003,,,130,52,130
pertussis,MI,2004,,,288,52,288
pertussis,MI,2005,,,304,52,304
pertussis,MI,2006,163,46,617,52,617
pertussis,MI,2007,69,31,279,52,279
pertussis,MI,2008,91,36,294,54,294
pertussis,MI,2009,217,47,854,52,854
pertussis,MI,2010,363,50,1500,52,1500
pertussis,MI,2011,171,42,657,52,657
pertussis,MI,2012,164,40,2,53,723
pertussis,MI,2013,165,43,2,53,858
pertussis,MI,2014,241,49,1272,53,1272
pertussis,MI,2015,85,40,445,53,445
pertussis,MI,2016,94,36,424,53,424
pertussis,MI,2017,16,11,582,52,582
pertussis,MN,1937,431,9,,,
pertussis,MN,1938,1821,51,,,
pertussis,MN,1939,2325,52,,,
pertussis,MN,1940,2324,50,,,
pertussis,MN,1941,3595,52,,,
pertussis,MN,1942,2217,51,,,
pertussis,MN,1943,3394,52,,,
pertussis,MN,1944,1453,52,,,
pertussis,MN,1945,838,51,,,
pertussis,MN,1946,488,52,,,
pertussis,MN,1947,2681,52,,,
pertussis,MN,1948,744,50,,,
pertussis,MN,1949,183,42,,,
pertussis,MN,1950,1360,52,,,
pertussis,MN,1951,346,44,,,
pertussis,MN,1952,119,41,,,
pertussis,MN,1953,157,39,,,
pertussis,MN,1954,1106,52,,,
pertussis,MN,1955,588,51,,,
pertussis,MN,1974,2,2,,,
pertussis,MN,1975,1,1,,,
pertussis,MN,1976,4,4,,,
pertussis,MN,1977,5,5,,,
pertussis,MN,1978,24,10,,,
pertussis,MN,1979,12,5,,,
pertussis,MN,1980,25,14,,,
pertussis,MN,1981,16,13,,,
pertussis,MN,1982,36,14,,,
pertussis,MN,1983,44,23,49,52,49
pertussis,MN,1984,19,12,16,52,16
pertussis,MN,1985,130,26,16,105,138
pertussis,MN,1986,38,20,138,53,138
pertussis,MN,1987,14,9,14,52,14
pertussis,MN,1988,102,12,103,52,103
pertussis,MN,1989,,,68,52,68
pertussis,MN,1990,38,6,59,52,59
pertussis,MN,1991,80,22,81,52,81
pertussis,MN,1992,46,15,115,52,115
pertussis,MN,1993,331,19,331,52,331
pertussis,MN,1994,88,8,100,52,100
pertussis,MN,1995,155,12,155,52,155
pertussis,MN,1996,313,30,356,52,356
pertussis,MN,1997,361,38,369,52,369
pertussis,MN,1998,351,37,353,52,353
pertussis,MN,1999,182,16,236,52,236
pertussis,MN,2000,368,35,398,52,398
pertussis,MN,2001,165,10,207,52,207
pertussis,MN,2002,,,379,52,379
pertussis,MN,2003,,,146,52,146
pertussis,MN,2004,,,497,52,497
pertussis,MN,2005,,,1086,52,1086
pertussis,MN,2006,118,12,164,52,164
pertussis,MN,2007,144,7,262,52,262
pertussis,MN,2008,162,20,224,54,224
pertussis,MN,2009,151,6,165,52,165
pertussis,MN,2010,701,16,739,52,739
pertussis,MN,2011,214,5,326,52,326
pertussis,MN,2012,,,2183,52,2183
pertussis,MN,2013,,,594,52,594
pertussis,MN,2014,,,515,53,556
pertussis,MN,2015,,,311,53,311
pertussis,MN,2016,,,791,53,791
pertussis,MN,2017,,,556,52,556
pertussis,MO,1937,515,9,,,
pertussis,MO,1938,1844,51,,,
pertussis,MO,1939,1117,52,,,
pertussis,MO,1940,1571,50,,,
pertussis,MO,1941,1832,52,,,
pertussis,MO,1942,652,51,,,
pertussis,MO,1943,1309,52,,,
pertussis,MO,1944,902,52,,,
pertussis,MO,1945,854,52,,,
pertussis,MO,1946,652,51,,,
pertussis,MO,1947,1532,52,,,
pertussis,MO,1948,708,49,,,
pertussis,MO,1949,342,52,,,
pertussis,MO,1950,1356,52,,,
pertussis,MO,1951,549,47,,,
pertussis,MO,1952,327,45,,,
pertussis,MO,1953,202,43,,,
pertussis,MO,1954,542,51,,,
pertussis,MO,1955,492,50,,,
pertussis,MO,1974,27,15,,,
pertussis,MO,1975,74,23,,,
pertussis,MO,1976,26,15,,,
pertussis,MO,1977,37,18,,,
pertussis,MO,1978,24,13,,,
pertussis,MO,1979,12,10,,,
pertussis,MO,1980,27,16,,,
pertussis,MO,1981,11,7,,,
pertussis,MO,1982,16,11,,,
pertussis,MO,1983,15,9,18,52,18
pertussis,MO,1984,18,9,20,52,20
pertussis,MO,1985,34,18,23,105,34
pertussis,MO,1986,25,14,34,53,34
pertussis,MO,1987,43,20,46,52,46
pertussis,MO,1988,14,9,22,52,22
pertussis,MO,1989,10,3,92,52,92
pertussis,MO,1990,44,22,112,52,112
pertussis,MO,1991,35,19,77,52,77
pertussis,MO,1992,59,23,117,52,117
pertussis,MO,1993,44,19,143,52,143
pertussis,MO,1994,18,14,47,52,47
pertussis,MO,1995,1,1,54,52,54
pertussis,MO,1996,41,14,58,52,58
pertussis,MO,1997,58,25,68,52,68
pertussis,MO,1998,23,11,50,52,50
pertussis,MO,1999,56,18,65,52,65
pertussis,MO,2000,61,17,110,52,110
pertussis,MO,2001,39,18,108,52,108
pertussis,MO,2002,,,144,52,144
pertussis,MO,2003,,,173,52,173
pertussis,MO,2004,,,553,52,553
pertussis,MO,2005,,,606,52,606
pertussis,MO,2006,107,37,301,52,301
pertussis,MO,2007,44,21,103,52,103
pertussis,MO,2008,243,38,535,54,535
pertussis,MO,2009,361,46,975,52,975
pertussis,MO,2010,269,41,573,52,573
pertussis,MO,2011,238,47,421,52,421
pertussis,MO,2012,386,45,5,53,853
pertussis,MO,2013,217,44,4,53,582
pertussis,MO,2014,174,41,521,53,521
pertussis,MO,2015,31,8,50,53,50
pertussis,MO,2016,11,1,264,53,264
pertussis,MO,2017,140,40,430,52,430
pertussis,MP,1990,,,4,52,4
pertussis,MP,1992,1,1,2,52,2
pertussis,MP,1993,2,2,1,52,1
pertussis,MP,1998,,,1,52,1
pertussis,MP,2002,,,1,52,1
pertussis,MS,1938,0,1,,,
pertussis,MS,1942,0,3,,,
pertussis,MS,1944,0,7,,,
pertussis,MS,1945,0,1,,,
pertussis,MS,1947,333,39,,,
pertussis,MS,1948,135,38,,,
pertussis,MS,1949,268,48,,,
pertussis,MS,1950,242,47,,,
pertussis,MS,1951,485,47,,,
pertussis,MS,1952,253,44,,,
pertussis,MS,1953,149,40,,,
pertussis,MS,1954,256,43,,,
pertussis,MS,1955,245,46,,,
pertussis,MS,1974,9,5,,,
pertussis,MS,1975,48,28,,,
pertussis,MS,1976,9,8,,,
pertussis,MS,1977,18,8,,,
pertussis,MS,1978,8,7,,,
pertussis,MS,1979,6,6,,,
pertussis,MS,1980,16,11,,,
pertussis,MS,1981,4,4,,,
pertussis,MS,1982,14,11,,,
pertussis,MS,1983,6,5,6,52,8
pertussis,MS,1984,4,4,4,52,4
pertussis,MS,1985,7,4,4,105,7
pertussis,MS,1986,1,1,7,53,7
pertussis,MS,1987,6,5,6,52,6
pertussis,MS,1988,,,4,52,4
pertussis,MS,1989,,,7,52,7
pertussis,MS,1990,2,2,8,52,8
pertussis,MS,1991,,,4,52,4
pertussis,MS,1992,1,1,3,52,3
pertussis,MS,1993,1,1,12,52,12
pertussis,MS,1994,1,1,7,52,7
pertussis,MS,1995,1,1,3,52,3
pertussis,MS,1996,9,8,9,52,9
pertussis,MS,1997,5,4,8,52,9
pertussis,MS,1998,,,3,52,3
pertussis,MS,1999,1,1,2,52,4
pertussis,MS,2000,,,1,52,1
pertussis,MS,2001,,,4,52,4
pertussis,MS,2002,,,9,52,9
pertussis,MS,2003,,,6,52,6
pertussis,MS,2004,,,17,52,17
pertussis,MS,2005,,,52,52,52
pertussis,MS,2006,7,5,42,52,42
pertussis,MS,2007,11,3,221,52,221
pertussis,MS,2008,10,10,92,54,92
pertussis,MS,2009,5,4,66,52,66
pertussis,MS,2010,4,3,77,52,77
pertussis,MS,2011,2,2,45,52,45
pertussis,MS,2012,4,4,76,52,76
pertussis,MS,2013,2,2,57,52,57
pertussis,MS,2014,5,3,69,53,100
pertussis,MS,2015,,,20,53,20
pertussis,MS,2016,1,1,2,53,3
pertussis,MS,2017,,,34,52,34
pertussis,MT,1937,169,8,,,
pertussis,MT,1938,921,26,,,
pertussis,MT,1939,413,52,,,
pertussis,MT,1940,186,50,,,
pertussis,MT,1941,1057,52,,,
pertussis,MT,1942,987,51,,,
pertussis,MT,1943,1039,52,,,
pertussis,MT,1944,759,52,,,
pertussis,MT,1945,359,50,,,
pertussis,MT,1946,201,47,,,
pertussis,MT,1947,548,51,,,
pertussis,MT,1948,306,47,,,
pertussis,MT,1949,92,31,,,
pertussis,MT,1950,635,47,,,
pertussis,MT,1951,456,47,,,
pertussis,MT,1952,87,23,,,
pertussis,MT,1953,154,30,,,
pertussis,MT,1954,147,37,,,
pertussis,MT,1955,337,43,,,
pertussis,MT,1974,8,2,,,
pertussis,MT,1975,14,8,,,
pertussis,MT,1977,2,2,,,
pertussis,MT,1978,12,9,,,
pertussis,MT,1979,13,10,,,
pertussis,MT,1980,4,3,,,
pertussis,MT,1981,11,6,,,
pertussis,MT,1982,1,1,,,
pertussis,MT,1983,1,1,2,52,2
pertussis,MT,1984,21,6,19,52,19
pertussis,MT,1985,10,9,20,105,20
pertussis,MT,1986,19,14,9,53,20
pertussis,MT,1987,6,6,7,52,7
pertussis,MT,1988,4,3,4,52,4
pertussis,MT,1989,43,14,43,52,43
pertussis,MT,1990,36,10,36,52,36
pertussis,MT,1991,6,6,6,52,6
pertussis,MT,1992,6,3,9,52,9
pertussis,MT,1993,11,7,11,52,11
pertussis,MT,1994,11,9,11,52,11
pertussis,MT,1995,8,4,9,52,9
pertussis,MT,1996,31,16,36,52,36
pertussis,MT,1997,20,12,19,52,19
pertussis,MT,1998,13,9,13,52,13
pertussis,MT,1999,2,2,2,52,2
pertussis,MT,2000,22,10,35,52,35
pertussis,MT,2001,30,10,54,52,54
pertussis,MT,2002,,,9,52,9
pertussis,MT,2003,,,5,52,5
pertussis,MT,2004,,,74,52,74
pertussis,MT,2005,,,570,52,570
pertussis,MT,2006,84,25,109,52,109
pertussis,MT,2007,12,7,46,52,46
pertussis,MT,2008,32,8,83,54,83
pertussis,MT,2009,2,2,57,52,57
pertussis,MT,2010,8,3,116,52,116
pertussis,MT,2011,62,12,135,52,135
pertussis,MT,2012,336,30,1,53,442
pertussis,MT,2013,286,41,1,53,636
pertussis,MT,2014,278,48,478,53,490
pertussis,MT,2015,116,34,232,53,232
pertussis,MT,2016,11,8,21,53,21
pertussis,MT,2017,56,20,104,52,104
pertussis,NC,1937,1483,9,,,
pertussis,NC,1938,13018,47,,,
pertussis,NC,1939,9326,52,,,
pertussis,NC,1940,5370,50,,,
pertussis,NC,1941,10673,52,,,
pertussis,NC,1942,5370,51,,,
pertussis,NC,1943,8393,52,,,
pertussis,NC,1944,6354,52,,,
pertussis,NC,1945,5840,52,,,
pertussis,NC,1946,3393,52,,,
pertussis,NC,1947,2973,52,,,
pertussis,NC,1948,1955,52,,,
pertussis,NC,1949,1398,52,,,
pertussis,NC,1950,3304,52,,,
pertussis,NC,1951,1991,48,,,
pertussis,NC,1952,505,47,,,
pertussis,NC,1953,221,42,,,
pertussis,NC,1954,797,52,,,
pertussis,NC,1955,1398,51,,,
pertussis,NC,1974,51,21,,,
pertussis,NC,1975,46,26,,,
pertussis,NC,1976,58,26,,,
pertussis,NC,1977,31,18,,,
pertussis,NC,1978,46,27,,,
pertussis,NC,1979,30,18,,,
pertussis,NC,1980,35,18,,,
pertussis,NC,1981,12,11,,,
pertussis,NC,1982,45,22,,,
pertussis,NC,1983,31,16,31,52,31
pertussis,NC,1984,37,17,37,52,37
pertussis,NC,1985,39,28,37,105,39
pertussis,NC,1986,89,30,39,53,88
pertussis,NC,1987,117,43,123,52,123
pertussis,NC,1988,67,32,67,52,67
pertussis,NC,1989,79,23,79,52,79
pertussis,NC,1990,78,24,78,52,78
pertussis,NC,1991,42,21,41,52,41
pertussis,NC,1992,43,7,44,52,44
pertussis,NC,1993,199,22,200,52,200
pertussis,NC,1994,140,18,140,52,140
pertussis,NC,1995,110,14,110,52,110
pertussis,NC,1996,131,11,131,52,131
pertussis,NC,1997,120,24,118,52,118
pertussis,NC,1998,108,26,110,52,110
pertussis,NC,1999,90,26,101,52,101
pertussis,NC,2000,105,20,111,52,111
pertussis,NC,2001,74,27,74,52,74
pertussis,NC,2002,,,45,52,45
pertussis,NC,2003,,,137,52,137
pertussis,NC,2004,,,101,52,101
pertussis,NC,2005,,,127,52,127
pertussis,NC,2006,236,25,237,52,237
pertussis,NC,2007,326,27,326,52,326
pertussis,NC,2008,94,14,94,54,94
pertussis,NC,2009,209,19,223,52,223
pertussis,NC,2010,1,1,132,52,132
pertussis,NC,2011,153,36,184,52,184
pertussis,NC,2012,402,32,566,52,566
pertussis,NC,2013,456,42,18,53,582
pertussis,NC,2014,567,42,727,53,848
pertussis,NC,2015,333,45,361,53,361
pertussis,NC,2016,,,256,53,256
pertussis,NC,2017,1,1,340,52,340
pertussis,ND,1937,251,9,,,
pertussis,ND,1938,1218,51,,,
pertussis,ND,1939,669,52,,,
pertussis,ND,1940,632,50,,,
pertussis,ND,1941,909,52,,,
pertussis,ND,1942,494,51,,,
pertussis,ND,1943,819,52,,,
pertussis,ND,1944,409,52,,,
pertussis,ND,1945,88,48,,,
pertussis,ND,1946,42,22,,,
pertussis,ND,1947,385,36,,,
pertussis,ND,1948,299,42,,,
pertussis,ND,1949,151,37,,,
pertussis,ND,1950,327,41,,,
pertussis,ND,1951,243,43,,,
pertussis,ND,1952,36,11,,,
pertussis,ND,1953,3,3,,,
pertussis,ND,1954,243,29,,,
pertussis,ND,1955,359,48,,,
pertussis,ND,1978,8,4,,,
pertussis,ND,1980,3,2,,,
pertussis,ND,1983,1,1,3,52,3
pertussis,ND,1985,5,4,10,52,10
pertussis,ND,1986,1,1,10,53,10
pertussis,ND,1987,,,15,52,15
pertussis,ND,1988,,,11,52,11
pertussis,ND,1989,,,4,52,4
pertussis,ND,1990,,,5,52,5
pertussis,ND,1991,,,4,52,4
pertussis,ND,1992,1,1,14,52,14
pertussis,ND,1993,,,5,52,5
pertussis,ND,1994,,,5,52,6
pertussis,ND,1995,,,8,52,8
pertussis,ND,1996,1,1,1,52,1
pertussis,ND,1997,2,2,2,52,2
pertussis,ND,1998,42,3,45,52,45
pertussis,ND,1999,18,2,18,52,18
pertussis,ND,2000,7,5,7,52,7
pertussis,ND,2001,5,2,5,52,5
pertussis,ND,2002,,,3,52,3
pertussis,ND,2003,,,6,52,6
pertussis,ND,2004,,,754,52,754
pertussis,ND,2005,,,139,52,139
pertussis,ND,2006,24,6,26,52,26
pertussis,ND,2007,6,3,10,52,10
pertussis,ND,2008,1,1,1,54,1
pertussis,ND,2009,12,4,29,52,29
pertussis,ND,2010,49,9,51,52,51
pertussis,ND,2011,59,12,59,52,59
pertussis,ND,2012,114,8,372,52,372
pertussis,ND,2013,,,73,52,73
pertussis,ND,2014,,,45,53,48
pertussis,ND,2015,,,34,53,34
pertussis,ND,2016,,,38,53,38
pertussis,ND,2017,,,51,52,51
pertussis,NE,1937,108,9,,,
pertussis,NE,1938,493,51,,,
pertussis,NE,1939,510,52,,,
pertussis,NE,1940,405,50,,,
pertussis,NE,1941,687,52,,,
pertussis,NE,1942,384,51,,,
pertussis,NE,1943,614,52,,,
pertussis,NE,1944,572,51,,,
pertussis,NE,1945,192,52,,,
pertussis,NE,1946,186,42,,,
pertussis,NE,1947,668,49,,,
pertussis,NE,1948,261,43,,,
pertussis,NE,1949,115,26,,,
pertussis,NE,1950,288,46,,,
pertussis,NE,1951,131,29,,,
pertussis,NE,1952,86,29,,,
pertussis,NE,1953,53,27,,,
pertussis,NE,1955,1,1,,,
pertussis,NE,1974,4,3,,,
pertussis,NE,1976,1,1,,,
pertussis,NE,1977,1,1,,,
pertussis,NE,1978,1,1,,,
pertussis,NE,1979,3,3,,,
pertussis,NE,1983,2,1,2,52,2
pertussis,NE,1984,11,2,13,52,13
pertussis,NE,1985,9,5,17,105,17
pertussis,NE,1986,4,2,10,53,10
pertussis,NE,1987,1,1,1,52,1
pertussis,NE,1989,7,6,9,52,9
pertussis,NE,1990,10,9,10,52,10
pertussis,NE,1991,9,7,9,52,9
pertussis,NE,1992,16,10,17,52,17
pertussis,NE,1993,12,8,16,52,16
pertussis,NE,1994,5,4,11,52,11
pertussis,NE,1995,8,6,15,52,15
pertussis,NE,1996,11,5,15,52,15
pertussis,NE,1997,6,4,14,52,14
pertussis,NE,1998,6,6,20,52,20
pertussis,NE,1999,1,1,6,52,6
pertussis,NE,2000,16,6,33,52,33
pertussis,NE,2001,5,4,7,52,7
pertussis,NE,2002,,,8,52,8
pertussis,NE,2003,,,15,52,15
pertussis,NE,2004,,,75,52,78
pertussis,NE,2005,,,177,52,177
pertussis,NE,2006,36,23,97,52,97
pertussis,NE,2007,45,23,69,52,69
pertussis,NE,2008,171,39,281,54,281
pertussis,NE,2009,92,40,141,52,142
pertussis,NE,2010,171,44,221,52,221
pertussis,NE,2011,43,23,56,52,56
pertussis,NE,2012,90,29,160,52,160
pertussis,NE,2013,118,35,9,53,223
pertussis,NE,2014,243,25,376,53,376
pertussis,NE,2015,393,33,585,53,585
pertussis,NE,2016,102,39,143,53,143
pertussis,NE,2017,49,27,93,52,93
pertussis,NH,1937,61,9,,,
pertussis,NH,1938,99,36,,,
pertussis,NH,1939,138,52,,,
pertussis,NH,1940,346,50,,,
pertussis,NH,1941,515,52,,,
pertussis,NH,1942,303,51,,,
pertussis,NH,1943,202,52,,,
pertussis,NH,1944,103,52,,,
pertussis,NH,1945,227,50,,,
pertussis,NH,1946,201,35,,,
pertussis,NH,1947,145,34,,,
pertussis,NH,1948,163,31,,,
pertussis,NH,1949,147,26,,,
pertussis,NH,1950,203,36,,,
pertussis,NH,1951,266,42,,,
pertussis,NH,1952,194,26,,,
pertussis,NH,1953,98,27,,,
pertussis,NH,1954,213,28,,,
pertussis,NH,1955,163,28,,,
pertussis,NH,1974,12,3,,,
pertussis,NH,1975,5,4,,,
pertussis,NH,1977,4,3,,,
pertussis,NH,1978,3,3,,,
pertussis,NH,1980,7,5,,,
pertussis,NH,1981,15,4,,,
pertussis,NH,1982,11,4,,,
pertussis,NH,1983,10,7,10,52,10
pertussis,NH,1984,2,2,14,52,14
pertussis,NH,1985,79,8,17,105,114
pertussis,NH,1986,27,12,114,53,114
pertussis,NH,1987,57,16,57,52,57
pertussis,NH,1988,47,13,47,52,47
pertussis,NH,1989,30,5,30,52,30
pertussis,NH,1990,69,19,69,52,69
pertussis,NH,1991,17,9,22,52,22
pertussis,NH,1992,131,20,133,52,133
pertussis,NH,1993,260,39,250,52,250
pertussis,NH,1994,59,23,84,52,84
pertussis,NH,1995,52,23,57,52,57
pertussis,NH,1996,158,27,180,52,180
pertussis,NH,1997,93,28,133,52,133
pertussis,NH,1998,89,26,127,52,127
pertussis,NH,1999,43,15,78,52,78
pertussis,NH,2000,115,25,128,52,128
pertussis,NH,2001,22,10,39,52,39
pertussis,NH,2002,,,61,52,61
pertussis,NH,2003,,,60,52,60
pertussis,NH,2004,,,98,52,98
pertussis,NH,2005,,,119,52,119
pertussis,NH,2006,65,24,190,52,190
pertussis,NH,2007,8,6,61,52,61
pertussis,NH,2008,6,3,48,54,48
pertussis,NH,2009,2,2,76,52,76
pertussis,NH,2010,,,20,52,20
pertussis,NH,2011,4,3,146,52,146
pertussis,NH,2012,11,9,216,52,216
pertussis,NH,2013,,,104,52,104
pertussis,NH,2014,1,1,79,53,79
pertussis,NH,2015,,,36,53,36
pertussis,NH,2016,1,1,50,53,50
pertussis,NH,2017,2,2,61,52,61
pertussis,NJ,1937,931,9,,,
pertussis,NJ,1938,11293,50,,,
pertussis,NJ,1939,13292,52,,,
pertussis,NJ,1940,5288,50,,,
pertussis,NJ,1941,6896,52,,,
pertussis,NJ,1942,12316,51,,,
pertussis,NJ,1943,7648,52,,,
pertussis,NJ,1944,3084,52,,,
pertussis,NJ,1945,7284,52,,,
pertussis,NJ,1946,7098,52,,,
pertussis,NJ,1947,8209,51,,,
pertussis,NJ,1948,2690,51,,,
pertussis,NJ,1949,4495,52,,,
pertussis,NJ,1950,6285,52,,,
pertussis,NJ,1951,2863,48,,,
pertussis,NJ,1952,1632,48,,,
pertussis,NJ,1953,1788,49,,,
pertussis,NJ,1954,1975,51,,,
pertussis,NJ,1955,1196,50,,,
pertussis,NJ,1974,7,3,,,
pertussis,NJ,1978,1,1,,,
pertussis,NJ,1979,8,2,,,
pertussis,NJ,1980,11,9,,,
pertussis,NJ,1981,8,7,,,
pertussis,NJ,1982,24,17,,,
pertussis,NJ,1983,18,14,20,52,20
pertussis,NJ,1984,3,3,13,52,13
pertussis,NJ,1985,12,9,13,105,13
pertussis,NJ,1986,14,10,12,53,20
pertussis,NJ,1987,24,19,25,52,25
pertussis,NJ,1988,16,6,18,52,18
pertussis,NJ,1989,14,5,35,52,35
pertussis,NJ,1990,,,36,52,36
pertussis,NJ,1991,,,12,52,12
pertussis,NJ,1992,26,2,48,52,48
pertussis,NJ,1993,,,64,52,64
pertussis,NJ,1994,,,11,52,11
pertussis,NJ,1995,,,16,52,16
pertussis,NJ,1996,,,19,52,19
pertussis,NJ,1997,,,11,52,11
pertussis,NJ,1998,,,12,52,12
pertussis,NJ,1999,,,12,52,12
pertussis,NJ,2000,14,3,43,52,43
pertussis,NJ,2001,17,4,22,52,22
pertussis,NJ,2002,,,1,52,4
pertussis,NJ,2003,,,107,52,107
pertussis,NJ,2004,,,247,52,247
pertussis,NJ,2005,,,228,52,228
pertussis,NJ,2006,,,185,52,185
pertussis,NJ,2007,,,139,52,139
pertussis,NJ,2008,,,71,54,71
pertussis,NJ,2009,,,158,52,158
pertussis,NJ,2010,,,137,52,137
pertussis,NJ,2011,,,196,52,196
pertussis,NJ,2012,,,748,52,748
pertussis,NJ,2013,,,300,52,300
pertussis,NJ,2014,,,292,53,292
pertussis,NJ,2015,,,363,53,363
pertussis,NJ,2016,,,462,53,462
pertussis,NJ,2017,,,361,52,361
pertussis,NM,1937,302,8,,,
pertussis,NM,1938,422,27,,,
pertussis,NM,1939,1125,52,,,
pertussis,NM,1940,1524,50,,,
pertussis,NM,1941,1118,52,,,
pertussis,NM,1942,1056,51,,,
pertussis,NM,1943,566,52,,,
pertussis,NM,1944,163,51,,,
pertussis,NM,1945,364,47,,,
pertussis,NM,1946,522,52,,,
pertussis,NM,1947,827,51,,,
pertussis,NM,1948,661,45,,,
pertussis,NM,1949,200,38,,,
pertussis,NM,1950,955,49,,,
pertussis,NM,1951,843,47,,,
pertussis,NM,1952,206,44,,,
pertussis,NM,1953,364,45,,,
pertussis,NM,1954,273,48,,,
pertussis,NM,1955,744,48,,,
pertussis,NM,1974,20,12,,,
pertussis,NM,1975,23,14,,,
pertussis,NM,1976,15,6,,,
pertussis,NM,1977,40,19,,,
pertussis,NM,1978,16,9,,,
pertussis,NM,1979,26,11,,,
pertussis,NM,1980,22,7,,,
pertussis,NM,1981,11,11,,,
pertussis,NM,1982,8,7,,,
pertussis,NM,1983,10,9,14,52,14
pertussis,NM,1984,10,9,12,52,12
pertussis,NM,1985,7,7,13,105,15
pertussis,NM,1986,24,18,15,53,29
pertussis,NM,1987,13,11,12,52,12
pertussis,NM,1988,46,18,53,52,54
pertussis,NM,1989,26,16,35,52,35
pertussis,NM,1990,21,14,19,52,19
pertussis,NM,1991,42,24,53,52,53
pertussis,NM,1992,92,33,104,52,104
pertussis,NM,1993,39,23,42,52,42
pertussis,NM,1994,30,22,36,52,36
pertussis,NM,1995,124,36,147,52,147
pertussis,NM,1996,52,27,63,52,63
pertussis,NM,1997,141,33,193,52,193
pertussis,NM,1998,93,34,100,52,100
pertussis,NM,1999,183,39,221,52,221
pertussis,NM,2000,76,37,91,52,91
pertussis,NM,2001,104,37,145,52,145
pertussis,NM,2002,,,188,52,188
pertussis,NM,2003,,,69,52,69
pertussis,NM,2004,,,146,52,146
pertussis,NM,2005,,,159,52,159
pertussis,NM,2006,1,1,128,52,128
pertussis,NM,2007,1,1,71,52,71
pertussis,NM,2008,,,68,54,68
pertussis,NM,2009,,,66,52,66
pertussis,NM,2010,3,3,132,52,132
pertussis,NM,2011,15,6,247,52,249
pertussis,NM,2012,6,6,744,52,744
pertussis,NM,2013,5,4,527,52,527
pertussis,NM,2014,,,333,53,388
pertussis,NM,2015,1,1,203,53,203
pertussis,NM,2016,4,4,134,53,134
pertussis,NM,2017,3,3,153,52,153
pertussis,NV,1940,5,10,,,
pertussis,NV,1941,238,51,,,
pertussis,NV,1942,212,51,,,
pertussis,NV,1943,101,52,,,
pertussis,NV,1944,97,52,,,
pertussis,NV,1945,35,48,,,
pertussis,NV,1946,17,7,,,
pertussis,NV,1947,11,5,,,
pertussis,NV,1948,13,6,,,
pertussis,NV,1949,12,2,,,
pertussis,NV,1950,24,6,,,
pertussis,NV,1951,7,4,,,
pertussis,NV,1952,5,2,,,
pertussis,NV,1953,1,1,,,
pertussis,NV,1954,31,14,,,
pertussis,NV,1955,15,6,,,
pertussis,NV,1977,1,1,,,
pertussis,NV,1978,2,2,,,
pertussis,NV,1979,1,1,,,
pertussis,NV,1980,1,1,,,
pertussis,NV,1981,2,2,,,
pertussis,NV,1983,1,1,1,52,1
pertussis,NV,1984,2,1,2,52,2
pertussis,NV,1985,,,2,105,2
pertussis,NV,1986,4,2,4,52,4
pertussis,NV,1988,1,1,1,52,1
pertussis,NV,1989,1,1,1,52,1
pertussis,NV,1990,2,2,4,52,4
pertussis,NV,1991,2,2,2,52,2
pertussis,NV,1992,2,2,2,52,2
pertussis,NV,1993,5,4,5,52,5
pertussis,NV,1994,3,2,3,52,3
pertussis,NV,1995,8,6,111,52,111
pertussis,NV,1996,11,3,41,52,41
pertussis,NV,1997,13,5,39,52,39
pertussis,NV,1998,14,4,41,52,47
pertussis,NV,1999,4,3,11,52,11
pertussis,NV,2000,5,4,15,52,15
pertussis,NV,2001,12,5,40,52,40
pertussis,NV,2002,,,48,52,48
pertussis,NV,2003,,,35,52,35
pertussis,NV,2004,,,48,52,48
pertussis,NV,2005,,,32,52,32
pertussis,NV,2006,3,3,66,52,66
pertussis,NV,2007,6,3,14,52,14
pertussis,NV,2008,6,5,19,54,24
pertussis,NV,2009,10,7,9,52,24
pertussis,NV,2010,19,8,33,52,33
pertussis,NV,2011,9,8,33,52,33
pertussis,NV,2012,60,26,92,52,93
pertussis,NV,2013,79,28,165,52,165
pertussis,NV,2014,2,2,119,53,158
pertussis,NV,2015,1,1,98,53,98
pertussis,NV,2016,1,1,6,53,6
pertussis,NV,2017,5,4,77,52,77
pertussis,NY,1937,3215,10,,,
pertussis,NY,1938,24799,51,,,
pertussis,NY,1939,21855,52,,,
pertussis,NY,1940,17517,50,,,
pertussis,NY,1941,18130,52,,,
pertussis,NY,1942,21851,51,,,
pertussis,NY,1943,14804,52,,,
pertussis,NY,1944,8219,52,,,
pertussis,NY,1945,13510,52,,,
pertussis,NY,1946,8993,52,,,
pertussis,NY,1947,10056,52,,,
pertussis,NY,1948,5750,52,,,
pertussis,NY,1949,8865,52,,,
pertussis,NY,1950,7692,52,,,
pertussis,NY,1951,3578,48,,,
pertussis,NY,1952,2857,48,,,
pertussis,NY,1953,5363,49,,,
pertussis,NY,1954,4930,52,,,
pertussis,NY,1955,2513,51,,,
pertussis,NY,2014,895,52,870,53,870
pertussis,NY,2015,636,52,592,53,592
pertussis,NY,2016,654,50,646,53,646
pertussis,NY,2017,531,51,532,52,532
pertussis,OH,1937,1551,9,,,
pertussis,OH,1938,8052,50,,,
pertussis,OH,1939,9252,52,,,
pertussis,OH,1940,11607,50,,,
pertussis,OH,1941,14964,52,,,
pertussis,OH,1942,9579,51,,,
pertussis,OH,1943,8362,52,,,
pertussis,OH,1944,5629,52,,,
pertussis,OH,1945,7680,52,,,
pertussis,OH,1946,4169,52,,,
pertussis,OH,1947,10209,51,,,
pertussis,OH,1948,2914,52,,,
pertussis,OH,1949,3696,52,,,
pertussis,OH,1950,7334,52,,,
pertussis,OH,1951,1981,48,,,
pertussis,OH,1952,1409,47,,,
pertussis,OH,1953,1336,49,,,
pertussis,OH,1954,2240,51,,,
pertussis,OH,1955,1863,51,,,
pertussis,OH,1974,21,1,,,
pertussis,OH,1975,30,12,,,
pertussis,OH,1976,71,25,,,
pertussis,OH,1977,68,24,,,
pertussis,OH,1978,117,33,,,
pertussis,OH,1979,91,15,,,
pertussis,OH,1980,75,24,,,
pertussis,OH,1981,37,22,,,
pertussis,OH,1982,97,33,,,
pertussis,OH,1983,154,37,158,52,158
pertussis,OH,1984,80,29,80,52,80
pertussis,OH,1985,110,23,79,105,120
pertussis,OH,1986,171,28,120,53,170
pertussis,OH,1987,124,21,123,52,123
pertussis,OH,1988,61,12,60,52,60
pertussis,OH,1989,147,7,147,52,147
pertussis,OH,1990,264,18,264,52,264
pertussis,OH,1991,120,26,116,52,116
pertussis,OH,1992,109,22,128,52,128
pertussis,OH,1993,549,42,556,52,556
pertussis,OH,1994,160,36,162,52,162
pertussis,OH,1995,182,39,181,52,181
pertussis,OH,1996,276,41,290,52,290
pertussis,OH,1997,146,40,164,52,164
pertussis,OH,1998,276,42,298,52,298
pertussis,OH,1999,280,36,329,52,329
pertussis,OH,2000,333,30,392,52,392
pertussis,OH,2001,301,37,326,52,326
pertussis,OH,2002,,,443,52,443
pertussis,OH,2003,,,317,52,317
pertussis,OH,2004,,,764,52,764
pertussis,OH,2005,,,1185,52,1185
pertussis,OH,2006,630,49,631,52,631
pertussis,OH,2007,609,46,610,52,610
pertussis,OH,2008,838,50,846,54,846
pertussis,OH,2009,1069,49,1096,52,1096
pertussis,OH,2010,1810,52,1806,52,1806
pertussis,OH,2011,751,48,767,52,767
pertussis,OH,2012,893,50,5,53,893
pertussis,OH,2013,1387,51,25,53,1464
pertussis,OH,2014,1393,51,1465,53,1878
pertussis,OH,2015,831,52,827,53,827
pertussis,OH,2016,943,50,963,53,963
pertussis,OH,2017,738,44,855,52,855
pertussis,OK,1937,512,8,,,
pertussis,OK,1938,396,27,,,
pertussis,OK,1939,191,51,,,
pertussis,OK,1940,686,50,,,
pertussis,OK,1941,1141,52,,,
pertussis,OK,1942,461,51,,,
pertussis,OK,1943,868,52,,,
pertussis,OK,1944,393,52,,,
pertussis,OK,1945,667,52,,,
pertussis,OK,1946,459,49,,,
pertussis,OK,1947,1102,52,,,
pertussis,OK,1948,913,47,,,
pertussis,OK,1949,222,45,,,
pertussis,OK,1950,916,51,,,
pertussis,OK,1951,1031,48,,,
pertussis,OK,1952,341,46,,,
pertussis,OK,1953,230,44,,,
pertussis,OK,1954,221,48,,,
pertussis,OK,1955,861,51,,,
pertussis,OK,1974,19,12,,,
pertussis,OK,1975,29,16,,,
pertussis,OK,1976,26,14,,,
pertussis,OK,1977,16,10,,,
pertussis,OK,1978,15,13,,,
pertussis,OK,1979,18,12,,,
pertussis,OK,1980,29,20,,,
pertussis,OK,1981,2,2,,,
pertussis,OK,1982,7,6,,,
pertussis,OK,1983,331,36,339,52,339
pertussis,OK,1984,137,21,241,52,241
pertussis,OK,1985,63,22,246,105,246
pertussis,OK,1986,129,27,166,53,166
pertussis,OK,1987,172,32,171,52,171
pertussis,OK,1988,69,13,69,52,69
pertussis,OK,1989,66,22,66,52,66
pertussis,OK,1990,73,26,69,52,69
pertussis,OK,1991,49,20,49,52,49
pertussis,OK,1992,49,18,52,52,52
pertussis,OK,1993,100,26,103,52,103
pertussis,OK,1994,31,12,36,52,36
pertussis,OK,1995,31,12,30,52,31
pertussis,OK,1996,18,8,19,52,19
pertussis,OK,1997,44,13,48,52,48
pertussis,OK,1998,30,7,31,52,31
pertussis,OK,1999,11,3,12,52,12
pertussis,OK,2000,33,6,41,52,41
pertussis,OK,2001,20,7,33,52,33
pertussis,OK,2002,,,66,52,66
pertussis,OK,2003,,,92,52,92
pertussis,OK,2004,,,33,52,33
pertussis,OK,2006,28,9,28,52,28
pertussis,OK,2007,48,9,50,52,50
pertussis,OK,2008,54,15,56,54,56
pertussis,OK,2009,77,24,77,52,77
pertussis,OK,2010,92,24,91,52,91
pertussis,OK,2011,42,10,52,52,52
pertussis,OK,2012,123,17,127,52,127
pertussis,OK,2013,103,19,143,52,143
pertussis,OK,2014,121,18,122,53,140
pertussis,OK,2015,48,12,47,53,47
pertussis,OK,2016,95,10,121,53,121
pertussis,OK,2017,143,14,143,52,143
pertussis,OR,1937,187,7,,,
pertussis,OR,1938,508,27,,,
pertussis,OR,1939,999,52,,,
pertussis,OR,1940,1131,50,,,
pertussis,OR,1941,1095,52,,,
pertussis,OR,1942,1058,51,,,
pertussis,OR,1943,1369,52,,,
pertussis,OR,1944,759,52,,,
pertussis,OR,1945,769,52,,,
pertussis,OR,1946,824,52,,,
pertussis,OR,1947,705,52,,,
pertussis,OR,1948,975,50,,,
pertussis,OR,1949,1033,52,,,
pertussis,OR,1950,1411,51,,,
pertussis,OR,1951,273,46,,,
pertussis,OR,1952,329,47,,,
pertussis,OR,1953,908,49,,,
pertussis,OR,1954,798,52,,,
pertussis,OR,1955,484,51,,,
pertussis,OR,1974,50,26,,,
pertussis,OR,1975,33,12,,,
pertussis,OR,1976,15,7,,,
pertussis,OR,1977,347,32,,,
pertussis,OR,1978,103,30,,,
pertussis,OR,1979,11,8,,,
pertussis,OR,1980,2,2,,,
pertussis,OR,1981,7,4,,,
pertussis,OR,1983,9,8,9,52,9
pertussis,OR,1984,33,11,30,52,30
pertussis,OR,1985,49,14,31,105,50
pertussis,OR,1986,16,10,50,53,50
pertussis,OR,1987,82,19,84,52,84
pertussis,OR,1988,48,17,50,52,50
pertussis,OR,1989,13,9,18,52,18
pertussis,OR,1990,73,21,113,52,113
pertussis,OR,1991,58,21,67,52,67
pertussis,OR,1992,45,27,45,52,45
pertussis,OR,1993,38,20,39,52,39
pertussis,OR,1994,28,14,43,52,43
pertussis,OR,1995,49,21,62,52,62
pertussis,OR,1996,28,13,35,52,35
pertussis,OR,1997,17,9,10,52,19
pertussis,OR,1998,79,28,90,52,96
pertussis,OR,1999,42,20,58,52,58
pertussis,OR,2000,64,28,114,52,114
pertussis,OR,2001,40,24,53,52,53
pertussis,OR,2002,,,192,52,192
pertussis,OR,2003,,,439,52,439
pertussis,OR,2004,,,535,52,535
pertussis,OR,2005,,,575,52,575
pertussis,OR,2006,10,5,105,52,105
pertussis,OR,2007,16,11,112,52,112
pertussis,OR,2008,36,20,176,54,176
pertussis,OR,2009,41,21,246,52,246
pertussis,OR,2010,67,33,326,52,326
pertussis,OR,2011,35,22,309,52,309
pertussis,OR,2012,100,32,901,52,901
pertussis,OR,2013,60,35,468,52,468
pertussis,OR,2014,53,25,413,53,492
pertussis,OR,2015,79,34,578,53,578
pertussis,OR,2016,9,8,180,53,180
pertussis,OR,2017,32,14,218,52,218
pertussis,PA,1925,85,1,,,
pertussis,PA,1935,30,1,,,
pertussis,PA,1937,1259,4,,,
pertussis,PA,1938,13904,50,,,
pertussis,PA,1939,18261,52,,,
pertussis,PA,1940,19320,50,,,
pertussis,PA,1941,15234,51,,,
pertussis,PA,1942,12556,51,,,
pertussis,PA,1943,11865,52,,,
pertussis,PA,1944,5051,52,,,
pertussis,PA,1945,9388,52,,,
pertussis,PA,1946,6458,52,,,
pertussis,PA,1947,9589,51,,,
pertussis,PA,1948,3936,51,,,
pertussis,PA,1949,5788,52,,,
pertussis,PA,1950,6631,52,,,
pertussis,PA,1951,3684,47,,,
pertussis,PA,1952,2537,47,,,
pertussis,PA,1953,2505,49,,,
pertussis,PA,1954,3699,51,,,
pertussis,PA,1955,2142,48,,,
pertussis,PA,1975,15,12,,,
pertussis,PA,1976,29,20,,,
pertussis,PA,1977,39,23,,,
pertussis,PA,1978,27,17,,,
pertussis,PA,1979,9,9,,,
pertussis,PA,1980,39,15,,,
pertussis,PA,1981,33,20,,,
pertussis,PA,1982,145,27,,,
pertussis,PA,1983,181,29,222,52,222
pertussis,PA,1984,56,10,58,52,58
pertussis,PA,1985,87,25,70,105,96
pertussis,PA,1986,45,25,96,53,96
pertussis,PA,1987,88,29,96,52,96
pertussis,PA,1988,70,23,70,52,70
pertussis,PA,1989,112,22,124,52,124
pertussis,PA,1990,173,35,193,52,193
pertussis,PA,1991,73,21,71,52,71
pertussis,PA,1992,119,22,119,52,119
pertussis,PA,1993,387,38,389,52,389
pertussis,PA,1994,153,28,202,52,202
pertussis,PA,1995,106,27,125,52,125
pertussis,PA,1996,193,24,230,52,230
pertussis,PA,1997,159,31,159,52,159
pertussis,PA,1998,99,8,229,52,229
pertussis,PA,1999,101,19,191,52,191
pertussis,PA,2000,139,16,220,52,220
pertussis,PA,2001,33,4,86,52,86
pertussis,PA,2002,,,116,52,116
pertussis,PA,2003,,,327,52,327
pertussis,PA,2004,,,590,52,590
pertussis,PA,2005,,,443,52,706
pertussis,PA,2006,361,50,672,52,672
pertussis,PA,2007,176,40,388,52,388
pertussis,PA,2008,393,50,508,54,508
pertussis,PA,2009,307,49,599,52,599
pertussis,PA,2010,549,50,950,52,950
pertussis,PA,2011,460,52,696,52,696
pertussis,PA,2012,1007,51,5,53,1842
pertussis,PA,2013,521,52,2,53,582
pertussis,PA,2014,439,51,772,53,784
pertussis,PA,2015,413,52,845,53,845
pertussis,PA,2016,755,52,1454,53,1454
pertussis,PA,2017,486,50,900,52,900
pertussis,PR,1954,2600,52,,,
pertussis,PR,1955,659,45,,,
pertussis,PR,1974,36,19,,,
pertussis,PR,1975,95,24,,,
pertussis,PR,1976,43,21,,,
pertussis,PR,1977,28,16,,,
pertussis,PR,1978,20,17,,,
pertussis,PR,1979,8,7,,,
pertussis,PR,1980,13,10,,,
pertussis,PR,1981,10,7,,,
pertussis,PR,1982,22,14,,,
pertussis,PR,1983,11,9,14,52,14
pertussis,PR,1984,1,1,1,52,1
pertussis,PR,1985,15,14,1,105,18
pertussis,PR,1986,19,14,18,53,19
pertussis,PR,1987,22,14,20,52,20
pertussis,PR,1988,10,10,15,52,15
pertussis,PR,1989,6,4,6,52,6
pertussis,PR,1990,20,11,22,52,22
pertussis,PR,1991,51,23,58,52,58
pertussis,PR,1992,11,9,11,52,11
pertussis,PR,1993,9,4,11,52,11
pertussis,PR,1994,2,2,2,52,2
pertussis,PR,1995,7,7,15,52,15
pertussis,PR,1996,1,1,1,52,1
pertussis,PR,1997,,,2,52,2
pertussis,PR,1998,4,2,6,52,6
pertussis,PR,1999,10,9,20,52,20
pertussis,PR,2000,11,5,7,52,12
pertussis,PR,2001,,,2,52,2
pertussis,PR,2002,,,3,52,3
pertussis,PR,2003,,,1,52,1
pertussis,PR,2004,,,7,52,7
pertussis,PR,2005,,,6,52,6
pertussis,PR,2006,1,1,2,52,2
pertussis,PR,2007,,,1,52,1
pertussis,PR,2009,,,1,52,1
pertussis,PR,2010,,,3,52,3
pertussis,PR,2011,,,2,52,2
pertussis,PR,2013,,,24,52,24
pertussis,PR,2014,,,9,53,14
pertussis,PR,2015,1,1,10,53,10
pertussis,PR,2016,,,11,53,11
pertussis,PR,2017,,,2,52,2
pertussis,RI,1937,218,8,,,
pertussis,RI,1938,1206,49,,,
pertussis,RI,1939,2050,52,,,
pertussis,RI,1940,314,50,,,
pertussis,RI,1941,1193,52,,,
pertussis,RI,1942,1585,51,,,
pertussis,RI,1943,1670,52,,,
pertussis,RI,1944,442,52,,,
pertussis,RI,1945,951,52,,,
pertussis,RI,1946,1365,52,,,
pertussis,RI,1947,1007,52,,,
pertussis,RI,1948,236,42,,,
pertussis,RI,1949,269,47,,,
pertussis,RI,1950,1858,51,,,
pertussis,RI,1951,414,33,,,
pertussis,RI,1952,117,25,,,
pertussis,RI,1953,301,42,,,
pertussis,RI,1954,1060,52,,,
pertussis,RI,1955,485,41,,,
pertussis,RI,1978,10,4,,,
pertussis,RI,1979,12,9,,,
pertussis,RI,1980,3,3,,,
pertussis,RI,1981,11,11,,,
pertussis,RI,1982,11,8,,,
pertussis,RI,1983,4,4,5,52,5
pertussis,RI,1984,4,4,4,52,4
pertussis,RI,1985,21,12,4,105,22
pertussis,RI,1986,6,5,22,53,22
pertussis,RI,1987,5,4,5,52,5
pertussis,RI,1988,17,8,17,52,17
pertussis,RI,1989,21,5,21,52,21
pertussis,RI,1990,10,7,10,52,10
pertussis,RI,1992,6,4,6,52,7
pertussis,RI,1993,12,5,13,52,13
pertussis,RI,1994,4,4,7,52,7
pertussis,RI,1995,4,4,4,52,4
pertussis,RI,1996,40,6,40,52,40
pertussis,RI,1997,15,6,17,52,17
pertussis,RI,1998,16,6,16,52,16
pertussis,RI,1999,38,11,38,52,38
pertussis,RI,2000,23,14,23,52,23
pertussis,RI,2001,5,3,6,52,6
pertussis,RI,2002,,,16,52,16
pertussis,RI,2003,,,20,52,20
pertussis,RI,2004,,,47,52,47
pertussis,RI,2005,,,34,52,34
pertussis,RI,2006,35,8,70,52,70
pertussis,RI,2007,12,6,32,52,32
pertussis,RI,2008,10,7,59,54,59
pertussis,RI,2009,7,1,31,52,31
pertussis,RI,2010,7,5,27,52,27
pertussis,RI,2011,4,4,28,52,28
pertussis,RI,2012,19,4,107,52,107
pertussis,RI,2013,74,20,140,52,140
pertussis,RI,2014,26,12,93,53,148
pertussis,RI,2015,4,4,22,53,22
pertussis,RI,2016,10,4,71,53,71
pertussis,RI,2017,28,11,54,52,54
pertussis,SC,1937,279,9,,,
pertussis,SC,1938,2708,44,,,
pertussis,SC,1939,2665,52,,,
pertussis,SC,1940,1029,50,,,
pertussis,SC,1941,4932,52,,,
pertussis,SC,1942,2476,51,,,
pertussis,SC,1943,3241,52,,,
pertussis,SC,1944,3419,52,,,
pertussis,SC,1945,3532,52,,,
pertussis,SC,1946,2056,52,,,
pertussis,SC,1947,4352,52,,,
pertussis,SC,1948,3173,52,,,
pertussis,SC,1949,748,48,,,
pertussis,SC,1950,473,50,,,
pertussis,SC,1951,234,40,,,
pertussis,SC,1952,115,36,,,
pertussis,SC,1953,269,37,,,
pertussis,SC,1954,388,48,,,
pertussis,SC,1955,344,50,,,
pertussis,SC,1974,9,6,,,
pertussis,SC,1975,10,7,,,
pertussis,SC,1976,16,9,,,
pertussis,SC,1977,22,13,,,
pertussis,SC,1978,12,9,,,
pertussis,SC,1979,8,7,,,
pertussis,SC,1980,16,12,,,
pertussis,SC,1981,11,6,,,
pertussis,SC,1982,16,12,,,
pertussis,SC,1983,14,9,14,52,14
pertussis,SC,1984,1,1,1,52,1
pertussis,SC,1985,3,3,2,105,3
pertussis,SC,1986,13,8,3,53,18
pertussis,SC,1987,8,1,8,52,8
pertussis,SC,1988,1,1,1,52,1
pertussis,SC,1990,14,4,14,52,14
pertussis,SC,1991,15,7,14,52,14
pertussis,SC,1992,12,6,10,52,12
pertussis,SC,1993,73,11,73,52,73
pertussis,SC,1994,14,10,14,52,14
pertussis,SC,1995,29,18,28,52,28
pertussis,SC,1996,52,30,49,52,49
pertussis,SC,1997,30,18,30,52,30
pertussis,SC,1998,24,15,27,52,27
pertussis,SC,1999,27,15,29,52,29
pertussis,SC,2000,32,18,41,52,41
pertussis,SC,2001,27,16,34,52,34
pertussis,SC,2002,,,43,52,43
pertussis,SC,2003,,,192,52,192
pertussis,SC,2004,,,57,52,57
pertussis,SC,2005,,,378,52,378
pertussis,SC,2006,53,22,173,52,173
pertussis,SC,2007,24,16,72,52,72
pertussis,SC,2008,41,18,129,54,129
pertussis,SC,2009,87,32,252,52,252
pertussis,SC,2010,133,37,348,52,348
pertussis,SC,2011,52,23,140,52,140
pertussis,SC,2012,48,19,1,53,214
pertussis,SC,2013,63,28,211,52,211
pertussis,SC,2014,38,21,157,53,188
pertussis,SC,2015,75,35,165,53,165
pertussis,SC,2016,45,20,180,53,180
pertussis,SC,2017,26,14,159,52,159
pertussis,SD,1937,251,9,,,
pertussis,SD,1938,628,51,,,
pertussis,SD,1939,157,52,,,
pertussis,SD,1940,184,50,,,
pertussis,SD,1941,600,52,,,
pertussis,SD,1942,164,51,,,
pertussis,SD,1943,305,52,,,
pertussis,SD,1944,342,52,,,
pertussis,SD,1945,141,51,,,
pertussis,SD,1946,30,15,,,
pertussis,SD,1947,153,38,,,
pertussis,SD,1948,127,32,,,
pertussis,SD,1949,53,17,,,
pertussis,SD,1950,165,37,,,
pertussis,SD,1951,103,33,,,
pertussis,SD,1952,40,14,,,
pertussis,SD,1953,38,14,,,
pertussis,SD,1954,127,29,,,
pertussis,SD,1955,59,20,,,
pertussis,SD,1974,3,2,,,
pertussis,SD,1976,1,1,,,
pertussis,SD,1977,1,1,,,
pertussis,SD,1978,11,3,,,
pertussis,SD,1980,3,2,,,
pertussis,SD,1981,2,1,,,
pertussis,SD,1982,6,6,,,
pertussis,SD,1983,8,8,8,52,8
pertussis,SD,1984,9,9,9,52,9
pertussis,SD,1985,11,7,9,105,11
pertussis,SD,1986,14,7,11,53,14
pertussis,SD,1987,4,4,4,52,4
pertussis,SD,1988,5,5,5,52,5
pertussis,SD,1989,4,4,4,52,4
pertussis,SD,1990,1,1,1,52,1
pertussis,SD,1991,4,4,5,52,5
pertussis,SD,1992,17,11,17,52,17
pertussis,SD,1993,8,7,8,52,8
pertussis,SD,1994,26,15,26,52,26
pertussis,SD,1995,12,9,12,52,12
pertussis,SD,1996,4,4,4,52,4
pertussis,SD,1997,4,4,5,52,5
pertussis,SD,1998,7,5,8,52,8
pertussis,SD,1999,7,6,7,52,7
pertussis,SD,2000,10,5,11,52,11
pertussis,SD,2001,6,6,5,52,5
pertussis,SD,2002,,,6,52,6
pertussis,SD,2003,,,5,52,5
pertussis,SD,2004,,,73,52,73
pertussis,SD,2005,,,161,52,161
pertussis,SD,2006,,,20,52,20
pertussis,SD,2007,,,57,52,57
pertussis,SD,2008,1,1,50,54,50
pertussis,SD,2009,1,1,30,52,30
pertussis,SD,2010,,,28,52,28
pertussis,SD,2011,,,31,52,31
pertussis,SD,2012,,,65,52,65
pertussis,SD,2013,,,50,52,50
pertussis,SD,2014,,,108,53,154
pertussis,SD,2015,,,9,53,9
pertussis,SD,2016,,,14,53,14
pertussis,SD,2017,,,8,52,8
pertussis,TN,1937,266,8,,,
pertussis,TN,1938,1052,31,,,
pertussis,TN,1939,2154,52,,,
pertussis,TN,1940,2051,50,,,
pertussis,TN,1941,2612,52,,,
pertussis,TN,1942,1791,51,,,
pertussis,TN,1943,3046,52,,,
pertussis,TN,1944,1285,52,,,
pertussis,TN,1945,1409,52,,,
pertussis,TN,1946,1201,52,,,
pertussis,TN,1947,1850,52,,,
pertussis,TN,1948,1218,50,,,
pertussis,TN,1949,1175,52,,,
pertussis,TN,1950,1919,51,,,
pertussis,TN,1951,1033,48,,,
pertussis,TN,1952,752,48,,,
pertussis,TN,1953,377,47,,,
pertussis,TN,1954,1098,52,,,
pertussis,TN,1955,1358,51,,,
pertussis,TN,1974,83,31,,,
pertussis,TN,1975,77,22,,,
pertussis,TN,1976,34,19,,,
pertussis,TN,1977,56,30,,,
pertussis,TN,1978,61,29,,,
pertussis,TN,1979,31,21,,,
pertussis,TN,1980,36,21,,,
pertussis,TN,1981,15,10,,,
pertussis,TN,1982,26,19,,,
pertussis,TN,1983,9,7,9,52,9
pertussis,TN,1984,7,5,7,52,7
pertussis,TN,1985,28,12,7,105,28
pertussis,TN,1986,16,9,28,53,28
pertussis,TN,1987,15,11,15,52,15
pertussis,TN,1988,30,17,30,52,30
pertussis,TN,1989,60,18,113,52,113
pertussis,TN,1990,80,30,85,52,85
pertussis,TN,1991,34,20,40,52,41
pertussis,TN,1992,13,9,10,52,10
pertussis,TN,1993,168,28,173,52,173
pertussis,TN,1994,16,4,22,52,22
pertussis,TN,1995,199,10,209,52,209
pertussis,TN,1996,11,10,21,52,21
pertussis,TN,1997,36,24,39,52,39
pertussis,TN,1998,26,18,37,52,37
pertussis,TN,1999,23,11,45,52,45
pertussis,TN,2000,31,20,34,52,34
pertussis,TN,2001,56,21,63,52,63
pertussis,TN,2002,,,114,52,114
pertussis,TN,2003,,,76,52,76
pertussis,TN,2004,,,135,52,135
pertussis,TN,2005,,,196,52,196
pertussis,TN,2006,72,27,162,52,162
pertussis,TN,2007,43,24,80,52,80
pertussis,TN,2008,58,28,108,54,108
pertussis,TN,2009,100,39,190,52,190
pertussis,TN,2010,114,40,227,52,227
pertussis,TN,2011,70,33,110,52,110
pertussis,TN,2012,148,42,286,52,286
pertussis,TN,2013,122,38,4,53,234
pertussis,TN,2014,160,48,320,53,328
pertussis,TN,2015,142,48,180,53,180
pertussis,TN,2016,97,42,131,53,132
pertussis,TN,2017,89,37,191,52,191
pertussis,TX,1937,931,7,,,
pertussis,TX,1938,2889,27,,,
pertussis,TX,1939,4735,52,,,
pertussis,TX,1940,9718,50,,,
pertussis,TX,1941,10754,52,,,
pertussis,TX,1942,7223,51,,,
pertussis,TX,1943,16522,52,,,
pertussis,TX,1944,9344,52,,,
pertussis,TX,1945,10310,52,,,
pertussis,TX,1946,8431,52,,,
pertussis,TX,1947,21649,52,,,
pertussis,TX,1948,11600,50,,,
pertussis,TX,1949,5279,52,,,
pertussis,TX,1950,11510,51,,,
pertussis,TX,1951,12796,48,,,
pertussis,TX,1952,9275,48,,,
pertussis,TX,1953,4489,48,,,
pertussis,TX,1954,5785,51,,,
pertussis,TX,1955,10133,51,,,
pertussis,TX,1974,143,32,,,
pertussis,TX,1975,141,36,,,
pertussis,TX,1976,36,24,,,
pertussis,TX,1977,83,35,,,
pertussis,TX,1978,132,41,,,
pertussis,TX,1979,110,40,,,
pertussis,TX,1980,82,39,,,
pertussis,TX,1981,84,34,,,
pertussis,TX,1982,71,36,,,
pertussis,TX,1983,98,35,90,52,91
pertussis,TX,1984,61,10,59,52,61
pertussis,TX,1985,351,16,59,105,351
pertussis,TX,1986,89,7,351,53,351
pertussis,TX,1987,78,2,78,52,78
pertussis,TX,1988,119,4,119,52,119
pertussis,TX,1989,250,12,250,52,250
pertussis,TX,1990,82,4,80,52,80
pertussis,TX,1991,81,8,88,52,88
pertussis,TX,1992,34,2,88,52,88
pertussis,TX,1993,83,6,83,52,83
pertussis,TX,1994,121,10,2,52,155
pertussis,TX,1995,108,27,191,52,191
pertussis,TX,1996,76,22,87,52,87
pertussis,TX,1997,24,16,167,52,167
pertussis,TX,1998,156,37,237,52,237
pertussis,TX,1999,88,26,124,52,124
pertussis,TX,2000,142,23,249,52,249
pertussis,TX,2001,197,30,460,52,460
pertussis,TX,2002,,,1025,52,1025
pertussis,TX,2003,,,561,52,761
pertussis,TX,2004,,,845,52,845
pertussis,TX,2005,,,1602,52,1602
pertussis,TX,2006,71,19,736,52,736
pertussis,TX,2007,81,19,825,52,825
pertussis,TX,2008,180,22,1405,54,1405
pertussis,TX,2009,219,23,2437,52,2437
pertussis,TX,2010,1011,43,2608,52,2608
pertussis,TX,2011,522,50,824,52,824
pertussis,TX,2012,1275,52,1906,52,1906
pertussis,TX,2013,1898,47,3436,52,3436
pertussis,TX,2014,1616,50,2374,53,2772
pertussis,TX,2015,1136,52,1401,53,1401
pertussis,TX,2016,799,51,1119,53,1119
pertussis,TX,2017,831,47,1483,52,1483
pertussis,UT,1937,118,8,,,
pertussis,UT,1938,877,27,,,
pertussis,UT,1939,2532,52,,,
pertussis,UT,1940,4831,50,,,
pertussis,UT,1941,2703,52,,,
pertussis,UT,1942,1360,51,,,
pertussis,UT,1943,2353,52,,,
pertussis,UT,1944,1676,52,,,
pertussis,UT,1945,1185,51,,,
pertussis,UT,1946,721,52,,,
pertussis,UT,1947,540,48,,,
pertussis,UT,1948,635,50,,,
pertussis,UT,1949,940,52,,,
pertussis,UT,1950,689,50,,,
pertussis,UT,1951,173,38,,,
pertussis,UT,1952,164,27,,,
pertussis,UT,1953,90,18,,,
pertussis,UT,1954,556,47,,,
pertussis,UT,1955,685,48,,,
pertussis,UT,1974,11,7,,,
pertussis,UT,1976,4,4,,,
pertussis,UT,1977,5,4,,,
pertussis,UT,1978,8,5,,,
pertussis,UT,1979,2,1,,,
pertussis,UT,1980,10,5,,,
pertussis,UT,1981,8,7,,,
pertussis,UT,1982,4,2,,,
pertussis,UT,1983,16,12,22,52,22
pertussis,UT,1984,6,6,7,52,7
pertussis,UT,1985,59,17,7,105,59
pertussis,UT,1986,45,24,59,53,59
pertussis,UT,1987,12,5,12,52,12
pertussis,UT,1988,34,12,34,52,34
pertussis,UT,1989,25,16,25,52,25
pertussis,UT,1990,38,12,40,52,40
pertussis,UT,1991,36,10,41,52,41
pertussis,UT,1992,37,12,42,52,42
pertussis,UT,1993,39,13,37,52,37
pertussis,UT,1994,23,11,26,52,26
pertussis,UT,1995,29,16,31,52,31
pertussis,UT,1996,17,10,24,52,24
pertussis,UT,1997,21,13,26,52,26
pertussis,UT,1998,212,33,266,52,266
pertussis,UT,1999,39,23,61,52,61
pertussis,UT,2000,25,15,41,52,41
pertussis,UT,2001,59,22,76,52,76
pertussis,UT,2002,,,107,52,107
pertussis,UT,2003,,,128,52,128
pertussis,UT,2004,,,250,52,250
pertussis,UT,2005,,,643,52,643
pertussis,UT,2006,655,37,861,52,861
pertussis,UT,2007,343,38,402,52,402
pertussis,UT,2008,56,16,226,54,226
pertussis,UT,2009,1,1,181,52,181
pertussis,UT,2010,,,237,52,237
pertussis,UT,2011,,,290,52,290
pertussis,UT,2012,4,4,1338,52,1338
pertussis,UT,2013,4,3,1016,52,1016
pertussis,UT,2014,27,5,810,53,1094
pertussis,UT,2015,3,2,403,53,403
pertussis,UT,2016,1,1,206,53,206
pertussis,UT,2017,1,1,363,52,363
pertussis,VA,1937,599,9,,,
pertussis,VA,1938,3560,50,,,
pertussis,VA,1939,3105,52,,,
pertussis,VA,1940,2844,50,,,
pertussis,VA,1941,4282,52,,,
pertussis,VA,1942,2366,51,,,
pertussis,VA,1943,5060,52,,,
pertussis,VA,1944,2714,52,,,
pertussis,VA,1945,2712,52,,,
pertussis,VA,1946,3059,52,,,
pertussis,VA,1947,4259,52,,,
pertussis,VA,1948,2200,52,,,
pertussis,VA,1949,1375,52,,,
pertussis,VA,1950,3266,52,,,
pertussis,VA,1951,1945,47,,,
pertussis,VA,1952,854,48,,,
pertussis,VA,1953,373,49,,,
pertussis,VA,1954,1435,52,,,
pertussis,VA,1955,1388,49,,,
pertussis,VA,1974,41,19,,,
pertussis,VA,1975,20,16,,,
pertussis,VA,1976,11,8,,,
pertussis,VA,1977,25,19,,,
pertussis,VA,1978,22,20,,,
pertussis,VA,1979,19,13,,,
pertussis,VA,1980,10,9,,,
pertussis,VA,1981,10,8,,,
pertussis,VA,1982,28,21,,,
pertussis,VA,1983,55,24,51,52,51
pertussis,VA,1984,15,10,19,52,19
pertussis,VA,1985,22,12,19,105,21
pertussis,VA,1986,55,25,21,53,56
pertussis,VA,1987,57,26,56,52,56
pertussis,VA,1988,20,8,29,52,30
pertussis,VA,1989,31,12,36,52,36
pertussis,VA,1990,25,14,25,52,25
pertussis,VA,1991,22,12,24,52,24
pertussis,VA,1992,13,6,17,52,17
pertussis,VA,1993,61,21,66,52,66
pertussis,VA,1994,34,14,36,52,36
pertussis,VA,1995,31,8,31,52,31
pertussis,VA,1996,87,15,99,52,99
pertussis,VA,1997,54,14,56,52,56
pertussis,VA,1998,51,13,51,52,51
pertussis,VA,1999,46,10,51,52,51
pertussis,VA,2000,111,24,115,52,115
pertussis,VA,2001,137,17,142,52,142
pertussis,VA,2002,,,159,52,159
pertussis,VA,2003,,,90,52,90
pertussis,VA,2004,,,261,52,261
pertussis,VA,2005,,,335,52,335
pertussis,VA,2006,117,20,202,52,202
pertussis,VA,2007,23,15,123,52,123
pertussis,VA,2008,35,18,152,54,152
pertussis,VA,2009,57,23,198,52,198
pertussis,VA,2010,126,33,337,52,337
pertussis,VA,2011,136,38,366,52,366
pertussis,VA,2012,201,45,566,52,566
pertussis,VA,2013,115,34,125,52,250
pertussis,VA,2014,151,39,464,53,560
pertussis,VA,2015,41,18,334,53,334
pertussis,VA,2016,25,13,181,53,181
pertussis,VA,2017,25,11,210,52,210
pertussis,VI,1978,2,2,,,
pertussis,VI,1982,1,1,,,
pertussis,VI,2001,,,2,31,2
pertussis,VI,2004,,,2,29,2
pertussis,VI,2006,0,1,,,
pertussis,VT,1937,242,9,,,
pertussis,VT,1938,1856,50,,,
pertussis,VT,1939,2184,52,,,
pertussis,VT,1940,1117,50,,,
pertussis,VT,1941,627,52,,,
pertussis,VT,1942,2253,51,,,
pertussis,VT,1943,1102,52,,,
pertussis,VT,1944,1228,52,,,
pertussis,VT,1945,1448,52,,,
pertussis,VT,1946,876,52,,,
pertussis,VT,1947,1257,52,,,
pertussis,VT,1948,1291,49,,,
pertussis,VT,1949,319,41,,,
pertussis,VT,1950,1829,52,,,
pertussis,VT,1951,751,43,,,
pertussis,VT,1952,462,45,,,
pertussis,VT,1953,505,46,,,
pertussis,VT,1954,576,42,,,
pertussis,VT,1955,230,33,,,
pertussis,VT,1974,1,1,,,
pertussis,VT,1975,5,1,,,
pertussis,VT,1982,2,2,,,
pertussis,VT,1983,6,4,8,52,8
pertussis,VT,1984,25,15,25,52,25
pertussis,VT,1985,4,4,25,105,25
pertussis,VT,1986,3,3,4,53,4
pertussis,VT,1987,4,4,4,52,4
pertussis,VT,1988,5,5,5,52,5
pertussis,VT,1989,11,7,11,52,11
pertussis,VT,1990,7,6,8,52,8
pertussis,VT,1991,4,3,5,52,5
pertussis,VT,1992,16,10,19,52,19
pertussis,VT,1993,107,27,94,52,94
pertussis,VT,1994,27,11,45,52,45
pertussis,VT,1995,14,9,74,52,74
pertussis,VT,1996,112,22,241,52,241
pertussis,VT,1997,117,39,256,52,256
pertussis,VT,1998,48,27,77,52,77
pertussis,VT,1999,55,22,88,52,88
pertussis,VT,2000,142,40,252,52,252
pertussis,VT,2001,70,17,107,52,107
pertussis,VT,2002,,,166,52,166
pertussis,VT,2003,,,71,52,71
pertussis,VT,2004,,,125,52,125
pertussis,VT,2005,,,86,52,86
pertussis,VT,2006,27,17,117,52,117
pertussis,VT,2007,16,10,61,52,61
pertussis,VT,2008,3,3,12,54,12
pertussis,VT,2009,1,1,11,52,11
pertussis,VT,2010,1,1,17,52,17
pertussis,VT,2011,10,5,76,52,76
pertussis,VT,2012,243,41,4,53,630
pertussis,VT,2013,39,19,112,52,112
pertussis,VT,2014,13,9,42,53,68
pertussis,VT,2015,13,7,32,53,32
pertussis,VT,2016,58,24,272,53,272
pertussis,VT,2017,30,18,103,52,103
pertussis,WA,1937,621,8,,,
pertussis,WA,1938,987,27,,,
pertussis,WA,1939,981,52,,,
pertussis,WA,1940,2369,50,,,
pertussis,WA,1941,4838,52,,,
pertussis,WA,1942,2778,51,,,
pertussis,WA,1943,2354,52,,,
pertussis,WA,1944,1400,52,,,
pertussis,WA,1945,1309,52,,,
pertussis,WA,1946,1507,52,,,
pertussis,WA,1947,1489,52,,,
pertussis,WA,1948,971,50,,,
pertussis,WA,1949,782,51,,,
pertussis,WA,1950,2109,51,,,
pertussis,WA,1951,633,45,,,
pertussis,WA,1952,147,42,,,
pertussis,WA,1953,513,44,,,
pertussis,WA,1954,1374,51,,,
pertussis,WA,1955,1041,50,,,
pertussis,WA,1974,51,17,,,
pertussis,WA,1975,27,16,,,
pertussis,WA,1976,25,11,,,
pertussis,WA,1977,62,27,,,
pertussis,WA,1978,46,27,,,
pertussis,WA,1979,11,8,,,
pertussis,WA,1980,65,27,,,
pertussis,WA,1981,57,30,,,
pertussis,WA,1982,36,23,,,
pertussis,WA,1983,17,9,20,52,20
pertussis,WA,1984,325,34,324,52,324
pertussis,WA,1985,87,33,326,105,326
pertussis,WA,1986,156,43,92,53,161
pertussis,WA,1987,106,41,105,52,105
pertussis,WA,1988,118,43,116,52,116
pertussis,WA,1989,194,40,194,52,194
pertussis,WA,1990,210,40,225,52,225
pertussis,WA,1991,134,37,136,52,136
pertussis,WA,1992,215,39,226,52,226
pertussis,WA,1993,94,31,94,52,94
pertussis,WA,1994,35,22,37,52,37
pertussis,WA,1995,370,39,364,52,364
pertussis,WA,1996,723,44,722,52,722
pertussis,WA,1997,366,42,406,52,406
pertussis,WA,1998,326,43,335,52,335
pertussis,WA,1999,644,42,625,52,625
pertussis,WA,2000,397,42,427,52,427
pertussis,WA,2001,171,40,171,52,171
pertussis,WA,2002,,,472,52,472
pertussis,WA,2003,,,703,52,703
pertussis,WA,2004,,,765,52,765
pertussis,WA,2005,,,835,52,835
pertussis,WA,2006,330,40,321,52,321
pertussis,WA,2007,299,41,313,52,313
pertussis,WA,2008,448,43,419,54,419
pertussis,WA,2009,315,44,265,52,265
pertussis,WA,2010,561,46,480,52,480
pertussis,WA,2011,712,37,703,52,703
pertussis,WA,2012,4872,47,4604,52,4604
pertussis,WA,2013,701,46,662,52,662
pertussis,WA,2014,500,39,463,53,463
pertussis,WA,2015,1411,44,1324,53,1324
pertussis,WA,2016,522,47,512,53,512
pertussis,WA,2017,696,44,594,52,594
pertussis,WI,1937,1548,9,,,
pertussis,WI,1938,13024,51,,,
pertussis,WI,1939,9886,52,,,
pertussis,WI,1940,5456,50,,,
pertussis,WI,1941,9234,51,,,
pertussis,WI,1942,10641,50,,,
pertussis,WI,1943,11106,52,,,
pertussis,WI,1944,4406,52,,,
pertussis,WI,1945,3296,52,,,
pertussis,WI,1946,7303,52,,,
pertussis,WI,1947,7832,52,,,
pertussis,WI,1948,2818,52,,,
pertussis,WI,1949,3298,51,,,
pertussis,WI,1950,6387,52,,,
pertussis,WI,1951,2558,46,,,
pertussis,WI,1952,1509,48,,,
pertussis,WI,1953,1143,48,,,
pertussis,WI,1954,2126,52,,,
pertussis,WI,1955,2196,51,,,
pertussis,WI,1974,120,31,,,
pertussis,WI,1975,109,38,,,
pertussis,WI,1976,47,25,,,
pertussis,WI,1977,26,15,,,
pertussis,WI,1978,44,24,,,
pertussis,WI,1979,18,12,,,
pertussis,WI,1980,28,17,,,
pertussis,WI,1981,29,17,,,
pertussis,WI,1982,38,21,,,
pertussis,WI,1983,9,3,71,52,71
pertussis,WI,1984,5,3,86,52,86
pertussis,WI,1985,14,8,132,105,332
pertussis,WI,1986,4,4,332,53,332
pertussis,WI,1987,5,4,80,52,80
pertussis,WI,1988,,,51,52,51
pertussis,WI,1989,3,3,177,52,177
pertussis,WI,1990,2,2,140,52,140
pertussis,WI,1991,5,3,97,52,97
pertussis,WI,1992,8,5,315,52,315
pertussis,WI,1993,,,324,52,324
pertussis,WI,1994,,,50,52,50
pertussis,WI,1995,,,12,52,12
pertussis,WI,1996,,,5,52,5
pertussis,WI,1997,,,83,52,83
pertussis,WI,1998,,,38,52,38
pertussis,WI,1999,,,52,52,52
pertussis,WI,2000,,,82,52,82
pertussis,WI,2001,,,98,52,98
pertussis,WI,2002,,,125,52,125
pertussis,WI,2003,,,215,52,215
pertussis,WI,2004,,,4048,52,4048
pertussis,WI,2005,,,1117,52,1117
pertussis,WI,2006,0,1,168,52,168
pertussis,WI,2007,,,199,52,199
pertussis,WI,2008,5,2,123,54,123
pertussis,WI,2009,11,6,132,52,132
pertussis,WI,2010,7,6,493,52,493
pertussis,WI,2011,31,15,724,52,724
pertussis,WI,2012,155,42,2,53,5994
pertussis,WI,2013,19,12,1077,52,1077
pertussis,WI,2014,17,14,1126,53,1126
pertussis,WI,2015,13,10,534,53,534
pertussis,WI,2016,26,19,1212,53,1212
pertussis,WI,2017,20,10,609,52,609
pertussis,WV,1937,454,9,,,
pertussis,WV,1938,2671,48,,,
pertussis,WV,1939,1045,52,,,
pertussis,WV,1940,2160,50,,,
pertussis,WV,1941,2239,52,,,
pertussis,WV,1942,1228,51,,,
pertussis,WV,1943,2478,52,,,
pertussis,WV,1944,1197,52,,,
pertussis,WV,1945,1176,52,,,
pertussis,WV,1946,1180,51,,,
pertussis,WV,1947,1017,47,,,
pertussis,WV,1948,932,52,,,
pertussis,WV,1949,1051,52,,,
pertussis,WV,1950,2339,52,,,
pertussis,WV,1951,1263,36,,,
pertussis,WV,1952,1682,44,,,
pertussis,WV,1953,592,47,,,
pertussis,WV,1954,1545,50,,,
pertussis,WV,1955,1979,51,,,
pertussis,WV,1974,17,4,,,
pertussis,WV,1975,44,18,,,
pertussis,WV,1976,25,15,,,
pertussis,WV,1977,66,9,,,
pertussis,WV,1978,22,16,,,
pertussis,WV,1979,21,16,,,
pertussis,WV,1980,22,9,,,
pertussis,WV,1981,5,5,,,
pertussis,WV,1982,14,10,,,
pertussis,WV,1983,10,6,9,52,9
pertussis,WV,1984,13,11,11,52,11
pertussis,WV,1985,5,4,11,105,11
pertussis,WV,1986,28,12,5,53,27
pertussis,WV,1987,44,23,50,52,50
pertussis,WV,1988,11,8,10,52,10
pertussis,WV,1989,33,22,36,52,36
pertussis,WV,1990,27,15,31,52,31
pertussis,WV,1991,8,6,9,52,9
pertussis,WV,1992,11,7,9,52,9
pertussis,WV,1993,12,8,8,52,11
pertussis,WV,1994,5,5,6,52,6
pertussis,WV,1996,3,2,7,52,7
pertussis,WV,1997,5,4,6,52,6
pertussis,WV,1998,2,2,4,52,4
pertussis,WV,1999,1,1,4,52,4
pertussis,WV,2000,1,1,1,52,1
pertussis,WV,2001,3,3,4,52,4
pertussis,WV,2002,,,32,52,32
pertussis,WV,2003,,,27,52,27
pertussis,WV,2004,,,24,52,24
pertussis,WV,2005,,,47,52,47
pertussis,WV,2006,12,4,47,52,47
pertussis,WV,2007,12,9,30,52,30
pertussis,WV,2008,,,10,54,10
pertussis,WV,2009,19,13,34,52,34
pertussis,WV,2010,72,20,125,52,125
pertussis,WV,2011,37,6,88,52,88
pertussis,WV,2012,14,6,92,52,92
pertussis,WV,2013,3,3,17,52,17
pertussis,WV,2014,,,16,53,18
pertussis,WV,2015,3,3,74,53,74
pertussis,WV,2016,2,2,23,53,23
pertussis,WV,2017,1,1,13,52,13
pertussis,WY,1937,102,8,,,
pertussis,WY,1938,108,27,,,
pertussis,WY,1939,184,52,,,
pertussis,WY,1940,237,50,,,
pertussis,WY,1941,394,52,,,
pertussis,WY,1942,380,51,,,
pertussis,WY,1943,184,52,,,
pertussis,WY,1944,389,52,,,
pertussis,WY,1945,174,48,,,
pertussis,WY,1946,239,38,,,
pertussis,WY,1947,212,40,,,
pertussis,WY,1948,143,33,,,
pertussis,WY,1949,37,17,,,
pertussis,WY,1950,120,33,,,
pertussis,WY,1951,414,41,,,
pertussis,WY,1952,26,13,,,
pertussis,WY,1953,53,23,,,
pertussis,WY,1954,21,13,,,
pertussis,WY,1955,126,35,,,
pertussis,WY,1974,1,1,,,
pertussis,WY,1975,7,4,,,
pertussis,WY,1980,2,2,,,
pertussis,WY,1981,7,3,,,
pertussis,WY,1982,4,4,,,
pertussis,WY,1983,6,5,6,52,6
pertussis,WY,1984,6,3,6,52,6
pertussis,WY,1985,1,1,6,105,6
pertussis,WY,1986,4,2,1,53,4
pertussis,WY,1987,5,2,5,52,5
pertussis,WY,1988,1,1,2,52,2
pertussis,WY,1990,1,1,1,52,1
pertussis,WY,1991,1,1,3,52,4
pertussis,WY,1993,1,1,1,52,1
pertussis,WY,1995,1,1,1,52,1
pertussis,WY,1996,9,9,8,52,8
pertussis,WY,1997,6,6,7,52,7
pertussis,WY,1998,1,1,8,52,8
pertussis,WY,1999,,,2,52,2
pertussis,WY,2000,2,2,6,52,6
pertussis,WY,2001,,,1,52,2
pertussis,WY,2002,,,11,52,11
pertussis,WY,2003,,,130,52,130
pertussis,WY,2004,,,35,52,35
pertussis,WY,2005,,,49,52,49
pertussis,WY,2006,45,22,78,52,78
pertussis,WY,2007,3,2,23,52,23
pertussis,WY,2008,1,1,16,54,16
pertussis,WY,2009,,,21,52,21
pertussis,WY,2010,1,1,10,52,10
pertussis,WY,2011,,,9,52,9
pertussis,WY,2012,,,62,52,62
pertussis,WY,2013,,,70,52,70
pertussis,WY,2014,1,1,53,53,76
pertussis,WY,2015,,,28,53,28
pertussis,WY,2016,1,1,18,53,18
pertussis,WY,2017,5,1,18,52,18
polio,AK,1950,61,13,,,
polio,AK,1951,32,13,,,
polio,AK,1954,333,41,,,
polio,AK,1955,55,23,,,
polio,AK,1956,12,11,12,52,12
polio,AK,1957,3,3,3,52,3
polio,AK,1958,2,2,2,52,2
polio,AK,1959,20,9,29,52,29
polio,AK,1960,2,2,2,52,2
polio,AL,1927,2,5,,,
polio,AL,1928,62,51,,,
polio,AL,1929,58,52,,,
polio,AL,1930,67,52,,,
polio,AL,1931,54,51,,,
polio,AL,1932,35,51,,,
polio,AL,1933,28,52,,,
polio,AL,1934,50,52,,,
polio,AL,1935,61,52,,,
polio,AL,1936,421,53,,,
polio,AL,1937,84,52,,,
polio,AL,1938,96,50,,,
polio,AL,1939,38,47,,,
polio,AL,1940,49,47,,,
polio,AL,1941,800,50,,,
polio,AL,1942,61,48,,,
polio,AL,1943,37,46,,,
polio,AL,1944,100,47,,,
polio,AL,1945,145,46,,,
polio,AL,1946,362,50,,,
polio,AL,1947,50,52,,,
polio,AL,1948,206,48,,,
polio,AL,1949,256,43,,,
polio,AL,1950,279,43,,,
polio,AL,1951,677,46,,,
polio,AL,1952,296,39,,,
polio,AL,1953,455,40,,,
polio,AL,1954,376,50,,,
polio,AL,1955,169,40,,,
polio,AL,1956,105,30,103,52,103
polio,AL,1957,59,26,59,52,59
polio,AL,1958,62,26,61,52,61
polio,AL,1959,154,23,251,52,251
polio,AL,1960,23,13,23,52,23
polio,AL,1961,11,8,11,52,11
polio,AL,1962,22,9,23,52,23
polio,AL,1963,52,18,53,52,53
polio,AL,1964,2,2,2,52,2
polio,AL,1968,1,1,,,
polio,AL,1969,1,1,,,
polio,AR,1927,7,5,,,
polio,AR,1928,10,51,,,
polio,AR,1929,4,51,,,
polio,AR,1930,79,52,,,
polio,AR,1931,16,51,,,
polio,AR,1932,14,51,,,
polio,AR,1933,13,51,,,
polio,AR,1934,14,52,,,
polio,AR,1935,29,52,,,
polio,AR,1936,58,53,,,
polio,AR,1937,352,52,,,
polio,AR,1938,31,50,,,
polio,AR,1939,46,47,,,
polio,AR,1940,25,47,,,
polio,AR,1941,55,50,,,
polio,AR,1942,126,48,,,
polio,AR,1943,62,45,,,
polio,AR,1944,40,47,,,
polio,AR,1945,56,46,,,
polio,AR,1946,372,50,,,
polio,AR,1947,77,52,,,
polio,AR,1948,141,46,,,
polio,AR,1949,993,42,,,
polio,AR,1950,334,43,,,
polio,AR,1951,443,36,,,
polio,AR,1952,381,44,,,
polio,AR,1953,320,42,,,
polio,AR,1954,371,47,,,
polio,AR,1955,174,40,,,
polio,AR,1956,227,39,221,52,221
polio,AR,1957,60,27,55,52,63
polio,AR,1958,39,23,32,52,32
polio,AR,1959,193,31,305,52,305
polio,AR,1960,41,21,36,52,36
polio,AR,1961,25,16,24,52,24
polio,AR,1962,26,14,23,52,23
polio,AR,1963,5,5,5,52,5
polio,AR,1965,2,2,1,52,1
polio,AR,1966,1,1,,,
polio,AR,1967,1,1,,,
polio,AR,1968,1,1,,,
polio,AZ,1927,2,5,,,
polio,AZ,1928,11,51,,,
polio,AZ,1929,9,51,,,
polio,AZ,1930,32,52,,,
polio,AZ,1931,11,51,,,
polio,AZ,1932,7,51,,,
polio,AZ,1933,16,51,,,
polio,AZ,1934,110,52,,,
polio,AZ,1935,21,52,,,
polio,AZ,1936,9,52,,,
polio,AZ,1937,20,52,,,
polio,AZ,1938,10,50,,,
polio,AZ,1939,79,47,,,
polio,AZ,1940,7,47,,,
polio,AZ,1941,13,50,,,
polio,AZ,1942,31,48,,,
polio,AZ,1943,85,46,,,
polio,AZ,1944,31,47,,,
polio,AZ,1945,23,46,,,
polio,AZ,1946,105,50,,,
polio,AZ,1947,36,52,,,
polio,AZ,1948,162,47,,,
polio,AZ,1949,164,34,,,
polio,AZ,1950,171,40,,,
polio,AZ,1951,292,40,,,
polio,AZ,1952,368,36,,,
polio,AZ,1953,382,46,,,
polio,AZ,1954,223,39,,,
polio,AZ,1955,128,37,,,
polio,AZ,1956,132,40,130,52,130
polio,AZ,1957,58,30,60,52,96
polio,AZ,1958,32,19,34,52,39
polio,AZ,1959,62,27,91,52,91
polio,AZ,1960,9,6,9,52,9
polio,AZ,1961,9,7,9,52,9
polio,AZ,1962,6,4,4,52,4
polio,AZ,1963,3,2,3,52,3
polio,AZ,1964,,,1,52,1
polio,AZ,1965,1,1,4,52,4
polio,AZ,1968,1,1,,,
polio,AZ,1969,1,1,,,
polio,CA,1927,69,5,,,
polio,CA,1928,269,51,,,
polio,CA,1929,155,51,,,
polio,CA,1930,1769,52,,,
polio,CA,1931,248,51,,,
polio,CA,1932,170,51,,,
polio,CA,1933,147,51,,,
polio,CA,1934,3271,52,,,
polio,CA,1935,778,52,,,
polio,CA,1936,380,53,,,
polio,CA,1937,639,52,,,
polio,CA,1938,113,50,,,
polio,CA,1939,867,47,,,
polio,CA,1940,436,47,,,
polio,CA,1941,216,50,,,
polio,CA,1942,284,48,,,
polio,CA,1943,2085,46,,,
polio,CA,1944,427,47,,,
polio,CA,1945,752,46,,,
polio,CA,1946,1924,50,,,
polio,CA,1947,844,52,,,
polio,CA,1948,5487,49,,,
polio,CA,1949,2607,52,,,
polio,CA,1950,2104,51,,,
polio,CA,1951,3179,49,,,
polio,CA,1952,4004,48,,,
polio,CA,1953,3906,48,,,
polio,CA,1954,4611,51,,,
polio,CA,1955,2028,49,,,
polio,CA,1956,2159,52,2179,52,2179
polio,CA,1957,755,51,763,52,763
polio,CA,1958,295,46,327,52,327
polio,CA,1959,343,39,496,52,496
polio,CA,1960,399,47,423,52,423
polio,CA,1961,98,40,101,52,101
polio,CA,1962,88,36,83,52,83
polio,CA,1963,19,17,19,52,19
polio,CA,1964,2,2,2,52,2
polio,CA,1965,3,2,5,52,5
polio,CA,1966,3,3,,,
polio,CA,1967,13,8,,,
polio,CA,1968,11,6,,,
polio,CA,1969,1,1,,,
polio,CA,1970,2,2,,,
polio,CO,1927,5,5,,,
polio,CO,1928,71,49,,,
polio,CO,1929,13,50,,,
polio,CO,1930,65,52,,,
polio,CO,1931,9,51,,,
polio,CO,1932,8,51,,,
polio,CO,1933,7,51,,,
polio,CO,1934,17,52,,,
polio,CO,1935,14,52,,,
polio,CO,1936,71,53,,,
polio,CO,1937,215,52,,,
polio,CO,1938,13,50,,,
polio,CO,1939,124,47,,,
polio,CO,1940,33,47,,,
polio,CO,1941,28,50,,,
polio,CO,1942,36,48,,,
polio,CO,1943,283,46,,,
polio,CO,1944,58,47,,,
polio,CO,1945,141,46,,,
polio,CO,1946,836,50,,,
polio,CO,1947,67,52,,,
polio,CO,1948,120,46,,,
polio,CO,1949,675,37,,,
polio,CO,1950,211,44,,,
polio,CO,1951,1077,44,,,
polio,CO,1952,687,40,,,
polio,CO,1953,192,41,,,
polio,CO,1954,397,42,,,
polio,CO,1955,217,42,,,
polio,CO,1956,164,38,162,52,162
polio,CO,1957,50,30,50,52,50
polio,CO,1958,20,16,20,52,20
polio,CO,1959,18,12,26,52,26
polio,CO,1960,19,11,21,52,21
polio,CO,1961,11,10,11,52,11
polio,CO,1962,4,4,4,52,4
polio,CO,1963,1,1,1,52,1
polio,CO,1964,1,1,1,52,1
polio,CO,1970,1,1,,,
polio,CT,1927,4,5,,,
polio,CT,1928,72,52,,,
polio,CT,1929,21,52,,,
polio,CT,1930,74,52,,,
polio,CT,1931,1075,51,,,
polio,CT,1932,32,52,,,
polio,CT,1933,74,52,,,
polio,CT,1934,14,52,,,
polio,CT,1935,409,52,,,
polio,CT,1936,17,53,,,
polio,CT,1937,112,52,,,
polio,CT,1938,22,50,,,
polio,CT,1939,22,47,,,
polio,CT,1940,15,47,,,
polio,CT,1941,111,50,,,
polio,CT,1942,41,48,,,
polio,CT,1943,368,46,,,
polio,CT,1944,192,47,,,
polio,CT,1945,205,46,,,
polio,CT,1946,124,50,,,
polio,CT,1947,138,52,,,
polio,CT,1948,121,47,,,
polio,CT,1949,657,34,,,
polio,CT,1950,483,39,,,
polio,CT,1951,294,32,,,
polio,CT,1952,401,34,,,
polio,CT,1953,361,37,,,
polio,CT,1954,448,38,,,
polio,CT,1955,589,29,,,
polio,CT,1956,86,25,86,52,86
polio,CT,1957,40,21,40,52,40
polio,CT,1958,43,20,44,52,44
polio,CT,1959,60,15,124,52,124
polio,CT,1960,34,13,35,52,35
polio,CT,1961,5,4,5,52,5
polio,CT,1962,2,2,1,52,2
polio,CT,1963,2,1,2,52,2
polio,CT,1964,2,2,2,52,2
polio,CT,1969,1,1,,,
polio,DC,1928,33,41,,,
polio,DC,1929,6,52,,,
polio,DC,1930,12,52,,,
polio,DC,1931,11,51,,,
polio,DC,1932,34,52,,,
polio,DC,1933,7,52,,,
polio,DC,1934,9,52,,,
polio,DC,1935,86,52,,,
polio,DC,1936,7,53,,,
polio,DC,1937,30,52,,,
polio,DC,1938,25,50,,,
polio,DC,1939,14,47,,,
polio,DC,1940,6,47,,,
polio,DC,1941,68,50,,,
polio,DC,1942,5,48,,,
polio,DC,1943,12,46,,,
polio,DC,1944,185,47,,,
polio,DC,1945,123,46,,,
polio,DC,1946,30,50,,,
polio,DC,1947,23,52,,,
polio,DC,1948,132,46,,,
polio,DC,1949,107,24,,,
polio,DC,1950,184,27,,,
polio,DC,1951,66,23,,,
polio,DC,1952,129,22,,,
polio,DC,1953,64,25,,,
polio,DC,1954,88,25,,,
polio,DC,1955,49,23,,,
polio,DC,1956,11,10,11,52,11
polio,DC,1957,70,19,70,52,70
polio,DC,1958,10,6,9,52,9
polio,DC,1959,4,3,7,52,7
polio,DC,1960,5,2,5,52,5
polio,DC,1961,3,3,3,52,3
polio,DC,1962,1,1,2,52,2
polio,DC,1963,,,1,52,1
polio,DE,1927,1,5,,,
polio,DE,1928,8,51,,,
polio,DE,1929,5,52,,,
polio,DE,1930,6,52,,,
polio,DE,1931,4,50,,,
polio,DE,1932,11,52,,,
polio,DE,1933,13,52,,,
polio,DE,1934,3,52,,,
polio,DE,1935,5,52,,,
polio,DE,1936,1,53,,,
polio,DE,1937,8,52,,,
polio,DE,1938,2,50,,,
polio,DE,1939,7,47,,,
polio,DE,1940,1,47,,,
polio,DE,1941,22,50,,,
polio,DE,1942,14,48,,,
polio,DE,1943,7,46,,,
polio,DE,1944,89,47,,,
polio,DE,1945,27,46,,,
polio,DE,1946,29,50,,,
polio,DE,1947,115,52,,,
polio,DE,1948,116,41,,,
polio,DE,1949,46,23,,,
polio,DE,1950,43,21,,,
polio,DE,1951,14,10,,,
polio,DE,1952,103,21,,,
polio,DE,1953,32,15,,,
polio,DE,1954,89,25,,,
polio,DE,1955,55,27,,,
polio,DE,1956,28,16,28,52,28
polio,DE,1957,5,4,5,52,8
polio,DE,1958,26,16,29,52,29
polio,DE,1959,8,7,9,52,9
polio,DE,1960,1,1,1,25,1
polio,DE,1961,2,2,2,52,2
polio,DE,1963,1,1,1,52,1
polio,FL,1927,4,5,,,
polio,FL,1928,21,51,,,
polio,FL,1929,34,52,,,
polio,FL,1930,12,52,,,
polio,FL,1931,14,51,,,
polio,FL,1932,8,52,,,
polio,FL,1933,9,52,,,
polio,FL,1934,17,52,,,
polio,FL,1935,16,52,,,
polio,FL,1936,43,53,,,
polio,FL,1937,36,52,,,
polio,FL,1938,30,50,,,
polio,FL,1939,60,47,,,
polio,FL,1940,30,47,,,
polio,FL,1941,259,50,,,
polio,FL,1942,41,48,,,
polio,FL,1943,22,46,,,
polio,FL,1944,102,47,,,
polio,FL,1945,117,46,,,
polio,FL,1946,561,50,,,
polio,FL,1947,117,52,,,
polio,FL,1948,268,49,,,
polio,FL,1949,285,50,,,
polio,FL,1950,464,49,,,
polio,FL,1951,344,47,,,
polio,FL,1952,668,48,,,
polio,FL,1953,674,48,,,
polio,FL,1954,1784,51,,,
polio,FL,1955,455,48,,,
polio,FL,1956,369,50,365,52,365
polio,FL,1957,135,37,133,52,153
polio,FL,1958,243,41,252,52,252
polio,FL,1959,153,36,199,52,199
polio,FL,1960,64,26,70,52,70
polio,FL,1961,34,16,38,52,38
polio,FL,1962,7,7,9,52,9
polio,FL,1963,29,13,37,52,37
polio,FL,1964,9,8,11,52,11
polio,FL,1969,1,1,,,
polio,GA,1927,2,5,,,
polio,GA,1928,12,50,,,
polio,GA,1929,24,52,,,
polio,GA,1930,21,52,,,
polio,GA,1931,31,51,,,
polio,GA,1932,17,52,,,
polio,GA,1933,17,52,,,
polio,GA,1934,20,52,,,
polio,GA,1935,20,52,,,
polio,GA,1936,143,53,,,
polio,GA,1937,77,52,,,
polio,GA,1938,49,50,,,
polio,GA,1939,92,47,,,
polio,GA,1940,28,47,,,
polio,GA,1941,712,50,,,
polio,GA,1942,37,48,,,
polio,GA,1943,22,46,,,
polio,GA,1944,99,47,,,
polio,GA,1945,111,46,,,
polio,GA,1946,159,50,,,
polio,GA,1947,89,52,,,
polio,GA,1948,231,46,,,
polio,GA,1949,247,39,,,
polio,GA,1950,492,38,,,
polio,GA,1951,656,46,,,
polio,GA,1952,524,41,,,
polio,GA,1953,454,43,,,
polio,GA,1954,755,46,,,
polio,GA,1955,257,45,,,
polio,GA,1956,196,33,197,52,197
polio,GA,1957,85,35,86,52,86
polio,GA,1958,48,16,56,52,56
polio,GA,1959,103,24,176,52,176
polio,GA,1960,26,17,26,52,26
polio,GA,1961,30,15,30,52,30
polio,GA,1962,20,13,19,52,19
polio,GA,1963,22,14,22,52,22
polio,GA,1964,2,2,3,52,3
polio,GA,1966,1,1,,,
polio,GA,1971,1,1,,,
polio,HI,1950,20,14,,,
polio,HI,1951,28,16,,,
polio,HI,1954,234,46,,,
polio,HI,1955,173,33,,,
polio,HI,1956,65,28,68,52,68
polio,HI,1957,10,7,10,52,10
polio,HI,1958,66,25,76,52,76
polio,HI,1959,3,1,5,52,5
polio,HI,1960,8,8,8,52,8
polio,HI,1961,4,4,5,52,5
polio,HI,1962,2,2,1,39,1
polio,IA,1927,5,4,,,
polio,IA,1928,34,47,,,
polio,IA,1929,76,52,,,
polio,IA,1930,225,52,,,
polio,IA,1931,150,51,,,
polio,IA,1932,48,52,,,
polio,IA,1933,45,52,,,
polio,IA,1934,35,52,,,
polio,IA,1935,64,52,,,
polio,IA,1936,78,53,,,
polio,IA,1937,242,52,,,
polio,IA,1938,34,50,,,
polio,IA,1939,176,47,,,
polio,IA,1940,785,47,,,
polio,IA,1941,40,50,,,
polio,IA,1942,57,48,,,
polio,IA,1943,201,46,,,
polio,IA,1944,195,47,,,
polio,IA,1945,312,46,,,
polio,IA,1946,593,50,,,
polio,IA,1947,175,52,,,
polio,IA,1948,1203,49,,,
polio,IA,1949,1210,42,,,
polio,IA,1950,1282,47,,,
polio,IA,1951,442,40,,,
polio,IA,1952,3512,42,,,
polio,IA,1953,591,43,,,
polio,IA,1954,1450,47,,,
polio,IA,1955,516,45,,,
polio,IA,1956,649,40,629,52,629
polio,IA,1957,85,27,185,52,185
polio,IA,1958,77,22,76,52,76
polio,IA,1959,285,21,445,52,453
polio,IA,1960,27,17,23,52,24
polio,IA,1961,20,11,21,52,21
polio,IA,1962,7,6,7,52,7
polio,IA,1964,1,1,1,52,1
polio,IA,1965,3,3,5,52,5
polio,IA,1967,1,1,,,
polio,IA,1968,2,1,,,
polio,ID,1927,4,5,,,
polio,ID,1928,39,50,,,
polio,ID,1929,7,51,,,
polio,ID,1930,13,52,,,
polio,ID,1931,7,51,,,
polio,ID,1932,5,51,,,
polio,ID,1933,6,51,,,
polio,ID,1934,121,52,,,
polio,ID,1935,2,52,,,
polio,ID,1936,17,53,,,
polio,ID,1937,14,52,,,
polio,ID,1938,10,50,,,
polio,ID,1939,34,47,,,
polio,ID,1940,55,47,,,
polio,ID,1941,11,50,,,
polio,ID,1942,5,48,,,
polio,ID,1943,12,46,,,
polio,ID,1944,15,47,,,
polio,ID,1945,26,46,,,
polio,ID,1946,51,50,,,
polio,ID,1947,369,52,,,
polio,ID,1948,112,46,,,
polio,ID,1949,511,44,,,
polio,ID,1950,160,40,,,
polio,ID,1951,126,29,,,
polio,ID,1952,356,42,,,
polio,ID,1953,94,34,,,
polio,ID,1954,124,35,,,
polio,ID,1955,249,40,,,
polio,ID,1956,109,37,110,52,110
polio,ID,1957,23,13,25,52,25
polio,ID,1958,10,8,12,52,12
polio,ID,1959,8,7,8,52,8
polio,ID,1960,10,8,11,52,11
polio,ID,1961,15,12,15,52,15
polio,ID,1962,2,2,2,52,2
polio,ID,1963,,,1,52,1
polio,ID,1964,1,1,1,52,1
polio,IL,1927,20,5,,,
polio,IL,1928,114,52,,,
polio,IL,1929,86,52,,,
polio,IL,1930,459,52,,,
polio,IL,1931,685,51,,,
polio,IL,1932,211,52,,,
polio,IL,1933,221,52,,,
polio,IL,1934,218,52,,,
polio,IL,1935,258,52,,,
polio,IL,1936,702,53,,,
polio,IL,1937,809,52,,,
polio,IL,1938,98,50,,,
polio,IL,1939,173,47,,,
polio,IL,1940,493,47,,,
polio,IL,1941,382,50,,,
polio,IL,1942,459,48,,,
polio,IL,1943,1623,46,,,
polio,IL,1944,524,47,,,
polio,IL,1945,1064,46,,,
polio,IL,1946,2367,50,,,
polio,IL,1947,858,52,,,
polio,IL,1948,1106,49,,,
polio,IL,1949,2906,47,,,
polio,IL,1950,1916,48,,,
polio,IL,1951,1694,46,,,
polio,IL,1952,4017,45,,,
polio,IL,1953,2018,46,,,
polio,IL,1954,2210,48,,,
polio,IL,1955,1285,46,,,
polio,IL,1956,1825,47,1843,52,1850
polio,IL,1957,348,33,347,52,347
polio,IL,1958,226,29,241,52,241
polio,IL,1959,213,22,343,52,343
polio,IL,1960,147,31,154,52,154
polio,IL,1961,37,23,37,52,37
polio,IL,1962,64,24,63,52,63
polio,IL,1963,16,11,17,52,17
polio,IL,1964,4,3,6,52,6
polio,IL,1965,1,1,1,52,2
polio,IL,1966,1,1,,,
polio,IL,1967,1,1,,,
polio,IL,1968,2,2,,,
polio,IL,1970,1,1,,,
polio,IN,1927,10,5,,,
polio,IN,1928,31,52,,,
polio,IN,1929,16,52,,,
polio,IN,1930,162,52,,,
polio,IN,1931,58,51,,,
polio,IN,1932,25,52,,,
polio,IN,1933,45,52,,,
polio,IN,1934,69,52,,,
polio,IN,1935,47,52,,,
polio,IN,1936,54,53,,,
polio,IN,1937,146,52,,,
polio,IN,1938,16,50,,,
polio,IN,1939,57,47,,,
polio,IN,1940,621,47,,,
polio,IN,1941,111,50,,,
polio,IN,1942,85,48,,,
polio,IN,1943,105,46,,,
polio,IN,1944,317,47,,,
polio,IN,1945,191,46,,,
polio,IN,1946,417,50,,,
polio,IN,1947,213,51,,,
polio,IN,1948,415,48,,,
polio,IN,1949,1141,39,,,
polio,IN,1950,598,41,,,
polio,IN,1951,362,35,,,
polio,IN,1952,1448,40,,,
polio,IN,1953,637,45,,,
polio,IN,1954,867,44,,,
polio,IN,1955,431,40,,,
polio,IN,1956,431,36,434,52,434
polio,IN,1957,212,36,201,52,201
polio,IN,1958,149,25,142,52,142
polio,IN,1959,95,20,154,52,154
polio,IN,1960,157,29,146,52,146
polio,IN,1961,23,15,21,52,21
polio,IN,1962,28,16,24,52,24
polio,IN,1963,4,3,4,52,4
polio,IN,1964,9,7,9,52,9
polio,IN,1966,2,2,,,
polio,IN,1967,3,1,,,
polio,IN,1968,1,1,,,
polio,KS,1927,7,5,,,
polio,KS,1928,46,52,,,
polio,KS,1929,22,52,,,
polio,KS,1930,778,52,,,
polio,KS,1931,33,51,,,
polio,KS,1932,42,52,,,
polio,KS,1933,54,52,,,
polio,KS,1934,81,52,,,
polio,KS,1935,34,52,,,
polio,KS,1936,91,53,,,
polio,KS,1937,251,52,,,
polio,KS,1938,4,50,,,
polio,KS,1939,45,47,,,
polio,KS,1940,476,47,,,
polio,KS,1941,49,50,,,
polio,KS,1942,94,48,,,
polio,KS,1943,755,46,,,
polio,KS,1944,110,47,,,
polio,KS,1945,122,46,,,
polio,KS,1946,1000,50,,,
polio,KS,1947,95,52,,,
polio,KS,1948,306,48,,,
polio,KS,1949,755,37,,,
polio,KS,1950,523,38,,,
polio,KS,1951,788,35,,,
polio,KS,1952,1620,40,,,
polio,KS,1953,511,44,,,
polio,KS,1954,700,45,,,
polio,KS,1955,260,42,,,
polio,KS,1956,187,29,187,52,187
polio,KS,1957,65,26,66,52,66
polio,KS,1958,29,13,32,52,32
polio,KS,1959,115,21,190,52,190
polio,KS,1960,18,10,19,52,19
polio,KS,1961,9,4,9,52,9
polio,KS,1964,1,1,1,52,1
polio,KS,1965,1,1,1,52,1
polio,KS,1967,3,3,,,
polio,KS,1969,1,1,,,
polio,KY,1927,0,1,,,
polio,KY,1928,48,51,,,
polio,KY,1929,13,52,,,
polio,KY,1930,25,52,,,
polio,KY,1931,27,51,,,
polio,KY,1932,51,51,,,
polio,KY,1933,44,52,,,
polio,KY,1934,118,52,,,
polio,KY,1935,318,52,,,
polio,KY,1936,86,53,,,
polio,KY,1937,135,49,,,
polio,KY,1938,36,50,,,
polio,KY,1939,146,47,,,
polio,KY,1940,197,47,,,
polio,KY,1941,203,50,,,
polio,KY,1942,107,48,,,
polio,KY,1943,147,46,,,
polio,KY,1944,739,47,,,
polio,KY,1945,58,46,,,
polio,KY,1946,100,50,,,
polio,KY,1947,121,52,,,
polio,KY,1948,188,45,,,
polio,KY,1949,686,39,,,
polio,KY,1950,693,41,,,
polio,KY,1951,318,34,,,
polio,KY,1952,1748,44,,,
polio,KY,1953,374,45,,,
polio,KY,1954,846,46,,,
polio,KY,1955,409,44,,,
polio,KY,1956,199,42,200,52,200
polio,KY,1957,110,28,110,52,110
polio,KY,1958,69,30,84,52,84
polio,KY,1959,75,23,113,52,113
polio,KY,1960,152,22,150,52,150
polio,KY,1961,28,18,27,52,27
polio,KY,1962,25,13,30,52,30
polio,KY,1963,1,1,1,46,1
polio,KY,1965,1,1,1,52,1
polio,LA,1927,2,5,,,
polio,LA,1928,12,51,,,
polio,LA,1929,8,51,,,
polio,LA,1930,308,52,,,
polio,LA,1931,30,51,,,
polio,LA,1932,39,51,,,
polio,LA,1933,28,51,,,
polio,LA,1934,25,52,,,
polio,LA,1935,101,52,,,
polio,LA,1936,37,53,,,
polio,LA,1937,133,52,,,
polio,LA,1938,39,50,,,
polio,LA,1939,17,47,,,
polio,LA,1940,111,47,,,
polio,LA,1941,65,50,,,
polio,LA,1942,44,48,,,
polio,LA,1943,56,46,,,
polio,LA,1944,156,47,,,
polio,LA,1945,104,46,,,
polio,LA,1946,362,50,,,
polio,LA,1947,54,52,,,
polio,LA,1948,150,46,,,
polio,LA,1949,232,42,,,
polio,LA,1950,405,46,,,
polio,LA,1951,815,47,,,
polio,LA,1952,853,48,,,
polio,LA,1953,424,45,,,
polio,LA,1954,540,47,,,
polio,LA,1955,367,46,,,
polio,LA,1956,629,50,622,52,622
polio,LA,1957,179,45,181,52,187
polio,LA,1958,73,27,80,52,80
polio,LA,1959,105,26,147,52,147
polio,LA,1960,51,24,52,52,52
polio,LA,1961,56,25,56,52,56
polio,LA,1962,32,20,33,52,33
polio,LA,1963,15,11,14,52,15
polio,LA,1964,1,1,1,52,1
polio,LA,1965,2,2,2,52,2
polio,LA,1966,1,1,,,
polio,LA,1967,1,1,,,
polio,MA,1923,1,1,,,
polio,MA,1927,87,5,,,
polio,MA,1928,369,51,,,
polio,MA,1929,120,52,,,
polio,MA,1930,508,52,,,
polio,MA,1931,1336,51,,,
polio,MA,1932,62,52,,,
polio,MA,1933,359,52,,,
polio,MA,1934,76,52,,,
polio,MA,1935,1421,52,,,
polio,MA,1936,61,53,,,
polio,MA,1937,362,52,,,
polio,MA,1938,16,50,,,
polio,MA,1939,66,47,,,
polio,MA,1940,39,47,,,
polio,MA,1941,177,50,,,
polio,MA,1942,32,48,,,
polio,MA,1943,259,46,,,
polio,MA,1944,428,47,,,
polio,MA,1945,508,46,,,
polio,MA,1946,369,50,,,
polio,MA,1947,357,52,,,
polio,MA,1948,187,45,,,
polio,MA,1949,1807,34,,,
polio,MA,1950,511,31,,,
polio,MA,1951,294,30,,,
polio,MA,1952,555,38,,,
polio,MA,1953,628,36,,,
polio,MA,1954,1054,41,,,
polio,MA,1955,3547,36,,,
polio,MA,1956,112,35,111,52,111
polio,MA,1957,25,16,25,52,25
polio,MA,1958,28,13,30,52,30
polio,MA,1959,81,19,159,52,159
polio,MA,1960,36,19,35,52,35
polio,MA,1961,15,12,18,52,18
polio,MA,1962,6,4,7,52,7
polio,MA,1963,1,1,3,52,3
polio,MA,1968,1,1,,,
polio,MA,1971,1,1,,,
polio,MD,1927,1,4,,,
polio,MD,1928,293,52,,,
polio,MD,1929,22,52,,,
polio,MD,1930,43,52,,,
polio,MD,1931,47,50,,,
polio,MD,1932,39,52,,,
polio,MD,1933,49,52,,,
polio,MD,1934,29,52,,,
polio,MD,1935,109,52,,,
polio,MD,1936,36,53,,,
polio,MD,1937,85,52,,,
polio,MD,1938,15,50,,,
polio,MD,1939,23,47,,,
polio,MD,1940,12,47,,,
polio,MD,1941,228,50,,,
polio,MD,1942,17,48,,,
polio,MD,1943,19,46,,,
polio,MD,1944,432,47,,,
polio,MD,1945,119,46,,,
polio,MD,1946,104,50,,,
polio,MD,1947,114,52,,,
polio,MD,1948,130,46,,,
polio,MD,1949,250,32,,,
polio,MD,1950,713,36,,,
polio,MD,1951,146,31,,,
polio,MD,1952,199,30,,,
polio,MD,1953,542,34,,,
polio,MD,1954,246,29,,,
polio,MD,1955,257,36,,,
polio,MD,1956,111,30,111,52,168
polio,MD,1957,41,16,41,52,41
polio,MD,1958,26,14,27,52,27
polio,MD,1959,24,9,44,52,44
polio,MD,1960,159,19,160,52,160
polio,MD,1961,45,17,44,52,44
polio,MD,1962,2,2,2,52,2
polio,MD,1963,3,1,1,52,3
polio,MD,1964,1,1,1,52,1
polio,MD,1965,1,1,1,52,1
polio,MD,1967,2,2,,,
polio,ME,1927,13,5,,,
polio,ME,1928,48,51,,,
polio,ME,1929,13,52,,,
polio,ME,1930,159,52,,,
polio,ME,1931,112,51,,,
polio,ME,1932,61,52,,,
polio,ME,1933,66,52,,,
polio,ME,1934,21,52,,,
polio,ME,1935,160,52,,,
polio,ME,1936,41,53,,,
polio,ME,1937,133,52,,,
polio,ME,1938,9,50,,,
polio,ME,1939,4,47,,,
polio,ME,1940,10,47,,,
polio,ME,1941,42,50,,,
polio,ME,1942,36,48,,,
polio,ME,1943,16,46,,,
polio,ME,1944,23,47,,,
polio,ME,1945,83,46,,,
polio,ME,1946,42,50,,,
polio,ME,1947,45,52,,,
polio,ME,1948,41,40,,,
polio,ME,1949,466,30,,,
polio,ME,1950,97,29,,,
polio,ME,1951,50,19,,,
polio,ME,1952,165,30,,,
polio,ME,1953,318,31,,,
polio,ME,1954,136,24,,,
polio,ME,1955,187,30,,,
polio,ME,1956,21,17,22,52,22
polio,ME,1957,9,8,9,52,9
polio,ME,1958,2,1,4,52,4
polio,ME,1959,46,11,90,52,90
polio,ME,1960,50,19,52,52,52
polio,ME,1961,4,4,6,52,6
polio,ME,1963,,,2,52,2
polio,ME,1969,1,1,,,
polio,MI,1927,17,5,,,
polio,MI,1928,75,52,,,
polio,MI,1929,184,52,,,
polio,MI,1930,208,52,,,
polio,MI,1931,1025,51,,,
polio,MI,1932,113,52,,,
polio,MI,1933,93,52,,,
polio,MI,1934,230,52,,,
polio,MI,1935,622,52,,,
polio,MI,1936,160,53,,,
polio,MI,1937,458,52,,,
polio,MI,1938,57,50,,,
polio,MI,1939,779,47,,,
polio,MI,1940,1119,47,,,
polio,MI,1941,261,50,,,
polio,MI,1942,136,48,,,
polio,MI,1943,265,46,,,
polio,MI,1944,857,47,,,
polio,MI,1945,198,46,,,
polio,MI,1946,987,50,,,
polio,MI,1947,656,52,,,
polio,MI,1948,762,49,,,
polio,MI,1949,2919,45,,,
polio,MI,1950,2014,48,,,
polio,MI,1951,1479,43,,,
polio,MI,1952,3809,45,,,
polio,MI,1953,2304,44,,,
polio,MI,1954,2184,52,,,
polio,MI,1955,1074,44,,,
polio,MI,1956,698,45,683,52,683
polio,MI,1957,512,44,511,52,511
polio,MI,1958,1191,38,1233,52,1233
polio,MI,1959,272,26,460,52,460
polio,MI,1960,91,31,95,52,95
polio,MI,1961,39,20,39,52,39
polio,MI,1962,21,11,21,52,21
polio,MI,1963,15,8,20,52,20
polio,MI,1964,4,4,3,52,3
polio,MI,1965,1,1,1,52,1
polio,MI,1966,1,1,,,
polio,MI,1967,3,2,,,
polio,MI,1968,3,3,,,
polio,MI,1970,1,1,,,
polio,MN,1927,9,5,,,
polio,MN,1928,201,52,,,
polio,MN,1929,30,52,,,
polio,MN,1930,381,52,,,
polio,MN,1931,683,51,,,
polio,MN,1932,110,52,,,
polio,MN,1933,314,52,,,
polio,MN,1934,95,52,,,
polio,MN,1935,69,52,,,
polio,MN,1936,33,53,,,
polio,MN,1937,332,52,,,
polio,MN,1938,36,50,,,
polio,MN,1939,448,47,,,
polio,MN,1940,192,47,,,
polio,MN,1941,257,50,,,
polio,MN,1942,64,48,,,
polio,MN,1943,163,46,,,
polio,MN,1944,496,47,,,
polio,MN,1945,225,46,,,
polio,MN,1946,2569,50,,,
polio,MN,1947,247,52,,,
polio,MN,1948,1412,48,,,
polio,MN,1949,1891,47,,,
polio,MN,1950,591,39,,,
polio,MN,1951,579,36,,,
polio,MN,1952,4108,43,,,
polio,MN,1953,2225,43,,,
polio,MN,1954,689,45,,,
polio,MN,1955,538,46,,,
polio,MN,1956,205,38,206,52,206
polio,MN,1957,50,21,55,52,55
polio,MN,1958,32,16,32,52,32
polio,MN,1959,138,19,248,52,248
polio,MN,1960,48,24,55,52,55
polio,MN,1961,8,6,8,52,8
polio,MN,1962,7,6,7,52,7
polio,MN,1963,3,3,4,52,4
polio,MN,1964,2,2,3,52,3
polio,MN,1965,1,1,1,52,1
polio,MN,1966,1,1,,,
polio,MO,1927,6,5,,,
polio,MO,1928,25,52,,,
polio,MO,1929,16,52,,,
polio,MO,1930,213,52,,,
polio,MO,1931,60,51,,,
polio,MO,1932,9,52,,,
polio,MO,1933,35,51,,,
polio,MO,1934,34,52,,,
polio,MO,1935,44,52,,,
polio,MO,1936,72,53,,,
polio,MO,1937,375,52,,,
polio,MO,1938,22,50,,,
polio,MO,1939,26,47,,,
polio,MO,1940,276,47,,,
polio,MO,1941,36,50,,,
polio,MO,1942,78,48,,,
polio,MO,1943,200,46,,,
polio,MO,1944,167,47,,,
polio,MO,1945,260,46,,,
polio,MO,1946,1173,50,,,
polio,MO,1947,130,52,,,
polio,MO,1948,322,48,,,
polio,MO,1949,1328,43,,,
polio,MO,1950,415,39,,,
polio,MO,1951,701,34,,,
polio,MO,1952,1171,45,,,
polio,MO,1953,883,43,,,
polio,MO,1954,655,43,,,
polio,MO,1955,264,40,,,
polio,MO,1956,421,45,421,52,421
polio,MO,1957,129,41,126,52,126
polio,MO,1958,175,25,187,52,187
polio,MO,1959,302,30,511,52,511
polio,MO,1960,42,18,45,52,45
polio,MO,1961,28,20,28,52,28
polio,MO,1962,15,10,12,52,12
polio,MO,1963,2,2,1,52,1
polio,MO,1964,4,4,4,52,4
polio,MO,1965,1,1,1,52,1
polio,MO,1968,2,2,,,
polio,MO,1970,1,1,,,
polio,MS,1927,2,5,,,
polio,MS,1928,31,50,,,
polio,MS,1929,14,52,,,
polio,MS,1930,38,52,,,
polio,MS,1931,35,51,,,
polio,MS,1932,25,51,,,
polio,MS,1933,9,52,,,
polio,MS,1934,23,52,,,
polio,MS,1935,16,52,,,
polio,MS,1936,135,53,,,
polio,MS,1937,330,52,,,
polio,MS,1938,75,49,,,
polio,MS,1939,29,47,,,
polio,MS,1940,42,47,,,
polio,MS,1941,158,50,,,
polio,MS,1942,55,48,,,
polio,MS,1943,33,46,,,
polio,MS,1944,103,46,,,
polio,MS,1945,84,46,,,
polio,MS,1946,303,50,,,
polio,MS,1947,62,52,,,
polio,MS,1948,148,47,,,
polio,MS,1949,355,44,,,
polio,MS,1950,398,46,,,
polio,MS,1951,691,46,,,
polio,MS,1952,711,44,,,
polio,MS,1953,336,42,,,
polio,MS,1954,520,47,,,
polio,MS,1955,179,40,,,
polio,MS,1956,296,43,296,52,296
polio,MS,1957,108,40,100,52,109
polio,MS,1958,123,32,121,52,121
polio,MS,1959,83,29,128,52,128
polio,MS,1960,37,21,45,52,45
polio,MS,1961,27,16,28,52,28
polio,MS,1962,14,7,17,52,17
polio,MS,1963,10,8,10,52,10
polio,MS,1964,1,1,1,52,1
polio,MS,1965,1,1,1,52,1
polio,MS,1966,3,3,,,
polio,MS,1967,2,2,,,
polio,MT,1927,4,5,,,
polio,MT,1928,63,50,,,
polio,MT,1929,7,51,,,
polio,MT,1930,19,52,,,
polio,MT,1931,55,51,,,
polio,MT,1932,6,51,,,
polio,MT,1933,11,51,,,
polio,MT,1934,322,52,,,
polio,MT,1935,8,52,,,
polio,MT,1936,15,53,,,
polio,MT,1937,29,52,,,
polio,MT,1938,7,50,,,
polio,MT,1939,4,47,,,
polio,MT,1940,95,47,,,
polio,MT,1941,29,50,,,
polio,MT,1942,13,47,,,
polio,MT,1943,22,46,,,
polio,MT,1944,33,47,,,
polio,MT,1945,79,46,,,
polio,MT,1946,120,50,,,
polio,MT,1947,26,52,,,
polio,MT,1948,68,42,,,
polio,MT,1949,102,26,,,
polio,MT,1950,46,25,,,
polio,MT,1951,134,26,,,
polio,MT,1952,263,31,,,
polio,MT,1953,248,33,,,
polio,MT,1954,179,44,,,
polio,MT,1955,148,31,,,
polio,MT,1956,58,29,55,52,55
polio,MT,1957,12,10,12,52,12
polio,MT,1958,61,19,68,52,68
polio,MT,1959,10,8,15,52,15
polio,MT,1960,24,14,24,52,24
polio,MT,1961,4,4,4,52,4
polio,MT,1962,5,3,4,52,4
polio,MT,1964,,,1,52,1
polio,MT,1969,1,1,,,
polio,MT,1971,1,1,,,
polio,NC,1927,2,3,,,
polio,NC,1928,48,49,,,
polio,NC,1929,133,52,,,
polio,NC,1930,89,52,,,
polio,NC,1931,101,51,,,
polio,NC,1932,54,52,,,
polio,NC,1933,30,52,,,
polio,NC,1934,45,52,,,
polio,NC,1935,677,52,,,
polio,NC,1936,52,53,,,
polio,NC,1937,106,52,,,
polio,NC,1938,46,50,,,
polio,NC,1939,99,47,,,
polio,NC,1940,70,47,,,
polio,NC,1941,140,50,,,
polio,NC,1942,71,48,,,
polio,NC,1943,31,46,,,
polio,NC,1944,852,47,,,
polio,NC,1945,150,46,,,
polio,NC,1946,152,50,,,
polio,NC,1947,303,52,,,
polio,NC,1948,2188,48,,,
polio,NC,1949,248,46,,,
polio,NC,1950,754,47,,,
polio,NC,1951,320,45,,,
polio,NC,1952,1123,44,,,
polio,NC,1953,926,42,,,
polio,NC,1954,739,47,,,
polio,NC,1955,425,43,,,
polio,NC,1956,341,43,336,52,353
polio,NC,1957,229,38,221,52,221
polio,NC,1958,103,32,108,52,108
polio,NC,1959,190,28,293,52,293
polio,NC,1960,90,32,96,52,96
polio,NC,1961,20,11,21,52,21
polio,NC,1962,14,10,13,52,13
polio,NC,1963,6,6,6,52,6
polio,NC,1964,12,10,12,52,12
polio,NC,1967,1,1,,,
polio,NC,1968,1,1,,,
polio,ND,1928,136,51,,,
polio,ND,1929,16,52,,,
polio,ND,1930,43,52,,,
polio,ND,1931,33,51,,,
polio,ND,1932,34,52,,,
polio,ND,1933,86,52,,,
polio,ND,1934,13,52,,,
polio,ND,1935,16,52,,,
polio,ND,1936,21,53,,,
polio,ND,1937,9,52,,,
polio,ND,1938,7,50,,,
polio,ND,1939,14,47,,,
polio,ND,1940,23,47,,,
polio,ND,1941,20,50,,,
polio,ND,1942,15,48,,,
polio,ND,1943,22,46,,,
polio,ND,1944,49,47,,,
polio,ND,1945,15,46,,,
polio,ND,1946,450,50,,,
polio,ND,1947,70,52,,,
polio,ND,1948,128,45,,,
polio,ND,1949,450,32,,,
polio,ND,1950,39,17,,,
polio,ND,1951,94,27,,,
polio,ND,1952,294,29,,,
polio,ND,1953,198,31,,,
polio,ND,1954,119,31,,,
polio,ND,1955,64,28,,,
polio,ND,1956,40,17,40,52,40
polio,ND,1957,11,7,11,52,11
polio,ND,1958,47,15,48,52,48
polio,ND,1959,14,7,16,52,16
polio,ND,1960,13,7,16,52,16
polio,ND,1961,5,5,5,52,5
polio,ND,1962,4,3,5,52,5
polio,ND,1963,,,1,52,1
polio,ND,1964,1,1,1,52,1
polio,NE,1921,1,1,,,
polio,NE,1927,16,5,,,
polio,NE,1928,38,51,,,
polio,NE,1929,9,52,,,
polio,NE,1930,288,52,,,
polio,NE,1931,36,51,,,
polio,NE,1932,30,52,,,
polio,NE,1933,25,52,,,
polio,NE,1934,21,52,,,
polio,NE,1935,13,52,,,
polio,NE,1936,24,53,,,
polio,NE,1937,216,52,,,
polio,NE,1938,7,50,,,
polio,NE,1939,44,47,,,
polio,NE,1940,169,47,,,
polio,NE,1941,12,50,,,
polio,NE,1942,105,47,,,
polio,NE,1943,140,46,,,
polio,NE,1944,94,47,,,
polio,NE,1945,114,46,,,
polio,NE,1946,618,50,,,
polio,NE,1947,200,52,,,
polio,NE,1948,684,49,,,
polio,NE,1949,670,39,,,
polio,NE,1950,439,44,,,
polio,NE,1951,434,43,,,
polio,NE,1952,2244,40,,,
polio,NE,1953,232,42,,,
polio,NE,1954,728,38,,,
polio,NE,1955,273,38,,,
polio,NE,1956,195,35,196,52,196
polio,NE,1957,76,36,77,52,77
polio,NE,1958,34,17,34,52,34
polio,NE,1959,92,21,136,52,136
polio,NE,1960,15,11,16,52,16
polio,NE,1961,7,6,8,52,8
polio,NE,1962,8,5,8,52,8
polio,NE,1963,1,1,1,52,1
polio,NE,1965,3,3,4,52,4
polio,NH,1927,0,1,,,
polio,NH,1928,21,46,,,
polio,NH,1929,7,51,,,
polio,NH,1930,26,52,,,
polio,NH,1931,42,51,,,
polio,NH,1932,5,52,,,
polio,NH,1933,11,52,,,
polio,NH,1934,9,52,,,
polio,NH,1935,57,51,,,
polio,NH,1936,4,52,,,
polio,NH,1937,22,52,,,
polio,NH,1938,1,50,,,
polio,NH,1939,4,47,,,
polio,NH,1940,2,47,,,
polio,NH,1941,30,50,,,
polio,NH,1942,16,48,,,
polio,NH,1943,11,46,,,
polio,NH,1944,62,47,,,
polio,NH,1945,23,46,,,
polio,NH,1946,151,50,,,
polio,NH,1947,24,52,,,
polio,NH,1948,19,34,,,
polio,NH,1949,182,17,,,
polio,NH,1950,23,11,,,
polio,NH,1951,37,13,,,
polio,NH,1952,52,21,,,
polio,NH,1953,115,24,,,
polio,NH,1954,96,23,,,
polio,NH,1955,197,21,,,
polio,NH,1956,3,3,3,52,5
polio,NH,1957,3,3,4,52,5
polio,NH,1958,4,2,4,52,4
polio,NH,1959,2,2,5,52,5
polio,NH,1961,3,3,3,52,3
polio,NJ,1921,1,1,,,
polio,NJ,1927,12,5,,,
polio,NJ,1928,89,52,,,
polio,NJ,1929,59,52,,,
polio,NJ,1930,60,52,,,
polio,NJ,1931,954,51,,,
polio,NJ,1932,371,52,,,
polio,NJ,1933,245,52,,,
polio,NJ,1934,66,52,,,
polio,NJ,1935,520,52,,,
polio,NJ,1936,31,53,,,
polio,NJ,1937,165,52,,,
polio,NJ,1938,39,50,,,
polio,NJ,1939,199,47,,,
polio,NJ,1940,56,47,,,
polio,NJ,1941,346,50,,,
polio,NJ,1942,216,48,,,
polio,NJ,1943,89,46,,,
polio,NJ,1944,504,47,,,
polio,NJ,1945,918,46,,,
polio,NJ,1946,244,50,,,
polio,NJ,1947,297,52,,,
polio,NJ,1948,803,48,,,
polio,NJ,1949,1529,46,,,
polio,NJ,1950,886,43,,,
polio,NJ,1951,448,40,,,
polio,NJ,1952,764,36,,,
polio,NJ,1953,760,38,,,
polio,NJ,1954,909,43,,,
polio,NJ,1955,624,46,,,
polio,NJ,1956,215,36,212,52,212
polio,NJ,1957,79,19,79,52,79
polio,NJ,1958,292,31,296,52,296
polio,NJ,1959,67,20,139,52,139
polio,NJ,1960,82,25,85,52,85
polio,NJ,1961,28,15,35,52,35
polio,NJ,1962,6,4,9,52,9
polio,NJ,1963,4,3,4,52,4
polio,NJ,1964,3,3,3,52,3
polio,NJ,1965,3,3,3,52,3
polio,NM,1927,8,5,,,
polio,NM,1928,18,50,,,
polio,NM,1929,9,51,,,
polio,NM,1930,34,52,,,
polio,NM,1931,14,50,,,
polio,NM,1932,10,51,,,
polio,NM,1933,9,51,,,
polio,NM,1934,18,52,,,
polio,NM,1935,10,52,,,
polio,NM,1936,30,53,,,
polio,NM,1937,26,52,,,
polio,NM,1938,11,49,,,
polio,NM,1939,90,47,,,
polio,NM,1940,21,46,,,
polio,NM,1941,8,50,,,
polio,NM,1942,25,48,,,
polio,NM,1943,70,46,,,
polio,NM,1944,24,47,,,
polio,NM,1945,23,44,,,
polio,NM,1946,159,50,,,
polio,NM,1947,40,52,,,
polio,NM,1948,77,44,,,
polio,NM,1949,207,31,,,
polio,NM,1950,140,41,,,
polio,NM,1951,141,33,,,
polio,NM,1952,493,41,,,
polio,NM,1953,104,31,,,
polio,NM,1954,226,34,,,
polio,NM,1955,123,32,,,
polio,NM,1956,84,33,84,52,84
polio,NM,1957,50,24,50,52,50
polio,NM,1958,37,22,39,52,39
polio,NM,1959,32,16,44,52,44
polio,NM,1960,9,8,7,52,9
polio,NM,1961,3,3,6,52,6
polio,NM,1962,1,1,2,52,4
polio,NM,1963,,,1,52,1
polio,NM,1964,2,1,5,52,5
polio,NM,1965,1,1,1,52,1
polio,NV,1935,1,1,,,
polio,NV,1940,0,10,,,
polio,NV,1941,0,51,,,
polio,NV,1942,3,48,,,
polio,NV,1943,19,46,,,
polio,NV,1944,6,47,,,
polio,NV,1945,3,46,,,
polio,NV,1946,5,50,,,
polio,NV,1947,3,52,,,
polio,NV,1948,12,33,,,
polio,NV,1949,18,10,,,
polio,NV,1950,12,6,,,
polio,NV,1951,40,17,,,
polio,NV,1952,98,24,,,
polio,NV,1953,48,19,,,
polio,NV,1954,111,30,,,
polio,NV,1955,85,31,,,
polio,NV,1956,35,19,35,52,35
polio,NV,1957,4,4,4,52,4
polio,NV,1958,5,5,6,52,6
polio,NV,1959,7,6,7,52,7
polio,NV,1963,1,1,1,52,1
polio,NY,1921,40,2,,,
polio,NY,1922,2,1,,,
polio,NY,1923,8,2,,,
polio,NY,1927,46,5,,,
polio,NY,1928,947,51,,,
polio,NY,1929,530,52,,,
polio,NY,1930,766,52,,,
polio,NY,1931,5917,51,,,
polio,NY,1932,356,52,,,
polio,NY,1933,1378,52,,,
polio,NY,1934,234,52,,,
polio,NY,1935,2889,52,,,
polio,NY,1936,225,53,,,
polio,NY,1937,685,52,,,
polio,NY,1938,141,50,,,
polio,NY,1939,916,47,,,
polio,NY,1940,185,47,,,
polio,NY,1941,1132,50,,,
polio,NY,1942,284,48,,,
polio,NY,1943,709,46,,,
polio,NY,1944,6022,47,,,
polio,NY,1945,1807,46,,,
polio,NY,1946,1356,50,,,
polio,NY,1947,1240,52,,,
polio,NY,1948,1465,49,,,
polio,NY,1949,5587,46,,,
polio,NY,1950,4235,51,,,
polio,NY,1951,1735,49,,,
polio,NY,1952,2637,49,,,
polio,NY,1953,3130,47,,,
polio,NY,1954,2468,51,,,
polio,NY,1955,2549,49,,,
polio,NY,1956,804,52,797,52,797
polio,NY,1957,217,41,217,52,217
polio,NY,1958,277,35,294,52,294
polio,NY,1959,353,32,526,52,526
polio,NY,1960,269,42,280,52,280
polio,NY,1961,255,29,256,52,256
polio,NY,1962,88,31,58,52,58
polio,NY,1963,12,11,12,52,12
polio,OH,1927,65,4,,,
polio,OH,1928,276,50,,,
polio,OH,1929,189,52,,,
polio,OH,1930,928,52,,,
polio,OH,1931,190,51,,,
polio,OH,1932,84,52,,,
polio,OH,1933,361,52,,,
polio,OH,1934,281,52,,,
polio,OH,1935,100,52,,,
polio,OH,1936,331,53,,,
polio,OH,1937,541,52,,,
polio,OH,1938,49,50,,,
polio,OH,1939,139,47,,,
polio,OH,1940,563,47,,,
polio,OH,1941,453,50,,,
polio,OH,1942,141,48,,,
polio,OH,1943,182,46,,,
polio,OH,1944,1105,47,,,
polio,OH,1945,439,46,,,
polio,OH,1946,669,50,,,
polio,OH,1947,1466,52,,,
polio,OH,1948,1142,49,,,
polio,OH,1949,1792,37,,,
polio,OH,1950,1803,47,,,
polio,OH,1951,1131,34,,,
polio,OH,1952,3378,42,,,
polio,OH,1953,2606,47,,,
polio,OH,1954,2438,49,,,
polio,OH,1955,1160,45,,,
polio,OH,1956,628,45,628,52,628
polio,OH,1957,302,35,273,52,273
polio,OH,1958,391,28,404,52,404
polio,OH,1959,174,39,288,52,288
polio,OH,1960,122,32,129,52,129
polio,OH,1961,48,27,48,52,48
polio,OH,1962,19,13,20,52,20
polio,OH,1963,8,7,8,52,8
polio,OH,1964,4,4,3,52,4
polio,OH,1966,7,7,,,
polio,OH,1968,2,2,,,
polio,OH,1970,2,2,,,
polio,OK,1927,9,5,,,
polio,OK,1928,34,51,,,
polio,OK,1929,20,51,,,
polio,OK,1930,155,52,,,
polio,OK,1931,25,51,,,
polio,OK,1932,28,51,,,
polio,OK,1933,27,51,,,
polio,OK,1934,13,52,,,
polio,OK,1935,14,52,,,
polio,OK,1936,117,53,,,
polio,OK,1937,429,52,,,
polio,OK,1938,30,50,,,
polio,OK,1939,41,47,,,
polio,OK,1940,106,47,,,
polio,OK,1941,51,50,,,
polio,OK,1942,16,47,,,
polio,OK,1943,469,46,,,
polio,OK,1944,55,47,,,
polio,OK,1945,201,46,,,
polio,OK,1946,391,50,,,
polio,OK,1947,50,52,,,
polio,OK,1948,337,48,,,
polio,OK,1949,1323,41,,,
polio,OK,1950,525,42,,,
polio,OK,1951,659,40,,,
polio,OK,1952,1048,37,,,
polio,OK,1953,553,45,,,
polio,OK,1954,561,45,,,
polio,OK,1955,285,39,,,
polio,OK,1956,223,41,224,52,224
polio,OK,1957,125,34,125,52,125
polio,OK,1958,62,28,61,52,61
polio,OK,1959,108,24,160,52,160
polio,OK,1960,12,9,17,52,17
polio,OK,1961,4,4,4,52,4
polio,OK,1962,29,18,32,52,32
polio,OK,1963,1,1,1,52,1
polio,OK,1964,3,3,3,52,3
polio,OK,1965,,,2,52,2
polio,OK,1966,1,1,,,
polio,OK,1968,1,1,,,
polio,OR,1927,85,5,,,
polio,OR,1928,91,51,,,
polio,OR,1929,34,51,,,
polio,OR,1930,32,52,,,
polio,OR,1931,16,51,,,
polio,OR,1932,19,51,,,
polio,OR,1933,36,51,,,
polio,OR,1934,85,52,,,
polio,OR,1935,48,52,,,
polio,OR,1936,40,53,,,
polio,OR,1937,60,52,,,
polio,OR,1938,17,50,,,
polio,OR,1939,49,47,,,
polio,OR,1940,62,47,,,
polio,OR,1941,83,50,,,
polio,OR,1942,22,48,,,
polio,OR,1943,381,46,,,
polio,OR,1944,221,47,,,
polio,OR,1945,60,46,,,
polio,OR,1946,148,50,,,
polio,OR,1947,110,52,,,
polio,OR,1948,216,48,,,
polio,OR,1949,331,47,,,
polio,OR,1950,518,43,,,
polio,OR,1951,362,44,,,
polio,OR,1952,499,40,,,
polio,OR,1953,332,40,,,
polio,OR,1954,381,46,,,
polio,OR,1955,416,49,,,
polio,OR,1956,175,45,173,52,173
polio,OR,1957,52,32,52,52,52
polio,OR,1958,33,19,41,52,41
polio,OR,1959,118,28,189,52,189
polio,OR,1960,35,21,37,52,37
polio,OR,1961,17,14,17,52,17
polio,OR,1962,7,5,7,52,7
polio,OR,1963,2,2,2,52,2
polio,OR,1964,1,1,1,52,1
polio,OR,1965,1,1,1,52,1
polio,OR,1970,1,1,,,
polio,OR,1971,1,1,,,
polio,PA,1923,1,1,,,
polio,PA,1927,37,5,,,
polio,PA,1928,217,52,,,
polio,PA,1929,197,50,,,
polio,PA,1930,175,52,,,
polio,PA,1931,372,51,,,
polio,PA,1932,1219,52,,,
polio,PA,1933,411,52,,,
polio,PA,1934,135,52,,,
polio,PA,1935,229,52,,,
polio,PA,1936,137,53,,,
polio,PA,1937,336,52,,,
polio,PA,1938,80,50,,,
polio,PA,1939,346,47,,,
polio,PA,1940,148,47,,,
polio,PA,1941,682,50,,,
polio,PA,1942,100,48,,,
polio,PA,1943,128,46,,,
polio,PA,1944,1402,47,,,
polio,PA,1945,727,46,,,
polio,PA,1946,271,50,,,
polio,PA,1947,472,51,,,
polio,PA,1948,726,48,,,
polio,PA,1949,841,45,,,
polio,PA,1950,1334,43,,,
polio,PA,1951,776,39,,,
polio,PA,1952,1514,41,,,
polio,PA,1953,1283,46,,,
polio,PA,1954,1436,47,,,
polio,PA,1955,646,43,,,
polio,PA,1956,210,46,210,52,210
polio,PA,1957,50,19,45,52,56
polio,PA,1958,124,21,124,52,124
polio,PA,1959,134,20,188,52,188
polio,PA,1960,167,35,142,52,142
polio,PA,1961,58,19,53,52,53
polio,PA,1962,20,7,21,52,21
polio,PA,1963,104,21,105,52,105
polio,PA,1966,1,1,,,
polio,PA,1967,3,3,,,
polio,PA,1969,1,1,,,
polio,PA,1971,1,1,,,
polio,PR,1954,106,14,,,
polio,PR,1955,412,34,,,
polio,PR,1956,51,24,51,52,51
polio,PR,1957,33,15,33,52,33
polio,PR,1958,46,22,60,52,65
polio,PR,1959,4,4,9,52,9
polio,PR,1960,396,37,498,52,498
polio,PR,1961,6,6,7,52,7
polio,PR,1962,7,7,13,52,13
polio,PR,1963,4,3,5,52,5
polio,PR,1966,1,1,,,
polio,RI,1927,3,5,,,
polio,RI,1928,11,51,,,
polio,RI,1929,11,52,,,
polio,RI,1930,21,52,,,
polio,RI,1931,157,51,,,
polio,RI,1932,8,52,,,
polio,RI,1933,17,52,,,
polio,RI,1934,1,52,,,
polio,RI,1935,338,52,,,
polio,RI,1936,2,53,,,
polio,RI,1937,16,52,,,
polio,RI,1938,4,50,,,
polio,RI,1939,2,47,,,
polio,RI,1940,9,47,,,
polio,RI,1941,26,50,,,
polio,RI,1942,6,48,,,
polio,RI,1943,150,46,,,
polio,RI,1944,9,47,,,
polio,RI,1945,7,46,,,
polio,RI,1946,89,50,,,
polio,RI,1947,138,52,,,
polio,RI,1948,8,30,,,
polio,RI,1949,178,23,,,
polio,RI,1950,52,22,,,
polio,RI,1951,15,10,,,
polio,RI,1952,104,20,,,
polio,RI,1953,288,27,,,
polio,RI,1954,122,22,,,
polio,RI,1955,410,26,,,
polio,RI,1956,9,6,9,52,9
polio,RI,1958,3,3,3,52,3
polio,RI,1959,7,4,10,52,10
polio,RI,1960,99,18,103,52,103
polio,RI,1961,1,1,1,52,1
polio,SC,1927,9,5,,,
polio,SC,1928,88,52,,,
polio,SC,1929,81,52,,,
polio,SC,1930,63,52,,,
polio,SC,1931,57,51,,,
polio,SC,1932,43,52,,,
polio,SC,1933,28,52,,,
polio,SC,1934,13,52,,,
polio,SC,1935,37,52,,,
polio,SC,1936,24,53,,,
polio,SC,1937,24,52,,,
polio,SC,1938,25,50,,,
polio,SC,1939,425,47,,,
polio,SC,1940,19,47,,,
polio,SC,1941,154,50,,,
polio,SC,1942,61,48,,,
polio,SC,1943,16,46,,,
polio,SC,1944,70,47,,,
polio,SC,1945,166,46,,,
polio,SC,1946,21,50,,,
polio,SC,1947,58,52,,,
polio,SC,1948,366,48,,,
polio,SC,1949,110,34,,,
polio,SC,1950,434,35,,,
polio,SC,1951,125,33,,,
polio,SC,1952,174,28,,,
polio,SC,1953,170,37,,,
polio,SC,1954,321,44,,,
polio,SC,1955,289,37,,,
polio,SC,1956,115,39,114,52,114
polio,SC,1957,132,37,129,52,129
polio,SC,1958,30,19,34,52,34
polio,SC,1959,59,20,90,52,90
polio,SC,1960,117,22,132,52,132
polio,SC,1961,33,13,34,52,34
polio,SC,1962,8,7,6,52,6
polio,SC,1963,9,7,9,52,9
polio,SC,1964,3,3,3,52,3
polio,SD,1927,7,5,,,
polio,SD,1928,44,50,,,
polio,SD,1929,3,52,,,
polio,SD,1930,140,52,,,
polio,SD,1931,29,51,,,
polio,SD,1932,15,52,,,
polio,SD,1933,32,52,,,
polio,SD,1934,36,52,,,
polio,SD,1935,11,52,,,
polio,SD,1936,14,53,,,
polio,SD,1937,38,52,,,
polio,SD,1938,21,50,,,
polio,SD,1939,28,47,,,
polio,SD,1940,69,47,,,
polio,SD,1941,30,50,,,
polio,SD,1942,15,48,,,
polio,SD,1943,18,46,,,
polio,SD,1944,6,47,,,
polio,SD,1945,18,46,,,
polio,SD,1946,316,50,,,
polio,SD,1947,25,52,,,
polio,SD,1948,936,48,,,
polio,SD,1949,409,38,,,
polio,SD,1950,184,31,,,
polio,SD,1951,129,38,,,
polio,SD,1952,869,32,,,
polio,SD,1953,222,39,,,
polio,SD,1954,142,35,,,
polio,SD,1955,71,28,,,
polio,SD,1956,39,22,38,52,38
polio,SD,1957,41,13,42,52,58
polio,SD,1958,14,10,14,52,14
polio,SD,1959,9,6,13,52,13
polio,SD,1960,5,5,5,52,5
polio,SD,1961,5,4,4,52,4
polio,SD,1962,2,2,2,52,2
polio,SD,1963,1,1,1,52,1
polio,TN,1927,7,5,,,
polio,TN,1928,33,51,,,
polio,TN,1929,93,52,,,
polio,TN,1930,61,52,,,
polio,TN,1931,46,51,,,
polio,TN,1932,54,51,,,
polio,TN,1933,114,52,,,
polio,TN,1934,61,52,,,
polio,TN,1935,91,52,,,
polio,TN,1936,412,53,,,
polio,TN,1937,129,52,,,
polio,TN,1938,26,50,,,
polio,TN,1939,35,47,,,
polio,TN,1940,47,47,,,
polio,TN,1941,506,50,,,
polio,TN,1942,135,48,,,
polio,TN,1943,18,46,,,
polio,TN,1944,122,47,,,
polio,TN,1945,412,46,,,
polio,TN,1946,164,50,,,
polio,TN,1947,176,52,,,
polio,TN,1948,401,49,,,
polio,TN,1949,547,38,,,
polio,TN,1950,563,42,,,
polio,TN,1951,708,38,,,
polio,TN,1952,640,44,,,
polio,TN,1953,604,41,,,
polio,TN,1954,601,45,,,
polio,TN,1955,229,39,,,
polio,TN,1956,156,38,156,52,156
polio,TN,1957,163,36,150,52,157
polio,TN,1958,123,33,134,52,134
polio,TN,1959,213,30,389,52,389
polio,TN,1960,57,24,57,52,57
polio,TN,1961,17,9,26,52,26
polio,TN,1962,13,11,12,52,12
polio,TN,1963,10,8,12,52,12
polio,TN,1964,2,2,3,52,3
polio,TN,1965,,,2,52,2
polio,TX,1927,25,4,,,
polio,TX,1928,38,51,,,
polio,TX,1929,18,51,,,
polio,TX,1930,128,52,,,
polio,TX,1931,33,50,,,
polio,TX,1932,72,51,,,
polio,TX,1933,46,51,,,
polio,TX,1934,151,52,,,
polio,TX,1935,82,52,,,
polio,TX,1936,69,53,,,
polio,TX,1937,665,52,,,
polio,TX,1938,56,50,,,
polio,TX,1939,216,47,,,
polio,TX,1940,164,47,,,
polio,TX,1941,115,50,,,
polio,TX,1942,242,48,,,
polio,TX,1943,1038,46,,,
polio,TX,1944,218,47,,,
polio,TX,1945,895,46,,,
polio,TX,1946,945,50,,,
polio,TX,1947,181,52,,,
polio,TX,1948,1605,49,,,
polio,TX,1949,2313,52,,,
polio,TX,1950,2775,51,,,
polio,TX,1951,1924,49,,,
polio,TX,1952,3797,49,,,
polio,TX,1953,1677,47,,,
polio,TX,1954,3087,51,,,
polio,TX,1955,1819,49,,,
polio,TX,1956,1355,52,1360,52,1505
polio,TX,1957,699,48,744,52,744
polio,TX,1958,555,47,617,52,617
polio,TX,1959,377,37,530,52,530
polio,TX,1960,181,38,189,52,189
polio,TX,1961,75,34,75,52,75
polio,TX,1962,203,40,246,52,246
polio,TX,1963,6,6,9,52,9
polio,TX,1964,4,4,9,52,9
polio,TX,1965,11,7,16,52,16
polio,TX,1966,52,19,,,
polio,TX,1967,7,6,,,
polio,TX,1968,22,17,,,
polio,TX,1969,6,4,,,
polio,TX,1970,21,12,,,
polio,TX,1971,4,4,,,
polio,UT,1927,5,5,,,
polio,UT,1928,9,51,,,
polio,UT,1929,4,51,,,
polio,UT,1930,5,52,,,
polio,UT,1931,5,51,,,
polio,UT,1932,3,51,,,
polio,UT,1933,12,51,,,
polio,UT,1934,13,52,,,
polio,UT,1935,9,52,,,
polio,UT,1936,3,53,,,
polio,UT,1937,30,52,,,
polio,UT,1938,3,50,,,
polio,UT,1939,90,47,,,
polio,UT,1940,53,47,,,
polio,UT,1941,37,50,,,
polio,UT,1942,24,48,,,
polio,UT,1943,387,46,,,
polio,UT,1944,27,47,,,
polio,UT,1945,237,46,,,
polio,UT,1946,136,50,,,
polio,UT,1947,31,52,,,
polio,UT,1948,211,47,,,
polio,UT,1949,292,43,,,
polio,UT,1950,81,29,,,
polio,UT,1951,572,30,,,
polio,UT,1952,398,37,,,
polio,UT,1953,218,40,,,
polio,UT,1954,276,41,,,
polio,UT,1955,82,34,,,
polio,UT,1956,220,31,224,52,224
polio,UT,1957,33,20,33,52,33
polio,UT,1958,11,9,12,52,12
polio,UT,1959,8,7,12,52,12
polio,UT,1960,5,5,8,52,8
polio,UT,1961,7,5,8,52,8
polio,UT,1962,2,2,1,52,1
polio,VA,1928,15,12,,,
polio,VA,1929,241,18,,,
polio,VA,1930,11,9,,,
polio,VA,1931,22,12,,,
polio,VA,1932,54,37,,,
polio,VA,1933,39,52,,,
polio,VA,1934,77,52,,,
polio,VA,1935,684,52,,,
polio,VA,1936,63,53,,,
polio,VA,1937,65,52,,,
polio,VA,1938,51,50,,,
polio,VA,1939,44,47,,,
polio,VA,1940,210,47,,,
polio,VA,1941,149,50,,,
polio,VA,1942,40,48,,,
polio,VA,1943,60,46,,,
polio,VA,1944,750,47,,,
polio,VA,1945,308,46,,,
polio,VA,1946,132,50,,,
polio,VA,1947,173,52,,,
polio,VA,1948,567,48,,,
polio,VA,1949,339,36,,,
polio,VA,1950,1217,40,,,
polio,VA,1951,241,36,,,
polio,VA,1952,702,37,,,
polio,VA,1953,747,40,,,
polio,VA,1954,603,46,,,
polio,VA,1955,303,40,,,
polio,VA,1956,237,36,236,52,236
polio,VA,1957,112,35,112,52,112
polio,VA,1958,147,31,159,52,159
polio,VA,1959,192,25,288,52,289
polio,VA,1960,57,20,58,52,58
polio,VA,1961,13,9,14,52,14
polio,VA,1962,11,9,9,52,10
polio,VA,1963,22,10,21,52,21
polio,VA,1964,1,1,4,52,4
polio,VT,1927,0,4,,,
polio,VT,1928,26,52,,,
polio,VT,1929,19,52,,,
polio,VT,1930,3,52,,,
polio,VT,1931,80,51,,,
polio,VT,1932,2,52,,,
polio,VT,1933,36,52,,,
polio,VT,1934,8,52,,,
polio,VT,1935,44,52,,,
polio,VT,1936,10,53,,,
polio,VT,1937,26,52,,,
polio,VT,1938,9,50,,,
polio,VT,1939,27,47,,,
polio,VT,1940,6,47,,,
polio,VT,1941,15,50,,,
polio,VT,1942,28,48,,,
polio,VT,1943,25,46,,,
polio,VT,1944,41,47,,,
polio,VT,1945,51,46,,,
polio,VT,1946,68,50,,,
polio,VT,1947,39,52,,,
polio,VT,1948,27,38,,,
polio,VT,1949,158,24,,,
polio,VT,1950,33,17,,,
polio,VT,1951,29,13,,,
polio,VT,1952,46,22,,,
polio,VT,1953,116,23,,,
polio,VT,1954,79,23,,,
polio,VT,1955,109,25,,,
polio,VT,1956,24,18,21,52,21
polio,VT,1957,5,5,5,52,5
polio,VT,1958,6,4,6,52,7
polio,VT,1959,7,5,11,52,11
polio,VT,1960,10,6,11,52,11
polio,VT,1961,9,8,9,52,9
polio,VT,1962,1,1,1,52,1
polio,VT,1963,1,1,1,52,1
polio,WA,1927,42,5,,,
polio,WA,1928,318,51,,,
polio,WA,1929,27,51,,,
polio,WA,1930,47,52,,,
polio,WA,1931,80,51,,,
polio,WA,1932,73,51,,,
polio,WA,1933,95,51,,,
polio,WA,1934,734,52,,,
polio,WA,1935,43,52,,,
polio,WA,1936,69,53,,,
polio,WA,1937,81,52,,,
polio,WA,1938,18,50,,,
polio,WA,1939,19,47,,,
polio,WA,1940,399,47,,,
polio,WA,1941,71,50,,,
polio,WA,1942,28,48,,,
polio,WA,1943,363,46,,,
polio,WA,1944,188,47,,,
polio,WA,1945,305,46,,,
polio,WA,1946,496,50,,,
polio,WA,1947,168,52,,,
polio,WA,1948,374,49,,,
polio,WA,1949,594,46,,,
polio,WA,1950,634,39,,,
polio,WA,1951,427,42,,,
polio,WA,1952,1238,48,,,
polio,WA,1953,412,45,,,
polio,WA,1954,448,46,,,
polio,WA,1955,512,44,,,
polio,WA,1956,206,43,190,52,190
polio,WA,1957,25,17,22,52,22
polio,WA,1958,30,15,38,52,38
polio,WA,1959,158,27,218,52,218
polio,WA,1960,27,17,40,52,40
polio,WA,1961,32,19,32,52,32
polio,WA,1962,5,3,5,52,5
polio,WA,1963,,,2,52,2
polio,WA,1965,4,3,3,52,3
polio,WA,1966,2,2,,,
polio,WA,1968,1,1,,,
polio,WA,1971,1,1,,,
polio,WI,1927,11,5,,,
polio,WI,1928,51,52,,,
polio,WI,1929,21,52,,,
polio,WI,1930,182,52,,,
polio,WI,1931,688,51,,,
polio,WI,1932,57,52,,,
polio,WI,1933,67,52,,,
polio,WI,1934,142,52,,,
polio,WI,1935,65,52,,,
polio,WI,1936,44,53,,,
polio,WI,1937,297,52,,,
polio,WI,1938,37,50,,,
polio,WI,1939,89,47,,,
polio,WI,1940,392,47,,,
polio,WI,1941,110,50,,,
polio,WI,1942,39,48,,,
polio,WI,1943,203,46,,,
polio,WI,1944,261,47,,,
polio,WI,1945,546,46,,,
polio,WI,1946,1151,50,,,
polio,WI,1947,206,52,,,
polio,WI,1948,650,49,,,
polio,WI,1949,1164,39,,,
polio,WI,1950,953,37,,,
polio,WI,1951,1370,35,,,
polio,WI,1952,2132,46,,,
polio,WI,1953,752,42,,,
polio,WI,1954,682,44,,,
polio,WI,1955,2160,40,,,
polio,WI,1956,552,43,554,52,654
polio,WI,1957,212,30,214,52,214
polio,WI,1958,60,24,63,52,63
polio,WI,1959,38,18,60,52,60
polio,WI,1960,41,17,41,52,41
polio,WI,1961,34,13,34,52,34
polio,WI,1962,12,11,12,52,12
polio,WI,1963,9,8,9,52,9
polio,WI,1964,3,3,3,52,3
polio,WV,1927,22,5,,,
polio,WV,1928,194,52,,,
polio,WV,1929,58,52,,,
polio,WV,1930,41,52,,,
polio,WV,1931,70,51,,,
polio,WV,1932,43,52,,,
polio,WV,1933,95,52,,,
polio,WV,1934,87,52,,,
polio,WV,1935,41,52,,,
polio,WV,1936,60,53,,,
polio,WV,1937,68,52,,,
polio,WV,1938,15,50,,,
polio,WV,1939,50,47,,,
polio,WV,1940,564,47,,,
polio,WV,1941,50,50,,,
polio,WV,1942,45,48,,,
polio,WV,1943,28,46,,,
polio,WV,1944,199,47,,,
polio,WV,1945,64,46,,,
polio,WV,1946,71,50,,,
polio,WV,1947,146,52,,,
polio,WV,1948,174,47,,,
polio,WV,1949,349,34,,,
polio,WV,1950,378,41,,,
polio,WV,1951,278,41,,,
polio,WV,1952,696,41,,,
polio,WV,1953,513,42,,,
polio,WV,1954,388,41,,,
polio,WV,1955,173,40,,,
polio,WV,1956,109,33,114,52,114
polio,WV,1957,51,24,51,52,51
polio,WV,1958,201,30,210,52,210
polio,WV,1959,118,28,195,52,195
polio,WV,1960,64,23,62,52,62
polio,WV,1961,32,18,33,52,33
polio,WV,1962,17,9,18,52,18
polio,WV,1963,2,2,4,52,4
polio,WV,1964,1,1,1,52,1
polio,WV,1966,1,1,,,
polio,WV,1968,1,1,,,
polio,WV,1970,1,1,,,
polio,WY,1927,0,5,,,
polio,WY,1928,6,51,,,
polio,WY,1929,3,51,,,
polio,WY,1930,55,52,,,
polio,WY,1931,5,51,,,
polio,WY,1932,6,50,,,
polio,WY,1933,11,51,,,
polio,WY,1934,9,52,,,
polio,WY,1935,2,52,,,
polio,WY,1936,7,53,,,
polio,WY,1937,39,52,,,
polio,WY,1938,1,50,,,
polio,WY,1939,7,47,,,
polio,WY,1940,26,47,,,
polio,WY,1941,11,50,,,
polio,WY,1942,16,48,,,
polio,WY,1943,31,46,,,
polio,WY,1944,8,47,,,
polio,WY,1945,24,46,,,
polio,WY,1946,110,50,,,
polio,WY,1947,18,52,,,
polio,WY,1948,79,42,,,
polio,WY,1949,122,26,,,
polio,WY,1950,45,23,,,
polio,WY,1951,204,30,,,
polio,WY,1952,123,30,,,
polio,WY,1953,74,28,,,
polio,WY,1954,273,35,,,
polio,WY,1955,39,19,,,
polio,WY,1956,36,20,37,52,37
polio,WY,1957,13,10,13,52,13
polio,WY,1958,13,9,13,52,13
polio,WY,1959,2,2,2,52,2
polio,WY,1960,22,12,22,52,22
polio,WY,1961,1,1,1,52,1
polio,WY,1962,2,2,2,52,2
polio,WY,1964,2,2,2,52,2
rubella,AK,1966,112,36,,,
rubella,AK,1967,316,40,,,
rubella,AK,1968,289,43,,,
rubella,AK,1969,466,37,,,
rubella,AK,1970,70,20,112,52,112
rubella,AK,1971,40,16,51,52,51
rubella,AK,1972,26,12,28,52,28
rubella,AK,1973,19,4,19,52,19
rubella,AK,1975,1,1,12,25,12
rubella,AK,1976,3,2,3,52,3
rubella,AK,1977,1,1,1,52,1
rubella,AK,1978,7,5,8,52,8
rubella,AK,1979,3,3,4,52,4
rubella,AK,1980,12,6,12,51,12
rubella,AK,1981,1,1,1,52,1
rubella,AK,1982,5,2,5,52,5
rubella,AK,1983,1,1,1,52,1
rubella,AK,1984,1,1,1,52,1
rubella,AK,1985,1,1,1,52,1
rubella,AK,1986,,,1,53,1
rubella,AK,1987,2,2,2,52,2
rubella,AK,1991,3,1,1,52,1
rubella,AK,1993,,,1,52,1
rubella,AK,1994,1,1,1,52,1
rubella,AK,1999,,,15,34,15
rubella,AL,1966,112,31,,,
rubella,AL,1967,214,27,,,
rubella,AL,1968,404,33,,,
rubella,AL,1969,136,36,,,
rubella,AL,1970,379,45,396,52,396
rubella,AL,1971,224,41,226,52,226
rubella,AL,1972,68,25,68,52,68
rubella,AL,1973,210,33,210,52,210
rubella,AL,1974,65,26,66,52,66
rubella,AL,1975,23,14,23,52,23
rubella,AL,1976,2,2,2,52,2
rubella,AL,1977,109,13,110,52,110
rubella,AL,1978,30,16,25,52,25
rubella,AL,1979,44,20,44,52,44
rubella,AL,1980,4,4,3,51,4
rubella,AL,1981,1,1,1,52,1
rubella,AL,1983,1,1,1,52,1
rubella,AL,1984,3,2,3,52,3
rubella,AL,1989,1,1,1,52,1
rubella,AL,1990,1,1,1,31,1
rubella,AL,1996,2,1,2,52,2
rubella,AL,1998,,,1,42,1
rubella,AL,1999,1,1,1,52,1
rubella,AL,2000,3,1,3,52,3
rubella,AL,2017,,,1,52,1
rubella,AR,1966,10,7,,,
rubella,AR,1967,17,8,,,
rubella,AR,1968,4,3,,,
rubella,AR,1969,199,3,,,
rubella,AR,1970,38,11,38,52,38
rubella,AR,1971,338,28,338,52,338
rubella,AR,1972,73,13,36,52,55
rubella,AR,1973,94,15,116,52,116
rubella,AR,1974,8,4,26,52,26
rubella,AR,1975,,,20,52,20
rubella,AR,1976,8,6,190,52,190
rubella,AR,1977,1,1,3,52,3
rubella,AR,1978,58,6,58,52,58
rubella,AR,1979,8,5,7,52,7
rubella,AR,1980,4,4,4,51,4
rubella,AR,1981,6,4,7,52,7
rubella,AR,1982,1,1,1,52,1
rubella,AR,1984,2,2,3,52,3
rubella,AR,1985,1,1,1,52,1
rubella,AR,1986,1,1,1,53,1
rubella,AR,1987,2,2,2,52,2
rubella,AR,1988,4,3,4,51,4
rubella,AR,1989,1,1,1,27,1
rubella,AR,1990,3,2,3,52,3
rubella,AR,1991,1,1,1,52,1
rubella,AR,1995,,,1,52,1
rubella,AR,1997,3,2,5,43,5
rubella,AR,1999,2,2,6,52,6
rubella,AR,2017,1,1,1,42,1
rubella,AS,1986,1,1,1,52,1
rubella,AS,1988,1,1,,,
rubella,AZ,1966,2574,50,,,
rubella,AZ,1967,976,43,,,
rubella,AZ,1968,700,50,,,
rubella,AZ,1969,818,49,,,
rubella,AZ,1970,621,50,624,52,624
rubella,AZ,1971,396,47,403,52,403
rubella,AZ,1972,367,45,399,52,399
rubella,AZ,1973,9,5,8,52,19
rubella,AZ,1974,2,2,2,52,2
rubella,AZ,1975,2,2,2,52,2
rubella,AZ,1977,18,10,25,52,25
rubella,AZ,1978,97,31,102,52,102
rubella,AZ,1979,114,26,153,52,153
rubella,AZ,1980,46,17,45,51,45
rubella,AZ,1981,21,11,22,52,22
rubella,AZ,1982,18,10,29,52,29
rubella,AZ,1983,6,4,8,52,8
rubella,AZ,1984,4,3,4,52,4
rubella,AZ,1985,1,1,1,52,1
rubella,AZ,1986,2,2,1,53,2
rubella,AZ,1987,5,2,5,52,5
rubella,AZ,1990,31,7,32,52,32
rubella,AZ,1991,2,1,2,52,2
rubella,AZ,1992,1,1,2,52,2
rubella,AZ,1993,1,1,2,52,2
rubella,AZ,1995,5,3,3,52,5
rubella,AZ,1996,1,1,1,52,1
rubella,AZ,1997,7,6,5,52,5
rubella,AZ,1998,1,1,1,52,2
rubella,AZ,1999,6,4,13,52,13
rubella,AZ,2000,1,1,1,52,1
rubella,AZ,2015,,,1,33,1
rubella,CA,1966,2808,50,,,
rubella,CA,1967,9062,50,,,
rubella,CA,1968,4890,52,,,
rubella,CA,1969,6041,51,,,
rubella,CA,1970,5253,50,5385,52,5385
rubella,CA,1971,8346,51,8384,52,8384
rubella,CA,1972,4780,48,5085,52,5085
rubella,CA,1973,2518,48,2538,52,2538
rubella,CA,1974,1430,48,1508,52,1508
rubella,CA,1975,1440,52,1440,52,1440
rubella,CA,1976,860,51,895,52,895
rubella,CA,1977,1516,44,1659,52,1659
rubella,CA,1978,983,47,1100,52,1100
rubella,CA,1979,1758,45,2003,52,2003
rubella,CA,1980,814,46,879,51,879
rubella,CA,1981,475,43,533,52,533
rubella,CA,1982,1237,45,1416,52,1416
rubella,CA,1983,264,42,292,52,292
rubella,CA,1984,154,43,197,52,197
rubella,CA,1985,93,35,138,52,138
rubella,CA,1986,224,42,138,53,242
rubella,CA,1987,122,31,140,52,140
rubella,CA,1988,69,36,8,52,80
rubella,CA,1989,88,27,155,52,158
rubella,CA,1990,418,41,542,52,542
rubella,CA,1991,222,43,267,52,267
rubella,CA,1992,34,23,48,52,48
rubella,CA,1993,22,14,44,52,44
rubella,CA,1994,15,12,28,52,28
rubella,CA,1995,11,9,24,52,24
rubella,CA,1996,25,14,50,52,55
rubella,CA,1997,8,5,14,52,14
rubella,CA,1998,,,3,52,3
rubella,CA,1999,1,1,5,52,5
rubella,CA,2000,5,2,10,52,10
rubella,CA,2001,,,1,52,1
rubella,CA,2002,,,3,52,3
rubella,CA,2017,,,2,52,2
rubella,CO,1966,743,48,,,
rubella,CO,1967,1811,50,,,
rubella,CO,1968,887,50,,,
rubella,CO,1969,1375,51,,,
rubella,CO,1970,432,44,435,52,435
rubella,CO,1971,326,46,328,52,328
rubella,CO,1972,530,38,539,52,539
rubella,CO,1973,1287,41,1570,52,1570
rubella,CO,1974,130,28,169,52,169
rubella,CO,1975,136,31,138,52,138
rubella,CO,1976,31,16,31,52,31
rubella,CO,1977,257,25,248,52,248
rubella,CO,1978,35,17,50,52,50
rubella,CO,1979,32,15,68,52,68
rubella,CO,1980,8,7,12,51,12
rubella,CO,1981,26,11,27,52,31
rubella,CO,1982,5,4,6,52,6
rubella,CO,1983,1,1,1,52,1
rubella,CO,1984,2,1,2,52,2
rubella,CO,1986,1,1,1,52,1
rubella,CO,1988,3,3,2,51,2
rubella,CO,1989,1,1,1,52,1
rubella,CO,1990,4,3,4,52,4
rubella,CO,1991,2,2,3,52,3
rubella,CO,1992,2,2,2,52,2
rubella,CO,1993,,,1,52,1
rubella,CO,1995,1,1,1,52,1
rubella,CO,1996,3,3,3,52,3
rubella,CO,1998,,,1,10,1
rubella,CO,1999,3,3,1,52,3
rubella,CO,2000,1,1,1,52,1
rubella,CO,2001,1,1,1,47,1
rubella,CT,1966,2195,50,,,
rubella,CT,1967,1825,50,,,
rubella,CT,1968,3039,52,,,
rubella,CT,1969,1643,50,,,
rubella,CT,1970,621,49,625,52,625
rubella,CT,1971,460,50,461,52,461
rubella,CT,1972,266,44,304,52,304
rubella,CT,1973,906,45,906,52,906
rubella,CT,1974,429,48,453,52,453
rubella,CT,1975,311,43,423,52,423
rubella,CT,1976,133,37,133,52,133
rubella,CT,1977,323,41,323,52,323
rubella,CT,1978,215,30,205,52,205
rubella,CT,1979,253,27,260,52,260
rubella,CT,1980,22,13,22,51,22
rubella,CT,1981,12,8,13,52,13
rubella,CT,1982,5,5,5,52,5
rubella,CT,1983,2,1,2,52,2
rubella,CT,1984,1,1,1,52,1
rubella,CT,1985,4,4,4,52,4
rubella,CT,1986,1,1,4,53,4
rubella,CT,1990,2,2,3,52,3
rubella,CT,1991,1,1,1,52,1
rubella,CT,1992,1,1,1,52,1
rubella,CT,1994,3,3,3,52,3
rubella,CT,1995,24,5,40,52,40
rubella,CT,1996,4,2,4,52,4
rubella,CT,1997,1,1,1,52,1
rubella,CT,1998,3,1,29,52,29
rubella,CT,2000,1,1,1,52,1
rubella,DC,1966,15,12,,,
rubella,DC,1967,7,7,,,
rubella,DC,1968,14,10,,,
rubella,DC,1969,159,30,,,
rubella,DC,1970,21,16,23,52,23
rubella,DC,1971,8,7,8,52,8
rubella,DC,1972,6,6,7,52,7
rubella,DC,1973,4,4,4,52,4
rubella,DC,1974,4,3,4,52,4
rubella,DC,1976,46,2,46,52,46
rubella,DC,1978,1,1,1,52,1
rubella,DC,1979,1,1,1,52,1
rubella,DC,1980,,,1,51,1
rubella,DC,1987,1,1,1,52,1
rubella,DC,1990,1,1,1,52,1
rubella,DC,1991,1,1,1,52,1
rubella,DC,1992,1,1,1,52,1
rubella,DC,1996,1,1,2,52,2
rubella,DC,1997,1,1,1,52,1
rubella,DE,1966,53,20,,,
rubella,DE,1967,74,24,,,
rubella,DE,1968,150,37,,,
rubella,DE,1969,197,34,,,
rubella,DE,1970,46,18,46,52,46
rubella,DE,1971,51,19,51,52,51
rubella,DE,1972,13,7,14,52,14
rubella,DE,1973,16,12,16,52,16
rubella,DE,1974,55,20,31,52,31
rubella,DE,1975,21,14,21,52,21
rubella,DE,1976,14,12,36,52,36
rubella,DE,1977,29,15,29,52,29
rubella,DE,1978,37,12,38,52,38
rubella,DE,1979,3,3,7,52,7
rubella,DE,1980,,,1,51,1
rubella,DE,1981,2,2,2,52,2
rubella,DE,1982,,,1,52,1
rubella,DE,1984,2,1,2,52,2
rubella,DE,1985,,,2,52,2
rubella,DE,1986,,,2,53,2
rubella,DE,1987,1,1,2,52,2
rubella,DE,1993,1,1,2,52,2
rubella,DE,2000,1,1,1,52,1
rubella,DE,2001,,,1,49,1
rubella,DE,2002,,,1,52,1
rubella,FL,1966,1410,46,,,
rubella,FL,1967,1147,50,,,
rubella,FL,1968,1474,48,,,
rubella,FL,1969,1988,51,,,
rubella,FL,1970,3339,49,3588,52,3588
rubella,FL,1971,1780,48,1799,52,1799
rubella,FL,1972,1648,45,1892,52,1892
rubella,FL,1973,1048,49,1069,52,1202
rubella,FL,1974,196,41,203,52,203
rubella,FL,1975,180,22,180,52,180
rubella,FL,1976,60,15,60,52,60
rubella,FL,1977,196,28,196,52,196
rubella,FL,1978,192,33,189,52,189
rubella,FL,1979,196,45,310,52,310
rubella,FL,1980,101,37,99,51,99
rubella,FL,1981,67,30,66,52,66
rubella,FL,1982,25,19,26,52,26
rubella,FL,1983,73,29,71,52,71
rubella,FL,1984,24,18,24,52,24
rubella,FL,1985,29,15,29,52,29
rubella,FL,1986,18,16,29,53,29
rubella,FL,1987,7,6,8,52,8
rubella,FL,1988,1,1,3,51,3
rubella,FL,1989,13,3,19,52,19
rubella,FL,1990,7,5,15,52,15
rubella,FL,1991,7,7,7,52,7
rubella,FL,1992,6,5,7,52,7
rubella,FL,1993,6,5,5,52,5
rubella,FL,1994,9,5,9,52,9
rubella,FL,1995,25,10,24,52,24
rubella,FL,1996,,,10,52,10
rubella,FL,1997,4,4,3,52,3
rubella,FL,1998,8,8,4,52,4
rubella,FL,1999,2,2,1,52,1
rubella,FL,2000,1,1,2,52,2
rubella,FL,2001,3,3,2,52,3
rubella,FL,2002,,,5,52,5
rubella,FL,2016,5,4,4,53,4
rubella,FL,2017,2,2,2,52,2
rubella,GA,1971,1,1,1,52,1
rubella,GA,1972,62,19,68,52,68
rubella,GA,1973,15,12,15,52,81
rubella,GA,1974,3,2,3,52,3
rubella,GA,1975,4,3,4,52,4
rubella,GA,1976,1,1,2,52,2
rubella,GA,1977,58,17,58,52,58
rubella,GA,1978,26,8,29,52,29
rubella,GA,1979,14,10,14,52,14
rubella,GA,1981,50,21,39,52,42
rubella,GA,1982,15,13,18,52,18
rubella,GA,1983,9,6,13,52,13
rubella,GA,1984,2,2,2,52,2
rubella,GA,1985,6,2,4,52,6
rubella,GA,1986,,,4,53,4
rubella,GA,1987,2,2,2,52,2
rubella,GA,1988,2,2,2,51,2
rubella,GA,1990,1,1,1,52,1
rubella,GA,1994,,,2,52,2
rubella,GA,1995,41,3,54,52,54
rubella,GA,1997,,,1,36,1
rubella,GA,1998,1,1,1,25,1
rubella,GA,2000,2,1,,,
rubella,GA,2001,,,1,52,1
rubella,GU,1972,4,3,12,52,12
rubella,GU,1973,,,14,52,14
rubella,GU,1974,,,9,52,9
rubella,GU,1975,,,8,52,8
rubella,GU,1976,,,6,52,6
rubella,GU,1977,,,11,52,11
rubella,GU,1978,,,4,52,4
rubella,GU,1979,4,1,4,52,6
rubella,GU,1980,,,2,51,2
rubella,GU,1981,,,1,52,1
rubella,GU,1982,,,2,52,2
rubella,GU,1984,,,2,52,2
rubella,GU,1985,,,2,52,2
rubella,GU,1986,4,4,2,53,4
rubella,GU,1987,1,1,1,52,1
rubella,GU,1988,1,1,1,51,1
rubella,GU,1992,,,3,52,3
rubella,GU,1994,,,1,52,1
rubella,HI,1966,136,40,,,
rubella,HI,1967,558,40,,,
rubella,HI,1968,285,46,,,
rubella,HI,1969,978,48,,,
rubella,HI,1970,219,40,231,52,231
rubella,HI,1971,182,46,187,52,187
rubella,HI,1972,51,24,60,52,60
rubella,HI,1973,28,17,28,52,28
rubella,HI,1974,17,11,17,52,17
rubella,HI,1975,21,15,21,52,21
rubella,HI,1976,20,14,20,52,20
rubella,HI,1977,213,22,433,52,433
rubella,HI,1978,13,6,12,52,17
rubella,HI,1979,29,22,21,52,24
rubella,HI,1980,7,5,5,51,6
rubella,HI,1981,11,6,11,52,11
rubella,HI,1982,10,8,10,52,10
rubella,HI,1983,2,2,1,52,1
rubella,HI,1984,6,6,6,52,6
rubella,HI,1985,42,16,42,52,42
rubella,HI,1986,7,6,42,53,42
rubella,HI,1987,69,19,70,52,70
rubella,HI,1988,25,12,2,52,28
rubella,HI,1989,11,8,23,52,24
rubella,HI,1990,15,11,16,52,16
rubella,HI,1991,6,6,6,52,6
rubella,HI,1992,25,11,23,52,23
rubella,HI,1993,24,18,27,52,27
rubella,HI,1994,4,4,4,52,4
rubella,HI,1995,2,2,4,52,4
rubella,HI,1996,2,2,3,52,3
rubella,HI,1997,3,2,8,52,8
rubella,HI,1998,1,1,2,52,2
rubella,HI,1999,1,1,3,33,3
rubella,HI,2001,,,1,52,1
rubella,IA,1966,1936,47,,,
rubella,IA,1967,1815,49,,,
rubella,IA,1968,2055,52,,,
rubella,IA,1969,2413,50,,,
rubella,IA,1970,2075,48,2082,52,2082
rubella,IA,1971,747,49,751,52,751
rubella,IA,1972,414,42,465,52,465
rubella,IA,1973,205,37,208,52,208
rubella,IA,1974,15,10,15,52,15
rubella,IA,1975,33,12,32,52,34
rubella,IA,1976,44,15,89,52,89
rubella,IA,1977,186,37,179,52,179
rubella,IA,1978,74,30,72,52,72
rubella,IA,1979,53,13,53,52,53
rubella,IA,1980,10,8,9,51,9
rubella,IA,1981,4,3,5,52,5
rubella,IA,1984,1,1,1,52,1
rubella,IA,1985,1,1,1,52,1
rubella,IA,1986,1,1,1,53,1
rubella,IA,1987,1,1,1,52,1
rubella,IA,1989,1,1,1,52,1
rubella,IA,1990,4,3,4,52,4
rubella,IA,1991,6,5,6,52,6
rubella,IA,1992,1,1,3,52,3
rubella,IA,1996,1,1,1,40,1
rubella,IA,1999,15,5,29,52,32
rubella,IA,2001,1,1,1,52,1
rubella,ID,1966,158,26,,,
rubella,ID,1967,70,12,,,
rubella,ID,1968,130,32,,,
rubella,ID,1969,93,31,,,
rubella,ID,1970,205,36,207,52,207
rubella,ID,1971,43,19,43,52,43
rubella,ID,1972,38,20,38,52,38
rubella,ID,1973,45,20,45,52,45
rubella,ID,1974,23,14,22,52,22
rubella,ID,1975,74,16,74,52,74
rubella,ID,1976,14,6,18,52,19
rubella,ID,1977,25,9,25,52,25
rubella,ID,1978,4,3,3,52,7
rubella,ID,1979,203,27,208,52,208
rubella,ID,1980,13,10,22,51,22
rubella,ID,1981,1,1,4,52,4
rubella,ID,1982,1,1,7,52,7
rubella,ID,1983,8,6,8,52,8
rubella,ID,1984,1,1,1,52,1
rubella,ID,1985,1,1,1,52,1
rubella,ID,1986,,,1,53,1
rubella,ID,1987,1,1,1,52,1
rubella,ID,1989,26,2,32,52,32
rubella,ID,1990,47,10,49,52,49
rubella,ID,1991,2,1,2,36,2
rubella,ID,1992,1,1,1,52,1
rubella,ID,1993,2,2,2,52,2
rubella,ID,1994,1,1,1,30,1
rubella,ID,1995,1,1,1,28,1
rubella,ID,1996,1,1,2,52,3
rubella,ID,1997,1,1,1,52,2
rubella,ID,2015,1,1,1,3,1
rubella,ID,2016,1,1,1,7,1
rubella,IL,1966,2782,51,,,
rubella,IL,1967,1449,48,,,
rubella,IL,1968,3415,52,,,
rubella,IL,1969,1743,50,,,
rubella,IL,1970,1780,50,1791,52,1791
rubella,IL,1971,1367,49,1369,52,1369
rubella,IL,1972,1054,46,1137,52,1137
rubella,IL,1973,1083,49,1101,52,1101
rubella,IL,1974,556,48,633,52,633
rubella,IL,1975,413,48,413,52,413
rubella,IL,1976,1233,49,1235,52,1235
rubella,IL,1977,361,46,362,52,362
rubella,IL,1978,520,41,1826,52,1826
rubella,IL,1979,298,38,273,52,273
rubella,IL,1980,176,27,177,51,177
rubella,IL,1981,109,28,113,52,113
rubella,IL,1982,71,26,82,52,82
rubella,IL,1983,49,28,59,52,59
rubella,IL,1984,44,22,62,52,62
rubella,IL,1985,5,3,18,52,18
rubella,IL,1986,30,17,18,53,39
rubella,IL,1987,24,16,27,52,27
rubella,IL,1988,11,8,27,51,27
rubella,IL,1989,11,4,22,52,22
rubella,IL,1990,,,20,52,20
rubella,IL,1991,,,8,52,8
rubella,IL,1992,,,9,52,9
rubella,IL,1993,,,1,52,1
rubella,IL,1994,,,3,52,3
rubella,IL,1995,1,1,1,52,1
rubella,IL,1996,,,1,52,1
rubella,IL,1997,2,2,2,52,2
rubella,IL,1999,,,1,52,1
rubella,IL,2000,1,1,1,52,1
rubella,IL,2001,3,3,2,52,2
rubella,IL,2002,,,1,52,1
rubella,IN,1966,2331,51,,,
rubella,IN,1967,594,44,,,
rubella,IN,1968,876,52,,,
rubella,IN,1969,2281,50,,,
rubella,IN,1970,2038,50,2058,52,2058
rubella,IN,1971,2232,51,2238,52,2238
rubella,IN,1972,746,48,801,52,801
rubella,IN,1973,1015,50,1018,52,1018
rubella,IN,1974,605,48,645,52,645
rubella,IN,1975,1042,47,1044,52,1044
rubella,IN,1976,1016,50,1046,52,1046
rubella,IN,1977,958,50,992,52,992
rubella,IN,1978,551,38,638,52,638
rubella,IN,1979,638,43,800,52,800
rubella,IN,1980,367,47,381,51,381
rubella,IN,1981,115,33,137,52,137
rubella,IN,1982,28,15,31,52,31
rubella,IN,1983,23,12,27,52,27
rubella,IN,1984,5,4,5,52,5
rubella,IN,1985,1,1,1,52,1
rubella,IN,1986,,,1,53,1
rubella,IN,1991,1,1,2,52,2
rubella,IN,1993,2,2,3,52,3
rubella,IN,1995,1,1,1,52,1
rubella,IN,1999,1,1,1,52,1
rubella,IN,2001,1,1,1,48,1
rubella,KS,1967,1,1,,,
rubella,KS,1968,127,19,,,
rubella,KS,1969,55,19,,,
rubella,KS,1970,62,19,55,52,56
rubella,KS,1971,406,21,644,52,644
rubella,KS,1972,177,14,192,52,192
rubella,KS,1973,96,8,96,52,96
rubella,KS,1974,119,16,143,52,143
rubella,KS,1975,637,24,562,52,633
rubella,KS,1976,262,34,262,52,262
rubella,KS,1977,266,31,277,52,277
rubella,KS,1978,167,31,167,52,167
rubella,KS,1979,128,34,128,52,128
rubella,KS,1980,120,27,119,51,119
rubella,KS,1981,65,20,67,52,67
rubella,KS,1982,16,11,18,52,18
rubella,KS,1983,34,19,35,52,35
rubella,KS,1984,31,15,31,52,31
rubella,KS,1985,2,2,7,52,7
rubella,KS,1986,11,10,7,53,10
rubella,KS,1987,1,1,1,52,1
rubella,KS,1988,2,1,2,51,2
rubella,KS,1989,1,1,1,52,1
rubella,KS,1990,5,1,5,47,5
rubella,KS,1991,1,1,1,52,1
rubella,KS,1992,4,4,4,52,4
rubella,KS,1995,,,1,52,1
rubella,KS,1998,,,31,52,31
rubella,KS,2000,,,1,28,3
rubella,KS,2001,1,1,1,52,1
rubella,KS,2017,,,1,52,1
rubella,KY,1966,1870,48,,,
rubella,KY,1967,2055,44,,,
rubella,KY,1968,855,46,,,
rubella,KY,1969,1167,50,,,
rubella,KY,1970,963,46,973,52,973
rubella,KY,1971,1743,48,1756,52,1756
rubella,KY,1972,890,38,908,52,908
rubella,KY,1973,424,40,424,52,472
rubella,KY,1974,214,41,224,52,224
rubella,KY,1975,228,31,245,52,245
rubella,KY,1976,193,36,193,52,193
rubella,KY,1977,94,35,95,52,95
rubella,KY,1978,152,33,155,52,155
rubella,KY,1979,73,26,73,52,73
rubella,KY,1980,45,25,45,51,45
rubella,KY,1981,25,23,27,52,27
rubella,KY,1982,31,21,31,52,31
rubella,KY,1983,17,11,18,52,18
rubella,KY,1984,14,4,14,52,14
rubella,KY,1985,3,3,3,52,3
rubella,KY,1986,4,3,3,53,4
rubella,KY,1987,1,1,2,52,2
rubella,KY,1990,1,1,1,52,1
rubella,KY,2000,1,1,1,52,1
rubella,LA,1968,65,26,,,
rubella,LA,1969,42,14,,,
rubella,LA,1970,156,22,158,52,158
rubella,LA,1971,294,26,295,52,295
rubella,LA,1972,81,27,97,52,97
rubella,LA,1973,101,17,100,52,106
rubella,LA,1974,183,24,178,52,178
rubella,LA,1975,287,26,285,52,285
rubella,LA,1976,94,13,92,52,92
rubella,LA,1977,34,14,33,52,33
rubella,LA,1978,497,28,493,52,493
rubella,LA,1979,33,13,30,52,31
rubella,LA,1980,13,11,13,51,13
rubella,LA,1981,8,6,9,52,9
rubella,LA,1982,1,1,1,52,1
rubella,LA,1983,13,3,10,52,13
rubella,LA,1989,6,3,5,52,5
rubella,LA,1990,11,1,11,19,11
rubella,LA,1991,1,1,1,52,1
rubella,LA,1993,1,1,1,52,1
rubella,LA,1996,1,1,1,52,1
rubella,LA,1998,1,1,1,39,1
rubella,LA,2000,,,1,52,1
rubella,MA,1966,2054,50,,,
rubella,MA,1967,1392,50,,,
rubella,MA,1968,3606,52,,,
rubella,MA,1969,1419,51,,,
rubella,MA,1970,1280,51,1288,52,1288
rubella,MA,1971,858,49,859,52,859
rubella,MA,1972,487,46,521,52,521
rubella,MA,1973,2089,49,2092,52,2092
rubella,MA,1974,367,47,380,52,380
rubella,MA,1975,1225,49,1225,52,1225
rubella,MA,1976,186,35,186,52,186
rubella,MA,1977,393,44,393,52,393
rubella,MA,1978,284,49,261,52,261
rubella,MA,1979,544,42,492,52,505
rubella,MA,1980,99,38,78,51,82
rubella,MA,1981,52,23,29,52,30
rubella,MA,1982,22,17,2,52,8
rubella,MA,1983,14,10,8,52,8
rubella,MA,1984,44,20,20,52,29
rubella,MA,1985,6,6,7,52,7
rubella,MA,1986,4,1,7,53,7
rubella,MA,1987,1,1,1,52,1
rubella,MA,1988,5,4,4,51,4
rubella,MA,1989,1,1,1,52,1
rubella,MA,1990,2,1,2,52,2
rubella,MA,1991,2,2,2,52,2
rubella,MA,1993,,,1,52,1
rubella,MA,1994,83,19,125,52,125
rubella,MA,1995,3,3,8,52,8
rubella,MA,1996,1,1,20,52,21
rubella,MA,1997,,,1,52,1
rubella,MA,1998,,,8,52,9
rubella,MA,1999,,,7,52,7
rubella,MA,2000,,,9,52,9
rubella,MA,2002,,,1,9,1
rubella,MA,2016,,,1,16,1
rubella,MD,1966,397,48,,,
rubella,MD,1967,581,41,,,
rubella,MD,1968,366,50,,,
rubella,MD,1969,664,47,,,
rubella,MD,1970,334,45,336,52,336
rubella,MD,1971,170,42,171,52,171
rubella,MD,1972,60,23,76,52,76
rubella,MD,1973,10,7,11,52,17
rubella,MD,1974,5,4,5,52,5
rubella,MD,1975,38,4,38,52,38
rubella,MD,1976,3,2,3,52,3
rubella,MD,1977,6,3,6,52,6
rubella,MD,1978,7,7,7,52,7
rubella,MD,1979,28,8,28,52,28
rubella,MD,1980,72,8,72,51,72
rubella,MD,1981,1,1,1,52,1
rubella,MD,1982,33,10,34,52,34
rubella,MD,1983,2,1,2,52,3
rubella,MD,1984,1,1,1,52,1
rubella,MD,1985,6,3,6,52,6
rubella,MD,1986,1,1,6,53,6
rubella,MD,1987,3,3,3,52,3
rubella,MD,1988,1,1,1,51,1
rubella,MD,1989,2,2,2,52,2
rubella,MD,1990,2,2,2,52,2
rubella,MD,1991,10,5,1,52,10
rubella,MD,1992,8,2,6,52,7
rubella,MD,1993,4,3,3,52,3
rubella,MD,1997,2,1,1,42,3
rubella,MD,1998,2,2,1,52,1
rubella,MD,1999,1,1,1,52,1
rubella,MD,2001,1,1,1,31,1
rubella,MD,2002,,,1,27,1
rubella,MD,2016,2,2,1,53,2
rubella,ME,1966,400,50,,,
rubella,ME,1967,812,50,,,
rubella,ME,1968,456,48,,,
rubella,ME,1969,242,47,,,
rubella,ME,1970,489,47,548,52,548
rubella,ME,1971,231,38,276,52,276
rubella,ME,1972,48,19,82,52,82
rubella,ME,1973,15,5,74,52,74
rubella,ME,1974,142,28,297,52,297
rubella,ME,1975,9,8,43,52,43
rubella,ME,1976,16,13,16,52,16
rubella,ME,1977,71,13,71,52,71
rubella,ME,1978,159,33,158,52,158
rubella,ME,1979,34,16,68,52,81
rubella,ME,1980,116,19,119,51,119
rubella,ME,1981,33,9,33,52,37
rubella,ME,1984,,,1,52,1
rubella,ME,1987,1,1,1,52,1
rubella,ME,1990,1,1,1,52,2
rubella,ME,1992,1,1,1,52,1
rubella,ME,1993,1,1,1,52,1
rubella,ME,1995,1,1,1,52,1
rubella,MI,1966,3030,51,,,
rubella,MI,1967,2157,49,,,
rubella,MI,1968,1922,52,,,
rubella,MI,1969,4020,51,,,
rubella,MI,1970,2823,51,3017,52,3017
rubella,MI,1971,3036,51,2955,52,2955
rubella,MI,1972,1365,47,1460,52,1460
rubella,MI,1973,1997,50,2001,52,2001
rubella,MI,1974,1344,50,1388,52,1388
rubella,MI,1975,1691,52,1691,52,1691
rubella,MI,1976,1513,51,1513,52,1513
rubella,MI,1977,1148,49,1160,52,1160
rubella,MI,1978,3483,52,3373,52,3373
rubella,MI,1979,1260,50,1260,52,1260
rubella,MI,1980,129,28,129,51,129
rubella,MI,1981,48,19,44,52,44
rubella,MI,1982,53,19,53,52,53
rubella,MI,1983,19,14,21,52,21
rubella,MI,1984,23,15,22,52,22
rubella,MI,1985,19,9,17,52,17
rubella,MI,1986,14,8,17,53,17
rubella,MI,1987,8,2,9,52,9
rubella,MI,1988,4,3,4,51,4
rubella,MI,1989,1,1,1,52,1
rubella,MI,1990,9,1,9,52,9
rubella,MI,1991,25,7,25,52,25
rubella,MI,1992,1,1,2,52,2
rubella,MI,1993,3,3,2,52,2
rubella,MI,1994,9,6,9,52,9
rubella,MI,1995,2,2,4,52,4
rubella,MI,1996,,,2,52,2
rubella,MI,2001,,,1,9,1
rubella,MI,2002,,,1,52,1
rubella,MN,1966,123,28,,,
rubella,MN,1967,89,31,,,
rubella,MN,1968,69,25,,,
rubella,MN,1969,238,35,,,
rubella,MN,1970,127,30,127,52,127
rubella,MN,1971,291,33,291,52,291
rubella,MN,1972,99,25,501,52,501
rubella,MN,1973,225,32,225,52,225
rubella,MN,1974,16,13,16,52,16
rubella,MN,1975,37,15,37,52,37
rubella,MN,1976,32,21,32,52,32
rubella,MN,1977,17,9,18,52,18
rubella,MN,1978,135,19,132,52,132
rubella,MN,1979,43,17,43,52,43
rubella,MN,1980,52,15,28,51,51
rubella,MN,1981,8,5,9,52,9
rubella,MN,1982,11,10,7,52,9
rubella,MN,1983,7,6,9,52,9
rubella,MN,1984,5,4,4,52,4
rubella,MN,1985,3,3,2,52,3
rubella,MN,1986,1,1,2,53,2
rubella,MN,1987,,,1,19,1
rubella,MN,1990,35,3,36,52,42
rubella,MN,1991,6,6,6,52,6
rubella,MN,1999,5,1,5,52,5
rubella,MN,2000,1,1,1,52,1
rubella,MO,1966,57,24,,,
rubella,MO,1967,224,21,,,
rubella,MO,1968,123,32,,,
rubella,MO,1969,352,35,,,
rubella,MO,1970,437,39,449,52,449
rubella,MO,1971,1205,40,1375,52,1375
rubella,MO,1972,472,31,490,52,490
rubella,MO,1973,273,32,274,52,274
rubella,MO,1974,48,27,49,52,49
rubella,MO,1975,731,36,753,52,753
rubella,MO,1976,44,23,46,52,46
rubella,MO,1977,41,24,47,52,47
rubella,MO,1978,68,28,119,52,119
rubella,MO,1979,58,28,71,52,71
rubella,MO,1980,47,22,42,51,45
rubella,MO,1981,3,3,2,52,3
rubella,MO,1982,38,10,38,52,38
rubella,MO,1983,4,1,4,24,4
rubella,MO,1985,8,3,7,52,8
rubella,MO,1986,1,1,7,53,7
rubella,MO,1989,,,4,52,4
rubella,MO,1990,,,2,52,2
rubella,MO,1991,,,5,52,5
rubella,MO,1992,,,1,52,1
rubella,MO,1993,,,1,52,1
rubella,MO,1994,,,2,52,2
rubella,MO,1995,,,2,9,2
rubella,MO,1997,2,2,2,52,2
rubella,MO,1998,2,2,3,52,3
rubella,MO,1999,3,2,3,52,3
rubella,MO,2000,1,1,1,52,1
rubella,MO,2001,,,1,52,1
rubella,MO,2015,,,1,53,1
rubella,MS,1968,9,4,,,
rubella,MS,1969,194,26,,,
rubella,MS,1970,91,23,102,52,102
rubella,MS,1971,80,20,83,52,83
rubella,MS,1972,118,28,118,52,119
rubella,MS,1973,234,42,234,52,234
rubella,MS,1974,19,11,19,52,19
rubella,MS,1975,14,10,10,52,13
rubella,MS,1976,11,2,11,52,11
rubella,MS,1977,10,10,9,52,10
rubella,MS,1978,160,21,160,52,160
rubella,MS,1979,71,9,92,52,92
rubella,MS,1980,2,2,2,51,2
rubella,MS,1982,16,2,16,52,16
rubella,MS,1984,3,1,3,52,3
rubella,MS,1999,1,1,1,3,1
rubella,MT,1966,367,32,,,
rubella,MT,1967,194,38,,,
rubella,MT,1968,96,34,,,
rubella,MT,1969,106,36,,,
rubella,MT,1970,339,43,342,52,342
rubella,MT,1971,126,28,126,52,126
rubella,MT,1972,31,16,36,52,36
rubella,MT,1973,531,33,531,52,531
rubella,MT,1974,69,15,69,52,69
rubella,MT,1975,254,21,253,52,253
rubella,MT,1976,214,20,237,52,237
rubella,MT,1977,15,10,17,52,17
rubella,MT,1978,22,14,22,52,22
rubella,MT,1979,65,26,73,52,73
rubella,MT,1980,7,4,45,51,45
rubella,MT,1981,4,3,4,52,4
rubella,MT,1982,6,5,7,52,7
rubella,MT,1983,9,8,7,52,7
rubella,MT,1984,1,1,1,16,1
rubella,MT,1986,2,2,2,52,2
rubella,MT,1987,8,3,8,52,8
rubella,MT,1989,2,2,1,52,1
rubella,MT,1990,15,4,15,52,15
rubella,MT,1991,11,3,11,52,11
rubella,NC,1969,18,8,,,
rubella,NC,1970,50,20,49,52,49
rubella,NC,1971,52,24,53,52,53
rubella,NC,1972,31,22,34,52,34
rubella,NC,1973,204,28,204,52,222
rubella,NC,1974,56,19,57,52,57
rubella,NC,1975,44,18,44,52,44
rubella,NC,1976,19,11,18,52,19
rubella,NC,1977,455,33,454,52,454
rubella,NC,1978,203,27,204,52,1699
rubella,NC,1979,541,34,535,52,535
rubella,NC,1980,48,17,48,51,48
rubella,NC,1981,5,5,5,52,5
rubella,NC,1982,2,2,2,52,2
rubella,NC,1983,10,7,10,52,10
rubella,NC,1985,1,1,1,52,1
rubella,NC,1986,,,1,53,1
rubella,NC,1987,1,1,1,52,1
rubella,NC,1988,1,1,1,51,1
rubella,NC,1989,1,1,1,52,1
rubella,NC,1990,1,1,1,52,1
rubella,NC,1991,3,3,2,52,2
rubella,NC,1995,1,1,1,52,1
rubella,NC,1996,85,6,85,52,85
rubella,NC,1997,59,9,59,52,59
rubella,NC,1998,11,6,13,52,13
rubella,NC,1999,38,11,37,52,37
rubella,NC,2000,82,8,82,52,82
rubella,ND,1966,181,42,,,
rubella,ND,1967,172,37,,,
rubella,ND,1968,238,47,,,
rubella,ND,1969,249,43,,,
rubella,ND,1970,156,36,156,52,156
rubella,ND,1971,97,25,97,52,97
rubella,ND,1972,55,19,56,52,56
rubella,ND,1973,277,21,277,52,277
rubella,ND,1974,19,14,19,52,23
rubella,ND,1975,51,16,71,52,71
rubella,ND,1976,2,2,3,52,3
rubella,ND,1977,19,14,21,52,21
rubella,ND,1978,51,11,82,52,82
rubella,ND,1979,9,5,8,52,8
rubella,ND,1980,5,3,5,51,5
rubella,ND,1984,1,1,3,52,3
rubella,ND,1985,,,2,52,2
rubella,ND,1986,,,2,53,2
rubella,ND,1989,,,1,52,1
rubella,ND,1990,,,1,52,1
rubella,ND,1991,,,1,52,1
rubella,NE,1966,5,3,,,
rubella,NE,1967,94,21,,,
rubella,NE,1968,32,20,,,
rubella,NE,1969,350,35,,,
rubella,NE,1970,555,36,584,52,584
rubella,NE,1971,97,36,101,52,101
rubella,NE,1972,52,18,56,52,56
rubella,NE,1973,141,24,141,52,141
rubella,NE,1974,6,5,6,52,6
rubella,NE,1975,21,12,21,52,21
rubella,NE,1976,3,2,3,52,3
rubella,NE,1977,2,2,3,52,3
rubella,NE,1978,,,34,52,34
rubella,NE,1979,110,13,202,52,202
rubella,NE,1980,1,1,1,51,1
rubella,NE,1981,1,1,1,52,1
rubella,NE,1990,1,1,1,52,1
rubella,NE,1999,7,1,90,52,90
rubella,NE,2000,,,1,52,1
rubella,NH,1966,91,20,,,
rubella,NH,1967,191,19,,,
rubella,NH,1968,91,22,,,
rubella,NH,1969,101,30,,,
rubella,NH,1970,148,26,157,52,157
rubella,NH,1971,48,19,52,52,52
rubella,NH,1972,18,11,38,52,38
rubella,NH,1973,339,24,385,52,385
rubella,NH,1974,19,16,23,52,23
rubella,NH,1975,202,25,307,52,307
rubella,NH,1976,8,7,12,52,12
rubella,NH,1977,158,20,247,52,247
rubella,NH,1978,85,20,107,52,107
rubella,NH,1979,57,22,129,52,129
rubella,NH,1980,31,21,39,51,39
rubella,NH,1981,24,14,54,52,54
rubella,NH,1982,10,7,12,52,12
rubella,NH,1983,3,2,5,52,5
rubella,NH,1984,1,1,1,52,1
rubella,NH,1985,1,1,3,52,3
rubella,NH,1986,,,3,53,3
rubella,NH,1988,5,3,5,51,5
rubella,NH,1989,4,3,4,52,4
rubella,NH,1990,1,1,1,52,1
rubella,NH,1991,1,1,1,52,1
rubella,NH,1995,,,1,52,1
rubella,NH,2000,2,2,2,52,2
rubella,NH,2015,1,1,1,30,1
rubella,NJ,1967,102,13,,,
rubella,NJ,1968,1679,43,,,
rubella,NJ,1969,576,48,,,
rubella,NJ,1970,895,44,898,52,898
rubella,NJ,1971,654,45,654,52,654
rubella,NJ,1972,1002,38,1217,52,1217
rubella,NJ,1973,2549,39,3028,52,3033
rubella,NJ,1974,376,42,473,52,473
rubella,NJ,1975,1030,45,1030,52,1030
rubella,NJ,1976,1357,38,1357,52,1357
rubella,NJ,1977,1346,31,1793,52,1793
rubella,NJ,1978,1586,41,1623,52,1623
rubella,NJ,1979,331,38,342,52,342
rubella,NJ,1980,82,17,106,51,106
rubella,NJ,1981,44,17,48,52,48
rubella,NJ,1982,18,11,18,52,18
rubella,NJ,1983,2,2,3,52,3
rubella,NJ,1984,1,1,23,52,23
rubella,NJ,1985,8,7,9,52,9
rubella,NJ,1986,3,3,9,53,9
rubella,NJ,1987,1,1,1,52,1
rubella,NJ,1988,4,3,4,51,4
rubella,NJ,1989,,,5,52,5
rubella,NJ,1990,,,1,5,1
rubella,NJ,1991,,,1,52,1
rubella,NJ,1992,1,1,3,52,4
rubella,NJ,1993,1,1,17,52,17
rubella,NJ,1994,,,1,52,2
rubella,NJ,1995,,,2,52,2
rubella,NJ,1996,,,2,52,2
rubella,NJ,1998,,,13,52,13
rubella,NJ,1999,,,1,52,1
rubella,NJ,2001,1,1,1,52,1
rubella,NJ,2002,,,2,36,2
rubella,NM,1968,130,36,,,
rubella,NM,1969,301,44,,,
rubella,NM,1970,235,45,237,52,237
rubella,NM,1971,249,41,251,52,251
rubella,NM,1972,119,32,129,52,129
rubella,NM,1973,213,43,213,52,712
rubella,NM,1974,129,29,128,52,128
rubella,NM,1975,21,14,20,52,20
rubella,NM,1976,8,5,31,52,33
rubella,NM,1977,11,7,11,52,12
rubella,NM,1978,3,2,3,52,5
rubella,NM,1979,5,3,11,52,11
rubella,NM,1980,,,5,51,5
rubella,NM,1981,1,1,5,52,5
rubella,NM,1982,1,1,6,52,7
rubella,NM,1984,,,1,52,1
rubella,NM,1985,1,1,2,52,2
rubella,NM,1986,,,2,53,2
rubella,NM,1991,2,2,4,52,4
rubella,NM,1994,1,1,1,46,1
rubella,NM,1998,,,1,52,1
rubella,NM,1999,2,1,5,17,5
rubella,NV,1967,5,1,,,
rubella,NV,1969,5,2,,,
rubella,NV,1971,6,4,15,52,15
rubella,NV,1972,3,1,3,52,3
rubella,NV,1973,13,5,13,52,13
rubella,NV,1974,35,8,36,52,36
rubella,NV,1975,8,5,8,52,8
rubella,NV,1976,14,8,20,52,20
rubella,NV,1977,9,6,9,52,9
rubella,NV,1978,14,9,14,52,14
rubella,NV,1979,2,2,3,52,3
rubella,NV,1980,7,6,9,51,9
rubella,NV,1981,6,5,12,52,12
rubella,NV,1982,12,7,12,52,12
rubella,NV,1983,1,1,1,52,1
rubella,NV,1984,4,3,4,52,4
rubella,NV,1985,1,1,1,52,1
rubella,NV,1986,3,1,1,53,3
rubella,NV,1988,,,1,51,1
rubella,NV,1989,,,1,52,1
rubella,NV,1990,8,4,9,52,9
rubella,NV,1991,7,6,7,52,7
rubella,NV,1992,2,2,2,52,2
rubella,NV,1993,,,1,52,1
rubella,NV,1994,1,1,1,52,1
rubella,NV,1996,,,1,52,1
rubella,NV,1998,1,1,1,52,1
rubella,NV,1999,1,1,1,52,1
rubella,OH,1966,1173,46,,,
rubella,OH,1967,733,50,,,
rubella,OH,1968,2099,52,,,
rubella,OH,1969,1282,50,,,
rubella,OH,1970,2166,50,2176,52,2176
rubella,OH,1971,1037,51,1045,52,1045
rubella,OH,1972,438,47,459,52,459
rubella,OH,1973,737,50,737,52,737
rubella,OH,1974,502,46,546,52,546
rubella,OH,1975,655,41,649,52,649
rubella,OH,1976,398,43,398,52,398
rubella,OH,1977,859,45,1150,52,1150
rubella,OH,1978,1123,43,1390,52,1390
rubella,OH,1979,145,27,141,52,141
rubella,OH,1980,10,6,8,51,8
rubella,OH,1981,5,3,3,52,9
rubella,OH,1982,9,4,4,52,4
rubella,OH,1983,1,1,2,52,2
rubella,OH,1984,2,2,2,52,2
rubella,OH,1986,1,1,1,52,1
rubella,OH,1988,1,1,1,51,1
rubella,OH,1989,3,2,3,52,3
rubella,OH,1990,131,2,131,52,131
rubella,OH,1991,283,2,283,52,283
rubella,OH,1993,1,1,1,52,1
rubella,OK,1968,52,15,,,
rubella,OK,1969,1700,37,,,
rubella,OK,1970,819,38,826,52,826
rubella,OK,1971,68,31,75,52,75
rubella,OK,1972,40,16,43,52,43
rubella,OK,1973,184,29,184,52,184
rubella,OK,1974,53,29,58,52,58
rubella,OK,1975,103,28,103,52,103
rubella,OK,1976,79,31,84,52,84
rubella,OK,1977,37,20,38,52,38
rubella,OK,1978,17,11,17,52,17
rubella,OK,1979,25,11,24,52,24
rubella,OK,1980,7,7,7,51,7
rubella,OK,1981,3,3,4,52,4
rubella,OK,1982,3,3,3,52,3
rubella,OK,1985,1,1,1,52,1
rubella,OK,1986,,,1,53,1
rubella,OK,1987,5,1,6,52,6
rubella,OK,1988,1,1,1,51,1
rubella,OK,1989,1,1,1,52,1
rubella,OK,1990,1,1,1,52,1
rubella,OK,1991,2,2,2,52,2
rubella,OK,1993,,,1,52,1
rubella,OK,1994,4,1,4,52,4
rubella,OR,1966,1152,51,,,
rubella,OR,1967,1030,50,,,
rubella,OR,1968,600,51,,,
rubella,OR,1969,712,51,,,
rubella,OR,1970,999,51,1006,52,1006
rubella,OR,1971,812,51,816,52,816
rubella,OR,1972,426,47,463,52,463
rubella,OR,1973,828,49,828,52,828
rubella,OR,1974,240,42,239,52,239
rubella,OR,1975,193,40,193,52,193
rubella,OR,1976,141,33,141,52,141
rubella,OR,1977,140,35,141,52,141
rubella,OR,1978,163,37,166,52,191
rubella,OR,1979,127,26,127,52,127
rubella,OR,1980,65,12,65,51,65
rubella,OR,1981,35,10,51,52,51
rubella,OR,1982,7,7,7,52,7
rubella,OR,1983,14,9,14,52,14
rubella,OR,1984,2,2,2,52,2
rubella,OR,1985,3,3,2,52,2
rubella,OR,1986,4,3,2,53,4
rubella,OR,1987,2,2,2,52,2
rubella,OR,1989,3,3,4,52,4
rubella,OR,1990,9,7,77,52,77
rubella,OR,1991,4,4,5,52,5
rubella,OR,1992,6,4,2,52,5
rubella,OR,1993,3,3,3,52,3
rubella,OR,1994,1,1,3,52,3
rubella,OR,1995,2,2,2,52,2
rubella,OR,1996,1,1,1,52,1
rubella,OR,1999,,,4,34,4
rubella,OR,2002,,,3,36,3
rubella,OR,2016,,,1,16,1
rubella,PA,1966,87,27,,,
rubella,PA,1967,82,28,,,
rubella,PA,1968,173,31,,,
rubella,PA,1969,870,42,,,
rubella,PA,1970,1994,50,2199,52,2199
rubella,PA,1971,1038,50,1042,52,1042
rubella,PA,1972,263,35,285,52,285
rubella,PA,1973,309,40,310,52,310
rubella,PA,1974,250,42,263,52,263
rubella,PA,1975,267,41,285,52,285
rubella,PA,1976,222,41,220,52,220
rubella,PA,1977,624,39,656,52,656
rubella,PA,1978,604,37,773,52,773
rubella,PA,1979,249,20,267,52,285
rubella,PA,1980,151,13,152,51,152
rubella,PA,1981,16,5,13,52,15
rubella,PA,1982,2,2,2,52,2
rubella,PA,1983,22,9,26,52,26
rubella,PA,1984,4,2,4,52,4
rubella,PA,1985,14,3,14,52,14
rubella,PA,1986,,,14,53,14
rubella,PA,1988,1,1,2,51,2
rubella,PA,1990,1,1,1,52,1
rubella,PA,1991,45,17,43,52,43
rubella,PA,1992,3,2,3,52,3
rubella,PA,1993,6,4,6,52,6
rubella,PA,1996,,,1,52,1
rubella,PA,1998,1,1,2,52,2
rubella,PA,1999,3,2,3,52,3
rubella,PA,2015,1,1,1,39,1
rubella,PA,2017,,,1,15,1
rubella,PR,1966,77,31,,,
rubella,PR,1967,59,28,,,
rubella,PR,1968,89,27,,,
rubella,PR,1969,399,33,,,
rubella,PR,1970,24,16,27,52,27
rubella,PR,1971,56,12,62,52,62
rubella,PR,1972,32,15,34,52,34
rubella,PR,1973,39,25,39,52,39
rubella,PR,1974,32,17,35,52,35
rubella,PR,1975,28,10,30,52,143
rubella,PR,1976,15,12,15,52,15
rubella,PR,1977,34,19,37,52,37
rubella,PR,1978,16,9,17,52,19
rubella,PR,1979,37,17,39,52,39
rubella,PR,1980,24,16,27,51,28
rubella,PR,1981,4,3,5,52,5
rubella,PR,1982,11,7,13,52,13
rubella,PR,1983,8,8,8,52,8
rubella,PR,1984,19,13,20,52,20
rubella,PR,1985,23,12,27,52,27
rubella,PR,1986,62,4,27,53,82
rubella,PR,1987,4,4,4,52,4
rubella,PR,1988,3,3,3,51,3
rubella,PR,1989,7,7,8,52,8
rubella,PR,1991,,,1,44,1
rubella,PR,1993,1,1,,,
rubella,RI,1966,280,43,,,
rubella,RI,1967,367,46,,,
rubella,RI,1968,1397,39,,,
rubella,RI,1969,260,44,,,
rubella,RI,1970,180,38,128,52,128
rubella,RI,1971,111,37,111,52,111
rubella,RI,1972,91,32,97,52,97
rubella,RI,1973,229,33,229,52,229
rubella,RI,1974,20,13,20,52,20
rubella,RI,1975,28,16,28,52,28
rubella,RI,1976,7,5,7,52,7
rubella,RI,1977,136,15,136,52,136
rubella,RI,1978,42,10,42,52,42
rubella,RI,1979,93,22,93,52,93
rubella,RI,1980,9,5,9,51,9
rubella,RI,1982,1,1,1,52,1
rubella,RI,1985,,,6,29,6
rubella,RI,1986,2,1,2,52,2
rubella,RI,1988,1,1,1,51,1
rubella,RI,1990,1,1,1,52,1
rubella,RI,1992,4,1,4,52,4
rubella,RI,1994,3,3,3,52,3
rubella,RI,1998,1,1,1,52,1
rubella,RI,2000,1,1,1,52,1
rubella,SC,1966,276,33,,,
rubella,SC,1967,223,30,,,
rubella,SC,1968,252,35,,,
rubella,SC,1969,287,38,,,
rubella,SC,1970,676,47,676,52,676
rubella,SC,1971,457,39,456,52,456
rubella,SC,1972,51,20,56,52,56
rubella,SC,1973,88,23,88,52,88
rubella,SC,1974,686,31,685,52,685
rubella,SC,1975,496,25,780,52,780
rubella,SC,1976,598,14,599,52,599
rubella,SC,1977,236,19,238,52,238
rubella,SC,1978,31,14,32,52,32
rubella,SC,1979,70,19,74,52,74
rubella,SC,1980,55,16,55,51,55
rubella,SC,1981,7,4,8,52,8
rubella,SC,1982,1,1,1,52,1
rubella,SC,1983,1,1,1,52,1
rubella,SC,1985,3,3,3,52,3
rubella,SC,1986,,,3,53,3
rubella,SC,1990,1,1,1,52,1
rubella,SC,1992,7,2,7,52,7
rubella,SC,1995,1,1,1,52,1
rubella,SC,1996,1,1,1,52,1
rubella,SC,1997,19,3,19,52,19
rubella,SC,1998,1,1,1,19,1
rubella,SC,2000,12,5,10,52,10
rubella,SC,2001,2,1,2,52,2
rubella,SC,2015,,,1,53,1
rubella,SD,1966,2,2,,,
rubella,SD,1967,3,2,,,
rubella,SD,1970,4,3,4,52,4
rubella,SD,1971,99,23,99,52,99
rubella,SD,1972,10,4,13,52,13
rubella,SD,1973,24,9,24,52,24
rubella,SD,1974,26,4,26,52,26
rubella,SD,1975,18,5,18,52,18
rubella,SD,1976,21,13,21,52,21
rubella,SD,1977,21,4,89,52,89
rubella,SD,1978,112,12,112,52,112
rubella,SD,1979,5,4,5,52,5
rubella,SD,1980,2,1,2,51,2
rubella,SD,1982,1,1,1,52,1
rubella,TN,1966,2583,51,,,
rubella,TN,1967,1285,50,,,
rubella,TN,1968,1135,52,,,
rubella,TN,1969,1669,51,,,
rubella,TN,1970,1529,51,1550,52,1550
rubella,TN,1971,2000,51,2012,52,2012
rubella,TN,1972,522,48,582,52,582
rubella,TN,1973,642,51,645,52,645
rubella,TN,1974,354,49,373,52,373
rubella,TN,1975,642,51,726,52,726
rubella,TN,1976,232,43,230,52,230
rubella,TN,1977,1764,48,1785,52,1785
rubella,TN,1978,215,44,215,52,215
rubella,TN,1979,108,30,102,52,102
rubella,TN,1980,41,22,40,51,40
rubella,TN,1981,16,9,13,52,15
rubella,TN,1982,2,2,2,52,2
rubella,TN,1987,1,1,1,52,1
rubella,TN,1988,2,1,2,51,2
rubella,TN,1989,3,2,4,52,4
rubella,TN,1990,14,5,3,52,14
rubella,TN,1991,97,2,100,52,100
rubella,TN,1992,3,2,1,52,3
rubella,TN,1993,4,3,2,52,4
rubella,TN,1995,,,1,52,2
rubella,TN,1996,1,1,1,32,1
rubella,TN,1998,2,2,2,52,2
rubella,TN,2000,,,1,52,1
rubella,TN,2001,1,1,1,31,1
rubella,TX,1966,138,29,,,
rubella,TX,1967,622,31,,,
rubella,TX,1968,2867,49,,,
rubella,TX,1969,4179,51,,,
rubella,TX,1970,8323,51,8379,52,8379
rubella,TX,1971,4348,51,4363,52,4363
rubella,TX,1972,1462,47,1596,52,1596
rubella,TX,1973,1121,48,1127,52,1128
rubella,TX,1974,242,41,315,52,315
rubella,TX,1975,353,47,373,52,373
rubella,TX,1976,271,47,266,52,764
rubella,TX,1977,768,51,778,52,778
rubella,TX,1978,388,48,407,52,407
rubella,TX,1979,206,49,213,52,213
rubella,TX,1980,137,44,131,51,131
rubella,TX,1981,168,42,171,52,171
rubella,TX,1982,137,44,124,52,124
rubella,TX,1983,123,45,116,52,116
rubella,TX,1984,74,12,67,52,70
rubella,TX,1985,40,21,39,52,39
rubella,TX,1986,67,18,39,53,72
rubella,TX,1987,4,3,4,52,4
rubella,TX,1988,19,3,19,51,19
rubella,TX,1989,44,4,44,52,44
rubella,TX,1990,87,2,87,52,87
rubella,TX,1991,6,4,5,52,6
rubella,TX,1993,9,4,16,52,16
rubella,TX,1994,9,3,9,51,9
rubella,TX,1995,11,4,7,52,7
rubella,TX,1996,2,2,2,52,2
rubella,TX,1997,2,2,4,52,4
rubella,TX,1998,49,15,89,52,89
rubella,TX,1999,3,3,9,52,9
rubella,TX,2000,1,1,5,52,5
rubella,TX,2001,,,2,52,2
rubella,TX,2002,,,1,52,2
rubella,TX,2015,1,1,2,53,2
rubella,TX,2017,,,1,52,1
rubella,UT,1966,81,30,,,
rubella,UT,1967,82,29,,,
rubella,UT,1968,110,36,,,
rubella,UT,1969,153,42,,,
rubella,UT,1970,173,33,173,52,173
rubella,UT,1971,69,30,69,52,69
rubella,UT,1972,35,19,38,52,38
rubella,UT,1973,74,20,80,52,80
rubella,UT,1974,28,17,27,52,27
rubella,UT,1975,30,17,37,52,37
rubella,UT,1976,165,37,165,52,165
rubella,UT,1977,71,24,74,52,74
rubella,UT,1978,38,20,38,52,38
rubella,UT,1979,46,22,45,52,45
rubella,UT,1980,31,19,31,51,31
rubella,UT,1981,13,10,12,52,12
rubella,UT,1982,26,16,28,52,28
rubella,UT,1983,8,5,7,52,7
rubella,UT,1984,6,3,7,52,7
rubella,UT,1986,15,8,15,52,15
rubella,UT,1987,11,6,11,52,11
rubella,UT,1988,4,3,3,51,3
rubella,UT,1990,4,3,4,52,4
rubella,UT,1991,11,4,11,52,11
rubella,UT,1992,1,1,2,52,2
rubella,UT,1993,4,4,4,52,4
rubella,UT,1994,4,4,4,52,4
rubella,UT,1995,1,1,1,52,1
rubella,UT,1996,1,1,1,31,1
rubella,UT,1998,2,1,2,52,2
rubella,UT,1999,,,2,52,2
rubella,UT,2000,1,1,1,9,1
rubella,UT,2002,,,1,52,1
rubella,UT,2015,,,1,23,1
rubella,UT,2016,,,1,41,1
rubella,UT,2017,1,1,1,21,1
rubella,VA,1966,963,45,,,
rubella,VA,1967,647,43,,,
rubella,VA,1968,636,46,,,
rubella,VA,1969,1541,48,,,
rubella,VA,1970,769,44,782,52,782
rubella,VA,1971,250,44,234,52,234
rubella,VA,1972,77,27,79,52,79
rubella,VA,1973,641,34,636,52,636
rubella,VA,1974,70,32,66,52,66
rubella,VA,1975,327,34,325,52,325
rubella,VA,1976,251,35,249,52,249
rubella,VA,1977,585,37,586,52,586
rubella,VA,1978,247,36,248,52,248
rubella,VA,1979,215,34,207,52,207
rubella,VA,1980,60,22,62,51,62
rubella,VA,1981,26,19,9,52,13
rubella,VA,1982,17,12,12,52,14
rubella,VA,1983,5,5,3,52,3
rubella,VA,1984,1,1,1,52,1
rubella,VA,1985,2,2,2,52,2
rubella,VA,1986,,,2,53,2
rubella,VA,1987,1,1,1,52,1
rubella,VA,1988,12,2,11,51,11
rubella,VA,1990,1,1,1,52,1
rubella,VA,1996,2,1,2,52,2
rubella,VA,1997,1,1,1,52,1
rubella,VA,1998,1,1,1,52,1
rubella,VI,1970,1,1,1,52,1
rubella,VI,1971,,,1,52,1
rubella,VI,1972,3,2,3,52,3
rubella,VI,1973,2,2,2,52,2
rubella,VI,1975,3,3,3,52,3
rubella,VI,1976,10,6,12,52,12
rubella,VI,1977,1,1,2,52,2
rubella,VI,1978,,,1,52,16
rubella,VI,1981,,,1,52,1
rubella,VI,1982,1,1,2,52,2
rubella,VI,1983,2,2,2,52,2
rubella,VI,1984,,,2,35,2
rubella,VI,1987,1,1,1,52,1
rubella,VT,1966,159,28,,,
rubella,VT,1967,214,26,,,
rubella,VT,1968,91,28,,,
rubella,VT,1969,120,29,,,
rubella,VT,1970,68,20,68,52,68
rubella,VT,1971,102,26,102,52,102
rubella,VT,1972,69,18,71,52,71
rubella,VT,1973,49,17,49,52,49
rubella,VT,1974,40,22,43,52,43
rubella,VT,1975,72,14,72,52,72
rubella,VT,1976,6,5,6,52,6
rubella,VT,1977,65,14,65,52,65
rubella,VT,1978,40,9,40,52,40
rubella,VT,1979,399,30,407,52,407
rubella,VT,1980,3,2,3,51,3
rubella,VT,1983,3,3,5,52,5
rubella,VT,1986,,,1,52,1
rubella,VT,1989,,,1,52,1
rubella,VT,1996,1,1,2,52,2
rubella,WA,1966,3129,49,,,
rubella,WA,1967,3030,47,,,
rubella,WA,1968,1834,48,,,
rubella,WA,1969,1806,49,,,
rubella,WA,1970,4880,48,4984,52,4984
rubella,WA,1971,1432,45,1538,52,1538
rubella,WA,1972,880,43,948,52,948
rubella,WA,1973,692,46,778,52,778
rubella,WA,1974,438,47,455,52,455
rubella,WA,1975,360,45,365,52,365
rubella,WA,1976,236,42,239,52,239
rubella,WA,1977,439,41,474,52,474
rubella,WA,1978,132,37,140,52,140
rubella,WA,1979,216,37,220,52,220
rubella,WA,1980,94,31,99,51,99
rubella,WA,1981,113,27,108,52,108
rubella,WA,1982,56,20,58,52,58
rubella,WA,1983,9,5,9,52,12
rubella,WA,1984,2,2,2,52,2
rubella,WA,1985,2,1,14,52,14
rubella,WA,1986,17,11,14,53,17
rubella,WA,1987,2,2,2,52,2
rubella,WA,1990,1,1,1,52,1
rubella,WA,1991,13,2,8,52,8
rubella,WA,1992,8,2,8,52,8
rubella,WA,1995,2,2,2,52,2
rubella,WA,1996,2,2,2,52,2
rubella,WA,1997,,,5,52,5
rubella,WA,1998,1,1,9,52,9
rubella,WA,2000,,,7,52,7
rubella,WI,1966,5104,49,,,
rubella,WI,1967,3067,47,,,
rubella,WI,1968,2980,52,,,
rubella,WI,1969,3154,51,,,
rubella,WI,1970,2294,51,2317,52,2317
rubella,WI,1971,1773,51,1787,52,1787
rubella,WI,1972,2292,48,2417,52,2417
rubella,WI,1973,1673,51,1686,52,1686
rubella,WI,1974,605,49,650,52,650
rubella,WI,1975,984,52,998,52,998
rubella,WI,1976,507,50,507,52,507
rubella,WI,1977,601,50,613,52,613
rubella,WI,1978,1636,51,1609,52,1609
rubella,WI,1979,256,48,299,52,299
rubella,WI,1980,180,44,184,51,184
rubella,WI,1981,116,39,128,52,128
rubella,WI,1982,32,19,46,52,46
rubella,WI,1983,1,1,30,52,30
rubella,WI,1984,1,1,8,52,8
rubella,WI,1985,,,1,52,1
rubella,WI,1986,,,1,53,2
rubella,WI,1987,,,2,52,2
rubella,WI,1989,,,3,52,3
rubella,WI,1990,,,3,52,3
rubella,WI,1991,,,1,52,1
rubella,WI,1993,,,1,52,1
rubella,WI,1997,,,3,52,3
rubella,WI,2015,1,1,1,53,1
rubella,WV,1966,1017,50,,,
rubella,WV,1967,590,46,,,
rubella,WV,1968,879,52,,,
rubella,WV,1969,2353,51,,,
rubella,WV,1970,1417,50,1425,52,1425
rubella,WV,1971,720,51,725,52,725
rubella,WV,1972,397,44,450,52,450
rubella,WV,1973,345,47,347,52,347
rubella,WV,1974,288,46,317,52,317
rubella,WV,1975,238,46,238,52,238
rubella,WV,1976,323,44,323,52,323
rubella,WV,1977,174,46,174,52,174
rubella,WV,1978,295,46,342,52,342
rubella,WV,1979,106,32,114,52,114
rubella,WV,1980,34,22,26,51,27
rubella,WV,1981,5,5,23,52,23
rubella,WV,1982,2,1,3,52,3
rubella,WV,1983,4,2,1,8,4
rubella,WV,1985,11,5,9,52,11
rubella,WV,1986,,,9,53,9
rubella,WV,1992,1,1,1,52,1
rubella,WY,1966,239,12,,,
rubella,WY,1967,4,1,,,
rubella,WY,1968,12,6,,,
rubella,WY,1969,81,21,,,
rubella,WY,1970,136,16,136,52,136
rubella,WY,1971,861,15,861,52,861
rubella,WY,1972,8,5,8,52,8
rubella,WY,1973,7,5,7,52,7
rubella,WY,1974,2,2,2,52,2
rubella,WY,1976,2,1,2,52,2
rubella,WY,1977,6,5,6,52,6
rubella,WY,1980,1,1,1,51,1
rubella,WY,1981,12,7,12,52,12
rubella,WY,1982,13,6,8,52,8
rubella,WY,1983,6,5,8,52,8
rubella,WY,1984,2,2,3,52,3
rubella,WY,1986,1,1,1,52,1
rubella,WY,1987,1,1,1,52,1
rubella,WY,1989,2,2,2,52,2
rubella,WY,1990,1,1,1,52,1
rubella,WY,1995,1,1,1,52,1
rubella,WY,1999,,,1,34,1
rubella,WY,2001,,,1,37,1
smallpox,AL,1927,35,5,,,
smallpox,AL,1928,341,52,,,
smallpox,AL,1929,378,52,,,
smallpox,AL,1930,193,53,,,
smallpox,AL,1931,295,52,,,
smallpox,AL,1932,467,52,,,
smallpox,AL,1933,82,52,,,
smallpox,AL,1934,23,52,,,
smallpox,AL,1935,42,52,,,
smallpox,AL,1936,12,52,,,
smallpox,AL,1937,54,52,,,
smallpox,AL,1938,67,52,,,
smallpox,AL,1939,26,52,,,
smallpox,AL,1940,51,51,,,
smallpox,AL,1941,7,51,,,
smallpox,AL,1942,12,52,,,
smallpox,AL,1943,18,52,,,
smallpox,AL,1944,9,52,,,
smallpox,AL,1945,5,52,,,
smallpox,AL,1946,5,52,,,
smallpox,AL,1947,5,51,,,
smallpox,AL,1948,11,26,,,
smallpox,AL,1951,1,1,,,
smallpox,AR,1927,18,5,,,
smallpox,AR,1928,248,52,,,
smallpox,AR,1929,199,52,,,
smallpox,AR,1930,413,53,,,
smallpox,AR,1931,753,52,,,
smallpox,AR,1932,360,52,,,
smallpox,AR,1933,230,52,,,
smallpox,AR,1934,107,52,,,
smallpox,AR,1935,61,52,,,
smallpox,AR,1936,14,52,,,
smallpox,AR,1937,95,52,,,
smallpox,AR,1938,231,52,,,
smallpox,AR,1939,136,52,,,
smallpox,AR,1940,82,51,,,
smallpox,AR,1941,34,51,,,
smallpox,AR,1942,62,52,,,
smallpox,AR,1943,41,52,,,
smallpox,AR,1944,11,52,,,
smallpox,AR,1945,29,52,,,
smallpox,AR,1946,9,52,,,
smallpox,AR,1947,4,51,,,
smallpox,AR,1948,19,26,,,
smallpox,AR,1950,1,1,,,
smallpox,AZ,1927,4,5,,,
smallpox,AZ,1928,410,52,,,
smallpox,AZ,1929,276,52,,,
smallpox,AZ,1930,548,53,,,
smallpox,AZ,1931,46,52,,,
smallpox,AZ,1932,7,51,,,
smallpox,AZ,1933,10,52,,,
smallpox,AZ,1934,3,52,,,
smallpox,AZ,1935,2,52,,,
smallpox,AZ,1936,3,52,,,
smallpox,AZ,1937,3,52,,,
smallpox,AZ,1938,173,52,,,
smallpox,AZ,1939,209,52,,,
smallpox,AZ,1940,12,51,,,
smallpox,AZ,1941,15,51,,,
smallpox,AZ,1942,4,52,,,
smallpox,AZ,1943,6,52,,,
smallpox,AZ,1944,4,52,,,
smallpox,AZ,1945,3,52,,,
smallpox,AZ,1946,1,51,,,
smallpox,AZ,1947,0,51,,,
smallpox,AZ,1948,3,26,,,
smallpox,AZ,1949,3,3,,,
smallpox,AZ,1950,2,2,,,
smallpox,AZ,1951,3,2,,,
smallpox,AZ,1952,3,2,,,
smallpox,CA,1927,39,5,,,
smallpox,CA,1928,1007,52,,,
smallpox,CA,1929,2009,52,,,
smallpox,CA,1930,2360,53,,,
smallpox,CA,1931,1390,52,,,
smallpox,CA,1932,495,52,,,
smallpox,CA,1933,1059,52,,,
smallpox,CA,1934,181,52,,,
smallpox,CA,1935,296,52,,,
smallpox,CA,1936,120,52,,,
smallpox,CA,1937,498,52,,,
smallpox,CA,1938,1151,52,,,
smallpox,CA,1939,592,52,,,
smallpox,CA,1940,68,50,,,
smallpox,CA,1941,9,51,,,
smallpox,CA,1942,6,52,,,
smallpox,CA,1943,3,52,,,
smallpox,CA,1944,17,52,,,
smallpox,CA,1945,4,52,,,
smallpox,CA,1946,13,52,,,
smallpox,CA,1947,1,51,,,
smallpox,CA,1948,42,26,,,
smallpox,CA,1949,1,1,,,
smallpox,CO,1927,53,5,,,
smallpox,CO,1928,345,50,,,
smallpox,CO,1929,844,51,,,
smallpox,CO,1930,566,53,,,
smallpox,CO,1931,265,52,,,
smallpox,CO,1932,61,52,,,
smallpox,CO,1933,167,52,,,
smallpox,CO,1934,154,52,,,
smallpox,CO,1935,172,52,,,
smallpox,CO,1936,197,52,,,
smallpox,CO,1937,212,52,,,
smallpox,CO,1938,279,52,,,
smallpox,CO,1939,327,52,,,
smallpox,CO,1940,252,51,,,
smallpox,CO,1941,38,51,,,
smallpox,CO,1942,14,52,,,
smallpox,CO,1943,8,52,,,
smallpox,CO,1944,10,52,,,
smallpox,CO,1945,5,52,,,
smallpox,CO,1946,13,52,,,
smallpox,CO,1947,1,51,,,
smallpox,CO,1948,17,26,,,
smallpox,CO,1949,2,2,,,
smallpox,CO,1950,2,2,,,
smallpox,CT,1927,1,5,,,
smallpox,CT,1928,161,52,,,
smallpox,CT,1929,43,52,,,
smallpox,CT,1930,0,53,,,
smallpox,CT,1931,100,52,,,
smallpox,CT,1932,86,52,,,
smallpox,CT,1933,29,52,,,
smallpox,CT,1934,0,52,,,
smallpox,CT,1935,0,52,,,
smallpox,CT,1936,0,52,,,
smallpox,CT,1937,0,52,,,
smallpox,CT,1938,0,52,,,
smallpox,CT,1939,6,52,,,
smallpox,CT,1940,0,51,,,
smallpox,CT,1941,0,51,,,
smallpox,CT,1942,0,52,,,
smallpox,CT,1943,0,52,,,
smallpox,CT,1944,0,52,,,
smallpox,CT,1945,0,52,,,
smallpox,CT,1946,0,52,,,
smallpox,CT,1947,0,51,,,
smallpox,CT,1948,0,25,,,
smallpox,DC,1910,74,22,,,
smallpox,DC,1911,28,9,,,
smallpox,DC,1912,1,1,,,
smallpox,DC,1928,10,41,,,
smallpox,DC,1929,0,52,,,
smallpox,DC,1930,0,53,,,
smallpox,DC,1931,0,52,,,
smallpox,DC,1932,1,52,,,
smallpox,DC,1933,2,52,,,
smallpox,DC,1934,0,52,,,
smallpox,DC,1935,0,52,,,
smallpox,DC,1936,4,52,,,
smallpox,DC,1937,0,52,,,
smallpox,DC,1938,0,52,,,
smallpox,DC,1939,0,52,,,
smallpox,DC,1940,0,51,,,
smallpox,DC,1941,0,51,,,
smallpox,DC,1942,0,52,,,
smallpox,DC,1943,0,52,,,
smallpox,DC,1944,0,52,,,
smallpox,DC,1945,0,52,,,
smallpox,DC,1946,0,52,,,
smallpox,DC,1947,0,51,,,
smallpox,DC,1948,0,25,,,
smallpox,DE,1904,1,1,,,
smallpox,DE,1927,0,5,,,
smallpox,DE,1928,2,51,,,
smallpox,DE,1929,2,51,,,
smallpox,DE,1930,0,53,,,
smallpox,DE,1931,0,51,,,
smallpox,DE,1932,0,52,,,
smallpox,DE,1933,0,52,,,
smallpox,DE,1934,0,52,,,
smallpox,DE,1935,1,52,,,
smallpox,DE,1936,0,52,,,
smallpox,DE,1937,0,52,,,
smallpox,DE,1938,0,52,,,
smallpox,DE,1939,0,52,,,
smallpox,DE,1940,0,51,,,
smallpox,DE,1941,0,51,,,
smallpox,DE,1942,0,52,,,
smallpox,DE,1943,0,52,,,
smallpox,DE,1944,0,52,,,
smallpox,DE,1945,0,52,,,
smallpox,DE,1946,0,52,,,
smallpox,DE,1947,0,51,,,
smallpox,DE,1948,0,25,,,
smallpox,FL,1927,4,5,,,
smallpox,FL,1928,157,51,,,
smallpox,FL,1929,36,51,,,
smallpox,FL,1930,28,53,,,
smallpox,FL,1931,28,52,,,
smallpox,FL,1932,33,52,,,
smallpox,FL,1933,1,52,,,
smallpox,FL,1934,3,52,,,
smallpox,FL,1935,14,52,,,
smallpox,FL,1936,0,52,,,
smallpox,FL,1937,7,52,,,
smallpox,FL,1938,16,52,,,
smallpox,FL,1939,4,52,,,
smallpox,FL,1940,8,51,,,
smallpox,FL,1941,0,51,,,
smallpox,FL,1942,1,52,,,
smallpox,FL,1943,2,52,,,
smallpox,FL,1944,1,52,,,
smallpox,FL,1945,0,52,,,
smallpox,FL,1946,2,52,,,
smallpox,FL,1947,0,51,,,
smallpox,FL,1948,0,25,,,
smallpox,GA,1927,0,5,,,
smallpox,GA,1928,15,50,,,
smallpox,GA,1929,55,51,,,
smallpox,GA,1930,0,53,,,
smallpox,GA,1931,47,52,,,
smallpox,GA,1932,15,52,,,
smallpox,GA,1933,46,52,,,
smallpox,GA,1934,12,52,,,
smallpox,GA,1935,29,52,,,
smallpox,GA,1936,16,52,,,
smallpox,GA,1937,7,52,,,
smallpox,GA,1938,23,52,,,
smallpox,GA,1939,40,52,,,
smallpox,GA,1940,14,51,,,
smallpox,GA,1941,11,51,,,
smallpox,GA,1942,10,52,,,
smallpox,GA,1943,13,52,,,
smallpox,GA,1944,7,52,,,
smallpox,GA,1945,11,52,,,
smallpox,GA,1946,3,52,,,
smallpox,GA,1947,3,51,,,
smallpox,GA,1948,0,25,,,
smallpox,IA,1920,3,1,,,
smallpox,IA,1927,242,4,,,
smallpox,IA,1928,1651,47,,,
smallpox,IA,1929,1885,52,,,
smallpox,IA,1930,3067,53,,,
smallpox,IA,1931,2331,52,,,
smallpox,IA,1932,1163,52,,,
smallpox,IA,1933,748,52,,,
smallpox,IA,1934,166,52,,,
smallpox,IA,1935,206,52,,,
smallpox,IA,1936,737,52,,,
smallpox,IA,1937,1311,52,,,
smallpox,IA,1938,1168,52,,,
smallpox,IA,1939,1058,52,,,
smallpox,IA,1940,346,51,,,
smallpox,IA,1941,106,51,,,
smallpox,IA,1942,22,52,,,
smallpox,IA,1943,24,52,,,
smallpox,IA,1944,27,52,,,
smallpox,IA,1945,10,52,,,
smallpox,IA,1946,15,52,,,
smallpox,IA,1947,3,51,,,
smallpox,IA,1948,0,25,,,
smallpox,IA,1950,2,1,,,
smallpox,IA,1952,1,1,,,
smallpox,ID,1927,20,5,,,
smallpox,ID,1928,367,51,,,
smallpox,ID,1929,555,52,,,
smallpox,ID,1930,205,53,,,
smallpox,ID,1931,80,52,,,
smallpox,ID,1932,85,52,,,
smallpox,ID,1933,196,52,,,
smallpox,ID,1934,103,52,,,
smallpox,ID,1935,12,52,,,
smallpox,ID,1936,115,52,,,
smallpox,ID,1937,353,52,,,
smallpox,ID,1938,520,52,,,
smallpox,ID,1939,131,52,,,
smallpox,ID,1940,6,51,,,
smallpox,ID,1941,7,51,,,
smallpox,ID,1942,8,52,,,
smallpox,ID,1943,7,52,,,
smallpox,ID,1944,8,52,,,
smallpox,ID,1945,13,52,,,
smallpox,ID,1946,17,52,,,
smallpox,ID,1947,3,51,,,
smallpox,ID,1948,9,27,,,
smallpox,ID,1949,3,2,,,
smallpox,ID,1951,1,1,,,
smallpox,ID,1952,2,1,,,
smallpox,IL,1927,112,5,,,
smallpox,IL,1928,1787,52,,,
smallpox,IL,1929,4177,52,,,
smallpox,IL,1930,3925,53,,,
smallpox,IL,1931,1787,52,,,
smallpox,IL,1932,340,52,,,
smallpox,IL,1933,272,52,,,
smallpox,IL,1934,107,52,,,
smallpox,IL,1935,98,52,,,
smallpox,IL,1936,435,52,,,
smallpox,IL,1937,950,52,,,
smallpox,IL,1938,959,52,,,
smallpox,IL,1939,369,52,,,
smallpox,IL,1940,173,51,,,
smallpox,IL,1941,111,51,,,
smallpox,IL,1942,68,52,,,
smallpox,IL,1943,65,52,,,
smallpox,IL,1944,16,52,,,
smallpox,IL,1945,14,52,,,
smallpox,IL,1946,7,52,,,
smallpox,IL,1947,2,51,,,
smallpox,IL,1948,0,25,,,
smallpox,IN,1927,374,5,,,
smallpox,IN,1928,3442,52,,,
smallpox,IN,1929,3458,52,,,
smallpox,IN,1930,5337,53,,,
smallpox,IN,1931,2962,52,,,
smallpox,IN,1932,383,52,,,
smallpox,IN,1933,88,52,,,
smallpox,IN,1934,73,52,,,
smallpox,IN,1935,70,52,,,
smallpox,IN,1936,110,52,,,
smallpox,IN,1937,662,52,,,
smallpox,IN,1938,1490,52,,,
smallpox,IN,1939,1457,52,,,
smallpox,IN,1940,99,51,,,
smallpox,IN,1941,55,51,,,
smallpox,IN,1942,62,52,,,
smallpox,IN,1943,126,52,,,
smallpox,IN,1944,37,52,,,
smallpox,IN,1945,54,52,,,
smallpox,IN,1946,45,52,,,
smallpox,IN,1947,18,51,,,
smallpox,IN,1948,3,24,,,
smallpox,KS,1927,181,5,,,
smallpox,KS,1928,2489,52,,,
smallpox,KS,1929,1919,52,,,
smallpox,KS,1930,2361,53,,,
smallpox,KS,1931,2580,52,,,
smallpox,KS,1932,168,52,,,
smallpox,KS,1933,50,52,,,
smallpox,KS,1934,113,52,,,
smallpox,KS,1935,570,52,,,
smallpox,KS,1936,778,52,,,
smallpox,KS,1937,603,52,,,
smallpox,KS,1938,508,52,,,
smallpox,KS,1939,227,52,,,
smallpox,KS,1940,14,51,,,
smallpox,KS,1941,33,51,,,
smallpox,KS,1942,16,51,,,
smallpox,KS,1943,30,52,,,
smallpox,KS,1944,15,52,,,
smallpox,KS,1945,13,52,,,
smallpox,KS,1946,11,52,,,
smallpox,KS,1947,12,51,,,
smallpox,KS,1948,7,25,,,
smallpox,KS,1949,8,8,,,
smallpox,KS,1950,7,4,,,
smallpox,KS,1952,1,1,,,
smallpox,KY,1927,83,1,,,
smallpox,KY,1928,737,52,,,
smallpox,KY,1929,577,51,,,
smallpox,KY,1930,554,53,,,
smallpox,KY,1931,340,52,,,
smallpox,KY,1932,171,52,,,
smallpox,KY,1933,20,52,,,
smallpox,KY,1934,29,52,,,
smallpox,KY,1935,7,52,,,
smallpox,KY,1936,13,52,,,
smallpox,KY,1937,75,49,,,
smallpox,KY,1938,481,52,,,
smallpox,KY,1939,87,52,,,
smallpox,KY,1940,6,51,,,
smallpox,KY,1941,22,51,,,
smallpox,KY,1942,22,52,,,
smallpox,KY,1943,13,52,,,
smallpox,KY,1944,13,52,,,
smallpox,KY,1945,5,52,,,
smallpox,KY,1946,3,52,,,
smallpox,KY,1947,5,51,,,
smallpox,KY,1948,40,26,,,
smallpox,KY,1949,6,6,,,
smallpox,KY,1950,5,3,,,
smallpox,KY,1951,1,1,,,
smallpox,LA,1927,29,5,,,
smallpox,LA,1928,648,52,,,
smallpox,LA,1929,182,52,,,
smallpox,LA,1930,264,53,,,
smallpox,LA,1931,634,52,,,
smallpox,LA,1932,151,52,,,
smallpox,LA,1933,75,52,,,
smallpox,LA,1934,63,52,,,
smallpox,LA,1935,32,52,,,
smallpox,LA,1936,27,52,,,
smallpox,LA,1937,19,52,,,
smallpox,LA,1938,20,52,,,
smallpox,LA,1939,14,52,,,
smallpox,LA,1940,6,51,,,
smallpox,LA,1941,8,51,,,
smallpox,LA,1942,18,52,,,
smallpox,LA,1943,4,52,,,
smallpox,LA,1944,12,52,,,
smallpox,LA,1945,7,52,,,
smallpox,LA,1946,5,52,,,
smallpox,LA,1947,2,51,,,
smallpox,LA,1948,5,25,,,
smallpox,LA,1949,1,1,,,
smallpox,MA,1927,1,5,,,
smallpox,MA,1928,9,51,,,
smallpox,MA,1929,63,52,,,
smallpox,MA,1930,0,53,,,
smallpox,MA,1931,6,52,,,
smallpox,MA,1932,43,52,,,
smallpox,MA,1933,0,52,,,
smallpox,MA,1934,0,52,,,
smallpox,MA,1935,0,52,,,
smallpox,MA,1936,0,52,,,
smallpox,MA,1937,0,52,,,
smallpox,MA,1938,0,52,,,
smallpox,MA,1939,0,52,,,
smallpox,MA,1940,0,51,,,
smallpox,MA,1941,0,51,,,
smallpox,MA,1942,0,52,,,
smallpox,MA,1943,0,52,,,
smallpox,MA,1944,0,52,,,
smallpox,MA,1945,0,51,,,
smallpox,MA,1946,0,52,,,
smallpox,MA,1947,0,51,,,
smallpox,MA,1948,0,25,,,
smallpox,MD,1927,0,4,,,
smallpox,MD,1928,19,51,,,
smallpox,MD,1929,8,52,,,
smallpox,MD,1930,0,53,,,
smallpox,MD,1931,1,52,,,
smallpox,MD,1932,0,52,,,
smallpox,MD,1933,0,52,,,
smallpox,MD,1934,0,52,,,
smallpox,MD,1935,1,52,,,
smallpox,MD,1936,0,52,,,
smallpox,MD,1937,0,52,,,
smallpox,MD,1938,0,52,,,
smallpox,MD,1939,0,52,,,
smallpox,MD,1940,0,51,,,
smallpox,MD,1941,0,51,,,
smallpox,MD,1942,0,52,,,
smallpox,MD,1943,1,52,,,
smallpox,MD,1944,0,52,,,
smallpox,MD,1945,0,52,,,
smallpox,MD,1946,0,52,,,
smallpox,MD,1947,0,51,,,
smallpox,MD,1948,0,25,,,
smallpox,ME,1927,0,5,,,
smallpox,ME,1928,95,51,,,
smallpox,ME,1929,74,52,,,
smallpox,ME,1930,0,53,,,
smallpox,ME,1931,1,52,,,
smallpox,ME,1932,1,52,,,
smallpox,ME,1933,0,52,,,
smallpox,ME,1934,0,52,,,
smallpox,ME,1935,0,52,,,
smallpox,ME,1936,0,52,,,
smallpox,ME,1937,0,52,,,
smallpox,ME,1938,0,52,,,
smallpox,ME,1939,0,52,,,
smallpox,ME,1940,0,51,,,
smallpox,ME,1941,0,51,,,
smallpox,ME,1942,0,52,,,
smallpox,ME,1943,0,52,,,
smallpox,ME,1944,0,52,,,
smallpox,ME,1945,0,52,,,
smallpox,ME,1946,0,52,,,
smallpox,ME,1947,0,51,,,
smallpox,ME,1948,0,25,,,
smallpox,MI,1927,150,5,,,
smallpox,MI,1928,1294,52,,,
smallpox,MI,1929,2421,52,,,
smallpox,MI,1930,2400,53,,,
smallpox,MI,1931,894,52,,,
smallpox,MI,1932,223,52,,,
smallpox,MI,1933,43,52,,,
smallpox,MI,1934,52,52,,,
smallpox,MI,1935,19,52,,,
smallpox,MI,1936,33,52,,,
smallpox,MI,1937,153,52,,,
smallpox,MI,1938,282,52,,,
smallpox,MI,1939,372,52,,,
smallpox,MI,1940,70,51,,,
smallpox,MI,1941,98,51,,,
smallpox,MI,1942,16,52,,,
smallpox,MI,1943,11,52,,,
smallpox,MI,1944,12,52,,,
smallpox,MI,1945,19,52,,,
smallpox,MI,1946,4,52,,,
smallpox,MI,1947,1,51,,,
smallpox,MI,1948,0,25,,,
smallpox,MI,1949,3,2,,,
smallpox,MN,1927,7,5,,,
smallpox,MN,1928,111,52,,,
smallpox,MN,1929,188,52,,,
smallpox,MN,1930,297,53,,,
smallpox,MN,1931,246,52,,,
smallpox,MN,1932,93,52,,,
smallpox,MN,1933,55,52,,,
smallpox,MN,1934,313,52,,,
smallpox,MN,1935,224,52,,,
smallpox,MN,1936,307,52,,,
smallpox,MN,1937,533,52,,,
smallpox,MN,1938,772,52,,,
smallpox,MN,1939,442,52,,,
smallpox,MN,1940,274,51,,,
smallpox,MN,1941,116,51,,,
smallpox,MN,1942,11,52,,,
smallpox,MN,1943,2,52,,,
smallpox,MN,1944,0,52,,,
smallpox,MN,1945,2,52,,,
smallpox,MN,1946,2,52,,,
smallpox,MN,1947,1,51,,,
smallpox,MN,1948,0,25,,,
smallpox,MO,1927,233,5,,,
smallpox,MO,1928,1465,52,,,
smallpox,MO,1929,1166,52,,,
smallpox,MO,1930,1619,53,,,
smallpox,MO,1931,1106,52,,,
smallpox,MO,1932,236,52,,,
smallpox,MO,1933,121,52,,,
smallpox,MO,1934,186,52,,,
smallpox,MO,1935,90,52,,,
smallpox,MO,1936,394,52,,,
smallpox,MO,1937,1534,52,,,
smallpox,MO,1938,1149,52,,,
smallpox,MO,1939,531,52,,,
smallpox,MO,1940,100,51,,,
smallpox,MO,1941,144,51,,,
smallpox,MO,1942,69,52,,,
smallpox,MO,1943,5,52,,,
smallpox,MO,1944,8,52,,,
smallpox,MO,1945,12,52,,,
smallpox,MO,1946,10,52,,,
smallpox,MO,1947,11,51,,,
smallpox,MO,1948,3,25,,,
smallpox,MO,1949,8,4,,,
smallpox,MO,1950,3,3,,,
smallpox,MO,1951,2,2,,,
smallpox,MS,1927,13,5,,,
smallpox,MS,1928,132,51,,,
smallpox,MS,1929,32,52,,,
smallpox,MS,1930,192,53,,,
smallpox,MS,1931,992,52,,,
smallpox,MS,1932,525,52,,,
smallpox,MS,1933,45,52,,,
smallpox,MS,1934,26,52,,,
smallpox,MS,1935,15,52,,,
smallpox,MS,1936,7,52,,,
smallpox,MS,1937,31,52,,,
smallpox,MS,1938,109,51,,,
smallpox,MS,1939,10,52,,,
smallpox,MS,1940,12,51,,,
smallpox,MS,1941,18,51,,,
smallpox,MS,1942,20,52,,,
smallpox,MS,1943,12,52,,,
smallpox,MS,1944,15,52,,,
smallpox,MS,1945,25,52,,,
smallpox,MS,1946,9,52,,,
smallpox,MS,1947,4,51,,,
smallpox,MS,1948,9,29,,,
smallpox,MS,1949,6,4,,,
smallpox,MS,1950,1,1,,,
smallpox,MT,1927,126,5,,,
smallpox,MT,1928,855,51,,,
smallpox,MT,1929,540,52,,,
smallpox,MT,1930,371,53,,,
smallpox,MT,1931,144,52,,,
smallpox,MT,1932,136,52,,,
smallpox,MT,1933,38,52,,,
smallpox,MT,1934,21,52,,,
smallpox,MT,1935,690,52,,,
smallpox,MT,1936,768,52,,,
smallpox,MT,1937,880,52,,,
smallpox,MT,1938,329,52,,,
smallpox,MT,1939,59,52,,,
smallpox,MT,1940,9,51,,,
smallpox,MT,1941,4,51,,,
smallpox,MT,1942,3,52,,,
smallpox,MT,1943,16,52,,,
smallpox,MT,1944,12,52,,,
smallpox,MT,1945,4,52,,,
smallpox,MT,1946,4,52,,,
smallpox,MT,1947,0,51,,,
smallpox,MT,1948,9,27,,,
smallpox,MT,1949,1,1,,,
smallpox,MT,1952,1,1,,,
smallpox,NC,1927,109,3,,,
smallpox,NC,1928,2402,49,,,
smallpox,NC,1929,583,52,,,
smallpox,NC,1930,563,53,,,
smallpox,NC,1931,64,52,,,
smallpox,NC,1932,72,52,,,
smallpox,NC,1933,37,52,,,
smallpox,NC,1934,18,52,,,
smallpox,NC,1935,22,52,,,
smallpox,NC,1936,20,52,,,
smallpox,NC,1937,12,52,,,
smallpox,NC,1938,35,52,,,
smallpox,NC,1939,16,52,,,
smallpox,NC,1940,6,51,,,
smallpox,NC,1941,4,51,,,
smallpox,NC,1942,7,52,,,
smallpox,NC,1943,20,52,,,
smallpox,NC,1944,4,52,,,
smallpox,NC,1945,1,52,,,
smallpox,NC,1946,2,52,,,
smallpox,NC,1947,2,51,,,
smallpox,NC,1948,3,25,,,
smallpox,NC,1949,2,2,,,
smallpox,ND,1928,83,51,,,
smallpox,ND,1929,359,52,,,
smallpox,ND,1930,735,53,,,
smallpox,ND,1931,421,52,,,
smallpox,ND,1932,243,52,,,
smallpox,ND,1933,27,52,,,
smallpox,ND,1934,28,52,,,
smallpox,ND,1935,54,52,,,
smallpox,ND,1936,336,52,,,
smallpox,ND,1937,753,52,,,
smallpox,ND,1938,411,52,,,
smallpox,ND,1939,89,52,,,
smallpox,ND,1940,85,51,,,
smallpox,ND,1941,11,51,,,
smallpox,ND,1942,4,52,,,
smallpox,ND,1943,4,52,,,
smallpox,ND,1944,11,52,,,
smallpox,ND,1945,10,52,,,
smallpox,ND,1946,1,52,,,
smallpox,ND,1947,4,51,,,
smallpox,ND,1948,3,27,,,
smallpox,ND,1950,1,1,,,
smallpox,NE,1905,13,1,,,
smallpox,NE,1927,83,5,,,
smallpox,NE,1928,1472,52,,,
smallpox,NE,1929,1802,52,,,
smallpox,NE,1930,2010,53,,,
smallpox,NE,1931,1221,52,,,
smallpox,NE,1932,302,52,,,
smallpox,NE,1933,135,52,,,
smallpox,NE,1934,226,52,,,
smallpox,NE,1935,1296,52,,,
smallpox,NE,1936,764,52,,,
smallpox,NE,1937,168,52,,,
smallpox,NE,1938,196,52,,,
smallpox,NE,1939,223,52,,,
smallpox,NE,1940,33,51,,,
smallpox,NE,1941,9,51,,,
smallpox,NE,1942,17,52,,,
smallpox,NE,1943,18,52,,,
smallpox,NE,1944,9,52,,,
smallpox,NE,1945,10,52,,,
smallpox,NE,1946,4,52,,,
smallpox,NE,1947,6,51,,,
smallpox,NE,1948,3,26,,,
smallpox,NE,1950,1,1,,,
smallpox,NE,1951,3,2,,,
smallpox,NE,1952,1,1,,,
smallpox,NH,1927,0,1,,,
smallpox,NH,1928,1,46,,,
smallpox,NH,1929,11,51,,,
smallpox,NH,1930,0,53,,,
smallpox,NH,1931,2,52,,,
smallpox,NH,1932,2,52,,,
smallpox,NH,1933,0,52,,,
smallpox,NH,1934,2,52,,,
smallpox,NH,1935,0,51,,,
smallpox,NH,1936,0,52,,,
smallpox,NH,1937,0,52,,,
smallpox,NH,1938,0,52,,,
smallpox,NH,1939,0,52,,,
smallpox,NH,1940,0,51,,,
smallpox,NH,1941,0,51,,,
smallpox,NH,1942,1,52,,,
smallpox,NH,1943,0,52,,,
smallpox,NH,1944,0,52,,,
smallpox,NH,1945,0,52,,,
smallpox,NH,1946,0,52,,,
smallpox,NH,1947,0,51,,,
smallpox,NH,1948,0,25,,,
smallpox,NJ,1922,1,1,,,
smallpox,NJ,1927,12,5,,,
smallpox,NJ,1928,91,51,,,
smallpox,NJ,1929,1,52,,,
smallpox,NJ,1930,1,53,,,
smallpox,NJ,1931,10,52,,,
smallpox,NJ,1932,0,52,,,
smallpox,NJ,1933,1,52,,,
smallpox,NJ,1934,0,52,,,
smallpox,NJ,1935,0,52,,,
smallpox,NJ,1936,0,52,,,
smallpox,NJ,1937,0,52,,,
smallpox,NJ,1938,0,52,,,
smallpox,NJ,1939,0,52,,,
smallpox,NJ,1940,0,51,,,
smallpox,NJ,1941,0,51,,,
smallpox,NJ,1942,0,52,,,
smallpox,NJ,1943,2,52,,,
smallpox,NJ,1944,0,52,,,
smallpox,NJ,1945,0,52,,,
smallpox,NJ,1946,2,52,,,
smallpox,NJ,1947,1,51,,,
smallpox,NJ,1948,0,24,,,
smallpox,NM,1927,0,5,,,
smallpox,NM,1928,77,51,,,
smallpox,NM,1929,80,52,,,
smallpox,NM,1930,176,53,,,
smallpox,NM,1931,61,52,,,
smallpox,NM,1932,22,52,,,
smallpox,NM,1933,19,52,,,
smallpox,NM,1934,15,52,,,
smallpox,NM,1935,47,52,,,
smallpox,NM,1936,5,52,,,
smallpox,NM,1937,17,52,,,
smallpox,NM,1938,55,52,,,
smallpox,NM,1939,33,52,,,
smallpox,NM,1940,8,51,,,
smallpox,NM,1941,6,51,,,
smallpox,NM,1942,4,52,,,
smallpox,NM,1943,4,52,,,
smallpox,NM,1944,3,52,,,
smallpox,NM,1945,4,50,,,
smallpox,NM,1946,1,52,,,
smallpox,NM,1947,12,51,,,
smallpox,NM,1948,2,26,,,
smallpox,NM,1949,3,3,,,
smallpox,NM,1950,1,1,,,
smallpox,NM,1952,1,1,,,
smallpox,NV,1940,0,10,,,
smallpox,NV,1941,3,50,,,
smallpox,NV,1942,1,52,,,
smallpox,NV,1943,1,52,,,
smallpox,NV,1944,1,52,,,
smallpox,NV,1945,4,52,,,
smallpox,NV,1946,2,52,,,
smallpox,NV,1947,0,51,,,
smallpox,NV,1948,2,25,,,
smallpox,NV,1950,1,1,,,
smallpox,NV,1951,2,2,,,
smallpox,NV,1952,2,2,,,
smallpox,NY,1909,1,1,,,
smallpox,NY,1927,41,5,,,
smallpox,NY,1928,188,51,,,
smallpox,NY,1929,289,52,,,
smallpox,NY,1930,333,53,,,
smallpox,NY,1931,422,52,,,
smallpox,NY,1932,193,52,,,
smallpox,NY,1933,3,52,,,
smallpox,NY,1934,0,52,,,
smallpox,NY,1935,2,52,,,
smallpox,NY,1936,66,52,,,
smallpox,NY,1937,56,52,,,
smallpox,NY,1938,0,52,,,
smallpox,NY,1939,50,52,,,
smallpox,NY,1940,0,51,,,
smallpox,NY,1941,0,51,,,
smallpox,NY,1942,0,52,,,
smallpox,NY,1943,0,52,,,
smallpox,NY,1944,0,52,,,
smallpox,NY,1945,0,52,,,
smallpox,NY,1946,0,52,,,
smallpox,NY,1947,10,51,,,
smallpox,NY,1948,0,25,,,
smallpox,OH,1927,78,5,,,
smallpox,OH,1928,1123,49,,,
smallpox,OH,1929,2968,52,,,
smallpox,OH,1930,5239,53,,,
smallpox,OH,1931,1796,52,,,
smallpox,OH,1932,1018,52,,,
smallpox,OH,1933,249,52,,,
smallpox,OH,1934,39,52,,,
smallpox,OH,1935,33,52,,,
smallpox,OH,1936,47,52,,,
smallpox,OH,1937,121,52,,,
smallpox,OH,1938,360,52,,,
smallpox,OH,1939,637,52,,,
smallpox,OH,1940,21,51,,,
smallpox,OH,1941,18,51,,,
smallpox,OH,1942,31,51,,,
smallpox,OH,1943,107,52,,,
smallpox,OH,1944,16,52,,,
smallpox,OH,1945,9,52,,,
smallpox,OH,1946,17,52,,,
smallpox,OH,1947,13,51,,,
smallpox,OH,1948,1,25,,,
smallpox,OH,1949,2,2,,,
smallpox,OH,1950,2,2,,,
smallpox,OH,1951,2,2,,,
smallpox,OK,1927,241,5,,,
smallpox,OK,1928,3922,52,,,
smallpox,OK,1929,2059,52,,,
smallpox,OK,1930,2686,53,,,
smallpox,OK,1931,2032,52,,,
smallpox,OK,1932,537,52,,,
smallpox,OK,1933,165,52,,,
smallpox,OK,1934,105,52,,,
smallpox,OK,1935,46,52,,,
smallpox,OK,1936,50,52,,,
smallpox,OK,1937,119,52,,,
smallpox,OK,1938,567,52,,,
smallpox,OK,1939,868,52,,,
smallpox,OK,1940,144,51,,,
smallpox,OK,1941,37,51,,,
smallpox,OK,1942,24,52,,,
smallpox,OK,1943,14,52,,,
smallpox,OK,1944,7,52,,,
smallpox,OK,1945,13,52,,,
smallpox,OK,1946,16,52,,,
smallpox,OK,1947,4,51,,,
smallpox,OK,1948,9,27,,,
smallpox,OK,1949,2,2,,,
smallpox,OK,1950,5,2,,,
smallpox,OR,1927,180,5,,,
smallpox,OR,1928,1921,52,,,
smallpox,OR,1929,1153,52,,,
smallpox,OR,1930,799,53,,,
smallpox,OR,1931,774,52,,,
smallpox,OR,1932,392,52,,,
smallpox,OR,1933,312,52,,,
smallpox,OR,1934,151,52,,,
smallpox,OR,1935,116,52,,,
smallpox,OR,1936,359,52,,,
smallpox,OR,1937,608,52,,,
smallpox,OR,1938,664,52,,,
smallpox,OR,1939,236,52,,,
smallpox,OR,1940,57,51,,,
smallpox,OR,1941,61,51,,,
smallpox,OR,1942,12,52,,,
smallpox,OR,1943,17,52,,,
smallpox,OR,1944,3,52,,,
smallpox,OR,1945,6,52,,,
smallpox,OR,1946,1,52,,,
smallpox,OR,1947,0,51,,,
smallpox,OR,1948,15,26,,,
smallpox,OR,1950,1,1,,,
smallpox,PA,1925,0,1,,,
smallpox,PA,1927,0,5,,,
smallpox,PA,1928,75,52,,,
smallpox,PA,1929,52,50,,,
smallpox,PA,1930,42,53,,,
smallpox,PA,1931,11,52,,,
smallpox,PA,1932,7,52,,,
smallpox,PA,1933,0,52,,,
smallpox,PA,1934,0,52,,,
smallpox,PA,1935,0,52,,,
smallpox,PA,1936,0,52,,,
smallpox,PA,1937,0,52,,,
smallpox,PA,1938,0,52,,,
smallpox,PA,1939,1,52,,,
smallpox,PA,1940,0,51,,,
smallpox,PA,1941,0,51,,,
smallpox,PA,1942,48,52,,,
smallpox,PA,1943,16,52,,,
smallpox,PA,1944,0,52,,,
smallpox,PA,1945,0,52,,,
smallpox,PA,1946,0,52,,,
smallpox,PA,1947,0,50,,,
smallpox,PA,1948,0,24,,,
smallpox,RI,1927,0,5,,,
smallpox,RI,1928,0,51,,,
smallpox,RI,1929,0,52,,,
smallpox,RI,1930,0,53,,,
smallpox,RI,1931,0,52,,,
smallpox,RI,1932,0,52,,,
smallpox,RI,1933,0,52,,,
smallpox,RI,1934,0,52,,,
smallpox,RI,1935,0,52,,,
smallpox,RI,1936,0,52,,,
smallpox,RI,1937,0,52,,,
smallpox,RI,1938,0,52,,,
smallpox,RI,1939,0,52,,,
smallpox,RI,1940,0,51,,,
smallpox,RI,1941,0,51,,,
smallpox,RI,1942,0,52,,,
smallpox,RI,1943,0,51,,,
smallpox,RI,1944,0,52,,,
smallpox,RI,1945,0,52,,,
smallpox,RI,1946,0,52,,,
smallpox,RI,1947,0,51,,,
smallpox,RI,1948,0,25,,,
smallpox,SC,1927,22,5,,,
smallpox,SC,1928,290,52,,,
smallpox,SC,1929,109,52,,,
smallpox,SC,1930,82,53,,,
smallpox,SC,1931,65,52,,,
smallpox,SC,1932,17,52,,,
smallpox,SC,1933,22,52,,,
smallpox,SC,1934,24,52,,,
smallpox,SC,1935,7,52,,,
smallpox,SC,1936,13,52,,,
smallpox,SC,1937,2,52,,,
smallpox,SC,1938,0,52,,,
smallpox,SC,1939,4,52,,,
smallpox,SC,1940,8,51,,,
smallpox,SC,1941,10,51,,,
smallpox,SC,1942,8,52,,,
smallpox,SC,1943,5,52,,,
smallpox,SC,1944,10,52,,,
smallpox,SC,1945,2,52,,,
smallpox,SC,1946,0,52,,,
smallpox,SC,1947,2,51,,,
smallpox,SC,1948,0,25,,,
smallpox,SD,1927,43,5,,,
smallpox,SD,1928,357,50,,,
smallpox,SD,1929,1095,52,,,
smallpox,SD,1930,1407,53,,,
smallpox,SD,1931,669,52,,,
smallpox,SD,1932,158,52,,,
smallpox,SD,1933,21,52,,,
smallpox,SD,1934,134,52,,,
smallpox,SD,1935,293,52,,,
smallpox,SD,1936,608,52,,,
smallpox,SD,1937,142,52,,,
smallpox,SD,1938,313,52,,,
smallpox,SD,1939,278,52,,,
smallpox,SD,1940,94,51,,,
smallpox,SD,1941,61,51,,,
smallpox,SD,1942,13,52,,,
smallpox,SD,1943,17,52,,,
smallpox,SD,1944,11,52,,,
smallpox,SD,1945,10,52,,,
smallpox,SD,1946,0,52,,,
smallpox,SD,1947,4,51,,,
smallpox,SD,1948,1,26,,,
smallpox,SD,1949,6,5,,,
smallpox,SD,1950,2,2,,,
smallpox,SD,1951,1,1,,,
smallpox,SD,1952,1,1,,,
smallpox,TN,1927,35,5,,,
smallpox,TN,1928,681,52,,,
smallpox,TN,1929,246,52,,,
smallpox,TN,1930,429,53,,,
smallpox,TN,1931,354,52,,,
smallpox,TN,1932,439,52,,,
smallpox,TN,1933,50,52,,,
smallpox,TN,1934,38,52,,,
smallpox,TN,1935,13,52,,,
smallpox,TN,1936,11,52,,,
smallpox,TN,1937,49,52,,,
smallpox,TN,1938,140,52,,,
smallpox,TN,1939,216,52,,,
smallpox,TN,1940,50,51,,,
smallpox,TN,1941,23,51,,,
smallpox,TN,1942,53,52,,,
smallpox,TN,1943,9,52,,,
smallpox,TN,1944,12,52,,,
smallpox,TN,1945,8,52,,,
smallpox,TN,1946,5,52,,,
smallpox,TN,1947,6,51,,,
smallpox,TN,1948,40,27,,,
smallpox,TN,1950,1,1,,,
smallpox,TX,1927,53,4,,,
smallpox,TX,1928,1798,52,,,
smallpox,TX,1929,2442,52,,,
smallpox,TX,1930,2747,53,,,
smallpox,TX,1931,1799,51,,,
smallpox,TX,1932,1068,52,,,
smallpox,TX,1933,822,52,,,
smallpox,TX,1934,883,52,,,
smallpox,TX,1935,547,52,,,
smallpox,TX,1936,78,52,,,
smallpox,TX,1937,171,52,,,
smallpox,TX,1938,628,52,,,
smallpox,TX,1939,501,52,,,
smallpox,TX,1940,119,51,,,
smallpox,TX,1941,46,51,,,
smallpox,TX,1942,127,52,,,
smallpox,TX,1943,79,52,,,
smallpox,TX,1944,41,52,,,
smallpox,TX,1945,9,52,,,
smallpox,TX,1946,26,52,,,
smallpox,TX,1947,15,51,,,
smallpox,TX,1948,74,28,,,
smallpox,TX,1949,8,4,,,
smallpox,TX,1950,1,1,,,
smallpox,TX,1952,1,1,,,
smallpox,UT,1927,174,5,,,
smallpox,UT,1928,415,52,,,
smallpox,UT,1929,166,51,,,
smallpox,UT,1930,27,53,,,
smallpox,UT,1931,17,52,,,
smallpox,UT,1932,4,52,,,
smallpox,UT,1933,28,52,,,
smallpox,UT,1934,34,52,,,
smallpox,UT,1935,8,51,,,
smallpox,UT,1936,82,52,,,
smallpox,UT,1937,17,52,,,
smallpox,UT,1938,29,52,,,
smallpox,UT,1939,20,52,,,
smallpox,UT,1940,14,51,,,
smallpox,UT,1941,0,51,,,
smallpox,UT,1942,0,52,,,
smallpox,UT,1943,1,52,,,
smallpox,UT,1944,1,52,,,
smallpox,UT,1945,3,52,,,
smallpox,UT,1946,0,52,,,
smallpox,UT,1947,0,51,,,
smallpox,UT,1948,13,26,,,
smallpox,VA,1920,1,1,,,
smallpox,VA,1921,5,3,,,
smallpox,VA,1922,5,3,,,
smallpox,VA,1923,4,4,,,
smallpox,VA,1928,2,10,,,
smallpox,VA,1929,63,3,,,
smallpox,VA,1930,10,4,,,
smallpox,VA,1931,12,6,,,
smallpox,VA,1932,10,28,,,
smallpox,VA,1933,8,52,,,
smallpox,VA,1934,32,52,,,
smallpox,VA,1935,10,52,,,
smallpox,VA,1936,4,52,,,
smallpox,VA,1937,6,52,,,
smallpox,VA,1938,4,52,,,
smallpox,VA,1939,0,52,,,
smallpox,VA,1940,5,51,,,
smallpox,VA,1941,1,51,,,
smallpox,VA,1942,0,52,,,
smallpox,VA,1943,0,52,,,
smallpox,VA,1944,4,52,,,
smallpox,VA,1945,1,52,,,
smallpox,VA,1946,0,52,,,
smallpox,VA,1947,0,51,,,
smallpox,VA,1948,0,25,,,
smallpox,VT,1927,0,4,,,
smallpox,VT,1928,10,52,,,
smallpox,VT,1929,139,52,,,
smallpox,VT,1930,82,53,,,
smallpox,VT,1931,238,52,,,
smallpox,VT,1932,174,52,,,
smallpox,VT,1933,3,52,,,
smallpox,VT,1934,0,52,,,
smallpox,VT,1935,1,52,,,
smallpox,VT,1936,1,52,,,
smallpox,VT,1937,1,52,,,
smallpox,VT,1938,0,52,,,
smallpox,VT,1939,0,52,,,
smallpox,VT,1940,0,51,,,
smallpox,VT,1941,0,51,,,
smallpox,VT,1942,0,52,,,
smallpox,VT,1943,0,52,,,
smallpox,VT,1944,0,52,,,
smallpox,VT,1945,0,52,,,
smallpox,VT,1946,0,52,,,
smallpox,VT,1947,0,51,,,
smallpox,VT,1948,0,25,,,
smallpox,WA,1900,2,2,,,
smallpox,WA,1901,1,1,,,
smallpox,WA,1902,5,2,,,
smallpox,WA,1903,2,1,,,
smallpox,WA,1904,2,2,,,
smallpox,WA,1905,9,1,,,
smallpox,WA,1906,1,1,,,
smallpox,WA,1907,2,2,,,
smallpox,WA,1908,7,1,,,
smallpox,WA,1909,1,1,,,
smallpox,WA,1920,7,1,,,
smallpox,WA,1927,155,5,,,
smallpox,WA,1928,1616,52,,,
smallpox,WA,1929,2067,52,,,
smallpox,WA,1930,2367,53,,,
smallpox,WA,1931,1038,52,,,
smallpox,WA,1932,665,52,,,
smallpox,WA,1933,283,52,,,
smallpox,WA,1934,547,52,,,
smallpox,WA,1935,1365,52,,,
smallpox,WA,1936,379,52,,,
smallpox,WA,1937,479,52,,,
smallpox,WA,1938,976,52,,,
smallpox,WA,1939,91,52,,,
smallpox,WA,1940,15,51,,,
smallpox,WA,1941,31,51,,,
smallpox,WA,1942,10,52,,,
smallpox,WA,1943,5,52,,,
smallpox,WA,1944,14,52,,,
smallpox,WA,1945,9,52,,,
smallpox,WA,1946,63,52,,,
smallpox,WA,1947,0,51,,,
smallpox,WA,1948,13,26,,,
smallpox,WI,1927,186,5,,,
smallpox,WI,1928,830,52,,,
smallpox,WI,1929,681,52,,,
smallpox,WI,1930,912,52,,,
smallpox,WI,1931,370,52,,,
smallpox,WI,1932,89,52,,,
smallpox,WI,1933,538,52,,,
smallpox,WI,1934,1010,52,,,
smallpox,WI,1935,642,52,,,
smallpox,WI,1936,412,52,,,
smallpox,WI,1937,217,52,,,
smallpox,WI,1938,213,52,,,
smallpox,WI,1939,167,52,,,
smallpox,WI,1940,180,51,,,
smallpox,WI,1941,156,51,,,
smallpox,WI,1942,27,52,,,
smallpox,WI,1943,13,52,,,
smallpox,WI,1944,17,52,,,
smallpox,WI,1945,16,52,,,
smallpox,WI,1946,5,52,,,
smallpox,WI,1947,5,51,,,
smallpox,WI,1948,2,26,,,
smallpox,WI,1949,2,2,,,
smallpox,WI,1950,1,1,,,
smallpox,WI,1951,2,2,,,
smallpox,WI,1952,1,1,,,
smallpox,WV,1927,73,5,,,
smallpox,WV,1928,1300,52,,,
smallpox,WV,1929,603,52,,,
smallpox,WV,1930,790,52,,,
smallpox,WV,1931,250,52,,,
smallpox,WV,1932,62,52,,,
smallpox,WV,1933,59,52,,,
smallpox,WV,1934,11,52,,,
smallpox,WV,1935,21,52,,,
smallpox,WV,1936,5,52,,,
smallpox,WV,1937,17,52,,,
smallpox,WV,1938,8,52,,,
smallpox,WV,1939,24,52,,,
smallpox,WV,1940,5,51,,,
smallpox,WV,1941,7,51,,,
smallpox,WV,1942,5,52,,,
smallpox,WV,1943,5,52,,,
smallpox,WV,1944,4,52,,,
smallpox,WV,1945,0,52,,,
smallpox,WV,1946,1,52,,,
smallpox,WV,1947,2,51,,,
smallpox,WV,1948,1,25,,,
smallpox,WY,1927,29,5,,,
smallpox,WY,1928,163,52,,,
smallpox,WY,1929,334,52,,,
smallpox,WY,1930,253,53,,,
smallpox,WY,1931,54,52,,,
smallpox,WY,1932,23,52,,,
smallpox,WY,1933,5,52,,,
smallpox,WY,1934,107,52,,,
smallpox,WY,1935,315,52,,,
smallpox,WY,1936,195,52,,,
smallpox,WY,1937,155,52,,,
smallpox,WY,1938,57,52,,,
smallpox,WY,1939,23,52,,,
smallpox,WY,1940,7,51,,,
smallpox,WY,1941,2,51,,,
smallpox,WY,1942,4,52,,,
smallpox,WY,1943,0,52,,,
smallpox,WY,1944,1,52,,,
smallpox,WY,1945,3,52,,,
smallpox,WY,1946,4,52,,,
smallpox,WY,1947,1,51,,,
smallpox,WY,1948,1,25,,,
smallpox,WY,1950,2,1,,,
smallpox,WY,1951,1,1,,,
smallpox,WY,1952,1,1,,,
varicella,AK,1972,261,28,,,
varicella,AK,1973,612,48,,,
varicella,AK,1974,462,46,,,
varicella,AK,1975,332,43,,,
varicella,AK,1976,467,46,,,
varicella,AK,1977,613,48,,,
varicella,AK,1978,555,44,,,
varicella,AK,1979,326,43,,,
varicella,AK,1980,267,31,,,
varicella,AK,1981,368,40,,,
varicella,AK,2007,25,17,41,52,41
varicella,AK,2008,61,33,74,54,74
varicella,AK,2009,41,17,54,52,83
varicella,AK,2010,3,1,45,52,46
varicella,AK,2011,2,2,69,52,69
varicella,AK,2012,42,28,64,52,64
varicella,AK,2013,35,24,62,52,62
varicella,AK,2014,29,16,70,53,70
varicella,AK,2015,29,12,68,53,68
varicella,AK,2016,9,9,18,53,18
varicella,AK,2017,12,9,47,52,47
varicella,AL,1972,505,38,,,
varicella,AL,1973,866,41,,,
varicella,AL,1974,555,43,,,
varicella,AL,1975,954,42,,,
varicella,AL,1976,732,43,,,
varicella,AL,1977,918,40,,,
varicella,AL,1978,834,45,,,
varicella,AL,1979,511,39,,,
varicella,AL,1980,688,32,,,
varicella,AL,1981,1285,34,,,
varicella,AL,2006,59,15,238,52,238
varicella,AL,2007,239,42,654,52,654
varicella,AL,2008,419,42,1081,54,1081
varicella,AL,2009,11,4,516,52,516
varicella,AL,2010,106,34,291,52,291
varicella,AL,2011,110,35,253,52,253
varicella,AL,2012,99,33,3,53,185
varicella,AL,2013,70,34,1,53,159
varicella,AL,2014,41,25,104,53,128
varicella,AL,2015,48,26,163,53,163
varicella,AL,2016,31,21,88,53,88
varicella,AL,2017,12,8,36,52,36
varicella,AR,1972,60,18,,,
varicella,AR,1973,323,33,,,
varicella,AR,1974,1021,41,,,
varicella,AR,1975,352,20,,,
varicella,AR,1976,135,18,,,
varicella,AR,1977,298,39,,,
varicella,AR,1978,287,27,,,
varicella,AR,1979,175,28,,,
varicella,AR,1980,116,28,,,
varicella,AR,1981,265,26,,,
varicella,AR,2005,,,38,52,97
varicella,AR,2006,710,38,926,52,926
varicella,AR,2007,330,33,659,52,659
varicella,AR,2008,180,24,557,54,557
varicella,AR,2009,5,2,115,52,115
varicella,AR,2010,19,8,129,52,129
varicella,AR,2011,82,26,295,52,295
varicella,AR,2012,55,21,193,52,193
varicella,AR,2013,21,10,182,52,182
varicella,AR,2014,58,23,219,53,219
varicella,AR,2015,91,33,194,53,194
varicella,AR,2016,50,30,127,53,127
varicella,AR,2017,72,33,109,52,109
varicella,AZ,1972,1840,46,,,
varicella,AZ,1973,81,4,,,
varicella,AZ,1981,0,1,,,
varicella,AZ,2003,,,4,52,4
varicella,AZ,2010,16,1,366,14,366
varicella,AZ,2011,30,13,427,52,427
varicella,AZ,2012,95,28,480,52,480
varicella,AZ,2013,75,20,350,52,350
varicella,AZ,2014,141,40,310,53,396
varicella,AZ,2015,175,46,261,53,261
varicella,AZ,2016,209,49,277,53,277
varicella,AZ,2017,154,44,194,52,194
varicella,CA,1975,15,1,,,
varicella,CA,1976,1,1,,,
varicella,CA,1981,436,28,,,
varicella,CA,2010,4,1,52,14,52
varicella,CA,2011,18,4,29,52,36
varicella,CA,2012,4,3,23,52,23
varicella,CA,2013,4,3,15,52,15
varicella,CA,2014,2,2,29,53,29
varicella,CA,2015,1,1,39,53,39
varicella,CA,2016,3,3,29,53,29
varicella,CA,2017,,,24,52,24
varicella,CO,1972,1153,43,,,
varicella,CO,1973,1439,49,,,
varicella,CO,1974,982,48,,,
varicella,CO,1975,1587,51,,,
varicella,CO,1976,2633,51,,,
varicella,CO,1977,4094,51,,,
varicella,CO,1978,3236,49,,,
varicella,CO,1979,2244,48,,,
varicella,CO,1980,1849,38,,,
varicella,CO,1981,1512,28,,,
varicella,CO,2004,,,1958,52,1958
varicella,CO,2005,,,1776,52,1776
varicella,CO,2006,1120,36,1455,52,1455
varicella,CO,2007,803,38,1085,52,1085
varicella,CO,2008,629,42,842,54,842
varicella,CO,2009,333,36,515,52,515
varicella,CO,2010,292,34,407,52,407
varicella,CO,2011,239,32,285,52,285
varicella,CO,2012,323,32,456,52,645
varicella,CO,2013,,,1,53,208
varicella,CO,2014,309,41,309,53,310
varicella,CO,2015,95,14,95,53,95
varicella,CO,2016,94,12,94,53,94
varicella,CO,2017,238,33,238,52,238
varicella,CT,1972,6646,46,,,
varicella,CT,1973,6274,51,,,
varicella,CT,1974,5530,48,,,
varicella,CT,1975,4290,49,,,
varicella,CT,1976,3464,52,,,
varicella,CT,1977,6217,51,,,
varicella,CT,1978,3366,50,,,
varicella,CT,1979,11131,49,,,
varicella,CT,1980,6201,38,,,
varicella,CT,1981,4906,48,,,
varicella,CT,2007,,,2,52,2
varicella,CT,2010,33,10,292,52,292
varicella,CT,2011,46,14,295,52,295
varicella,CT,2012,40,25,3,53,255
varicella,CT,2013,39,23,213,52,213
varicella,CT,2014,21,14,185,53,200
varicella,CT,2015,29,17,133,53,133
varicella,CT,2016,17,12,108,53,108
varicella,CT,2017,25,20,109,52,109
varicella,DC,1972,438,32,,,
varicella,DC,1973,178,38,,,
varicella,DC,1974,176,31,,,
varicella,DC,1975,517,41,,,
varicella,DC,1976,557,48,,,
varicella,DC,1977,63,19,,,
varicella,DC,1978,29,18,,,
varicella,DC,1979,107,27,,,
varicella,DC,1980,72,22,,,
varicella,DC,1981,20,16,,,
varicella,DC,2003,,,31,52,31
varicella,DC,2004,,,26,52,26
varicella,DC,2005,,,41,52,41
varicella,DC,2006,46,20,48,52,48
varicella,DC,2007,6,1,14,52,14
varicella,DC,2008,1,1,23,54,26
varicella,DC,2009,,,13,52,13
varicella,DC,2010,3,3,19,52,19
varicella,DC,2011,1,1,12,52,12
varicella,DC,2012,2,1,12,52,12
varicella,DC,2013,,,10,52,10
varicella,DC,2016,5,5,8,53,8
varicella,DC,2017,,,14,52,14
varicella,DE,1972,276,41,,,
varicella,DE,1973,437,40,,,
varicella,DE,1974,190,41,,,
varicella,DE,1975,243,37,,,
varicella,DE,1976,234,42,,,
varicella,DE,1977,227,39,,,
varicella,DE,1978,213,39,,,
varicella,DE,1979,236,41,,,
varicella,DE,1980,442,36,,,
varicella,DE,1981,230,41,,,
varicella,DE,2003,,,28,52,28
varicella,DE,2004,,,5,52,7
varicella,DE,2005,,,31,52,31
varicella,DE,2006,4,4,66,52,66
varicella,DE,2007,4,3,45,52,45
varicella,DE,2008,8,3,45,54,47
varicella,DE,2009,1,1,12,52,12
varicella,DE,2010,4,3,25,52,39
varicella,DE,2011,,,9,52,9
varicella,DE,2012,,,3,52,3
varicella,DE,2013,,,18,52,18
varicella,DE,2014,2,2,15,53,15
varicella,DE,2015,1,1,15,53,15
varicella,DE,2016,2,2,12,53,12
varicella,DE,2017,3,3,22,52,22
varicella,FL,1975,1526,31,,,
varicella,FL,1976,4438,51,,,
varicella,FL,1977,4951,50,,,
varicella,FL,1978,4553,49,,,
varicella,FL,1979,4293,49,,,
varicella,FL,1980,6308,37,,,
varicella,FL,1981,9388,48,,,
varicella,FL,2006,20,1,20,48,20
varicella,FL,2007,1272,48,1308,52,1308
varicella,FL,2008,1730,52,1708,54,1708
varicella,FL,2009,1124,50,1129,52,1129
varicella,FL,2010,964,48,994,52,994
varicella,FL,2011,832,48,880,52,880
varicella,FL,2012,679,44,755,52,755
varicella,FL,2013,497,40,2,53,652
varicella,FL,2014,564,50,569,53,684
varicella,FL,2015,689,46,737,53,737
varicella,FL,2016,739,52,734,53,734
varicella,FL,2017,597,47,674,52,674
varicella,GA,1972,34,9,,,
varicella,GA,1973,30,10,,,
varicella,GA,1974,35,9,,,
varicella,GA,1975,54,11,,,
varicella,GA,1976,38,4,,,
varicella,GA,1977,166,8,,,
varicella,GA,1978,80,9,,,
varicella,GA,1979,21,6,,,
varicella,GA,1980,258,19,,,
varicella,GA,1981,681,42,,,
varicella,GA,2010,9,1,172,14,172
varicella,GA,2012,9,3,43,52,43
varicella,GA,2013,4,3,37,52,37
varicella,GA,2014,2,2,59,53,59
varicella,GA,2015,,,46,53,46
varicella,GA,2016,8,8,140,53,140
varicella,GA,2017,3,3,201,52,201
varicella,GU,1972,143,25,,,
varicella,GU,1973,7,1,,,
varicella,GU,1976,7,1,,,
varicella,GU,1981,2,1,,,
varicella,GU,2004,,,112,52,112
varicella,GU,2005,,,20,8,20
varicella,GU,2006,0,1,,,
varicella,GU,2007,7,4,254,52,254
varicella,GU,2008,4,1,63,54,63
varicella,GU,2010,1,1,15,52,15
varicella,GU,2011,,,16,51,16
varicella,HI,1972,537,24,,,
varicella,HI,1973,1425,48,,,
varicella,HI,1974,756,49,,,
varicella,HI,1975,1977,47,,,
varicella,HI,1976,1016,52,,,
varicella,HI,1977,827,48,,,
varicella,HI,1978,626,48,,,
varicella,HI,1979,787,46,,,
varicella,HI,1980,757,38,,,
varicella,HI,1981,709,46,,,
varicella,HI,2008,1,1,64,54,64
varicella,HI,2009,12,9,35,52,35
varicella,HI,2010,3,2,32,52,32
varicella,HI,2011,16,11,40,52,40
varicella,HI,2012,23,16,42,52,42
varicella,HI,2013,6,3,29,52,29
varicella,HI,2014,3,3,46,53,52
varicella,HI,2015,11,8,54,53,54
varicella,HI,2016,2,2,24,53,24
varicella,HI,2017,5,4,48,52,48
varicella,IA,1972,8429,47,,,
varicella,IA,1973,11542,49,,,
varicella,IA,1974,8411,49,,,
varicella,IA,1975,9465,51,,,
varicella,IA,1976,11765,52,,,
varicella,IA,1977,8008,50,,,
varicella,IA,1978,6697,49,,,
varicella,IA,1979,8654,49,,,
varicella,IA,1980,7702,36,,,
varicella,IA,1981,7970,47,,,
varicella,ID,1972,2,1,,,
varicella,ID,1974,1,1,,,
varicella,ID,1975,79,20,,,
varicella,ID,1976,678,40,,,
varicella,ID,1977,1014,42,,,
varicella,ID,1978,916,33,,,
varicella,ID,1979,78,23,,,
varicella,ID,1980,24,14,,,
varicella,ID,1981,14,8,,,
varicella,ID,2010,,,5,14,5
varicella,IL,1972,2977,11,,,
varicella,IL,1973,312,1,,,
varicella,IL,1975,4073,33,,,
varicella,IL,1976,13592,50,,,
varicella,IL,1977,13376,51,,,
varicella,IL,1978,12419,50,,,
varicella,IL,1979,15712,49,,,
varicella,IL,1980,18564,37,,,
varicella,IL,1981,16939,47,,,
varicella,IL,2004,,,2,52,2
varicella,IL,2005,,,82,52,82
varicella,IL,2006,,,68,52,68
varicella,IL,2007,2,2,173,52,173
varicella,IL,2008,192,28,1369,54,1369
varicella,IL,2009,179,21,1528,52,1528
varicella,IL,2010,138,33,1164,52,1164
varicella,IL,2011,107,33,761,52,761
varicella,IL,2012,76,27,1,53,866
varicella,IL,2013,79,33,1,53,696
varicella,IL,2014,93,35,579,53,706
varicella,IL,2015,42,21,424,53,424
varicella,IL,2016,61,30,452,53,452
varicella,IL,2017,47,23,282,52,283
varicella,IN,1972,4637,46,,,
varicella,IN,1973,5974,51,,,
varicella,IN,1974,4129,47,,,
varicella,IN,1975,4303,47,,,
varicella,IN,1976,6097,51,,,
varicella,IN,1977,4821,50,,,
varicella,IN,1978,6067,38,,,
varicella,IN,1979,5885,42,,,
varicella,IN,1980,5650,35,,,
varicella,IN,1981,9453,45,,,
varicella,IN,2004,,,139,52,139
varicella,IN,2005,,,597,52,597
varicella,IN,2006,475,1,475,52,475
varicella,IN,2009,7,4,392,52,392
varicella,IN,2010,189,30,406,52,406
varicella,IN,2011,183,36,299,52,299
varicella,IN,2012,246,41,2,53,452
varicella,IN,2013,223,42,2,53,306
varicella,IN,2014,100,32,226,53,416
varicella,IN,2015,12,8,149,53,149
varicella,IN,2016,12,11,183,53,183
varicella,IN,2017,15,11,212,52,212
varicella,KS,1972,976,22,,,
varicella,KS,1973,1403,30,,,
varicella,KS,1974,2017,38,,,
varicella,KS,1975,4534,36,,,
varicella,KS,1976,9013,43,,,
varicella,KS,1977,7274,39,,,
varicella,KS,1978,5967,42,,,
varicella,KS,1979,7310,42,,,
varicella,KS,1980,6089,27,,,
varicella,KS,1981,9788,38,,,
varicella,KS,2006,103,19,358,52,358
varicella,KS,2007,288,27,521,52,521
varicella,KS,2008,181,30,471,54,471
varicella,KS,2009,108,17,183,52,183
varicella,KS,2010,25,10,228,52,231
varicella,KS,2011,20,11,403,52,403
varicella,KS,2012,15,3,85,52,85
varicella,KY,1972,2987,44,,,
varicella,KY,1973,3594,50,,,
varicella,KY,1974,2075,49,,,
varicella,KY,1975,2789,50,,,
varicella,KY,1976,2842,50,,,
varicella,KY,1977,1791,49,,,
varicella,KY,1978,2488,45,,,
varicella,KY,1979,3541,48,,,
varicella,KY,1980,2322,38,,,
varicella,KY,1981,2442,48,,,
varicella,KY,2010,1,1,43,14,43
varicella,LA,1981,0,1,,,
varicella,LA,2003,,,14,52,14
varicella,LA,2004,,,51,52,51
varicella,LA,2005,,,120,52,120
varicella,LA,2006,,,68,52,90
varicella,LA,2007,7,4,110,52,110
varicella,LA,2008,1,1,70,54,70
varicella,LA,2009,16,12,76,52,76
varicella,LA,2010,1,1,88,52,88
varicella,LA,2011,3,3,78,52,78
varicella,LA,2012,,,98,52,98
varicella,LA,2013,8,7,52,52,52
varicella,LA,2014,4,3,32,53,40
varicella,LA,2015,28,14,97,53,97
varicella,LA,2016,10,6,26,53,26
varicella,LA,2017,1,1,10,52,10
varicella,MA,1972,7991,44,,,
varicella,MA,1973,9936,46,,,
varicella,MA,1974,6048,38,,,
varicella,MA,1975,5273,51,,,
varicella,MA,1976,7032,52,,,
varicella,MA,1977,8816,50,,,
varicella,MA,1978,5774,50,,,
varicella,MA,1979,9086,48,,,
varicella,MA,1980,5353,38,,,
varicella,MA,1981,7087,47,,,
varicella,MA,2003,,,151,52,151
varicella,MA,2005,,,543,52,543
varicella,MA,2006,2,2,94,52,94
varicella,MA,2008,,,1,54,1
varicella,MA,2009,,,2,52,2
varicella,MA,2010,,,2,52,2
varicella,MA,2011,11,4,429,52,429
varicella,MA,2012,27,8,514,52,514
varicella,MA,2013,39,16,383,52,383
varicella,MA,2014,60,18,429,53,506
varicella,MA,2015,29,15,329,53,329
varicella,MA,2016,21,10,270,53,270
varicella,MA,2017,20,9,363,52,363
varicella,MD,1972,1076,43,,,
varicella,MD,1973,962,45,,,
varicella,MD,1974,224,40,,,
varicella,MD,1975,880,47,,,
varicella,MD,1976,1038,48,,,
varicella,MD,1977,595,43,,,
varicella,MD,1978,1269,42,,,
varicella,MD,1979,1999,44,,,
varicella,MD,1980,1576,34,,,
varicella,MD,1981,3101,41,,,
varicella,MD,2004,,,1,12,1
varicella,MD,2006,1,1,11,48,11
varicella,MD,2010,9,1,171,14,171
varicella,ME,1972,1173,42,,,
varicella,ME,1973,484,31,,,
varicella,ME,1974,348,36,,,
varicella,ME,1975,196,32,,,
varicella,ME,1976,698,50,,,
varicella,ME,1977,553,48,,,
varicella,ME,1978,3208,49,,,
varicella,ME,1979,3861,49,,,
varicella,ME,1980,3568,38,,,
varicella,ME,1981,4437,48,,,
varicella,ME,2003,,,780,52,780
varicella,ME,2004,,,311,52,311
varicella,ME,2005,,,213,52,213
varicella,ME,2006,13,3,151,52,151
varicella,ME,2009,37,4,105,52,105
varicella,ME,2010,17,8,241,52,241
varicella,ME,2011,13,3,201,52,201
varicella,ME,2012,105,39,2,53,242
varicella,ME,2013,91,40,3,53,138
varicella,ME,2014,186,51,206,53,206
varicella,ME,2015,198,46,218,53,218
varicella,ME,2016,177,48,211,53,211
varicella,ME,2017,151,47,173,52,173
varicella,MI,1972,16517,46,,,
varicella,MI,1973,17435,50,,,
varicella,MI,1974,18758,49,,,
varicella,MI,1975,24192,51,,,
varicella,MI,1976,30164,52,,,
varicella,MI,1977,30128,51,,,
varicella,MI,1978,19833,50,,,
varicella,MI,1979,29537,49,,,
varicella,MI,1980,23780,37,,,
varicella,MI,1981,28429,48,,,
varicella,MI,2003,,,4084,52,4084
varicella,MI,2004,,,4239,52,4239
varicella,MI,2005,,,4087,52,4087
varicella,MI,2006,2533,49,5070,52,5070
varicella,MI,2007,1664,47,4048,52,4048
varicella,MI,2008,1189,50,2824,54,2824
varicella,MI,2009,774,50,1857,52,1857
varicella,MI,2010,630,50,1432,52,1432
varicella,MI,2011,422,50,995,52,995
varicella,MI,2012,332,45,1,53,874
varicella,MI,2013,349,46,1187,52,1187
varicella,MI,2014,236,42,606,53,684
varicella,MI,2015,178,40,473,53,473
varicella,MI,2016,142,28,488,53,488
varicella,MI,2017,72,35,481,52,481
varicella,MN,1972,998,34,,,
varicella,MN,1973,858,35,,,
varicella,MN,1974,735,37,,,
varicella,MN,1975,515,35,,,
varicella,MN,1976,567,26,,,
varicella,MN,1977,40,24,,,
varicella,MN,1978,30,15,,,
varicella,MN,1979,60,24,,,
varicella,MN,1980,34,17,,,
varicella,MN,1981,47,20,,,
varicella,MN,2010,,,163,14,163
varicella,MN,2011,,,1,52,1
varicella,MN,2014,1,1,219,53,219
varicella,MN,2015,9,8,329,53,329
varicella,MN,2016,7,6,298,53,298
varicella,MN,2017,26,19,404,52,404
varicella,MO,1972,446,38,,,
varicella,MO,1973,1540,42,,,
varicella,MO,1974,539,36,,,
varicella,MO,1975,1891,44,,,
varicella,MO,1976,1053,41,,,
varicella,MO,1977,1095,45,,,
varicella,MO,1978,1634,43,,,
varicella,MO,1979,3037,38,,,
varicella,MO,1980,1857,32,,,
varicella,MO,1981,631,39,,,
varicella,MO,2004,,,5,52,5
varicella,MO,2005,,,488,52,488
varicella,MO,2006,1255,43,1399,52,1399
varicella,MO,2007,865,46,923,52,923
varicella,MO,2008,696,45,766,54,766
varicella,MO,2009,480,45,580,52,580
varicella,MO,2010,222,43,474,52,474
varicella,MO,2011,10,1,212,52,212
varicella,MO,2012,39,12,340,52,340
varicella,MO,2013,60,19,2,53,220
varicella,MO,2014,128,40,196,53,218
varicella,MO,2015,49,22,114,53,114
varicella,MO,2016,86,37,135,53,135
varicella,MO,2017,96,39,184,52,184
varicella,MS,1972,188,30,,,
varicella,MS,1973,401,37,,,
varicella,MS,1974,200,39,,,
varicella,MS,1975,451,39,,,
varicella,MS,1976,166,37,,,
varicella,MS,1977,293,40,,,
varicella,MS,1978,306,38,,,
varicella,MS,1979,190,37,,,
varicella,MS,1980,326,33,,,
varicella,MS,1981,430,31,,,
varicella,MS,2003,,,2,52,2
varicella,MS,2004,,,2,28,2
varicella,MS,2006,,,2,52,2
varicella,MS,2007,,,3,52,3
varicella,MS,2008,1,1,13,54,13
varicella,MS,2009,,,5,52,5
varicella,MS,2010,1,1,7,52,24
varicella,MS,2011,2,2,14,52,14
varicella,MS,2012,6,5,11,52,11
varicella,MS,2013,,,5,52,5
varicella,MS,2014,1,1,4,53,4
varicella,MS,2015,7,6,14,53,14
varicella,MS,2016,3,2,10,53,10
varicella,MS,2017,7,7,8,52,8
varicella,MT,1972,920,44,,,
varicella,MT,1973,812,47,,,
varicella,MT,1974,1243,42,,,
varicella,MT,1975,952,49,,,
varicella,MT,1976,939,48,,,
varicella,MT,1977,803,50,,,
varicella,MT,1978,847,49,,,
varicella,MT,1979,1079,48,,,
varicella,MT,1980,1041,34,,,
varicella,MT,2006,6,2,33,52,33
varicella,MT,2007,137,25,420,52,420
varicella,MT,2008,160,25,340,54,340
varicella,MT,2009,20,4,105,52,105
varicella,MT,2010,87,23,185,52,185
varicella,MT,2011,39,13,133,52,133
varicella,MT,2012,78,28,117,52,117
varicella,MT,2013,37,20,2,53,82
varicella,MT,2014,43,23,70,53,90
varicella,MT,2015,38,14,78,53,78
varicella,MT,2016,20,13,68,53,68
varicella,MT,2017,20,13,38,52,38
varicella,NC,1981,4,1,,,
varicella,ND,1972,590,33,,,
varicella,ND,1973,970,50,,,
varicella,ND,1974,618,43,,,
varicella,ND,1975,294,42,,,
varicella,ND,1976,663,46,,,
varicella,ND,1977,693,42,,,
varicella,ND,1978,408,45,,,
varicella,ND,1979,420,42,,,
varicella,ND,1980,496,33,,,
varicella,ND,1981,1086,41,,,
varicella,ND,2003,,,78,52,78
varicella,ND,2004,,,82,52,82
varicella,ND,2005,,,55,52,55
varicella,ND,2006,45,13,45,52,45
varicella,ND,2007,84,3,84,52,84
varicella,ND,2008,45,3,49,54,49
varicella,ND,2009,31,4,83,52,83
varicella,ND,2010,35,7,47,52,47
varicella,ND,2011,31,7,36,52,36
varicella,ND,2012,10,5,32,52,32
varicella,ND,2013,9,8,32,52,32
varicella,ND,2014,10,9,19,53,22
varicella,ND,2015,5,4,33,53,33
varicella,ND,2016,24,5,61,53,61
varicella,ND,2017,10,2,56,52,56
varicella,NE,1972,380,32,,,
varicella,NE,1973,419,36,,,
varicella,NE,1974,211,35,,,
varicella,NE,1975,458,39,,,
varicella,NE,1976,1228,42,,,
varicella,NE,1977,1786,42,,,
varicella,NE,1978,1065,38,,,
varicella,NE,1979,1093,36,,,
varicella,NE,1980,903,32,,,
varicella,NE,1981,795,33,,,
varicella,NE,2010,2,1,50,14,50
varicella,NE,2011,3,2,7,52,7
varicella,NE,2012,6,3,10,52,10
varicella,NE,2013,6,6,11,52,11
varicella,NE,2014,5,5,12,53,12
varicella,NE,2015,9,8,17,53,17
varicella,NE,2016,18,17,24,53,24
varicella,NE,2017,13,12,34,52,34
varicella,NH,1972,912,44,,,
varicella,NH,1973,829,40,,,
varicella,NH,1974,970,39,,,
varicella,NH,1975,571,41,,,
varicella,NH,1976,634,35,,,
varicella,NH,1977,612,42,,,
varicella,NH,1978,356,30,,,
varicella,NH,1979,646,36,,,
varicella,NH,1980,1408,33,,,
varicella,NH,1981,1459,39,,,
varicella,NH,2005,,,1418,52,1418
varicella,NH,2006,289,41,483,52,483
varicella,NH,2007,126,36,341,52,341
varicella,NH,2008,67,31,264,54,264
varicella,NH,2009,72,29,195,52,195
varicella,NH,2010,35,21,114,52,114
varicella,NH,2011,,,102,52,102
varicella,NH,2013,,,57,52,57
varicella,NH,2014,,,57,53,57
varicella,NH,2016,,,1,53,1
varicella,NJ,1976,44,1,,,
varicella,NJ,1979,22,1,,,
varicella,NJ,1981,8,1,,,
varicella,NJ,2010,5,5,508,52,508
varicella,NJ,2011,317,26,65,52,1382
varicella,NJ,2012,163,18,405,52,692
varicella,NJ,2013,,,345,52,345
varicella,NJ,2014,1,1,227,53,227
varicella,NJ,2015,2,2,356,53,356
varicella,NJ,2016,,,308,53,308
varicella,NJ,2017,,,327,52,327
varicella,NM,1972,976,45,,,
varicella,NM,1973,851,49,,,
varicella,NM,1974,887,46,,,
varicella,NM,1975,139,19,,,
varicella,NM,1976,109,24,,,
varicella,NM,1977,112,23,,,
varicella,NM,1978,54,13,,,
varicella,NM,1979,124,15,,,
varicella,NM,1980,5,4,,,
varicella,NM,1981,5,4,,,
varicella,NM,2003,,,4,52,4
varicella,NM,2004,,,104,52,104
varicella,NM,2005,,,174,52,174
varicella,NM,2006,46,16,356,52,356
varicella,NM,2007,50,22,374,52,374
varicella,NM,2008,11,9,209,54,209
varicella,NM,2009,6,4,134,52,134
varicella,NM,2010,11,9,95,52,95
varicella,NM,2011,11,8,46,52,46
varicella,NM,2012,16,9,82,52,82
varicella,NM,2013,5,4,51,52,51
varicella,NM,2014,6,6,52,53,58
varicella,NM,2015,4,4,40,53,40
varicella,NM,2016,5,3,42,53,42
varicella,NM,2017,10,10,67,52,67
varicella,NV,1972,42,10,,,
varicella,NV,1973,22,7,,,
varicella,NV,1974,70,13,,,
varicella,NV,1975,70,17,,,
varicella,NV,1976,71,14,,,
varicella,NV,1977,237,25,,,
varicella,NV,1978,210,32,,,
varicella,NV,1979,139,29,,,
varicella,NV,1980,61,13,,,
varicella,NV,1981,459,35,,,
varicella,NV,2006,1,1,7,44,7
varicella,NV,2007,,,2,52,2
varicella,NV,2010,1,1,28,14,28
varicella,OH,1972,8893,47,,,
varicella,OH,1973,11415,51,,,
varicella,OH,1974,7540,49,,,
varicella,OH,1975,6319,50,,,
varicella,OH,1976,9735,50,,,
varicella,OH,1977,5261,50,,,
varicella,OH,1978,7485,49,,,
varicella,OH,1979,7144,48,,,
varicella,OH,1980,5525,36,,,
varicella,OH,1981,6754,46,,,
varicella,OH,2003,,,1228,52,1228
varicella,OH,2004,,,1572,52,1572
varicella,OH,2005,,,1742,52,1742
varicella,OH,2006,8728,48,8761,52,8761
varicella,OH,2007,4570,49,4550,52,4550
varicella,OH,2008,2410,51,2406,54,2406
varicella,OH,2009,1905,50,1916,52,1916
varicella,OH,2010,1356,52,1350,52,1350
varicella,OH,2011,1058,48,1049,52,1049
varicella,OH,2012,833,50,16,53,805
varicella,OH,2013,667,50,2,53,661
varicella,OH,2014,529,51,542,53,638
varicella,OH,2015,466,52,458,53,458
varicella,OH,2016,431,50,431,53,431
varicella,OH,2017,371,43,431,52,431
varicella,OK,1972,135,34,,,
varicella,OK,1973,1315,47,,,
varicella,OK,1974,1122,46,,,
varicella,OK,1975,1345,46,,,
varicella,OK,1976,1797,49,,,
varicella,OK,1977,1028,44,,,
varicella,OK,1978,38,2,,,
varicella,OK,2010,,,21,14,21
varicella,OR,1972,19,13,,,
varicella,OR,1973,44,22,,,
varicella,OR,1974,52,30,,,
varicella,OR,1975,47,29,,,
varicella,OR,1976,46,32,,,
varicella,OR,1977,80,33,,,
varicella,OR,1978,55,31,,,
varicella,OR,1979,67,28,,,
varicella,OR,1980,42,24,,,
varicella,OR,1981,69,27,,,
varicella,OR,2006,0,2,,,
varicella,PA,1972,2773,30,,,
varicella,PA,1973,3162,39,,,
varicella,PA,1974,394,41,,,
varicella,PA,1975,563,40,,,
varicella,PA,1976,2382,49,,,
varicella,PA,1977,2353,44,,,
varicella,PA,1978,2061,41,,,
varicella,PA,1979,2529,45,,,
varicella,PA,1980,2660,33,,,
varicella,PA,1981,1385,26,,,
varicella,PA,2003,,,39,52,39
varicella,PA,2004,,,91,52,91
varicella,PA,2005,,,4881,52,5348
varicella,PA,2006,3789,49,5061,52,5061
varicella,PA,2007,2503,43,4426,52,4426
varicella,PA,2008,2524,50,2272,54,2272
varicella,PA,2009,1056,50,1537,52,1537
varicella,PA,2010,834,52,1109,52,1109
varicella,PA,2011,751,52,995,52,995
varicella,PA,2012,639,51,10,53,801
varicella,PA,2013,552,52,3,53,723
varicella,PA,2014,635,51,789,53,928
varicella,PA,2015,500,52,708,53,708
varicella,PA,2016,465,52,613,53,613
varicella,PA,2017,432,50,634,52,634
varicella,PR,1972,687,41,,,
varicella,PR,1973,550,47,,,
varicella,PR,1974,761,40,,,
varicella,PR,1975,818,41,,,
varicella,PR,1976,634,47,,,
varicella,PR,1977,514,48,,,
varicella,PR,1978,417,45,,,
varicella,PR,1979,863,46,,,
varicella,PR,1980,454,26,,,
varicella,PR,1981,693,41,,,
varicella,PR,2003,,,433,52,433
varicella,PR,2004,,,278,52,278
varicella,PR,2005,,,600,52,600
varicella,PR,2006,128,28,330,52,330
varicella,PR,2007,230,29,620,52,620
varicella,PR,2008,114,29,410,54,410
varicella,PR,2009,104,27,407,52,407
varicella,PR,2010,80,28,542,52,542
varicella,PR,2011,49,18,179,52,179
varicella,PR,2012,24,9,70,52,70
varicella,PR,2013,10,6,260,52,260
varicella,PR,2014,9,3,191,53,258
varicella,PR,2015,11,8,92,53,92
varicella,PR,2016,1,1,74,53,74
varicella,PR,2017,,,20,52,20
varicella,RI,1972,3797,47,,,
varicella,RI,1973,2805,51,,,
varicella,RI,1974,3428,47,,,
varicella,RI,1975,3092,51,,,
varicella,RI,1976,2678,49,,,
varicella,RI,1977,3735,51,,,
varicella,RI,1978,2687,48,,,
varicella,RI,1979,2978,49,,,
varicella,RI,1980,1120,38,,,
varicella,RI,1981,2314,48,,,
varicella,RI,2003,,,5,52,5
varicella,RI,2009,,,4,52,4
varicella,RI,2010,9,7,34,52,34
varicella,RI,2011,,,34,52,34
varicella,RI,2012,25,12,61,52,61
varicella,RI,2013,5,3,29,52,29
varicella,RI,2014,8,5,29,53,46
varicella,RI,2015,18,14,46,53,46
varicella,RI,2016,20,12,49,53,49
varicella,RI,2017,40,19,63,52,63
varicella,SC,1972,683,42,,,
varicella,SC,1973,1268,45,,,
varicella,SC,1974,1057,46,,,
varicella,SC,1975,738,40,,,
varicella,SC,1976,585,43,,,
varicella,SC,1977,455,31,,,
varicella,SC,1978,378,39,,,
varicella,SC,1979,200,32,,,
varicella,SC,1980,520,31,,,
varicella,SC,1981,523,32,,,
varicella,SC,2003,,,267,52,267
varicella,SC,2004,,,318,52,318
varicella,SC,2005,,,544,52,544
varicella,SC,2006,347,39,1123,52,1123
varicella,SC,2007,434,43,1067,52,1067
varicella,SC,2008,445,41,851,54,851
varicella,SC,2009,21,7,154,52,154
varicella,SC,2010,30,5,77,52,216
varicella,SC,2011,,,12,52,12
varicella,SC,2012,1,1,5,52,5
varicella,SC,2013,64,19,149,52,149
varicella,SC,2014,64,28,143,53,172
varicella,SC,2015,91,36,197,53,197
varicella,SC,2016,23,17,75,53,75
varicella,SC,2017,12,8,75,52,75
varicella,SD,1972,91,22,,,
varicella,SD,1973,45,16,,,
varicella,SD,1974,31,10,,,
varicella,SD,1975,124,8,,,
varicella,SD,1976,64,15,,,
varicella,SD,1977,869,39,,,
varicella,SD,1978,439,33,,,
varicella,SD,1979,602,40,,,
varicella,SD,1980,574,36,,,
varicella,SD,1981,960,39,,,
varicella,SD,2004,,,43,52,43
varicella,SD,2005,,,128,52,128
varicella,SD,2006,14,10,115,52,115
varicella,SD,2007,34,12,65,52,65
varicella,SD,2008,2,2,20,54,20
varicella,SD,2009,,,17,52,17
varicella,SD,2010,13,7,55,52,55
varicella,SD,2011,9,8,56,52,56
varicella,SD,2012,8,7,31,52,31
varicella,SD,2013,12,9,42,52,42
varicella,SD,2014,4,4,23,53,28
varicella,SD,2015,8,6,27,53,27
varicella,SD,2016,2,1,30,53,30
varicella,SD,2017,2,2,21,52,21
varicella,TN,1981,0,1,,,
varicella,TN,2010,15,1,368,14,368
varicella,TX,1972,1414,44,,,
varicella,TX,1973,10784,47,,,
varicella,TX,1974,5770,43,,,
varicella,TX,1975,8638,48,,,
varicella,TX,1976,7990,52,,,
varicella,TX,1977,7658,50,,,
varicella,TX,1978,6100,50,,,
varicella,TX,1979,6803,49,,,
varicella,TX,1980,8195,38,,,
varicella,TX,1981,9667,47,,,
varicella,TX,2003,,,2275,52,3653
varicella,TX,2004,,,6303,52,6303
varicella,TX,2005,,,6310,52,6310
varicella,TX,2006,5050,43,10079,52,10079
varicella,TX,2007,7275,50,9046,52,9046
varicella,TX,2008,5793,49,7106,54,7106
varicella,TX,2009,529,11,4121,52,4837
varicella,TX,2010,1833,43,2545,52,2545
varicella,TX,2011,1842,51,2344,52,2344
varicella,TX,2012,1828,50,2074,52,2074
varicella,TX,2013,1302,49,1779,52,1779
varicella,TX,2014,1332,52,1557,53,1914
varicella,TX,2015,1237,52,1415,53,1415
varicella,TX,2016,1002,51,1176,53,1176
varicella,TX,2017,757,50,953,52,953
varicella,UT,1972,344,33,,,
varicella,UT,1973,282,29,,,
varicella,UT,1974,265,25,,,
varicella,UT,1975,429,28,,,
varicella,UT,1976,873,45,,,
varicella,UT,1977,1024,44,,,
varicella,UT,1978,664,36,,,
varicella,UT,1979,271,30,,,
varicella,UT,1980,92,18,,,
varicella,UT,1981,190,25,,,
varicella,UT,2003,,,629,52,629
varicella,UT,2004,,,472,52,472
varicella,UT,2005,,,531,52,531
varicella,UT,2006,810,41,977,52,977
varicella,UT,2007,657,37,724,52,724
varicella,UT,2008,191,17,740,54,740
varicella,UT,2009,35,11,485,52,485
varicella,UT,2010,34,14,273,52,273
varicella,UT,2011,20,4,209,52,209
varicella,UT,2012,13,9,256,52,256
varicella,UT,2013,8,7,205,52,205
varicella,UT,2014,11,9,195,53,230
varicella,UT,2015,7,3,195,53,195
varicella,UT,2016,13,12,208,53,208
varicella,UT,2017,4,4,146,52,146
varicella,VA,1972,945,43,,,
varicella,VA,1973,1256,42,,,
varicella,VA,1974,630,46,,,
varicella,VA,1975,1131,47,,,
varicella,VA,1976,1273,45,,,
varicella,VA,1977,739,49,,,
varicella,VA,1978,1049,48,,,
varicella,VA,1979,946,43,,,
varicella,VA,1980,386,35,,,
varicella,VA,1981,1655,48,,,
varicella,VA,2003,,,503,52,503
varicella,VA,2004,,,626,52,626
varicella,VA,2005,,,999,52,999
varicella,VA,2006,789,26,1673,52,1673
varicella,VA,2007,129,10,1306,52,1306
varicella,VA,2008,81,13,1296,54,1296
varicella,VA,2009,1,1,28,52,28
varicella,VA,2010,233,40,523,52,523
varicella,VA,2011,168,40,448,52,448
varicella,VA,2012,125,27,420,52,420
varicella,VA,2013,77,24,299,52,299
varicella,VA,2014,8,4,240,53,288
varicella,VA,2015,8,7,327,53,327
varicella,VA,2016,19,12,251,53,251
varicella,VA,2017,7,5,34,52,34
varicella,VI,1972,42,9,,,
varicella,VI,1973,131,11,,,
varicella,VI,1974,360,31,,,
varicella,VI,1975,159,24,,,
varicella,VI,1976,13,6,,,
varicella,VI,1977,17,12,,,
varicella,VI,1978,8,4,,,
varicella,VI,1979,8,7,,,
varicella,VI,1980,3,3,,,
varicella,VI,1981,61,7,,,
varicella,VT,1972,509,41,,,
varicella,VT,1973,762,44,,,
varicella,VT,1974,714,43,,,
varicella,VT,1975,340,32,,,
varicella,VT,1976,528,36,,,
varicella,VT,1977,411,34,,,
varicella,VT,1978,198,27,,,
varicella,VT,1979,367,33,,,
varicella,VT,1980,1050,36,,,
varicella,VT,1981,1263,40,,,
varicella,VT,2003,,,907,52,907
varicella,VT,2004,,,411,52,427
varicella,VT,2005,,,128,52,128
varicella,VT,2006,416,35,742,52,742
varicella,VT,2007,282,40,380,52,380
varicella,VT,2008,226,45,283,54,283
varicella,VT,2009,27,11,43,52,43
varicella,VT,2010,38,10,72,52,72
varicella,VT,2011,69,26,101,52,101
varicella,VT,2012,104,34,1,53,129
varicella,VT,2013,85,27,99,52,99
varicella,VT,2014,79,34,117,53,178
varicella,VT,2015,18,17,32,53,32
varicella,VT,2016,23,16,46,53,46
varicella,VT,2017,43,25,58,52,58
varicella,WA,1972,6979,45,,,
varicella,WA,1973,9793,50,,,
varicella,WA,1974,8477,48,,,
varicella,WA,1975,6210,49,,,
varicella,WA,1976,7136,51,,,
varicella,WA,1977,11398,51,,,
varicella,WA,1978,7112,49,,,
varicella,WA,1979,10434,47,,,
varicella,WA,1980,5058,36,,,
varicella,WA,1981,7630,48,,,
varicella,WI,1972,14533,34,,,
varicella,WI,1973,27208,51,,,
varicella,WI,1974,16056,49,,,
varicella,WI,1975,17514,51,,,
varicella,WI,1976,20908,52,,,
varicella,WI,1977,17063,51,,,
varicella,WI,1978,13902,49,,,
varicella,WI,1979,17037,49,,,
varicella,WI,1980,16839,38,,,
varicella,WI,1981,15926,48,,,
varicella,WI,2003,,,849,52,20907
varicella,WI,2004,,,628,52,628
varicella,WI,2005,,,433,52,440
varicella,WI,2006,10,5,774,52,774
varicella,WI,2007,4,1,940,52,940
varicella,WI,2008,43,18,488,54,488
varicella,WI,2009,119,34,512,52,512
varicella,WI,2010,79,26,379,52,379
varicella,WI,2011,,,2,52,2
varicella,WI,2012,6,4,36,52,36
varicella,WI,2013,174,43,5,53,378
varicella,WI,2014,213,47,411,53,500
varicella,WI,2015,189,48,321,53,321
varicella,WI,2016,183,46,187,53,207
varicella,WI,2017,145,49,278,52,278
varicella,WV,1972,7956,44,,,
varicella,WV,1973,8469,51,,,
varicella,WV,1974,5522,49,,,
varicella,WV,1975,6429,50,,,
varicella,WV,1976,7756,52,,,
varicella,WV,1977,3760,50,,,
varicella,WV,1978,4658,45,,,
varicella,WV,1979,5558,47,,,
varicella,WV,1980,3781,35,,,
varicella,WV,1981,5709,47,,,
varicella,WV,2003,,,1262,52,1262
varicella,WV,2004,,,1276,52,1276
varicella,WV,2005,,,1120,52,1120
varicella,WV,2006,1003,47,1469,52,1469
varicella,WV,2007,782,49,1162,52,1162
varicella,WV,2008,449,49,682,54,682
varicella,WV,2009,379,51,493,52,493
varicella,WV,2010,390,46,434,52,434
varicella,WV,2011,3,1,402,52,402
varicella,WV,2012,,,206,52,206
varicella,WV,2013,21,11,115,52,115
varicella,WV,2014,18,8,158,53,158
varicella,WV,2015,17,10,154,53,154
varicella,WV,2016,,,5,53,5
varicella,WY,1972,464,31,,,
varicella,WY,1973,744,26,,,
varicella,WY,1974,27,8,,,
varicella,WY,1975,15,9,,,
varicella,WY,1976,2,1,,,
varicella,WY,1977,92,13,,,
varicella,WY,1978,19,9,,,
varicella,WY,1979,16,2,,,
varicella,WY,1980,1,1,,,
varicella,WY,1981,100,8,,,
varicella,WY,2003,,,106,52,106
varicella,WY,2004,,,56,52,56
varicella,WY,2005,,,53,52,53
varicella,WY,2006,10,5,64,52,64
varicella,WY,2007,1,1,34,52,34
varicella,WY,2008,,,10,54,10
varicella,WY,2010,3,1,21,52,21
varicella,WY,2011,,,13,52,13
varicella,WY,2012,2,2,14,52,14
varicella,WY,2013,4,2,8,52,8
varicella,WY,2014,1,1,5,53,6
varicella,WY,2015,1,1,14,53,14
varicella,WY,2016,,,12,53,12
varicella,WY,2017,,,11,52,11
