series,vaccine,st,year,label,estimate,lo,hi,n,method,pct_surveyed,flag
kinder,dtap,AK,2010,2009-10 school year,,,,9641.0,Voluntary response,76.4,
kinder,dtap,AK,2011,2010-11 school year,,,,,,,
kinder,dtap,AK,2012,2011-12 school year,,,,10286.0,Non-random Cluster Sample,7.3,
kinder,dtap,AK,2013,2012-13 school year,,,,10319.0,Census,97.8,
kinder,dtap,AK,2014,2013-14 school year,96.0,,,10222.0,Stratified  2-stage cluster sample,9.3,
kinder,dtap,AK,2015,2014-15 school year,92.7,,,10129.0,Stratified 2-stage cluster sample,7.8,
kinder,dtap,AK,2016,2015-16 school year,92.8,,,9937.0,Stratified 2-stage cluster sample,7.8,
kinder,dtap,AK,2017,2016-17 school year,89.1,,,9815.0,Stratified 2-stage cluster sample,7.6,
kinder,dtap,AK,2018,2017-18 school year,91.1,,,9692.0,Stratified 2-stage cluster sample,84.4,
kinder,dtap,AK,2020,2019-20 school year,,,,10381.0,Voluntary response,82.7,NR
kinder,dtap,AK,2022,2021-22 school year,78.0,,,9790.0,"Vol. response (pub.), not conducted (pvt.)",76.2,
kinder,dtap,AK,2023,2022-23 school year,83.8,,,9650.0,"Vol. response (pub.), not conducted (pvt.)",88.8,
kinder,dtap,AK,2024,2023-24 school year,83.8,,,8644.0,"Census (pub.), not conducted (prv.)",88.9,
kinder,dtap,AK,2025,2024-25 school year,82.2,,,7338.0,"Census (pub.), not conducted (prv.)",99.8,
kinder,dtap,AK,2026,2025-26 school year,89.7,,,8253.0,"Vol. response (public), not conducted (private)",60.9,
kinder,dtap,AL,2010,2009-10 school year,94.0,,,75358.0,Census,100.0,
kinder,dtap,AL,2011,2010-11 school year,,,,,,,
kinder,dtap,AL,2012,2011-12 school year,93.6,,,73190.0,Census,100.0,
kinder,dtap,AL,2013,2012-13 school year,92.8,,,72929.0,Census,100.0,
kinder,dtap,AL,2014,2013-14 school year,92.0,,,76927.0,Census,100.0,
kinder,dtap,AL,2015,2014-15 school year,93.5,,,59660.0,Census,100.0,
kinder,dtap,AL,2016,2015-16 school year,93.1,,,60392.0,Census,100.0,
kinder,dtap,AL,2017,2016-17 school year,93.8,,,58394.0,Census,100.0,
kinder,dtap,AL,2018,2017-18 school year,92.7,,,57245.0,Census,100.0,
kinder,dtap,AL,2019,2018-19 school year,90.6,,,77739.0,Census,100.0,
kinder,dtap,AL,2020,2019-20 school year,86.6,,,59477.0,Census,94.9,
kinder,dtap,AL,2021,2020-21 school year,94.7,,,56974.0,Census,100.0,
kinder,dtap,AL,2022,2021-22 school year,94.9,,,60332.0,Census,100.0,
kinder,dtap,AL,2023,2022-23 school year,93.9,,,59113.0,Census,100.0,
kinder,dtap,AL,2024,2023-24 school year,93.8,,,54565.0,Census,100.0,
kinder,dtap,AL,2025,2024-25 school year,95.0,,,53589.0,Census,99.9,
kinder,dtap,AL,2026,2025-26 school year,94.0,,,53378.0,Census,100.0,
kinder,dtap,AR,2010,2009-10 school year,97.5,,,34733.0,Census,100.0,
kinder,dtap,AR,2011,2010-11 school year,,,,,,,
kinder,dtap,AR,2012,2011-12 school year,84.1,,,38754.0,Census,92.2,
kinder,dtap,AR,2013,2012-13 school year,82.9,,,43212.0,Census,96.3,
kinder,dtap,AR,2014,2013-14 school year,83.3,,,42649.0,Census,96.3,
kinder,dtap,AR,2015,2014-15 school year,85.6,,,41252.0,Census (public); Voluntary response (private),95.9,
kinder,dtap,AR,2016,2015-16 school year,88.2,,,40258.0,Census (public); Voluntary response (private),95.6,
kinder,dtap,AR,2017,2016-17 school year,89.2,,,39666.0,Voluntary response,75.9,
kinder,dtap,AR,2018,2017-18 school year,91.3,,,39630.0,Census,95.4,
kinder,dtap,AR,2019,2018-19 school year,93.4,,,39257.0,Census (public). voluntary response (private),95.4,
kinder,dtap,AR,2020,2019-20 school year,93.2,,,39510.0,Census (public). voluntary response (private),96.2,
kinder,dtap,AR,2021,2020-21 school year,92.3,,,37540.0,Census (public). voluntary response (private),95.6,
kinder,dtap,AR,2022,2021-22 school year,91.3,,,39358.0,"Census (pub.), vol. response (pvt.)",96.3,
kinder,dtap,AR,2023,2022-23 school year,90.6,,,38358.0,"Census (pub.), vol. response (pvt.)",95.8,
kinder,dtap,AR,2024,2023-24 school year,91.4,,,37535.0,"Census (pub.), vol. response (prv.)",95.4,
kinder,dtap,AR,2025,2024-25 school year,88.5,,,37570.0,"Census (pub.), vol. response (prv.)",96.4,
kinder,dtap,AR,2026,2025-26 school year,90.0,,,35543.0,"Census (pub.), vol. response (prv.)",96.7,
kinder,dtap,AZ,2010,2009-10 school year,95.0,,,89287.0,Census,93.9,
kinder,dtap,AZ,2011,2010-11 school year,,,,,,,
kinder,dtap,AZ,2012,2011-12 school year,94.9,,,88293.0,Census,96.9,
kinder,dtap,AZ,2013,2012-13 school year,94.6,,,90054.0,Census,97.6,
kinder,dtap,AZ,2014,2013-14 school year,94.3,,,89606.0,Census,95.8,
kinder,dtap,AZ,2015,2014-15 school year,94.3,,,86153.0,Census,98.3,
kinder,dtap,AZ,2016,2015-16 school year,94.2,,,83088.0,Census,100.0,
kinder,dtap,AZ,2017,2016-17 school year,93.9,,,83627.0,Census,100.0,
kinder,dtap,AZ,2018,2017-18 school year,93.5,,,81710.0,Census,100.0,
kinder,dtap,AZ,2019,2018-19 school year,92.7,,,79981.0,Census,100.0,
kinder,dtap,AZ,2020,2019-20 school year,92.6,,,83976.0,Census (public). voluntary response (private),98.7,
kinder,dtap,AZ,2021,2020-21 school year,92.0,,,76382.0,Census (public). voluntary response (private),92.4,
kinder,dtap,AZ,2022,2021-22 school year,90.5,,,83463.0,Census,97.0,
kinder,dtap,AZ,2023,2022-23 school year,89.6,,,80814.0,Census,97.7,
kinder,dtap,AZ,2024,2023-24 school year,89.4,,,74834.0,Census,99.6,
kinder,dtap,AZ,2025,2024-25 school year,88.7,,,75024.0,Census,97.4,
kinder,dtap,AZ,2026,2025-26 school year,87.4,,,73907.0,"Census (pub.), vol. response (prv.)",92.5,
kinder,dtap,CA,2010,2009-10 school year,93.1,,,507191.0,Census,100.0,
kinder,dtap,CA,2011,2010-11 school year,,,,,,,
kinder,dtap,CA,2012,2011-12 school year,93.0,,,542544.0,Census,97.6,
kinder,dtap,CA,2013,2012-13 school year,92.5,,,535523.0,Census,99.0,
kinder,dtap,CA,2014,2013-14 school year,92.2,,,548606.0,Census,97.3,
kinder,dtap,CA,2015,2014-15 school year,92.4,,,552583.0,Census,96.9,
kinder,dtap,CA,2016,2015-16 school year,94.2,,,593788.0,Census,92.8,
kinder,dtap,CA,2017,2016-17 school year,96.9,,,575305.0,Census,97.8,
kinder,dtap,CA,2018,2017-18 school year,96.4,,,574702.0,Census,100.0,
kinder,dtap,CA,2019,2018-19 school year,96.0,,,568947.0,Census,97.7,
kinder,dtap,CA,2020,2019-20 school year,96.2,,,566155.0,Census,97.9,
kinder,dtap,CA,2021,2020-21 school year,94.7,,,498214.0,Census,97.5,
kinder,dtap,CA,2022,2021-22 school year,95.7,,,512144.0,Census,98.4,
kinder,dtap,CA,2023,2022-23 school year,95.6,,,541132.0,Census,100.0,
kinder,dtap,CA,2024,2023-24 school year,95.4,,,569680.0,Census,100.0,
kinder,dtap,CA,2025,2024-25 school year,95.1,,,590849.0,Census,100.0,
kinder,dtap,CA,2026,2025-26 school year,94.7,,,614405.0,Census,100.0,
kinder,dtap,CO,2010,2009-10 school year,,,,,Not conducted,,
kinder,dtap,CO,2011,2010-11 school year,,,,,,,
kinder,dtap,CO,2012,2011-12 school year,85.5,,,70142.0,Simple Random Sample,0.5,
kinder,dtap,CO,2013,2012-13 school year,82.9,,,70657.0,Simple Random Sample,0.5,
kinder,dtap,CO,2014,2013-14 school year,80.9,,,69904.0,Random Sample,0.5,
kinder,dtap,CO,2015,2014-15 school year,84.3,,,70597.0,Simple random sample,0.5,
kinder,dtap,CO,2016,2015-16 school year,86.6,,,69137.0,Simple random sample,0.5,
kinder,dtap,CO,2017,2016-17 school year,86.8,,,64440.0,Census,100.0,
kinder,dtap,CO,2018,2017-18 school year,88.6,,,65718.0,Census,100.0,
kinder,dtap,CO,2019,2018-19 school year,90.3,,,64191.0,Census,100.0,
kinder,dtap,CO,2020,2019-20 school year,92.8,,,69088.0,Census,98.2,
kinder,dtap,CO,2021,2020-21 school year,90.1,,,63619.0,Census,97.3,
kinder,dtap,CO,2022,2021-22 school year,89.1,,,66900.0,Census,97.5,
kinder,dtap,CO,2023,2022-23 school year,87.2,,,65576.0,Census,97.2,
kinder,dtap,CO,2024,2023-24 school year,87.9,,,61662.0,Census,100.0,
kinder,dtap,CO,2025,2024-25 school year,87.4,,,60055.0,Census,100.0,
kinder,dtap,CO,2026,2025-26 school year,86.9,,,60049.0,Census,100.0,
kinder,dtap,CT,2010,2009-10 school year,98.5,,,46158.0,Census,100.0,
kinder,dtap,CT,2011,2010-11 school year,,,,,,,
kinder,dtap,CT,2012,2011-12 school year,97.8,,,45695.0,Census,100.0,
kinder,dtap,CT,2013,2012-13 school year,97.2,,,41604.0,Census,100.0,
kinder,dtap,CT,2014,2013-14 school year,97.0,,,40978.0,Census,100.0,
kinder,dtap,CT,2015,2014-15 school year,97.0,,,39948.0,Census,100.0,
kinder,dtap,CT,2016,2015-16 school year,97.0,,,39533.0,Census,100.0,
kinder,dtap,CT,2017,2016-17 school year,96.7,,,39002.0,Census,100.0,
kinder,dtap,CT,2018,2017-18 school year,96.5,,,39174.0,Census,100.0,
kinder,dtap,CT,2019,2018-19 school year,96.1,,,38230.0,Census,100.0,
kinder,dtap,CT,2020,2019-20 school year,96.2,,,38888.0,Census,100.0,
kinder,dtap,CT,2021,2020-21 school year,95.3,,,34396.0,Census,100.0,
kinder,dtap,CT,2022,2021-22 school year,96.0,,,35451.0,Census,100.0,
kinder,dtap,CT,2023,2022-23 school year,97.3,,,35580.0,Census,100.0,
kinder,dtap,CT,2024,2023-24 school year,97.6,,,36184.0,Census,100.0,
kinder,dtap,CT,2025,2024-25 school year,98.2,,,30112.0,Census,100.0,
kinder,dtap,CT,2026,2025-26 school year,98.4,,,33118.0,Census,100.0,
kinder,dtap,DC,2010,2009-10 school year,,,,6092.0,Census,100.0,
kinder,dtap,DC,2011,2010-11 school year,,,,,,,
kinder,dtap,DC,2012,2011-12 school year,,,,6854.0,Census,100.0,
kinder,dtap,DC,2013,2012-13 school year,,,,7842.0,Census,100.0,
kinder,dtap,DC,2014,2013-14 school year,,,,7856.0,Census,100.0,
kinder,dtap,DC,2015,2014-15 school year,89.8,,,7840.0,Census,100.0,
kinder,dtap,DC,2016,2015-16 school year,88.2,,,8080.0,Census,100.0,
kinder,dtap,DC,2020,2019-20 school year,,,,,Not Conducted,,
kinder,dtap,DC,2021,2020-21 school year,78.5,,,8262.0,Census,100.0,
kinder,dtap,DC,2022,2021-22 school year,82.2,,,8959.0,Census,100.0,
kinder,dtap,DC,2023,2022-23 school year,85.0,,,8064.0,Census,100.0,
kinder,dtap,DC,2024,2023-24 school year,92.0,,,7874.0,Census,100.0,
kinder,dtap,DC,2025,2024-25 school year,90.3,,,7997.0,Census,100.0,
kinder,dtap,DC,2026,2025-26 school year,93.6,,,7871.0,Census,100.0,
kinder,dtap,DE,2010,2009-10 school year,89.6,,,11327.0,Random sample,9.2,
kinder,dtap,DE,2011,2010-11 school year,,,,,,,
kinder,dtap,DE,2012,2011-12 school year,96.9,,,11327.0,2-stage Cluster Sample,7.4,
kinder,dtap,DE,2013,2012-13 school year,95.7,,,11997.0,2-stage Cluster Sample,7.8,
kinder,dtap,DE,2014,2013-14 school year,96.4,,,11997.0,Stratified  2-stage cluster sample,12.2,
kinder,dtap,DE,2015,2014-15 school year,97.7,,,11476.0,Stratified 2-stage cluster sample,7.9,
kinder,dtap,DE,2016,2015-16 school year,98.0,,,11589.0,Stratified 2-stage cluster sample,9.5,
kinder,dtap,DE,2017,2016-17 school year,98.7,,,11490.0,Stratified 2-stage cluster sample,9.3,
kinder,dtap,DE,2018,2017-18 school year,96.9,,,10988.0,Stratified 2-stage cluster sample,9.5,
kinder,dtap,DE,2019,2018-19 school year,97.8,,,10798.0,Stratified 2-stage cluster sample,9.5,
kinder,dtap,DE,2020,2019-20 school year,,,,,Not Conducted,,
kinder,dtap,DE,2021,2020-21 school year,94.9,,,10587.0,Stratified 2-stage cluster sample,9.2,
kinder,dtap,DE,2022,2021-22 school year,96.4,,,11181.0,Stratified 2-stage cluster sample,9.5,
kinder,dtap,DE,2023,2022-23 school year,93.8,,,10674.0,Stratified 2-stage cluster sample,9.7,
kinder,dtap,DE,2024,2023-24 school year,93.8,,,11043.0,Stratified 2-stage cluster sample,12.1,
kinder,dtap,DE,2025,2024-25 school year,94.8,,,10393.0,"2-stage cluster sample (pub.), nonrandom 2-stage cluster sample (prv.)",14.2,
kinder,dtap,DE,2026,2025-26 school year,95.2,,,10729.0,"2-stage cluster sample (pub.), nonrandom 2-stage cluster sample (prv.)",12.9,
kinder,dtap,FL,2010,2009-10 school year,91.3,,,218630.0,Census,100.0,
kinder,dtap,FL,2011,2010-11 school year,,,,,,,
kinder,dtap,FL,2012,2011-12 school year,92.6,,,225532.0,Census,100.0,
kinder,dtap,FL,2013,2012-13 school year,92.1,,,234628.0,Census,100.0,
kinder,dtap,FL,2014,2013-14 school year,93.2,,,233797.0,Census,100.0,
kinder,dtap,FL,2015,2014-15 school year,93.3,,,228982.0,Census,100.0,
kinder,dtap,FL,2016,2015-16 school year,93.7,,,224430.0,Census,100.0,
kinder,dtap,FL,2017,2016-17 school year,94.1,,,224463.0,Census,100.0,
kinder,dtap,FL,2018,2017-18 school year,93.7,,,222397.0,Census,100.0,
kinder,dtap,FL,2019,2018-19 school year,93.8,,,224641.0,Census,100.0,
kinder,dtap,FL,2020,2019-20 school year,93.5,,,228298.0,Census,100.0,
kinder,dtap,FL,2021,2020-21 school year,93.3,,,207026.0,Census,100.0,
kinder,dtap,FL,2022,2021-22 school year,91.7,,,229432.0,Census,97.8,
kinder,dtap,FL,2023,2022-23 school year,90.6,,,230309.0,Census,97.7,
kinder,dtap,FL,2024,2023-24 school year,88.1,,,228213.0,Census,100.0,
kinder,dtap,FL,2025,2024-25 school year,88.8,,,221053.0,Census,100.0,
kinder,dtap,FL,2026,2025-26 school year,88.9,,,213535.0,Census,100.0,
kinder,dtap,GA,2010,2009-10 school year,99.9,,,141949.0,Random sample,1.2,
kinder,dtap,GA,2011,2010-11 school year,,,,,,,
kinder,dtap,GA,2012,2011-12 school year,96.7,,,143065.0,2-stage Cluster Sample,1.9,
kinder,dtap,GA,2013,2012-13 school year,95.1,,,142732.0,2-stage Cluster Sample,2.4,
kinder,dtap,GA,2014,2013-14 school year,94.0,,,143988.0,Census,100.0,
kinder,dtap,GA,2015,2014-15 school year,94.0,,,139471.0,Census,100.0,
kinder,dtap,GA,2016,2015-16 school year,94.6,,,131403.0,Census,100.0,
kinder,dtap,GA,2017,2016-17 school year,93.3,,,136165.0,Census,100.0,
kinder,dtap,GA,2018,2017-18 school year,93.4,,,131459.0,Census,100.0,
kinder,dtap,GA,2019,2018-19 school year,93.6,,,131275.0,Census,100.0,
kinder,dtap,GA,2020,2019-20 school year,93.1,,,130102.0,Census,100.0,
kinder,dtap,GA,2021,2020-21 school year,88.5,,,83191.0,Census,100.0,
kinder,dtap,GA,2022,2021-22 school year,83.2,,,118742.0,Census,100.0,
kinder,dtap,GA,2023,2022-23 school year,88.1,,,123771.0,Census,100.0,
kinder,dtap,GA,2024,2023-24 school year,88.4,,,136943.0,Census,100.0,
kinder,dtap,GA,2025,2024-25 school year,86.8,,,114568.0,Census,100.0,
kinder,dtap,GA,2026,2025-26 school year,89.1,,,118864.0,Census,100.0,
kinder,dtap,HI,2010,2009-10 school year,,,,18427.0,Random sample,6.4,
kinder,dtap,HI,2011,2010-11 school year,,,,,,,
kinder,dtap,HI,2012,2011-12 school year,,,,19443.0,2-stage Cluster Sample,7.7,
kinder,dtap,HI,2013,2012-13 school year,,,,20104.0,2-stage Cluster Sample,6.7,
kinder,dtap,HI,2014,2013-14 school year,,,,20056.0,Stratified  2-stage cluster sample,5.4,
kinder,dtap,HI,2015,2014-15 school year,,,,20085.0,Stratified 2-stage cluster sample,5.6,
kinder,dtap,HI,2016,2015-16 school year,93.8,,,16325.0,Stratified 2-stage cluster sample,6.7,
kinder,dtap,HI,2017,2016-17 school year,93.3,,,16325.0,Stratified 2-stage cluster sample,6.7,
kinder,dtap,HI,2018,2017-18 school year,95.4,,,16325.0,Stratified 2-stage cluster sample,6.6,
kinder,dtap,HI,2019,2018-19 school year,92.4,,,16051.0,Stratified 2-stage cluster sample,6.7,
kinder,dtap,HI,2020,2019-20 school year,91.1,,,15695.0,Stratified 2-stage cluster sample,8.9,
kinder,dtap,HI,2021,2020-21 school year,91.3,,,13074.0,Stratified 2-stage cluster sample,9.3,
kinder,dtap,HI,2022,2021-22 school year,92.5,,,13368.0,Stratified 2-stage cluster sample,6.7,
kinder,dtap,HI,2023,2022-23 school year,87.0,,,13195.0,Stratified 2-stage cluster sample,8.1,
kinder,dtap,HI,2024,2023-24 school year,89.4,,,13995.0,Stratified 2-stage cluster sample,8.2,
kinder,dtap,HI,2025,2024-25 school year,92.0,,,13804.0,Stratified 2-stage cluster sample,10.5,
kinder,dtap,HI,2026,2025-26 school year,88.8,,,13791.0,Stratified 2-stage cluster sample,11.7,
kinder,dtap,IA,2010,2009-10 school year,84.5,,,42698.0,Census,100.0,
kinder,dtap,IA,2011,2010-11 school year,,,,,,,
kinder,dtap,IA,2012,2011-12 school year,91.1,,,40978.0,Census,100.0,
kinder,dtap,IA,2013,2012-13 school year,90.5,,,41701.0,Census,99.9,
kinder,dtap,IA,2014,2013-14 school year,91.0,,,43728.0,Census,94.6,
kinder,dtap,IA,2015,2014-15 school year,91.9,,,43239.0,Census,96.3,
kinder,dtap,IA,2016,2015-16 school year,91.8,,,41215.0,Census,100.0,
kinder,dtap,IA,2017,2016-17 school year,92.6,,,39587.0,Census,100.0,
kinder,dtap,IA,2018,2017-18 school year,93.0,,,39632.0,Census,100.0,
kinder,dtap,IA,2019,2018-19 school year,93.3,,,40624.0,Census,100.0,
kinder,dtap,IA,2020,2019-20 school year,93.2,,,40812.0,Census,100.0,
kinder,dtap,IA,2021,2020-21 school year,93.4,,,39141.0,Census,100.0,
kinder,dtap,IA,2022,2021-22 school year,90.6,,,40111.0,Census,100.0,
kinder,dtap,IA,2023,2022-23 school year,89.9,,,39178.0,Census,100.0,
kinder,dtap,IA,2024,2023-24 school year,89.1,,,38611.0,Census,100.0,
kinder,dtap,IA,2025,2024-25 school year,88.8,,,38268.0,Census,100.0,
kinder,dtap,IA,2026,2025-26 school year,88.9,,,37490.0,Census,100.0,
kinder,dtap,ID,2010,2009-10 school year,86.8,,,22624.0,Census,100.0,
kinder,dtap,ID,2011,2010-11 school year,,,,,,,
kinder,dtap,ID,2012,2011-12 school year,89.0,,,22762.0,Census,100.0,
kinder,dtap,ID,2013,2012-13 school year,88.3,,,23888.0,Census,100.0,
kinder,dtap,ID,2014,2013-14 school year,88.0,,,23934.0,Census,100.0,
kinder,dtap,ID,2015,2014-15 school year,89.4,,,22968.0,Census,100.0,
kinder,dtap,ID,2016,2015-16 school year,89.8,,,22686.0,Census,100.0,
kinder,dtap,ID,2017,2016-17 school year,89.8,,,22589.0,Census,100.0,
kinder,dtap,ID,2018,2017-18 school year,89.3,,,22553.0,Census,99.0,
kinder,dtap,ID,2019,2018-19 school year,88.8,,,22995.0,Census,99.0,
kinder,dtap,ID,2020,2019-20 school year,89.0,,,23301.0,Census,98.5,
kinder,dtap,ID,2021,2020-21 school year,86.4,,,22677.0,Census,98.3,
kinder,dtap,ID,2022,2021-22 school year,83.5,,,23854.0,Census,99.6,
kinder,dtap,ID,2023,2022-23 school year,81.0,,,23721.0,Census,99.3,
kinder,dtap,ID,2024,2023-24 school year,79.5,,,22376.0,Census,100.0,
kinder,dtap,ID,2025,2024-25 school year,78.3,,,22242.0,Census,99.5,
kinder,dtap,ID,2026,2025-26 school year,74.8,,,21728.0,Census,100.0,
kinder,dtap,IL,2010,2009-10 school year,95.6,,,165845.0,Census,100.0,
kinder,dtap,IL,2011,2010-11 school year,,,,,,,
kinder,dtap,IL,2012,2011-12 school year,96.4,,,163311.0,Census,100.0,
kinder,dtap,IL,2013,2012-13 school year,94.6,,,166884.0,Census,100.0,
kinder,dtap,IL,2014,2013-14 school year,95.0,,,163316.0,Census,100.0,
kinder,dtap,IL,2015,2014-15 school year,94.9,,,156942.0,Census,100.0,
kinder,dtap,IL,2016,2015-16 school year,95.0,,,151309.0,Census,100.0,
kinder,dtap,IL,2017,2016-17 school year,95.0,,,151309.0,Census,97.7,
kinder,dtap,IL,2018,2017-18 school year,95.3,,,144858.0,Census,100.0,
kinder,dtap,IL,2019,2018-19 school year,94.7,,,143876.0,Census,100.0,
kinder,dtap,IL,2020,2019-20 school year,96.5,,,145891.0,Census,100.0,
kinder,dtap,IL,2021,2020-21 school year,,,,,Not Conducted,,NR
kinder,dtap,IL,2022,2021-22 school year,91.9,,,137699.0,Census,100.0,
kinder,dtap,IL,2023,2022-23 school year,91.5,,,135332.0,Census,100.0,
kinder,dtap,IL,2024,2023-24 school year,91.2,,,133578.0,Census,100.0,
kinder,dtap,IL,2025,2024-25 school year,91.2,,,132769.0,Census,99.5,
kinder,dtap,IL,2026,2025-26 school year,92.0,,,128598.0,Census,99.8,
kinder,dtap,IN,2010,2009-10 school year,91.1,,,84390.0,Census,94.7,
kinder,dtap,IN,2011,2010-11 school year,,,,,,,
kinder,dtap,IN,2012,2011-12 school year,90.2,,,83416.0,Voluntary Response,67.5,
kinder,dtap,IN,2013,2012-13 school year,90.1,,,86983.0,Voluntary Response,83.4,
kinder,dtap,IN,2014,2013-14 school year,81.8,,,87193.0,Voluntary response,70.3,
kinder,dtap,IN,2015,2014-15 school year,92.7,,,85477.0,Voluntary response,70.1,
kinder,dtap,IN,2016,2015-16 school year,92.6,,,83525.0,Voluntary response,69.5,
kinder,dtap,IN,2017,2016-17 school year,92.1,,,83263.0,Voluntary response,80.3,
kinder,dtap,IN,2018,2017-18 school year,94.3,,,84296.0,Voluntary Response,96.4,
kinder,dtap,IN,2019,2018-19 school year,94.4,,,82324.0,Census,96.4,
kinder,dtap,IN,2020,2019-20 school year,84.0,,,88253.0,Voluntary response,65.7,
kinder,dtap,IN,2021,2020-21 school year,83.9,,,78694.0,Voluntary response,71.4,
kinder,dtap,IN,2022,2021-22 school year,84.0,,,83198.0,Vol. response,75.1,
kinder,dtap,IN,2023,2022-23 school year,83.0,,,81307.0,"Vol. response (pub.), census (pvt.)",87.5,
kinder,dtap,IN,2024,2023-24 school year,81.8,,,80639.0,"Census (pub.), vol. response (prv.)",88.5,
kinder,dtap,IN,2025,2024-25 school year,81.7,,,73744.0,"Census (pub.), vol. response (prv.)",92.7,
kinder,dtap,IN,2026,2025-26 school year,88.4,,,70886.0,Vol. response,87.1,
kinder,dtap,KS,2010,2009-10 school year,97.1,,,39073.0,Stratified 1-stage sample  (Public).  Census (Private),39.1,
kinder,dtap,KS,2011,2010-11 school year,,,,,,,
kinder,dtap,KS,2012,2011-12 school year,88.0,,,38402.0,Stratified 1-stage sample  (Public);  Census (Private),52.7,
kinder,dtap,KS,2013,2012-13 school year,88.9,,,40738.0,Stratified 1-stage sample  (Public);  Census (Private),31.8,
kinder,dtap,KS,2014,2013-14 school year,87.6,,,41107.0,Stratified 1-stage sample  (Public);  Census (Private),29.0,
kinder,dtap,KS,2015,2014-15 school year,89.6,,,39685.0,Stratified 2-stage cluster sample,24.5,
kinder,dtap,KS,2016,2015-16 school year,89.4,,,39555.0,Stratified 2-stage cluster sample,21.0,
kinder,dtap,KS,2017,2016-17 school year,88.7,,,38298.0,Stratified 2-stage cluster sample,22.9,
kinder,dtap,KS,2018,2017-18 school year,89.5,,,38484.0,Stratified 2-stage cluster sample,23.1,
kinder,dtap,KS,2019,2018-19 school year,91.0,,,37838.0,Stratified 2-stage cluster sample,23.1,
kinder,dtap,KS,2020,2019-20 school year,89.7,,,37865.0,Stratified 2-stage cluster sample,34.3,
kinder,dtap,KS,2021,2020-21 school year,90.8,,,34687.0,Stratified 2-stage cluster sample,32.7,
kinder,dtap,KS,2022,2021-22 school year,90.0,,,36526.0,Stratified 1-stage cluster sample,29.5,
kinder,dtap,KS,2023,2022-23 school year,90.5,,,35543.0,Stratified 1-stage cluster sample,30.8,
kinder,dtap,KS,2024,2023-24 school year,90.1,,,34178.0,Stratified 2-stage cluster sample,37.1,
kinder,dtap,KS,2025,2024-25 school year,90.8,,,33892.0,Stratified 2-stage cluster sample,29.2,
kinder,dtap,KS,2026,2025-26 school year,,,,,Stratified 2-stage cluster sample,,
kinder,dtap,KY,2010,2009-10 school year,93.2,,,56526.0,Census,92.9,
kinder,dtap,KY,2011,2010-11 school year,,,,,,,
kinder,dtap,KY,2012,2011-12 school year,93.7,,,58185.0,Census,91.8,
kinder,dtap,KY,2013,2012-13 school year,94.1,,,58466.0,Census,97.2,
kinder,dtap,KY,2014,2013-14 school year,93.9,,,57857.0,Census,100.0,
kinder,dtap,KY,2015,2014-15 school year,94.4,,,57884.0,Census,97.2,
kinder,dtap,KY,2016,2015-16 school year,93.9,,,54353.0,Census,99.5,
kinder,dtap,KY,2017,2016-17 school year,92.5,,,51487.0,Census,92.9,
kinder,dtap,KY,2018,2017-18 school year,93.7,,,55152.0,Census,99.0,
kinder,dtap,KY,2019,2018-19 school year,94.1,,,55587.0,Census,99.0,
kinder,dtap,KY,2020,2019-20 school year,93.3,,,59233.0,Census,92.9,
kinder,dtap,KY,2021,2020-21 school year,89.4,,,59233.0,Census (public). voluntary response (private),86.4,
kinder,dtap,KY,2022,2021-22 school year,87.1,,,59233.0,Census,91.5,
kinder,dtap,KY,2023,2022-23 school year,90.6,,,54742.0,Census,96.9,
kinder,dtap,KY,2024,2023-24 school year,91.0,,,52609.0,Census,100.0,
kinder,dtap,KY,2025,2024-25 school year,86.2,,,51319.0,Census,100.0,
kinder,dtap,KY,2026,2025-26 school year,90.3,,,49937.0,Census,100.0,
kinder,dtap,LA,2010,2009-10 school year,98.0,,,53846.0,Census,100.0,
kinder,dtap,LA,2011,2010-11 school year,,,,,,,
kinder,dtap,LA,2012,2011-12 school year,98.9,,,69013.0,Census,100.0,
kinder,dtap,LA,2013,2012-13 school year,98.3,,,68874.0,Census,100.0,
kinder,dtap,LA,2014,2013-14 school year,98.3,,,63976.0,Census,100.0,
kinder,dtap,LA,2015,2014-15 school year,98.3,,,60377.0,Census,100.0,
kinder,dtap,LA,2016,2015-16 school year,98.3,,,59159.0,Census,100.0,
kinder,dtap,LA,2017,2016-17 school year,98.0,,,55257.0,Census,100.0,
kinder,dtap,LA,2018,2017-18 school year,97.7,,,58277.0,Census,100.0,
kinder,dtap,LA,2019,2018-19 school year,97.7,,,56203.0,Census,100.0,
kinder,dtap,LA,2020,2019-20 school year,97.2,,,59685.0,Census,100.0,
kinder,dtap,LA,2021,2020-21 school year,96.9,,,61912.0,Census,100.0,
kinder,dtap,LA,2022,2021-22 school year,96.2,,,66518.0,Census,100.0,
kinder,dtap,LA,2023,2022-23 school year,93.1,,,54314.0,Census,100.0,
kinder,dtap,LA,2024,2023-24 school year,90.5,,,51839.0,Census,100.0,
kinder,dtap,LA,2025,2024-25 school year,95.3,,,49229.0,Census,100.0,
kinder,dtap,LA,2026,2025-26 school year,89.4,,,50223.0,Census,100.0,
kinder,dtap,MA,2010,2009-10 school year,92.4,,,74476.0,Census,100.0,
kinder,dtap,MA,2011,2010-11 school year,,,,,,,
kinder,dtap,MA,2012,2011-12 school year,92.5,,,79551.0,Census,97.5,
kinder,dtap,MA,2013,2012-13 school year,93.1,,,79661.0,Census,97.6,
kinder,dtap,MA,2014,2013-14 school year,93.0,,,79894.0,Census,97.9,
kinder,dtap,MA,2015,2014-15 school year,92.9,,,74869.0,Census,100.0,
kinder,dtap,MA,2016,2015-16 school year,94.9,,,72897.0,Census,100.0,
kinder,dtap,MA,2017,2016-17 school year,96.1,,,70109.0,Census,100.0,
kinder,dtap,MA,2018,2017-18 school year,96.4,,,63377.0,Census,100.0,
kinder,dtap,MA,2019,2018-19 school year,97.1,,,65279.0,Census,100.0,
kinder,dtap,MA,2020,2019-20 school year,97.2,,,66756.0,Census,100.0,
kinder,dtap,MA,2021,2020-21 school year,95.7,,,60724.0,Census,100.0,
kinder,dtap,MA,2022,2021-22 school year,96.1,,,65582.0,Census,100.0,
kinder,dtap,MA,2023,2022-23 school year,96.2,,,66041.0,Census,100.0,
kinder,dtap,MA,2024,2023-24 school year,96.0,,,65424.0,Census,100.0,
kinder,dtap,MA,2025,2024-25 school year,96.3,,,65581.0,Census,100.0,
kinder,dtap,MA,2026,2025-26 school year,96.4,,,65331.0,Census,100.0,
kinder,dtap,MD,2010,2009-10 school year,99.6,,,75061.0,Voluntary response,75.0,
kinder,dtap,MD,2011,2010-11 school year,,,,,,,
kinder,dtap,MD,2012,2011-12 school year,99.6,,,72957.0,Voluntary Response,67.2,
kinder,dtap,MD,2013,2012-13 school year,99.4,,,75007.0,Voluntary Response,84.3,
kinder,dtap,MD,2014,2013-14 school year,99.0,,,75659.0,Census,96.9,
kinder,dtap,MD,2015,2014-15 school year,99.6,,,75391.0,Census (public); Voluntary response (private),90.2,
kinder,dtap,MD,2016,2015-16 school year,99.6,,,72012.0,Census (public); Voluntary response (private),94.3,
kinder,dtap,MD,2017,2016-17 school year,98.2,,,71467.0,Census,98.1,
kinder,dtap,MD,2018,2017-18 school year,97.9,,,68528.0,Census,98.5,
kinder,dtap,MD,2019,2018-19 school year,97.7,,,71431.0,Census,100.0,
kinder,dtap,MD,2020,2019-20 school year,98.2,,,72443.0,Census (public). voluntary response (private),98.3,
kinder,dtap,MD,2021,2020-21 school year,89.7,,,65764.0,Voluntary response,75.6,
kinder,dtap,MD,2022,2021-22 school year,88.6,,,53866.0,Census,98.4,
kinder,dtap,MD,2023,2022-23 school year,96.9,,,59684.0,Census,100.0,
kinder,dtap,MD,2024,2023-24 school year,96.8,,,63224.0,Census,100.0,
kinder,dtap,MD,2025,2024-25 school year,96.6,,,66135.0,"Census (pub.), vol. response (prv.)",95.6,
kinder,dtap,MD,2026,2025-26 school year,96.7,,,66945.0,"Census (pub.), vol. response (prv.)",97.8,
kinder,dtap,ME,2010,2009-10 school year,96.2,,,14162.0,Voluntary response,75.3,
kinder,dtap,ME,2011,2010-11 school year,,,,,,,
kinder,dtap,ME,2012,2011-12 school year,96.6,,,13829.0,Census,97.0,
kinder,dtap,ME,2013,2012-13 school year,95.2,,,14313.0,Census,94.6,
kinder,dtap,ME,2014,2013-14 school year,94.4,,,15441.0,Voluntary response,82.4,
kinder,dtap,ME,2015,2014-15 school year,95.4,,,13704.0,Voluntary response (public); Census (private),88.9,
kinder,dtap,ME,2016,2015-16 school year,96.1,,,13526.0,Census,90.5,
kinder,dtap,ME,2017,2016-17 school year,96.3,,,13834.0,Voluntary response (public). census (private),90.1,
kinder,dtap,ME,2018,2017-18 school year,95.3,,,13255.0,Census,95.9,
kinder,dtap,ME,2019,2018-19 school year,94.5,,,13419.0,Census,95.9,
kinder,dtap,ME,2020,2019-20 school year,94.1,,,13450.0,Census,99.6,
kinder,dtap,ME,2021,2020-21 school year,94.0,,,13477.0,Voluntary response (public). census (private),85.0,
kinder,dtap,ME,2022,2021-22 school year,96.3,,,12881.0,Census,91.6,
kinder,dtap,ME,2023,2022-23 school year,96.6,,,12403.0,Census,93.9,
kinder,dtap,ME,2024,2023-24 school year,96.9,,,12087.0,Census,93.0,
kinder,dtap,ME,2025,2024-25 school year,97.3,,,11761.0,Census,95.4,
kinder,dtap,ME,2026,2025-26 school year,97.4,,,11634.0,Census,94.4,
kinder,dtap,MI,2010,2009-10 school year,96.0,,,129810.0,Census,100.0,
kinder,dtap,MI,2011,2010-11 school year,,,,,,,
kinder,dtap,MI,2012,2011-12 school year,95.6,,,124962.0,Census,100.0,
kinder,dtap,MI,2013,2012-13 school year,95.1,,,124662.0,Census,100.0,
kinder,dtap,MI,2014,2013-14 school year,94.8,,,120297.0,Census,100.0,
kinder,dtap,MI,2015,2014-15 school year,95.1,,,117963.0,Census,100.0,
kinder,dtap,MI,2016,2015-16 school year,95.9,,,116299.0,Census,100.0,
kinder,dtap,MI,2017,2016-17 school year,95.8,,,118777.0,Census,100.0,
kinder,dtap,MI,2018,2017-18 school year,95.3,,,119028.0,Census,100.0,
kinder,dtap,MI,2019,2018-19 school year,94.8,,,118632.0,Census,100.0,
kinder,dtap,MI,2020,2019-20 school year,94.7,,,120565.0,Census,100.0,
kinder,dtap,MI,2021,2020-21 school year,95.4,,,106657.0,Census,100.0,
kinder,dtap,MI,2022,2021-22 school year,94.1,,,114251.0,Census,100.0,
kinder,dtap,MI,2023,2022-23 school year,93.1,,,113678.0,Census,100.0,
kinder,dtap,MI,2024,2023-24 school year,92.1,,,110156.0,Census,100.0,
kinder,dtap,MI,2025,2024-25 school year,91.6,,,107636.0,Census,100.0,
kinder,dtap,MI,2026,2025-26 school year,90.8,,,104614.0,Census,100.0,
kinder,dtap,MN,2010,2009-10 school year,94.3,,,70653.0,Census,100.0,
kinder,dtap,MN,2011,2010-11 school year,,,,,,,
kinder,dtap,MN,2012,2011-12 school year,95.5,,,71213.0,Census,99.2,
kinder,dtap,MN,2013,2012-13 school year,96.7,,,73310.0,Census,100.0,
kinder,dtap,MN,2014,2013-14 school year,96.6,,,72087.0,Census,98.5,
kinder,dtap,MN,2015,2014-15 school year,93.7,,,70896.0,Census,97.8,
kinder,dtap,MN,2016,2015-16 school year,93.0,,,69710.0,Census,97.8,
kinder,dtap,MN,2017,2016-17 school year,93.2,,,69140.0,Census,96.7,
kinder,dtap,MN,2018,2017-18 school year,92.8,,,69807.0,Census,98.1,
kinder,dtap,MN,2019,2018-19 school year,92.5,,,70085.0,Census,98.1,
kinder,dtap,MN,2020,2019-20 school year,92.3,,,71223.0,Census,98.7,
kinder,dtap,MN,2021,2020-21 school year,89.3,,,66007.0,Census,95.2,
kinder,dtap,MN,2022,2021-22 school year,89.0,,,69403.0,Census,98.7,
kinder,dtap,MN,2023,2022-23 school year,88.3,,,68152.0,Census,97.9,
kinder,dtap,MN,2024,2023-24 school year,87.4,,,66032.0,Census,99.1,
kinder,dtap,MN,2025,2024-25 school year,87.0,,,64898.0,Census,99.7,
kinder,dtap,MN,2026,2025-26 school year,86.1,,,63451.0,Census,99.9,
kinder,dtap,MO,2010,2009-10 school year,97.1,,,75958.0,Random sample,3.0,
kinder,dtap,MO,2011,2010-11 school year,,,,,,,
kinder,dtap,MO,2012,2011-12 school year,97.1,,,75240.0,2-stage Cluster Sample,4.7,
kinder,dtap,MO,2013,2012-13 school year,96.5,,,78416.0,2-stage Cluster Sample,5.9,
kinder,dtap,MO,2014,2013-14 school year,96.0,,,78140.0,Census,100.0,
kinder,dtap,MO,2015,2014-15 school year,96.0,,,75900.0,Census,100.0,
kinder,dtap,MO,2016,2015-16 school year,95.6,,,74413.0,Census,100.0,
kinder,dtap,MO,2017,2016-17 school year,95.5,,,73355.0,Census,100.0,
kinder,dtap,MO,2018,2017-18 school year,95.3,,,73113.0,Census,100.0,
kinder,dtap,MO,2019,2018-19 school year,94.8,,,72687.0,Census,100.0,
kinder,dtap,MO,2020,2019-20 school year,94.5,,,72324.0,Census,100.0,
kinder,dtap,MO,2021,2020-21 school year,92.6,,,63093.0,Census,100.0,
kinder,dtap,MO,2022,2021-22 school year,91.5,,,71034.0,Census,100.0,
kinder,dtap,MO,2023,2022-23 school year,91.1,,,69126.0,Census,100.0,
kinder,dtap,MO,2024,2023-24 school year,90.5,,,69014.0,Census,100.0,
kinder,dtap,MO,2025,2024-25 school year,90.0,,,68163.0,Census,100.0,
kinder,dtap,MO,2026,2025-26 school year,88.8,,,66610.0,Census,100.0,
kinder,dtap,MS,2010,2009-10 school year,99.7,,,46922.0,Census,100.0,
kinder,dtap,MS,2011,2010-11 school year,,,,,,,
kinder,dtap,MS,2012,2011-12 school year,99.2,,,44912.0,Census,100.0,
kinder,dtap,MS,2013,2012-13 school year,99.9,,,46595.0,Census,100.0,
kinder,dtap,MS,2014,2013-14 school year,99.7,,,45719.0,Census,100.0,
kinder,dtap,MS,2015,2014-15 school year,99.2,,,44129.0,Census,100.0,
kinder,dtap,MS,2016,2015-16 school year,99.4,,,41042.0,Census,100.0,
kinder,dtap,MS,2017,2016-17 school year,99.4,,,40509.0,Census,100.0,
kinder,dtap,MS,2018,2017-18 school year,99.4,,,39284.0,Census,100.0,
kinder,dtap,MS,2019,2018-19 school year,99.2,,,37775.0,Census,100.0,
kinder,dtap,MS,2020,2019-20 school year,99.1,,,37870.0,Census,100.0,
kinder,dtap,MS,2021,2020-21 school year,98.9,,,34028.0,Census,100.0,
kinder,dtap,MS,2022,2021-22 school year,98.6,,,36524.0,Census,100.0,
kinder,dtap,MS,2023,2022-23 school year,98.4,,,36048.0,Census,100.0,
kinder,dtap,MS,2024,2023-24 school year,97.5,,,36105.0,Census,100.0,
kinder,dtap,MS,2025,2024-25 school year,97.6,,,35293.0,Census,100.0,
kinder,dtap,MS,2026,2025-26 school year,97.0,,,34969.0,Census,100.0,
kinder,dtap,MT,2010,2009-10 school year,96.7,,,12335.0,Census,98.8,
kinder,dtap,MT,2011,2010-11 school year,,,,,,,
kinder,dtap,MT,2012,2011-12 school year,94.8,,,12128.0,Census,100.0,
kinder,dtap,MT,2013,2012-13 school year,94.5,,,12516.0,Census,95.8,
kinder,dtap,MT,2014,2013-14 school year,94.8,,,12855.0,Census,95.4,
kinder,dtap,MT,2015,2014-15 school year,94.6,,,12501.0,Census (public); Voluntary response (private),95.7,
kinder,dtap,MT,2016,2015-16 school year,94.0,,,11484.0,Census,100.0,
kinder,dtap,MT,2017,2016-17 school year,93.9,,,11956.0,Census,100.0,
kinder,dtap,MT,2018,2017-18 school year,92.6,,,12188.0,Census,100.0,
kinder,dtap,MT,2019,2018-19 school year,93.0,,,12480.0,Census,100.0,
kinder,dtap,MT,2020,2019-20 school year,93.2,,,12501.0,Census,100.0,
kinder,dtap,MT,2021,2020-21 school year,91.9,,,11279.0,Census,100.0,
kinder,dtap,NC,2010,2009-10 school year,,,,116087.0,Census,96.0,
kinder,dtap,NC,2011,2010-11 school year,,,,,,,
kinder,dtap,NC,2012,2011-12 school year,,,,128854.0,Census,95.4,
kinder,dtap,NC,2013,2012-13 school year,,,,130612.0,Census,97.3,
kinder,dtap,NC,2014,2013-14 school year,,,,126084.0,Census,97.7,
kinder,dtap,NC,2015,2014-15 school year,96.5,,,129792.0,Census (public). Voluntary response (private),95.0,
kinder,dtap,NC,2016,2015-16 school year,97.1,,,128290.0,Census (public). Voluntary response (private),92.0,
kinder,dtap,NC,2017,2016-17 school year,96.1,,,126454.0,Voluntary response,88.2,
kinder,dtap,NC,2018,2017-18 school year,96.8,,,127197.0,Census,90.9,
kinder,dtap,NC,2019,2018-19 school year,93.2,,,124343.0,Census (public). voluntary response (private),90.9,
kinder,dtap,NC,2020,2019-20 school year,95.5,,,124548.0,Census,97.8,
kinder,dtap,NC,2021,2020-21 school year,95.2,,,120995.0,Census (public). voluntary response (private),89.0,
kinder,dtap,NC,2022,2021-22 school year,96.0,,,118191.0,Vol. response,78.5,
kinder,dtap,NC,2023,2022-23 school year,93.7,,,125679.0,Vol. response,83.1,
kinder,dtap,NC,2024,2023-24 school year,93.5,,,125964.0,"Census (pub.), vol. response (prv.)",90.8,
kinder,dtap,NC,2025,2024-25 school year,94.0,,,124028.0,"Census (pub.), vol. response (prv.)",91.0,
kinder,dtap,NC,2026,2025-26 school year,93.4,,,120045.0,"Census (pub.), vol. response (prv.)",90.1,
kinder,dtap,ND,2010,2009-10 school year,90.8,,,8323.0,Random sample,6.0,
kinder,dtap,ND,2011,2010-11 school year,,,,,,,
kinder,dtap,ND,2012,2011-12 school year,91.2,,,8412.0,Convenient,5.8,
kinder,dtap,ND,2013,2012-13 school year,89.0,,,9503.0,2-stage Cluster Sample,4.9,
kinder,dtap,ND,2014,2013-14 school year,90.2,,,9780.0,Census (Public); Stratified  2-stage cluster sample(Private),96.1,
kinder,dtap,ND,2015,2014-15 school year,89.6,,,10017.0,Census,99.9,
kinder,dtap,ND,2016,2015-16 school year,90.8,,,9875.0,Census,97.1,
kinder,dtap,ND,2017,2016-17 school year,93.8,,,9799.0,Census,98.7,
kinder,dtap,ND,2018,2017-18 school year,94.1,,,10365.0,Census,99.4,
kinder,dtap,ND,2019,2018-19 school year,93.6,,,10382.0,Census,99.4,
kinder,dtap,ND,2020,2019-20 school year,94.4,,,10587.0,Census,99.5,
kinder,dtap,ND,2021,2020-21 school year,93.1,,,10116.0,Census,99.1,
kinder,dtap,ND,2022,2021-22 school year,91.4,,,10755.0,Census,96.6,
kinder,dtap,ND,2023,2022-23 school year,91.8,,,10554.0,Census,99.4,
kinder,dtap,ND,2024,2023-24 school year,90.5,,,9708.0,Census,97.5,
kinder,dtap,ND,2025,2024-25 school year,89.7,,,9659.0,Census,98.8,
kinder,dtap,ND,2026,2025-26 school year,88.2,,,9344.0,Census,98.6,
kinder,dtap,NE,2010,2009-10 school year,98.7,,,29607.0,Census,96.4,
kinder,dtap,NE,2011,2010-11 school year,,,,,,,
kinder,dtap,NE,2012,2011-12 school year,99.7,,,26715.0,Census,96.6,
kinder,dtap,NE,2013,2012-13 school year,95.5,,,24999.0,Census,96.6,
kinder,dtap,NE,2014,2013-14 school year,96.8,,,27000.0,Census,97.3,
kinder,dtap,NE,2015,2014-15 school year,96.4,,,26665.0,Census,100.0,
kinder,dtap,NE,2016,2015-16 school year,96.8,,,30409.0,Census,100.0,
kinder,dtap,NE,2017,2016-17 school year,97.2,,,27117.0,Census,100.0,
kinder,dtap,NE,2018,2017-18 school year,96.7,,,26313.0,Census,98.6,
kinder,dtap,NE,2019,2018-19 school year,97.4,,,26925.0,Census,98.6,
kinder,dtap,NE,2020,2019-20 school year,96.9,,,26893.0,Census,96.7,
kinder,dtap,NE,2021,2020-21 school year,96.1,,,25681.0,Census (public). voluntary response (private),94.8,
kinder,dtap,NE,2022,2021-22 school year,96.6,,,25018.0,Census,99.5,
kinder,dtap,NE,2023,2022-23 school year,95.7,,,23176.0,Census,100.0,
kinder,dtap,NE,2024,2023-24 school year,95.2,,,23118.0,Census,100.0,
kinder,dtap,NE,2025,2024-25 school year,95.1,,,24102.0,Census,100.0,
kinder,dtap,NE,2026,2025-26 school year,94.4,,,23807.0,Census,100.0,
kinder,dtap,NH,2010,2009-10 school year,,,,,Not conducted,,
kinder,dtap,NH,2011,2010-11 school year,,,,,,,
kinder,dtap,NH,2012,2011-12 school year,,,,13022.0,Census,100.0,
kinder,dtap,NH,2013,2012-13 school year,,,,12943.0,Census,99.2,
kinder,dtap,NH,2014,2013-14 school year,94.7,,,13240.0,Census,100.0,
kinder,dtap,NH,2015,2014-15 school year,91.4,,,12422.0,Census (public); Voluntary response (private),98.9,
kinder,dtap,NH,2016,2015-16 school year,91.9,,,11852.0,Census,99.8,
kinder,dtap,NH,2017,2016-17 school year,91.5,,,12145.0,Census,100.0,
kinder,dtap,NH,2018,2017-18 school year,92.4,,,12165.0,Census,100.0,
kinder,dtap,NH,2019,2018-19 school year,91.8,,,12421.0,Census,100.0,
kinder,dtap,NH,2020,2019-20 school year,91.5,,,12447.0,Census,100.0,
kinder,dtap,NH,2021,2020-21 school year,90.8,,,10242.0,Voluntary response,57.0,
kinder,dtap,NH,2022,2021-22 school year,88.7,,,12157.0,Census,100.0,
kinder,dtap,NH,2023,2022-23 school year,89.4,,,11332.0,Census,100.0,
kinder,dtap,NH,2024,2023-24 school year,89.2,,,11871.0,Census,100.0,
kinder,dtap,NH,2025,2024-25 school year,89.2,,,11713.0,Census,100.0,
kinder,dtap,NH,2026,2025-26 school year,88.2,,,11544.0,Census,100.0,
kinder,dtap,NJ,2010,2009-10 school year,,,,118347.0,Census,95.1,
kinder,dtap,NJ,2011,2010-11 school year,,,,,,,
kinder,dtap,NJ,2012,2011-12 school year,,,,118669.0,Census,96.6,
kinder,dtap,NJ,2013,2012-13 school year,97.0,,,122516.0,Census,96.7,
kinder,dtap,NJ,2014,2013-14 school year,96.8,,,123085.0,Census,95.4,
kinder,dtap,NJ,2015,2014-15 school year,92.3,,,120471.0,Census (public); Voluntary response (private),93.9,
kinder,dtap,NJ,2016,2015-16 school year,96.3,,,110116.0,Census,100.0,
kinder,dtap,NJ,2017,2016-17 school year,96.5,,,109577.0,Census,100.0,
kinder,dtap,NJ,2018,2017-18 school year,96.1,,,107630.0,Census,100.0,
kinder,dtap,NJ,2019,2018-19 school year,95.0,,,109161.0,Census,100.0,
kinder,dtap,NJ,2020,2019-20 school year,95.9,,,107900.0,Census,100.0,
kinder,dtap,NJ,2021,2020-21 school year,94.3,,,100144.0,Census,100.0,
kinder,dtap,NJ,2022,2021-22 school year,94.1,,,104240.0,Census,100.0,
kinder,dtap,NJ,2023,2022-23 school year,94.3,,,104468.0,Census,100.0,
kinder,dtap,NJ,2024,2023-24 school year,93.2,,,105408.0,Census,100.0,
kinder,dtap,NJ,2025,2024-25 school year,92.8,,,104339.0,Census,100.0,
kinder,dtap,NJ,2026,2025-26 school year,92.5,,,101602.0,Census,92.3,
kinder,dtap,NM,2010,2009-10 school year,99.0,,,26318.0,Random sample,2.2,
kinder,dtap,NM,2011,2010-11 school year,,,,,,,
kinder,dtap,NM,2012,2011-12 school year,96.9,,,29159.0,2-stage Cluster Sample,2.0,
kinder,dtap,NM,2013,2012-13 school year,96.6,,,29279.0,2-stage Cluster Sample,3.3,
kinder,dtap,NM,2014,2013-14 school year,97.4,,,30725.0,Stratified  2-stage cluster sample,2.7,
kinder,dtap,NM,2015,2014-15 school year,96.4,,,29918.0,Stratified 2-stage cluster sample,3.3,
kinder,dtap,NM,2016,2015-16 school year,94.7,,,29049.0,Stratified 2-stage cluster sample,2.7,
kinder,dtap,NM,2017,2016-17 school year,94.8,,,27119.0,Stratified 2-stage cluster sample,4.5,
kinder,dtap,NM,2018,2017-18 school year,94.9,,,26896.0,Stratified 2-stage cluster sample,99.6,
kinder,dtap,NM,2019,2018-19 school year,96.0,,,25269.0,Census,99.6,
kinder,dtap,NM,2020,2019-20 school year,96.7,,,23087.0,Census,100.0,
kinder,dtap,NM,2021,2020-21 school year,95.7,,,20589.0,Census,100.0,
kinder,dtap,NM,2022,2021-22 school year,94.0,,,20736.0,Census,100.0,
kinder,dtap,NM,2023,2022-23 school year,94.7,,,21068.0,Census,100.0,
kinder,dtap,NM,2024,2023-24 school year,94.8,,,20699.0,Census,100.0,
kinder,dtap,NM,2025,2024-25 school year,94.5,,,20180.0,Census,100.0,
kinder,dtap,NM,2026,2025-26 school year,94.7,,,19843.0,Census,100.0,
kinder,dtap,NV,2010,2009-10 school year,97.9,,,35209.0,Random sample,5.6,
kinder,dtap,NV,2011,2010-11 school year,,,,,,,
kinder,dtap,NV,2012,2011-12 school year,97.2,,,36557.0,2-stage Cluster Sample,5.2,
kinder,dtap,NV,2013,2012-13 school year,96.6,,,36070.0,2-stage Cluster Sample,4.3,
kinder,dtap,NV,2014,2013-14 school year,94.4,,,35782.0,Stratified  2-stage cluster sample,3.1,
kinder,dtap,NV,2015,2014-15 school year,93.2,,,36755.0,Stratified 2-stage cluster sample,2.8,
kinder,dtap,NV,2016,2015-16 school year,94.2,,,37118.0,Stratified 2-stage cluster sample,3.3,
kinder,dtap,NV,2017,2016-17 school year,90.0,,,36885.0,Stratified 2-stage cluster sample,3.7,
kinder,dtap,NV,2018,2017-18 school year,92.6,,,37178.0,Stratified 2-stage cluster sample,4.8,
kinder,dtap,NV,2019,2018-19 school year,95.0,,,37971.0,Stratified 2-stage cluster sample,4.8,
kinder,dtap,NV,2020,2019-20 school year,94.0,,,37724.0,Census,99.9,
kinder,dtap,NV,2021,2020-21 school year,95.4,,,34171.0,Census (public). voluntary response (private),94.7,
kinder,dtap,NV,2022,2021-22 school year,91.5,,,36855.0,"Census (pub.), vol. response (pvt.)",99.2,
kinder,dtap,NV,2023,2022-23 school year,92.2,,,34333.0,"Vol. response (pub.), census (pvt.)",89.1,
kinder,dtap,NV,2024,2023-24 school year,91.1,,,31261.0,Census,91.3,
kinder,dtap,NV,2025,2024-25 school year,90.3,,,33272.0,"Census (pub.), vol. response (prv.)",92.6,
kinder,dtap,NV,2026,2025-26 school year,90.0,,,32815.0,"Census (pub.), vol. response (prv.)",93.6,
kinder,dtap,NY,2010,2009-10 school year,98.3,,,229273.0,Census,100.0,
kinder,dtap,NY,2011,2010-11 school year,,,,,,,
kinder,dtap,NY,2012,2011-12 school year,97.9,,,236016.0,Census,100.0,
kinder,dtap,NY,2013,2012-13 school year,98.4,,,239484.0,Census,100.0,
kinder,dtap,NY,2014,2013-14 school year,98.1,,,240318.0,Census,100.0,
kinder,dtap,NY,2015,2014-15 school year,97.5,,,237045.0,Census,100.0,
kinder,dtap,NY,2016,2015-16 school year,94.1,,,232521.0,Census,100.0,
kinder,dtap,NY,2017,2016-17 school year,96.9,,,227050.0,Census,100.0,
kinder,dtap,NY,2018,2017-18 school year,96.9,,,226456.0,Census,100.0,
kinder,dtap,NY,2019,2018-19 school year,96.7,,,220495.0,Census,100.0,
kinder,dtap,NY,2020,2019-20 school year,97.8,,,234165.0,Census,99.9,
kinder,dtap,NY,2021,2020-21 school year,97.8,,,216804.0,Census (public). voluntary response (private),91.5,
kinder,dtap,NY,2022,2021-22 school year,97.3,,,195377.0,Census,99.3,
kinder,dtap,NY,2023,2022-23 school year,97.2,,,205906.0,"Census (pub.), vol. response (pvt.)",96.6,
kinder,dtap,NY,2024,2023-24 school year,96.8,,,200894.0,Census,98.8,
kinder,dtap,NY,2025,2024-25 school year,97.2,,,234054.0,Vol. response,85.1,
kinder,dtap,NY,2026,2025-26 school year,97.4,,,203514.0,"Census (pub.), vol. response (prv.)",95.8,
kinder,dtap,OH,2010,2009-10 school year,87.9,,,131137.0,Census,100.0,
kinder,dtap,OH,2011,2010-11 school year,,,,,,,
kinder,dtap,OH,2012,2011-12 school year,95.9,,,146144.0,Convenient,94.5,
kinder,dtap,OH,2013,2012-13 school year,96.3,,,163687.0,Census,86.9,
kinder,dtap,OH,2014,2013-14 school year,96.1,,,150000.0,Census,92.5,
kinder,dtap,OH,2015,2014-15 school year,92.2,,,149080.0,Census (public); Voluntary response (private),91.0,
kinder,dtap,OH,2016,2015-16 school year,92.1,,,144604.0,Census (public); Voluntary response (private),93.7,
kinder,dtap,OH,2017,2016-17 school year,92.4,,,137542.0,Census,95.5,
kinder,dtap,OH,2018,2017-18 school year,92.1,,,138753.0,Census,94.9,
kinder,dtap,OH,2019,2018-19 school year,91.9,,,139679.0,Census (public). voluntary response (private),94.9,
kinder,dtap,OH,2020,2019-20 school year,92.3,,,139103.0,Census,98.8,
kinder,dtap,OH,2021,2020-21 school year,89.0,,,128535.0,Census (public). voluntary response (private),91.1,
kinder,dtap,OH,2022,2021-22 school year,88.5,,,139077.0,"Census (pub.), vol. response (pvt.)",91.9,
kinder,dtap,OH,2023,2022-23 school year,89.4,,,134893.0,"Census (pub.), vol. response (pvt.)",93.7,
kinder,dtap,OH,2024,2023-24 school year,89.3,,,133716.0,"Census (pub.), vol. response (prv.)",94.0,
kinder,dtap,OH,2025,2024-25 school year,88.8,,,131589.0,"Census (pub.), vol. response (prv.)",93.2,
kinder,dtap,OH,2026,2025-26 school year,88.5,,,129087.0,"Census (pub.), vol. response (prv.)",95.9,
kinder,dtap,OK,2010,2009-10 school year,97.3,,,51128.0,Voluntary response,88.9,
kinder,dtap,OK,2011,2010-11 school year,,,,,,,
kinder,dtap,OK,2012,2011-12 school year,94.6,,,52987.0,Census,90.9,
kinder,dtap,OK,2013,2012-13 school year,90.2,,,56943.0,Census,95.5,
kinder,dtap,OK,2014,2013-14 school year,96.1,,,57377.0,Voluntary response,71.3,
kinder,dtap,OK,2015,2014-15 school year,90.0,,,56967.0,Census,95.9,
kinder,dtap,OK,2016,2015-16 school year,96.1,,,54335.0,Census,96.1,
kinder,dtap,OK,2017,2016-17 school year,,,,52184.0,Census,0.0,
kinder,dtap,OK,2018,2017-18 school year,93.9,,,53898.0,Census (public). voluntary response (private),92.1,
kinder,dtap,OK,2019,2018-19 school year,92.7,,,54806.0,Census (public). voluntary response (private),92.1,
kinder,dtap,OK,2020,2019-20 school year,93.9,,,55348.0,Voluntary response,85.6,
kinder,dtap,OK,2021,2020-21 school year,90.3,,,52656.0,Census (public). voluntary response (private),90.0,
kinder,dtap,OK,2022,2021-22 school year,91.1,,,54042.0,Vol. response,84.3,
kinder,dtap,OK,2023,2022-23 school year,90.0,,,52548.0,"Census (pub.), vol. response (pvt.)",89.5,
kinder,dtap,OK,2024,2023-24 school year,89.0,,,49979.0,"Census (pub.), vol. response (prv.)",93.8,
kinder,dtap,OK,2025,2024-25 school year,89.5,,,47544.0,Vol. response,86.7,
kinder,dtap,OK,2026,2025-26 school year,87.8,,,47844.0,"Census (pub.), vol. response (prv.)",90.7,
kinder,dtap,OR,2010,2009-10 school year,93.9,,,44676.0,Census,100.0,
kinder,dtap,OR,2011,2010-11 school year,,,,,,,
kinder,dtap,OR,2012,2011-12 school year,93.7,,,45855.0,Census,100.0,
kinder,dtap,OR,2013,2012-13 school year,93.4,,,47102.0,Census,100.0,
kinder,dtap,OR,2014,2013-14 school year,93.3,,,47649.0,Census,100.0,
kinder,dtap,OR,2015,2014-15 school year,93.8,,,46229.0,Census,100.0,
kinder,dtap,OR,2016,2015-16 school year,93.5,,,45531.0,Census,100.0,
kinder,dtap,OR,2017,2016-17 school year,93.2,,,45705.0,Census,100.0,
kinder,dtap,OR,2018,2017-18 school year,92.4,,,45818.0,Census,100.0,
kinder,dtap,OR,2019,2018-19 school year,92.4,,,45870.0,Census,100.0,
kinder,dtap,OR,2020,2019-20 school year,92.6,,,45959.0,Census,100.0,
kinder,dtap,OR,2021,2020-21 school year,91.6,,,39568.0,Census,100.0,
kinder,dtap,OR,2022,2021-22 school year,92.0,,,41538.0,Census,100.0,
kinder,dtap,OR,2023,2022-23 school year,90.9,,,40963.0,Census,100.0,
kinder,dtap,OR,2024,2023-24 school year,90.5,,,39568.0,Census,100.0,
kinder,dtap,OR,2025,2024-25 school year,89.6,,,38247.0,Census,100.0,
kinder,dtap,OR,2026,2025-26 school year,88.6,,,37309.0,Census,100.0,
kinder,dtap,PA,2010,2009-10 school year,,,,149656.0,Census,100.0,NReq
kinder,dtap,PA,2011,2010-11 school year,,,,,,,
kinder,dtap,PA,2012,2011-12 school year,,,,148042.0,Census,99.0,NReq
kinder,dtap,PA,2013,2012-13 school year,,,,151364.0,Census,97.5,NReq
kinder,dtap,PA,2014,2013-14 school year,,,,151253.0,Census,100.0,NReq
kinder,dtap,PA,2015,2014-15 school year,,,,146378.0,Census,98.3,NReq
kinder,dtap,PA,2016,2015-16 school year,,,,143298.0,Census (public); Voluntary response (private),93.2,NReq
kinder,dtap,PA,2017,2016-17 school year,,,,143888.0,Voluntary response,84.4,NReq
kinder,dtap,PA,2018,2017-18 school year,97.0,,,141571.0,Voluntary response,93.3,
kinder,dtap,PA,2019,2018-19 school year,96.6,,,143560.0,Census (public). voluntary response (private),93.3,
kinder,dtap,PA,2020,2019-20 school year,96.8,,,140197.0,Census,98.8,
kinder,dtap,PA,2021,2020-21 school year,95.9,,,129307.0,Census (public). voluntary response (private),95.0,
kinder,dtap,PA,2022,2021-22 school year,95.4,,,139558.0,"Census (pub.), vol. response (pvt.)",94.9,
kinder,dtap,PA,2023,2022-23 school year,94.3,,,137259.0,"Census (pub.), vol. response (pvt.)",97.2,
kinder,dtap,PA,2024,2023-24 school year,93.8,,,137593.0,Census,96.5,
kinder,dtap,PA,2025,2024-25 school year,92.7,,,140160.0,"Census (pub.), vol. response (prv.)",95.3,
kinder,dtap,PA,2026,2025-26 school year,92.9,,,134313.0,"Census (pub.), vol. response (prv.)",95.7,
kinder,dtap,RI,2010,2009-10 school year,90.3,,,11818.0,Random sample,11.6,
kinder,dtap,RI,2011,2010-11 school year,,,,,,,
kinder,dtap,RI,2012,2011-12 school year,93.4,,,12552.0,2-stage Cluster Sample,13.9,
kinder,dtap,RI,2013,2012-13 school year,95.2,,,12552.0,Voluntary Response,75.2,
kinder,dtap,RI,2014,2013-14 school year,96.0,,,11521.0,Census,99.1,
kinder,dtap,RI,2015,2014-15 school year,96.1,,,11163.0,Census,98.9,
kinder,dtap,RI,2016,2015-16 school year,96.8,,,11165.0,Census,100.0,
kinder,dtap,RI,2017,2016-17 school year,95.6,,,11100.0,Census,98.4,
kinder,dtap,RI,2018,2017-18 school year,96.2,,,11025.0,Census,100.0,
kinder,dtap,RI,2019,2018-19 school year,97.4,,,10964.0,Census,100.0,
kinder,dtap,RI,2020,2019-20 school year,97.4,,,11219.0,Census,98.5,
kinder,dtap,RI,2021,2020-21 school year,96.8,,,10402.0,Census,93.0,
kinder,dtap,RI,2022,2021-22 school year,97.0,,,11002.0,Census,96.9,
kinder,dtap,RI,2023,2022-23 school year,96.9,,,10532.0,Census,96.5,
kinder,dtap,RI,2024,2023-24 school year,96.9,,,10539.0,Census,97.8,
kinder,dtap,RI,2025,2024-25 school year,96.7,,,10088.0,Census,96.7,
kinder,dtap,RI,2026,2025-26 school year,96.4,,,10123.0,Census,97.1,
kinder,dtap,SC,2010,2009-10 school year,86.7,,,53725.0,Random sample,10.2,
kinder,dtap,SC,2011,2010-11 school year,,,,,,,
kinder,dtap,SC,2012,2011-12 school year,96.5,,,59307.0,1-stage Cluster Sample,10.7,
kinder,dtap,SC,2013,2012-13 school year,90.9,,,61799.0,1-Stage Cluster Sample,17.9,
kinder,dtap,SC,2014,2013-14 school year,97.3,,,61661.0,1-stage stratified sample,11.0,
kinder,dtap,SC,2015,2014-15 school year,97.2,,,62864.0,Stratified 1-stage cluster sample,12.2,
kinder,dtap,SC,2016,2015-16 school year,97.0,,,59240.0,Stratified 1-stage cluster sample,8.9,
kinder,dtap,SC,2017,2016-17 school year,96.2,,,59177.0,Stratified 1-stage cluster sample,8.9,
kinder,dtap,SC,2018,2017-18 school year,96.6,,,58458.0,Stratified 1-stage cluster sample,27.0,
kinder,dtap,SC,2019,2018-19 school year,94.6,,,58442.0,Stratified 1-stage cluster sample,27.0,
kinder,dtap,SC,2020,2019-20 school year,95.2,,,65938.0,Stratified 1-stage cluster sample,27.5,
kinder,dtap,SC,2021,2020-21 school year,95.0,,,56330.0,Stratified 1-stage cluster sample,26.5,
kinder,dtap,SC,2022,2021-22 school year,91.0,,,58276.0,1-stage cluster sample,27.2,
kinder,dtap,SC,2023,2022-23 school year,92.1,,,58878.0,Stratified 1-stage cluster sample,28.1,
kinder,dtap,SC,2024,2023-24 school year,92.3,,,58069.0,Stratified 1-stage cluster sample,26.7,
kinder,dtap,SC,2025,2024-25 school year,91.8,,,57718.0,Stratified 1-stage cluster sample,34.3,
kinder,dtap,SC,2026,2025-26 school year,93.5,,,57542.0,Stratified 1-stage cluster sample,26.2,
kinder,dtap,SD,2010,2009-10 school year,97.9,,,11499.0,Census,100.0,
kinder,dtap,SD,2011,2010-11 school year,,,,,,,
kinder,dtap,SD,2012,2011-12 school year,97.5,,,12127.0,Census,100.0,
kinder,dtap,SD,2013,2012-13 school year,97.7,,,12468.0,Census,100.0,
kinder,dtap,SD,2014,2013-14 school year,96.7,,,12566.0,Census,100.0,
kinder,dtap,SD,2015,2014-15 school year,97.2,,,12008.0,Census,100.0,
kinder,dtap,SD,2016,2015-16 school year,96.4,,,12181.0,Census,100.0,
kinder,dtap,SD,2017,2016-17 school year,96.4,,,12106.0,Census,99.8,
kinder,dtap,SD,2018,2017-18 school year,95.9,,,12125.0,Census,99.9,
kinder,dtap,SD,2019,2018-19 school year,95.8,,,12062.0,Census,99.9,
kinder,dtap,SD,2020,2019-20 school year,95.9,,,12367.0,Census,99.8,
kinder,dtap,SD,2021,2020-21 school year,93.7,,,11512.0,Census,99.9,
kinder,dtap,SD,2022,2021-22 school year,93.2,,,12251.0,Census,100.0,
kinder,dtap,SD,2023,2022-23 school year,92.2,,,12081.0,Census,100.0,
kinder,dtap,SD,2024,2023-24 school year,90.6,,,11744.0,Census,99.8,
kinder,dtap,SD,2025,2024-25 school year,89.6,,,11367.0,Census,99.3,
kinder,dtap,SD,2026,2025-26 school year,88.6,,,11009.0,Census,100.0,
kinder,dtap,TN,2010,2009-10 school year,97.4,,,90811.0,Voluntary response,88.1,
kinder,dtap,TN,2011,2010-11 school year,,,,,,,
kinder,dtap,TN,2012,2011-12 school year,97.3,,,83950.0,Census,99.9,
kinder,dtap,TN,2013,2012-13 school year,94.5,,,85801.0,Census,97.0,
kinder,dtap,TN,2014,2013-14 school year,94.9,,,80212.0,Census,99.8,
kinder,dtap,TN,2015,2014-15 school year,95.1,,,78276.0,Census,100.0,
kinder,dtap,TN,2016,2015-16 school year,93.5,,,79233.0,Census,100.0,
kinder,dtap,TN,2017,2016-17 school year,96.8,,,78169.0,Census,100.0,
kinder,dtap,TN,2018,2017-18 school year,96.7,,,78743.0,Census,100.0,
kinder,dtap,TN,2019,2018-19 school year,96.2,,,78630.0,Census,100.0,
kinder,dtap,TN,2020,2019-20 school year,96.4,,,80595.0,Census,100.0,
kinder,dtap,TN,2021,2020-21 school year,96.4,,,73819.0,Census,100.0,
kinder,dtap,TN,2022,2021-22 school year,95.2,,,79120.0,Census,100.0,
kinder,dtap,TN,2023,2022-23 school year,94.8,,,79692.0,Census,100.0,
kinder,dtap,TN,2024,2023-24 school year,94.6,,,79323.0,Census,95.8,
kinder,dtap,TN,2025,2024-25 school year,94.0,,,78299.0,Census,96.7,
kinder,dtap,TN,2026,2025-26 school year,94.1,,,73415.0,Census,97.4,
kinder,dtap,TX,2010,2009-10 school year,97.7,,,381425.0,Census,98.3,
kinder,dtap,TX,2011,2010-11 school year,,,,,,,
kinder,dtap,TX,2012,2011-12 school year,99.3,,,388178.0,Census,100.0,
kinder,dtap,TX,2013,2012-13 school year,97.3,,,414688.0,Census,96.6,
kinder,dtap,TX,2014,2013-14 school year,97.2,,,409255.0,Census,97.1,
kinder,dtap,TX,2015,2014-15 school year,97.2,,,406099.0,Census (public); Voluntary response (private),98.3,
kinder,dtap,TX,2016,2015-16 school year,97.4,,,394801.0,Census (public); Voluntary response (private),98.7,
kinder,dtap,TX,2017,2016-17 school year,97.2,,,389999.0,Census,99.0,
kinder,dtap,TX,2018,2017-18 school year,96.8,,,387981.0,Census,99.4,
kinder,dtap,TX,2019,2018-19 school year,96.7,,,390034.0,Census,99.4,
kinder,dtap,TX,2020,2019-20 school year,96.6,,,398680.0,Census,99.6,
kinder,dtap,TX,2021,2020-21 school year,95.0,,,377840.0,Census,98.9,
kinder,dtap,TX,2022,2021-22 school year,93.7,,,389037.0,Census,99.3,
kinder,dtap,TX,2023,2022-23 school year,93.8,,,381680.0,Census,98.0,
kinder,dtap,TX,2024,2023-24 school year,94.0,,,381421.0,"Census (pub.), vol. response (prv.)",92.4,
kinder,dtap,TX,2025,2024-25 school year,92.9,,,378860.0,"Census (pub.), vol. response (prv.)",97.3,
kinder,dtap,TX,2026,2025-26 school year,92.8,,,358586.0,"Census (pub.), vol. response (prv.)",98.3,
kinder,dtap,US,2010,2009-10 school year,95.0,,,,,,
kinder,dtap,US,2011,2010-11 school year,,,,,,,
kinder,dtap,US,2012,2011-12 school year,95.0,,,,,,
kinder,dtap,US,2013,2012-13 school year,94.6,,,,,,
kinder,dtap,US,2014,2013-14 school year,94.3,,,,,,
kinder,dtap,US,2015,2014-15 school year,94.3,,,,,,
kinder,dtap,US,2016,2015-16 school year,94.7,,,,,,
kinder,dtap,US,2017,2016-17 school year,95.2,,,,,,
kinder,dtap,US,2018,2017-18 school year,95.2,,,,,,
kinder,dtap,US,2019,2018-19 school year,94.9,,,,,,
kinder,dtap,US,2020,2019-20 school year,94.9,,,,,,
kinder,dtap,US,2021,2020-21 school year,93.6,,,3510744.0,,90.8,
kinder,dtap,US,2022,2021-22 school year,92.7,,,3835130.0,,92.2,
kinder,dtap,US,2023,2022-23 school year,92.7,,,3832381.0,,92.9,
kinder,dtap,US,2024,2023-24 school year,92.3,,,3823506.0,,93.1,
kinder,dtap,US,2025,2024-25 school year,92.1,,,3785644.0,,92.7,
kinder,dtap,US,2026,2025-26 school year,92.0,,,3692432.0,,96.0,
kinder,dtap,UT,2010,2009-10 school year,97.5,,,49957.0,Census,100.0,
kinder,dtap,UT,2011,2010-11 school year,,,,,,,
kinder,dtap,UT,2012,2011-12 school year,97.7,,,53800.0,Census,100.0,
kinder,dtap,UT,2013,2012-13 school year,97.8,,,54605.0,Census,100.0,
kinder,dtap,UT,2014,2013-14 school year,98.1,,,54779.0,Census,100.0,
kinder,dtap,UT,2015,2014-15 school year,93.8,,,50916.0,Census,100.0,
kinder,dtap,UT,2016,2015-16 school year,93.7,,,50114.0,Census,100.0,
kinder,dtap,UT,2017,2016-17 school year,93.7,,,49073.0,Census,100.0,
kinder,dtap,UT,2018,2017-18 school year,93.2,,,48827.0,Census,100.0,
kinder,dtap,UT,2019,2018-19 school year,92.4,,,50179.0,Census,100.0,
kinder,dtap,UT,2020,2019-20 school year,92.2,,,49208.0,Census,100.0,
kinder,dtap,UT,2021,2020-21 school year,91.1,,,46247.0,Census,100.0,
kinder,dtap,UT,2022,2021-22 school year,89.6,,,48995.0,Census,100.0,
kinder,dtap,UT,2023,2022-23 school year,89.7,,,46635.0,Census,100.0,
kinder,dtap,UT,2024,2023-24 school year,88.5,,,46228.0,Census,100.0,
kinder,dtap,UT,2025,2024-25 school year,88.1,,,45818.0,Census,100.0,
kinder,dtap,UT,2026,2025-26 school year,86.6,,,44001.0,Census,100.0,
kinder,dtap,VA,2010,2009-10 school year,98.4,,,100891.0,Random sample,4.4,
kinder,dtap,VA,2011,2010-11 school year,,,,,,,
kinder,dtap,VA,2012,2011-12 school year,98.6,,,101121.0,2-stage Cluster Sample,4.3,
kinder,dtap,VA,2013,2012-13 school year,98.5,,,104826.0,2-stage Cluster Sample,4.2,
kinder,dtap,VA,2014,2013-14 school year,98.3,,,105692.0,2-stage cluster  sample,4.1,
kinder,dtap,VA,2015,2014-15 school year,97.4,,,103821.0,Stratified 2-stage cluster sample,4.1,
kinder,dtap,VA,2016,2015-16 school year,98.3,,,100074.0,Stratified 2-stage cluster sample,4.3,
kinder,dtap,VA,2017,2016-17 school year,98.2,,,102357.0,Stratified 2-stage cluster sample,4.0,
kinder,dtap,VA,2018,2017-18 school year,98.2,,,100581.0,Stratified 2-stage cluster sample,4.4,
kinder,dtap,VA,2019,2018-19 school year,98.0,,,100394.0,Stratified 2-stage cluster sample,4.4,
kinder,dtap,VA,2020,2019-20 school year,97.6,,,99399.0,Stratified 2-stage cluster sample,1.2,
kinder,dtap,VA,2021,2020-21 school year,97.7,,,88273.0,Stratified 2-stage cluster sample,2.0,
kinder,dtap,VA,2022,2021-22 school year,98.3,,,95996.0,Stratified 2-stage cluster sample,2.8,
kinder,dtap,VA,2023,2022-23 school year,97.8,,,93271.0,Stratified 2-stage cluster sample,1.6,
kinder,dtap,VA,2024,2023-24 school year,96.2,,,92633.0,Stratified 2-stage cluster sample,1.9,
kinder,dtap,VA,2025,2024-25 school year,98.2,,,91453.0,Stratified 2-stage cluster sample,1.7,
kinder,dtap,VA,2026,2025-26 school year,93.6,,,88950.0,Census,95.7,
kinder,dtap,VT,2010,2009-10 school year,91.8,,,6713.0,Census,100.0,
kinder,dtap,VT,2011,2010-11 school year,,,,,,,
kinder,dtap,VT,2012,2011-12 school year,92.7,,,6548.0,Census,100.0,
kinder,dtap,VT,2013,2012-13 school year,92.6,,,6792.0,Census,100.0,
kinder,dtap,VT,2014,2013-14 school year,92.0,,,6771.0,Census,100.0,
kinder,dtap,VT,2015,2014-15 school year,93.2,,,6277.0,Census,100.0,
kinder,dtap,VT,2016,2015-16 school year,93.6,,,6366.0,Census,100.0,
kinder,dtap,VT,2017,2016-17 school year,93.5,,,6344.0,Census,100.0,
kinder,dtap,VT,2018,2017-18 school year,94.0,,,6255.0,Census,100.0,
kinder,dtap,VT,2019,2018-19 school year,92.9,,,6126.0,Census,100.0,
kinder,dtap,VT,2020,2019-20 school year,94.1,,,6293.0,Census,100.0,
kinder,dtap,VT,2021,2020-21 school year,93.6,,,5535.0,Census,100.0,
kinder,dtap,VT,2022,2021-22 school year,92.9,,,6126.0,Census,100.0,
kinder,dtap,VT,2023,2022-23 school year,92.8,,,5816.0,Census,100.0,
kinder,dtap,VT,2024,2023-24 school year,92.7,,,5630.0,Census,100.0,
kinder,dtap,VT,2025,2024-25 school year,93.3,,,5432.0,Census,100.0,
kinder,dtap,VT,2026,2025-26 school year,93.3,,,5298.0,Census,100.0,
kinder,dtap,WA,2010,2009-10 school year,91.6,,,81511.0,Census,93.3,
kinder,dtap,WA,2011,2010-11 school year,,,,,,,
kinder,dtap,WA,2012,2011-12 school year,90.9,,,85134.0,Voluntary Response,89.1,
kinder,dtap,WA,2013,2012-13 school year,92.4,,,87773.0,Census,94.7,
kinder,dtap,WA,2014,2013-14 school year,90.3,,,89165.0,Voluntary response,88.5,
kinder,dtap,WA,2015,2014-15 school year,90.7,,,88809.0,Census (public); Voluntary response (private),96.7,
kinder,dtap,WA,2016,2015-16 school year,91.1,,,86492.0,Census,97.3,
kinder,dtap,WA,2017,2016-17 school year,90.8,,,87142.0,Census,98.2,
kinder,dtap,WA,2018,2017-18 school year,90.7,,,85118.0,Census,96.9,
kinder,dtap,WA,2019,2018-19 school year,90.8,,,87510.0,Census,96.9,
kinder,dtap,WA,2020,2019-20 school year,92.8,,,87757.0,Census,91.9,
kinder,dtap,WA,2021,2020-21 school year,93.2,,,74931.0,Census,100.0,
kinder,dtap,WA,2022,2021-22 school year,91.4,,,87256.0,"Census (pub.), vol. response (pvt.)",97.3,
kinder,dtap,WA,2023,2022-23 school year,90.1,,,86284.0,Census,97.9,
kinder,dtap,WA,2024,2023-24 school year,90.2,,,84053.0,Census,97.2,
kinder,dtap,WA,2025,2024-25 school year,89.7,,,76756.0,Census,97.9,
kinder,dtap,WA,2026,2025-26 school year,89.1,,,75631.0,Census,99.1,
kinder,dtap,WI,2010,2009-10 school year,97.3,,,61095.0,Random sample,2.3,
kinder,dtap,WI,2011,2010-11 school year,,,,,,,
kinder,dtap,WI,2012,2011-12 school year,87.7,,,70672.0,2-stage Cluster Sample,2.3,
kinder,dtap,WI,2013,2012-13 school year,96.1,,,72416.0,2-stage Cluster Sample,1.8,
kinder,dtap,WI,2014,2013-14 school year,96.3,,,71363.0,Stratified  2-stage cluster sample,2.8,
kinder,dtap,WI,2015,2014-15 school year,96.5,,,69335.0,Stratified 2-stage cluster sample,2.5,
kinder,dtap,WI,2016,2015-16 school year,96.9,,,70220.0,Stratified 2-stage cluster sample,2.0,
kinder,dtap,WI,2017,2016-17 school year,96.6,,,67607.0,Stratified 2-stage cluster sample,2.2,
kinder,dtap,WI,2018,2017-18 school year,96.5,,,66178.0,Stratified 2-stage cluster sample,2.3,
kinder,dtap,WI,2019,2018-19 school year,96.2,,,66344.0,Stratified 2-stage cluster sample,2.3,
kinder,dtap,WI,2020,2019-20 school year,94.5,,,67391.0,Stratified 2-stage cluster sample,2.6,
kinder,dtap,WI,2021,2020-21 school year,87.2,,,63486.0,Voluntary response,84.5,
kinder,dtap,WI,2022,2021-22 school year,82.6,,,64275.0,"Census (pub.), vol. response (pvt.)",96.8,
kinder,dtap,WI,2023,2022-23 school year,87.0,,,63593.0,"Census (pub.), vol. response (pvt.)",93.9,
kinder,dtap,WI,2024,2023-24 school year,85.7,,,62028.0,Census,98.2,
kinder,dtap,WI,2025,2024-25 school year,85.7,,,61120.0,"Census (pub.), vol. response (prv.)",95.7,
kinder,dtap,WI,2026,2025-26 school year,86.4,,,59360.0,"Census (pub.), vol. response (prv.)",96.6,
kinder,dtap,WV,2010,2009-10 school year,91.9,,,22730.0,Voluntary response,86.7,
kinder,dtap,WV,2011,2010-11 school year,,,,,,,
kinder,dtap,WV,2012,2011-12 school year,92.6,,,22449.0,Convenient,94.9,
kinder,dtap,WV,2013,2012-13 school year,96.3,,,22588.0,Voluntary Response,86.5,
kinder,dtap,WV,2014,2013-14 school year,96.5,,,22814.0,Voluntary response,84.7,
kinder,dtap,WV,2015,2014-15 school year,97.6,,,22016.0,Voluntary response,81.3,
kinder,dtap,WV,2016,2015-16 school year,94.8,,,21333.0,Voluntary response,87.6,
kinder,dtap,WV,2017,2016-17 school year,95.7,,,28666.0,Census (public). voluntary response (private),66.5,
kinder,dtap,WV,2018,2017-18 school year,98.0,,,19519.0,Voluntary response,79.3,
kinder,dtap,WV,2019,2018-19 school year,98.7,,,19442.0,Voluntary response,79.3,
kinder,dtap,WV,2020,2019-20 school year,98.8,,,17114.0,Voluntary response,49.6,
kinder,dtap,WV,2021,2020-21 school year,,,,,Not Conducted,,NR
kinder,dtap,WV,2022,2021-22 school year,96.5,,,18070.0,Vol. response,85.5,
kinder,dtap,WV,2023,2022-23 school year,95.6,,,19175.0,"Vol. response (pub.), census (pvt.)",86.1,
kinder,dtap,WV,2024,2023-24 school year,98.4,,,18261.0,Vol. response,82.8,
kinder,dtap,WV,2026,2025-26 school year,99.1,,,15445.0,Census,93.3,
kinder,dtap,WY,2010,2009-10 school year,,,,,Not conducted,,
kinder,dtap,WY,2011,2010-11 school year,,,,,,,
kinder,dtap,WY,2012,2011-12 school year,,,,,Not conducted,,
kinder,dtap,WY,2013,2012-13 school year,97.4,,,8133.0,Census,100.0,
kinder,dtap,WY,2014,2013-14 school year,,,,,Not conducted,,
kinder,dtap,WY,2015,2014-15 school year,96.7,,,7983.0,Census,97.9,
kinder,dtap,WY,2016,2015-16 school year,96.6,,,7825.0,Voluntary response,74.0,
kinder,dtap,WY,2017,2016-17 school year,,,,,Not conducted,,
kinder,dtap,WY,2018,2017-18 school year,,,,,Not conducted,,
kinder,dtap,WY,2019,2018-19 school year,95.3,,,7734.0,Census,100.0,
kinder,dtap,WY,2020,2019-20 school year,94.4,,,7913.0,Census,100.0,
kinder,dtap,WY,2021,2020-21 school year,90.2,,,6923.0,Census,100.0,
kinder,dtap,WY,2022,2021-22 school year,92.5,,,7382.0,Census,100.0,
kinder,dtap,WY,2023,2022-23 school year,89.4,,,7060.0,Census,100.0,
kinder,dtap,WY,2024,2023-24 school year,92.2,,,6754.0,Census,100.0,
kinder,dtap,WY,2025,2024-25 school year,92.5,,,6564.0,Census,100.0,
kinder,dtap,WY,2026,2025-26 school year,91.5,,,6146.0,Census,100.0,
kinder,hepb,AK,2010,2009-10 school year,,,,9641.0,Voluntary response,76.4,
kinder,hepb,AK,2011,2010-11 school year,,,,,,,
kinder,hepb,AK,2012,2011-12 school year,,,,10286.0,Non-random Cluster Sample,7.3,
kinder,hepb,AK,2013,2012-13 school year,,,,10319.0,Census,97.8,
kinder,hepb,AK,2014,2013-14 school year,97.2,,,10222.0,Stratified  2-stage cluster sample,9.3,
kinder,hepb,AK,2015,2014-15 school year,94.5,,,10129.0,Stratified 2-stage cluster sample,7.8,
kinder,hepb,AK,2016,2015-16 school year,95.2,,,9937.0,Stratified 2-stage cluster sample,7.8,
kinder,hepb,AK,2017,2016-17 school year,91.7,,,9815.0,Stratified 2-stage cluster sample,7.6,
kinder,hepb,AK,2018,2017-18 school year,93.1,,,9692.0,Stratified 2-stage cluster sample,84.4,
kinder,hepb,AK,2020,2019-20 school year,,,,10381.0,Voluntary response,82.7,
kinder,hepb,AK,2022,2021-22 school year,79.8,,,9790.0,"Vol. response (pub.), not conducted (pvt.)",76.2,
kinder,hepb,AK,2023,2022-23 school year,85.5,,,9650.0,"Vol. response (pub.), not conducted (pvt.)",88.8,
kinder,hepb,AK,2024,2023-24 school year,85.6,,,8644.0,"Census (pub.), not conducted (prv.)",88.9,
kinder,hepb,AK,2025,2024-25 school year,84.1,,,7338.0,"Census (pub.), not conducted (prv.)",99.8,
kinder,hepb,AK,2026,2025-26 school year,91.3,,,8253.0,"Vol. response (public), not conducted (private)",60.9,
kinder,hepb,AL,2010,2009-10 school year,,,,75358.0,Census,100.0,NReq
kinder,hepb,AL,2011,2010-11 school year,,,,,,,
kinder,hepb,AL,2012,2011-12 school year,,,,73190.0,Census,100.0,NReq
kinder,hepb,AL,2013,2012-13 school year,,,,72929.0,Census,100.0,NReq
kinder,hepb,AL,2014,2013-14 school year,,,,76927.0,Census,100.0,NReq
kinder,hepb,AL,2015,2014-15 school year,,,,59660.0,Census,100.0,NReq
kinder,hepb,AL,2016,2015-16 school year,,,,60392.0,Census,100.0,NReq
kinder,hepb,AL,2017,2016-17 school year,,,,58394.0,Census,100.0,NReq
kinder,hepb,AL,2020,2019-20 school year,,,,59477.0,Census,94.9,NReq
kinder,hepb,AL,2021,2020-21 school year,,,,56974.0,Census,100.0,NR
kinder,hepb,AL,2022,2021-22 school year,,,,60332.0,Census,100.0,NReq
kinder,hepb,AL,2023,2022-23 school year,,,,59113.0,Census,100.0,NReq
kinder,hepb,AL,2024,2023-24 school year,,,,54565.0,Census,100.0,NReq
kinder,hepb,AL,2025,2024-25 school year,,,,53589.0,Census,99.9,NReq
kinder,hepb,AL,2026,2025-26 school year,,,,53378.0,Census,100.0,NReq
kinder,hepb,AR,2010,2009-10 school year,98.5,,,34733.0,Census,100.0,
kinder,hepb,AR,2011,2010-11 school year,,,,,,,
kinder,hepb,AR,2012,2011-12 school year,98.1,,,38754.0,Census,92.2,
kinder,hepb,AR,2013,2012-13 school year,87.4,,,43212.0,Census,96.3,
kinder,hepb,AR,2014,2013-14 school year,88.4,,,42649.0,Census,96.3,
kinder,hepb,AR,2015,2014-15 school year,90.2,,,41252.0,Census (public); Voluntary response (private),95.9,
kinder,hepb,AR,2016,2015-16 school year,92.4,,,40258.0,Census (public); Voluntary response (private),95.6,
kinder,hepb,AR,2017,2016-17 school year,93.8,,,39666.0,Voluntary response,75.9,
kinder,hepb,AR,2018,2017-18 school year,93.7,,,39630.0,Census,95.4,
kinder,hepb,AR,2019,2018-19 school year,96.4,,,39257.0,Census (public). voluntary response (private),95.4,
kinder,hepb,AR,2020,2019-20 school year,96.0,,,39510.0,Census (public). voluntary response (private),96.2,
kinder,hepb,AR,2021,2020-21 school year,95.9,,,37540.0,Census (public). voluntary response (private),95.6,
kinder,hepb,AR,2022,2021-22 school year,95.5,,,39358.0,"Census (pub.), vol. response (pvt.)",96.3,
kinder,hepb,AR,2023,2022-23 school year,94.6,,,38358.0,"Census (pub.), vol. response (pvt.)",95.8,
kinder,hepb,AR,2024,2023-24 school year,94.9,,,37535.0,"Census (pub.), vol. response (prv.)",95.4,
kinder,hepb,AR,2025,2024-25 school year,92.0,,,37570.0,"Census (pub.), vol. response (prv.)",96.4,
kinder,hepb,AR,2026,2025-26 school year,94.0,,,35543.0,"Census (pub.), vol. response (prv.)",96.7,
kinder,hepb,AZ,2010,2009-10 school year,96.8,,,89287.0,Census,93.9,
kinder,hepb,AZ,2011,2010-11 school year,,,,,,,
kinder,hepb,AZ,2012,2011-12 school year,96.3,,,88293.0,Census,96.9,
kinder,hepb,AZ,2013,2012-13 school year,95.9,,,90054.0,Census,97.6,
kinder,hepb,AZ,2014,2013-14 school year,95.9,,,89606.0,Census,95.8,
kinder,hepb,AZ,2015,2014-15 school year,95.7,,,86153.0,Census,98.3,
kinder,hepb,AZ,2016,2015-16 school year,95.5,,,83088.0,Census,100.0,
kinder,hepb,AZ,2017,2016-17 school year,95.3,,,83627.0,Census,100.0,
kinder,hepb,AZ,2018,2017-18 school year,94.9,,,81710.0,Census,100.0,
kinder,hepb,AZ,2019,2018-19 school year,94.4,,,79981.0,Census,100.0,
kinder,hepb,AZ,2020,2019-20 school year,94.1,,,83976.0,Census (public). voluntary response (private),98.7,
kinder,hepb,AZ,2021,2020-21 school year,94.5,,,76382.0,Census (public). voluntary response (private),92.4,
kinder,hepb,AZ,2022,2021-22 school year,93.4,,,83463.0,Census,97.0,
kinder,hepb,AZ,2023,2022-23 school year,92.9,,,80814.0,Census,97.7,
kinder,hepb,AZ,2024,2023-24 school year,92.8,,,74834.0,Census,99.6,
kinder,hepb,AZ,2025,2024-25 school year,92.3,,,75024.0,Census,97.4,
kinder,hepb,AZ,2026,2025-26 school year,91.5,,,73907.0,"Census (pub.), vol. response (prv.)",92.5,
kinder,hepb,CA,2010,2009-10 school year,96.1,,,507191.0,Census,100.0,
kinder,hepb,CA,2011,2010-11 school year,,,,,,,
kinder,hepb,CA,2012,2011-12 school year,95.7,,,542544.0,Census,97.6,
kinder,hepb,CA,2013,2012-13 school year,95.2,,,535523.0,Census,99.0,
kinder,hepb,CA,2014,2013-14 school year,94.8,,,548606.0,Census,97.3,
kinder,hepb,CA,2015,2014-15 school year,94.9,,,552583.0,Census,96.9,
kinder,hepb,CA,2016,2015-16 school year,95.8,,,593788.0,Census,92.8,
kinder,hepb,CA,2017,2016-17 school year,97.8,,,575305.0,Census,97.8,
kinder,hepb,CA,2018,2017-18 school year,97.6,,,574702.0,Census,100.0,
kinder,hepb,CA,2019,2018-19 school year,97.4,,,568947.0,Census,97.7,
kinder,hepb,CA,2020,2019-20 school year,97.4,,,566155.0,Census,97.9,
kinder,hepb,CA,2021,2020-21 school year,97.0,,,498214.0,Census,97.5,
kinder,hepb,CA,2022,2021-22 school year,97.3,,,512144.0,Census,98.4,
kinder,hepb,CA,2023,2022-23 school year,97.3,,,541132.0,Census,100.0,
kinder,hepb,CA,2024,2023-24 school year,97.2,,,569680.0,Census,100.0,
kinder,hepb,CA,2025,2024-25 school year,97.2,,,590849.0,Census,100.0,
kinder,hepb,CA,2026,2025-26 school year,97.0,,,614405.0,Census,100.0,
kinder,hepb,CO,2010,2009-10 school year,,,,,Not conducted,,
kinder,hepb,CO,2011,2010-11 school year,,,,,,,
kinder,hepb,CO,2012,2011-12 school year,93.1,,,70142.0,Simple Random Sample,0.5,
kinder,hepb,CO,2013,2012-13 school year,94.3,,,70657.0,Simple Random Sample,0.5,
kinder,hepb,CO,2014,2013-14 school year,79.4,,,69904.0,Random Sample,0.5,
kinder,hepb,CO,2015,2014-15 school year,86.9,,,70597.0,Simple random sample,0.5,
kinder,hepb,CO,2016,2015-16 school year,90.3,,,69137.0,Simple random sample,0.5,
kinder,hepb,CO,2017,2016-17 school year,91.4,,,64440.0,Census,100.0,
kinder,hepb,CO,2018,2017-18 school year,92.0,,,65718.0,Census,100.0,
kinder,hepb,CO,2019,2018-19 school year,90.8,,,64191.0,Census,100.0,
kinder,hepb,CO,2020,2019-20 school year,92.9,,,69088.0,Census,98.2,
kinder,hepb,CO,2021,2020-21 school year,93.0,,,63619.0,Census,97.3,
kinder,hepb,CO,2022,2021-22 school year,92.3,,,66900.0,Census,97.5,
kinder,hepb,CO,2023,2022-23 school year,90.9,,,65576.0,Census,97.2,
kinder,hepb,CO,2024,2023-24 school year,91.1,,,61662.0,Census,100.0,
kinder,hepb,CO,2025,2024-25 school year,91.3,,,60055.0,Census,100.0,
kinder,hepb,CO,2026,2025-26 school year,91.1,,,60049.0,Census,100.0,
kinder,hepb,CT,2010,2009-10 school year,98.4,,,46158.0,Census,100.0,
kinder,hepb,CT,2011,2010-11 school year,,,,,,,
kinder,hepb,CT,2012,2011-12 school year,98.0,,,45695.0,Census,100.0,
kinder,hepb,CT,2013,2012-13 school year,97.4,,,41604.0,Census,100.0,
kinder,hepb,CT,2014,2013-14 school year,98.9,,,40978.0,Census,100.0,
kinder,hepb,CT,2015,2014-15 school year,97.0,,,39948.0,Census,100.0,
kinder,hepb,CT,2016,2015-16 school year,97.4,,,39533.0,Census,100.0,
kinder,hepb,CT,2017,2016-17 school year,97.1,,,39002.0,Census,100.0,
kinder,hepb,CT,2018,2017-18 school year,97.0,,,39174.0,Census,100.0,
kinder,hepb,CT,2019,2018-19 school year,96.3,,,38230.0,Census,100.0,
kinder,hepb,CT,2020,2019-20 school year,96.6,,,38888.0,Census,100.0,
kinder,hepb,CT,2021,2020-21 school year,96.1,,,34396.0,Census,100.0,
kinder,hepb,CT,2022,2021-22 school year,96.5,,,35451.0,Census,100.0,
kinder,hepb,CT,2023,2022-23 school year,97.8,,,35580.0,Census,100.0,
kinder,hepb,CT,2024,2023-24 school year,98.4,,,36184.0,Census,100.0,
kinder,hepb,CT,2025,2024-25 school year,98.7,,,30112.0,Census,100.0,
kinder,hepb,CT,2026,2025-26 school year,98.9,,,33118.0,Census,100.0,
kinder,hepb,DC,2010,2009-10 school year,,,,6092.0,Census,100.0,
kinder,hepb,DC,2011,2010-11 school year,,,,,,,
kinder,hepb,DC,2012,2011-12 school year,,,,6854.0,Census,100.0,
kinder,hepb,DC,2013,2012-13 school year,,,,7842.0,Census,100.0,
kinder,hepb,DC,2014,2013-14 school year,,,,7856.0,Census,100.0,
kinder,hepb,DC,2015,2014-15 school year,95.4,,,7840.0,Census,100.0,
kinder,hepb,DC,2016,2015-16 school year,92.5,,,8080.0,Census,100.0,
kinder,hepb,DC,2020,2019-20 school year,,,,,Not Conducted,,
kinder,hepb,DC,2021,2020-21 school year,90.0,,,8262.0,Census,100.0,
kinder,hepb,DC,2022,2021-22 school year,92.5,,,8959.0,Census,100.0,
kinder,hepb,DC,2023,2022-23 school year,92.2,,,8064.0,Census,100.0,
kinder,hepb,DC,2024,2023-24 school year,93.9,,,7874.0,Census,100.0,
kinder,hepb,DC,2025,2024-25 school year,94.1,,,7997.0,Census,100.0,
kinder,hepb,DC,2026,2025-26 school year,95.7,,,7871.0,Census,100.0,
kinder,hepb,DE,2010,2009-10 school year,88.9,,,11327.0,Random sample,9.2,
kinder,hepb,DE,2011,2010-11 school year,,,,,,,
kinder,hepb,DE,2012,2011-12 school year,96.9,,,11327.0,2-stage Cluster Sample,7.4,
kinder,hepb,DE,2013,2012-13 school year,95.7,,,11997.0,2-stage Cluster Sample,7.8,
kinder,hepb,DE,2014,2013-14 school year,96.4,,,11997.0,Stratified  2-stage cluster sample,12.2,
kinder,hepb,DE,2015,2014-15 school year,97.5,,,11476.0,Stratified 2-stage cluster sample,7.9,
kinder,hepb,DE,2016,2015-16 school year,99.0,,,11589.0,Stratified 2-stage cluster sample,9.5,
kinder,hepb,DE,2017,2016-17 school year,98.9,,,11490.0,Stratified 2-stage cluster sample,9.3,
kinder,hepb,DE,2018,2017-18 school year,97.9,,,10988.0,Stratified 2-stage cluster sample,9.5,
kinder,hepb,DE,2019,2018-19 school year,98.5,,,10798.0,Stratified 2-stage cluster sample,9.5,
kinder,hepb,DE,2020,2019-20 school year,,,,,Not Conducted,,NReq
kinder,hepb,DE,2021,2020-21 school year,92.9,,,10587.0,Stratified 2-stage cluster sample,9.2,
kinder,hepb,DE,2022,2021-22 school year,98.1,,,11181.0,Stratified 2-stage cluster sample,9.5,
kinder,hepb,DE,2023,2022-23 school year,95.6,,,10674.0,Stratified 2-stage cluster sample,9.7,
kinder,hepb,DE,2024,2023-24 school year,93.8,,,11043.0,Stratified 2-stage cluster sample,12.1,
kinder,hepb,DE,2025,2024-25 school year,95.7,,,10393.0,"2-stage cluster sample (pub.), nonrandom 2-stage cluster sample (prv.)",14.2,
kinder,hepb,DE,2026,2025-26 school year,96.8,,,10729.0,"2-stage cluster sample (pub.), nonrandom 2-stage cluster sample (prv.)",12.9,
kinder,hepb,FL,2010,2009-10 school year,91.3,,,218630.0,Census,100.0,
kinder,hepb,FL,2011,2010-11 school year,,,,,,,
kinder,hepb,FL,2012,2011-12 school year,92.6,,,225532.0,Census,100.0,
kinder,hepb,FL,2013,2012-13 school year,92.1,,,234628.0,Census,100.0,
kinder,hepb,FL,2014,2013-14 school year,93.2,,,233797.0,Census,100.0,
kinder,hepb,FL,2015,2014-15 school year,93.3,,,228982.0,Census,100.0,
kinder,hepb,FL,2016,2015-16 school year,93.7,,,224430.0,Census,100.0,
kinder,hepb,FL,2017,2016-17 school year,94.1,,,224463.0,Census,100.0,
kinder,hepb,FL,2018,2017-18 school year,93.7,,,222397.0,Census,100.0,
kinder,hepb,FL,2019,2018-19 school year,93.8,,,224641.0,Census,100.0,
kinder,hepb,FL,2020,2019-20 school year,93.5,,,228298.0,Census,100.0,
kinder,hepb,FL,2021,2020-21 school year,93.3,,,207026.0,Census,100.0,
kinder,hepb,FL,2022,2021-22 school year,91.7,,,229432.0,Census,97.8,
kinder,hepb,FL,2023,2022-23 school year,90.6,,,230309.0,Census,97.7,
kinder,hepb,FL,2024,2023-24 school year,88.1,,,228213.0,Census,100.0,
kinder,hepb,FL,2025,2024-25 school year,88.8,,,221053.0,Census,100.0,
kinder,hepb,FL,2026,2025-26 school year,88.9,,,213535.0,Census,100.0,
kinder,hepb,GA,2010,2009-10 school year,100.0,,,141949.0,Random sample,1.2,
kinder,hepb,GA,2011,2010-11 school year,,,,,,,
kinder,hepb,GA,2012,2011-12 school year,96.7,,,143065.0,2-stage Cluster Sample,1.9,
kinder,hepb,GA,2013,2012-13 school year,95.1,,,142732.0,2-stage Cluster Sample,2.4,
kinder,hepb,GA,2014,2013-14 school year,94.0,,,143988.0,Census,100.0,
kinder,hepb,GA,2015,2014-15 school year,94.0,,,139471.0,Census,100.0,
kinder,hepb,GA,2016,2015-16 school year,94.6,,,131403.0,Census,100.0,
kinder,hepb,GA,2017,2016-17 school year,93.3,,,136165.0,Census,100.0,
kinder,hepb,GA,2018,2017-18 school year,93.4,,,131459.0,Census,100.0,
kinder,hepb,GA,2019,2018-19 school year,93.6,,,131275.0,Census,100.0,
kinder,hepb,GA,2020,2019-20 school year,93.1,,,130102.0,Census,100.0,
kinder,hepb,GA,2021,2020-21 school year,88.5,,,83191.0,Census,100.0,
kinder,hepb,GA,2022,2021-22 school year,83.2,,,118742.0,Census,100.0,
kinder,hepb,GA,2023,2022-23 school year,88.1,,,123771.0,Census,100.0,
kinder,hepb,GA,2024,2023-24 school year,88.4,,,136943.0,Census,100.0,
kinder,hepb,GA,2025,2024-25 school year,86.8,,,114568.0,Census,100.0,
kinder,hepb,GA,2026,2025-26 school year,89.1,,,118864.0,Census,100.0,
kinder,hepb,HI,2010,2009-10 school year,,,,18427.0,Random sample,6.4,
kinder,hepb,HI,2011,2010-11 school year,,,,,,,
kinder,hepb,HI,2012,2011-12 school year,,,,19443.0,2-stage Cluster Sample,7.7,
kinder,hepb,HI,2013,2012-13 school year,,,,20104.0,2-stage Cluster Sample,6.7,
kinder,hepb,HI,2014,2013-14 school year,,,,20056.0,Stratified  2-stage cluster sample,5.4,
kinder,hepb,HI,2015,2014-15 school year,,,,20085.0,Stratified 2-stage cluster sample,5.6,
kinder,hepb,HI,2016,2015-16 school year,94.4,,,16325.0,Stratified 2-stage cluster sample,6.7,
kinder,hepb,HI,2017,2016-17 school year,92.7,,,16325.0,Stratified 2-stage cluster sample,6.7,
kinder,hepb,HI,2018,2017-18 school year,96.0,,,16325.0,Stratified 2-stage cluster sample,6.6,
kinder,hepb,HI,2019,2018-19 school year,93.6,,,16051.0,Stratified 2-stage cluster sample,6.7,
kinder,hepb,HI,2020,2019-20 school year,91.3,,,15695.0,Stratified 2-stage cluster sample,8.9,
kinder,hepb,HI,2021,2020-21 school year,92.7,,,13074.0,Stratified 2-stage cluster sample,9.3,
kinder,hepb,HI,2022,2021-22 school year,92.4,,,13368.0,Stratified 2-stage cluster sample,6.7,
kinder,hepb,HI,2023,2022-23 school year,88.7,,,13195.0,Stratified 2-stage cluster sample,8.1,
kinder,hepb,HI,2024,2023-24 school year,91.1,,,13995.0,Stratified 2-stage cluster sample,8.2,
kinder,hepb,HI,2025,2024-25 school year,92.8,,,13804.0,Stratified 2-stage cluster sample,10.5,
kinder,hepb,HI,2026,2025-26 school year,90.3,,,13791.0,Stratified 2-stage cluster sample,11.7,
kinder,hepb,IA,2010,2009-10 school year,84.5,,,42698.0,Census,100.0,
kinder,hepb,IA,2011,2010-11 school year,,,,,,,
kinder,hepb,IA,2012,2011-12 school year,91.1,,,40978.0,Census,100.0,
kinder,hepb,IA,2013,2012-13 school year,90.5,,,41701.0,Census,99.9,
kinder,hepb,IA,2014,2013-14 school year,91.0,,,43728.0,Census,94.6,
kinder,hepb,IA,2015,2014-15 school year,91.9,,,43239.0,Census,96.3,
kinder,hepb,IA,2016,2015-16 school year,91.8,,,41215.0,Census,100.0,
kinder,hepb,IA,2017,2016-17 school year,92.6,,,39587.0,Census,100.0,
kinder,hepb,IA,2018,2017-18 school year,93.0,,,39632.0,Census,100.0,
kinder,hepb,IA,2019,2018-19 school year,93.3,,,40624.0,Census,100.0,
kinder,hepb,IA,2020,2019-20 school year,93.2,,,40812.0,Census,100.0,
kinder,hepb,IA,2021,2020-21 school year,93.4,,,39141.0,Census,100.0,
kinder,hepb,IA,2022,2021-22 school year,90.6,,,40111.0,Census,100.0,
kinder,hepb,IA,2023,2022-23 school year,89.9,,,39178.0,Census,100.0,
kinder,hepb,IA,2024,2023-24 school year,89.1,,,38611.0,Census,100.0,
kinder,hepb,IA,2025,2024-25 school year,88.8,,,38268.0,Census,100.0,
kinder,hepb,IA,2026,2025-26 school year,88.9,,,37490.0,Census,100.0,
kinder,hepb,ID,2010,2009-10 school year,93.0,,,22624.0,Census,100.0,
kinder,hepb,ID,2011,2010-11 school year,,,,,,,
kinder,hepb,ID,2012,2011-12 school year,92.3,,,22762.0,Census,100.0,
kinder,hepb,ID,2013,2012-13 school year,91.7,,,23888.0,Census,100.0,
kinder,hepb,ID,2014,2013-14 school year,91.2,,,23934.0,Census,100.0,
kinder,hepb,ID,2015,2014-15 school year,92.5,,,22968.0,Census,100.0,
kinder,hepb,ID,2016,2015-16 school year,92.5,,,22686.0,Census,100.0,
kinder,hepb,ID,2017,2016-17 school year,92.6,,,22589.0,Census,100.0,
kinder,hepb,ID,2018,2017-18 school year,92.1,,,22553.0,Census,99.0,
kinder,hepb,ID,2019,2018-19 school year,91.7,,,22995.0,Census,99.0,
kinder,hepb,ID,2020,2019-20 school year,91.3,,,23301.0,Census,98.5,
kinder,hepb,ID,2021,2020-21 school year,90.1,,,22677.0,Census,98.3,
kinder,hepb,ID,2022,2021-22 school year,88.2,,,23854.0,Census,99.6,
kinder,hepb,ID,2023,2022-23 school year,86.3,,,23721.0,Census,99.3,
kinder,hepb,ID,2024,2023-24 school year,84.8,,,22376.0,Census,100.0,
kinder,hepb,ID,2025,2024-25 school year,84.0,,,22242.0,Census,99.5,
kinder,hepb,ID,2026,2025-26 school year,82.1,,,21728.0,Census,100.0,
kinder,hepb,IL,2010,2009-10 school year,,,,165845.0,Census,100.0,NReq
kinder,hepb,IL,2011,2010-11 school year,,,,,,,
kinder,hepb,IL,2012,2011-12 school year,,,,163311.0,Census,100.0,NReq
kinder,hepb,IL,2013,2012-13 school year,,,,166884.0,Census,100.0,NReq
kinder,hepb,IL,2014,2013-14 school year,,,,163316.0,Census,100.0,NReq
kinder,hepb,IL,2015,2014-15 school year,,,,156942.0,Census,100.0,NReq
kinder,hepb,IL,2016,2015-16 school year,,,,151309.0,Census,100.0,NReq
kinder,hepb,IL,2017,2016-17 school year,,,,151309.0,Census,97.7,NReq
kinder,hepb,IL,2021,2020-21 school year,,,,,Not Conducted,,NR
kinder,hepb,IL,2022,2021-22 school year,,,,137699.0,Census,100.0,NReq
kinder,hepb,IL,2024,2023-24 school year,,,,133578.0,Census,100.0,NReq
kinder,hepb,IL,2025,2024-25 school year,,,,132769.0,Census,99.5,NReq
kinder,hepb,IL,2026,2025-26 school year,,,,128598.0,Census,99.8,NReq
kinder,hepb,IN,2010,2009-10 school year,95.2,,,84390.0,Census,94.7,
kinder,hepb,IN,2011,2010-11 school year,,,,,,,
kinder,hepb,IN,2012,2011-12 school year,93.2,,,83416.0,Voluntary Response,67.5,
kinder,hepb,IN,2013,2012-13 school year,95.6,,,86983.0,Voluntary Response,83.4,
kinder,hepb,IN,2014,2013-14 school year,97.1,,,87193.0,Voluntary response,70.3,
kinder,hepb,IN,2015,2014-15 school year,90.3,,,85477.0,Voluntary response,70.1,
kinder,hepb,IN,2016,2015-16 school year,90.3,,,83525.0,Voluntary response,69.5,
kinder,hepb,IN,2017,2016-17 school year,90.2,,,83263.0,Voluntary response,80.3,
kinder,hepb,IN,2018,2017-18 school year,92.8,,,84296.0,Voluntary Response,96.4,
kinder,hepb,IN,2019,2018-19 school year,92.4,,,82324.0,Census,96.4,
kinder,hepb,IN,2020,2019-20 school year,96.0,,,88253.0,Voluntary response,65.7,
kinder,hepb,IN,2021,2020-21 school year,95.3,,,78694.0,Voluntary response,71.4,
kinder,hepb,IN,2022,2021-22 school year,94.9,,,83198.0,Vol. response,75.1,
kinder,hepb,IN,2023,2022-23 school year,94.4,,,81307.0,"Vol. response (pub.), census (pvt.)",87.5,
kinder,hepb,IN,2024,2023-24 school year,93.3,,,80639.0,"Census (pub.), vol. response (prv.)",88.5,
kinder,hepb,IN,2025,2024-25 school year,93.2,,,73744.0,"Census (pub.), vol. response (prv.)",92.7,
kinder,hepb,IN,2026,2025-26 school year,92.6,,,70886.0,Vol. response,87.1,
kinder,hepb,KS,2010,2009-10 school year,97.0,,,39073.0,Stratified 1-stage sample  (Public);  Census (Private),39.1,
kinder,hepb,KS,2011,2010-11 school year,,,,,,,
kinder,hepb,KS,2012,2011-12 school year,95.8,,,38402.0,Stratified 1-stage sample  (Public);  Census (Private),52.7,
kinder,hepb,KS,2013,2012-13 school year,88.1,,,40738.0,Stratified 1-stage sample  (Public);  Census (Private),31.8,
kinder,hepb,KS,2014,2013-14 school year,95.3,,,41107.0,Stratified 1-stage sample  (Public);  Census (Private),29.0,
kinder,hepb,KS,2015,2014-15 school year,97.6,,,39685.0,Stratified 2-stage cluster sample,24.5,
kinder,hepb,KS,2016,2015-16 school year,96.8,,,39555.0,Stratified 2-stage cluster sample,21.0,
kinder,hepb,KS,2017,2016-17 school year,96.7,,,38298.0,Stratified 2-stage cluster sample,22.9,
kinder,hepb,KS,2018,2017-18 school year,96.4,,,38484.0,Stratified 2-stage cluster sample,23.1,
kinder,hepb,KS,2019,2018-19 school year,96.7,,,37838.0,Stratified 2-stage cluster sample,23.1,
kinder,hepb,KS,2020,2019-20 school year,97.2,,,37865.0,Stratified 2-stage cluster sample,34.3,
kinder,hepb,KS,2021,2020-21 school year,95.2,,,34687.0,Stratified 2-stage cluster sample,32.7,
kinder,hepb,KS,2022,2021-22 school year,96.0,,,36526.0,Stratified 1-stage cluster sample,29.5,
kinder,hepb,KS,2023,2022-23 school year,96.3,,,35543.0,Stratified 1-stage cluster sample,30.8,
kinder,hepb,KS,2024,2023-24 school year,96.1,,,34178.0,Stratified 2-stage cluster sample,37.1,
kinder,hepb,KS,2025,2024-25 school year,96.4,,,33892.0,Stratified 2-stage cluster sample,29.2,
kinder,hepb,KS,2026,2025-26 school year,,,,,Stratified 2-stage cluster sample,,
kinder,hepb,KY,2010,2009-10 school year,93.0,,,56526.0,Census,92.9,
kinder,hepb,KY,2011,2010-11 school year,,,,,,,
kinder,hepb,KY,2012,2011-12 school year,93.3,,,58185.0,Census,91.8,
kinder,hepb,KY,2013,2012-13 school year,93.7,,,58466.0,Census,97.2,
kinder,hepb,KY,2014,2013-14 school year,94.1,,,57857.0,Census,100.0,
kinder,hepb,KY,2015,2014-15 school year,94.1,,,57884.0,Census,97.2,
kinder,hepb,KY,2016,2015-16 school year,93.5,,,54353.0,Census,99.5,
kinder,hepb,KY,2017,2016-17 school year,92.1,,,51487.0,Census,92.9,
kinder,hepb,KY,2018,2017-18 school year,94.0,,,55152.0,Census,99.0,
kinder,hepb,KY,2019,2018-19 school year,93.4,,,55587.0,Census,99.0,
kinder,hepb,KY,2020,2019-20 school year,93.7,,,59233.0,Census,92.9,
kinder,hepb,KY,2021,2020-21 school year,89.0,,,59233.0,Census (public). voluntary response (private),86.4,
kinder,hepb,KY,2022,2021-22 school year,87.7,,,59233.0,Census,91.5,
kinder,hepb,KY,2023,2022-23 school year,90.7,,,54742.0,Census,96.9,
kinder,hepb,KY,2024,2023-24 school year,90.8,,,52609.0,Census,100.0,
kinder,hepb,KY,2025,2024-25 school year,87.8,,,51319.0,Census,100.0,
kinder,hepb,KY,2026,2025-26 school year,92.6,,,49937.0,Census,100.0,
kinder,hepb,LA,2010,2009-10 school year,98.0,,,53846.0,Census,100.0,
kinder,hepb,LA,2011,2010-11 school year,,,,,,,
kinder,hepb,LA,2012,2011-12 school year,99.3,,,69013.0,Census,100.0,
kinder,hepb,LA,2013,2012-13 school year,98.8,,,68874.0,Census,100.0,
kinder,hepb,LA,2014,2013-14 school year,98.8,,,63976.0,Census,100.0,
kinder,hepb,LA,2015,2014-15 school year,98.8,,,60377.0,Census,100.0,
kinder,hepb,LA,2016,2015-16 school year,98.9,,,59159.0,Census,100.0,
kinder,hepb,LA,2017,2016-17 school year,98.7,,,55257.0,Census,100.0,
kinder,hepb,LA,2018,2017-18 school year,98.4,,,58277.0,Census,100.0,
kinder,hepb,LA,2019,2018-19 school year,98.4,,,56203.0,Census,100.0,
kinder,hepb,LA,2020,2019-20 school year,98.0,,,59685.0,Census,100.0,
kinder,hepb,LA,2021,2020-21 school year,98.5,,,61912.0,Census,100.0,
kinder,hepb,LA,2022,2021-22 school year,97.8,,,66518.0,Census,100.0,
kinder,hepb,LA,2023,2022-23 school year,99.3,,,54314.0,Census,100.0,
kinder,hepb,LA,2024,2023-24 school year,95.9,,,51839.0,Census,100.0,
kinder,hepb,LA,2025,2024-25 school year,97.1,,,49229.0,Census,100.0,
kinder,hepb,LA,2026,2025-26 school year,96.5,,,50223.0,Census,100.0,
kinder,hepb,MA,2010,2009-10 school year,97.7,,,74476.0,Census,100.0,
kinder,hepb,MA,2011,2010-11 school year,,,,,,,
kinder,hepb,MA,2012,2011-12 school year,97.8,,,79551.0,Census,97.5,
kinder,hepb,MA,2013,2012-13 school year,97.8,,,79661.0,Census,97.6,
kinder,hepb,MA,2014,2013-14 school year,97.2,,,79894.0,Census,97.9,
kinder,hepb,MA,2015,2014-15 school year,96.9,,,74869.0,Census,100.0,
kinder,hepb,MA,2016,2015-16 school year,97.6,,,72897.0,Census,100.0,
kinder,hepb,MA,2017,2016-17 school year,97.5,,,70109.0,Census,100.0,
kinder,hepb,MA,2018,2017-18 school year,97.3,,,63377.0,Census,100.0,
kinder,hepb,MA,2019,2018-19 school year,97.6,,,65279.0,Census,100.0,
kinder,hepb,MA,2020,2019-20 school year,98.0,,,66756.0,Census,100.0,
kinder,hepb,MA,2021,2020-21 school year,97.2,,,60724.0,Census,100.0,
kinder,hepb,MA,2022,2021-22 school year,97.0,,,65582.0,Census,100.0,
kinder,hepb,MA,2023,2022-23 school year,97.3,,,66041.0,Census,100.0,
kinder,hepb,MA,2024,2023-24 school year,97.3,,,65424.0,Census,100.0,
kinder,hepb,MA,2025,2024-25 school year,97.5,,,65581.0,Census,100.0,
kinder,hepb,MA,2026,2025-26 school year,97.7,,,65331.0,Census,100.0,
kinder,hepb,MD,2010,2009-10 school year,99.7,,,75061.0,Voluntary response,75.0,
kinder,hepb,MD,2011,2010-11 school year,,,,,,,
kinder,hepb,MD,2012,2011-12 school year,99.6,,,72957.0,Voluntary Response,67.2,
kinder,hepb,MD,2013,2012-13 school year,99.4,,,75007.0,Voluntary Response,84.3,
kinder,hepb,MD,2014,2013-14 school year,99.0,,,75659.0,Census,96.9,
kinder,hepb,MD,2015,2014-15 school year,99.5,,,75391.0,Census (public); Voluntary response (private),90.2,
kinder,hepb,MD,2016,2015-16 school year,99.6,,,72012.0,Census (public); Voluntary response (private),94.3,
kinder,hepb,MD,2017,2016-17 school year,98.1,,,71467.0,Census,98.1,
kinder,hepb,MD,2018,2017-18 school year,97.9,,,68528.0,Census,98.5,
kinder,hepb,MD,2019,2018-19 school year,97.7,,,71431.0,Census,100.0,
kinder,hepb,MD,2020,2019-20 school year,98.3,,,72443.0,Census (public). voluntary response (private),98.3,
kinder,hepb,MD,2021,2020-21 school year,89.5,,,65764.0,Voluntary response,75.6,
kinder,hepb,MD,2022,2021-22 school year,93.9,,,53866.0,Census,98.4,
kinder,hepb,MD,2023,2022-23 school year,97.0,,,59684.0,Census,100.0,
kinder,hepb,MD,2024,2023-24 school year,96.9,,,63224.0,Census,100.0,
kinder,hepb,MD,2025,2024-25 school year,96.8,,,66135.0,"Census (pub.), vol. response (prv.)",95.6,
kinder,hepb,MD,2026,2025-26 school year,97.4,,,66945.0,"Census (pub.), vol. response (prv.)",97.8,
kinder,hepb,ME,2010,2009-10 school year,,,,14162.0,Voluntary response,75.3,NReq
kinder,hepb,ME,2011,2010-11 school year,,,,,,,
kinder,hepb,ME,2012,2011-12 school year,,,,13829.0,Census,97.0,NReq
kinder,hepb,ME,2013,2012-13 school year,,,,14313.0,Census,94.6,NReq
kinder,hepb,ME,2014,2013-14 school year,,,,15441.0,Voluntary response,82.4,NReq
kinder,hepb,ME,2015,2014-15 school year,,,,13704.0,Voluntary response (public); Census (private),88.9,NReq
kinder,hepb,ME,2016,2015-16 school year,,,,13526.0,Census,90.5,NReq
kinder,hepb,ME,2017,2016-17 school year,,,,13834.0,Voluntary response (public). census (private),90.1,NReq
kinder,hepb,ME,2020,2019-20 school year,,,,13450.0,Census,99.6,NReq
kinder,hepb,ME,2021,2020-21 school year,,,,13477.0,Voluntary response (public). census (private),85.0,NReq
kinder,hepb,ME,2022,2021-22 school year,,,,12881.0,Census,91.6,NReq
kinder,hepb,ME,2023,2022-23 school year,,,,12403.0,Census,93.9,NReq
kinder,hepb,ME,2024,2023-24 school year,,,,12087.0,Census,93.0,Nreq
kinder,hepb,ME,2025,2024-25 school year,,,,11761.0,Census,95.4,NReq
kinder,hepb,ME,2026,2025-26 school year,,,,11634.0,Census,94.4,NReq
kinder,hepb,MI,2010,2009-10 school year,97.3,,,129810.0,Census,100.0,
kinder,hepb,MI,2011,2010-11 school year,,,,,,,
kinder,hepb,MI,2012,2011-12 school year,96.8,,,124962.0,Census,100.0,
kinder,hepb,MI,2013,2012-13 school year,96.3,,,124662.0,Census,100.0,
kinder,hepb,MI,2014,2013-14 school year,95.8,,,120297.0,Census,100.0,
kinder,hepb,MI,2015,2014-15 school year,95.8,,,117963.0,Census,100.0,
kinder,hepb,MI,2016,2015-16 school year,96.6,,,116299.0,Census,100.0,
kinder,hepb,MI,2017,2016-17 school year,96.7,,,118777.0,Census,100.0,
kinder,hepb,MI,2018,2017-18 school year,96.4,,,119028.0,Census,100.0,
kinder,hepb,MI,2019,2018-19 school year,96.0,,,118632.0,Census,100.0,
kinder,hepb,MI,2020,2019-20 school year,96.1,,,120565.0,Census,100.0,
kinder,hepb,MI,2021,2020-21 school year,96.5,,,106657.0,Census,100.0,
kinder,hepb,MI,2022,2021-22 school year,95.9,,,114251.0,Census,100.0,
kinder,hepb,MI,2023,2022-23 school year,95.1,,,113678.0,Census,100.0,
kinder,hepb,MI,2024,2023-24 school year,94.8,,,110156.0,Census,100.0,
kinder,hepb,MI,2025,2024-25 school year,92.4,,,107636.0,Census,100.0,
kinder,hepb,MI,2026,2025-26 school year,91.5,,,104614.0,Census,100.0,
kinder,hepb,MN,2010,2009-10 school year,96.4,,,70653.0,Census,100.0,
kinder,hepb,MN,2011,2010-11 school year,,,,,,,
kinder,hepb,MN,2012,2011-12 school year,97.5,,,71213.0,Census,99.2,
kinder,hepb,MN,2013,2012-13 school year,96.8,,,73310.0,Census,100.0,
kinder,hepb,MN,2014,2013-14 school year,96.6,,,72087.0,Census,98.5,
kinder,hepb,MN,2015,2014-15 school year,95.4,,,70896.0,Census,97.8,
kinder,hepb,MN,2016,2015-16 school year,95.2,,,69710.0,Census,97.8,
kinder,hepb,MN,2017,2016-17 school year,95.4,,,69140.0,Census,96.7,
kinder,hepb,MN,2018,2017-18 school year,95.0,,,69807.0,Census,98.1,
kinder,hepb,MN,2019,2018-19 school year,95.0,,,70085.0,Census,98.1,
kinder,hepb,MN,2020,2019-20 school year,95.1,,,71223.0,Census,98.7,
kinder,hepb,MN,2021,2020-21 school year,94.6,,,66007.0,Census,95.2,
kinder,hepb,MN,2022,2021-22 school year,93.5,,,69403.0,Census,98.7,
kinder,hepb,MN,2023,2022-23 school year,93.3,,,68152.0,Census,97.9,
kinder,hepb,MN,2024,2023-24 school year,92.4,,,66032.0,Census,99.1,
kinder,hepb,MN,2025,2024-25 school year,92.3,,,64898.0,Census,99.7,
kinder,hepb,MN,2026,2025-26 school year,91.8,,,63451.0,Census,99.9,
kinder,hepb,MO,2010,2009-10 school year,97.4,,,75958.0,Random sample,3.0,
kinder,hepb,MO,2011,2010-11 school year,,,,,,,
kinder,hepb,MO,2012,2011-12 school year,96.0,,,75240.0,2-stage Cluster Sample,4.7,
kinder,hepb,MO,2013,2012-13 school year,96.2,,,78416.0,2-stage Cluster Sample,5.9,
kinder,hepb,MO,2014,2013-14 school year,96.5,,,78140.0,Census,100.0,
kinder,hepb,MO,2015,2014-15 school year,96.9,,,75900.0,Census,100.0,
kinder,hepb,MO,2016,2015-16 school year,96.9,,,74413.0,Census,100.0,
kinder,hepb,MO,2017,2016-17 school year,96.4,,,73355.0,Census,100.0,
kinder,hepb,MO,2018,2017-18 school year,96.5,,,73113.0,Census,100.0,
kinder,hepb,MO,2019,2018-19 school year,96.1,,,72687.0,Census,100.0,
kinder,hepb,MO,2020,2019-20 school year,95.9,,,72324.0,Census,100.0,
kinder,hepb,MO,2021,2020-21 school year,95.3,,,63093.0,Census,100.0,
kinder,hepb,MO,2022,2021-22 school year,94.0,,,71034.0,Census,100.0,
kinder,hepb,MO,2023,2022-23 school year,93.7,,,69126.0,Census,100.0,
kinder,hepb,MO,2024,2023-24 school year,93.3,,,69014.0,Census,100.0,
kinder,hepb,MO,2025,2024-25 school year,92.7,,,68163.0,Census,100.0,
kinder,hepb,MO,2026,2025-26 school year,92.1,,,66610.0,Census,100.0,
kinder,hepb,MS,2010,2009-10 school year,99.7,,,46922.0,Census,100.0,
kinder,hepb,MS,2011,2010-11 school year,,,,,,,
kinder,hepb,MS,2012,2011-12 school year,99.2,,,44912.0,Census,100.0,
kinder,hepb,MS,2013,2012-13 school year,99.9,,,46595.0,Census,100.0,
kinder,hepb,MS,2014,2013-14 school year,99.7,,,45719.0,Census,100.0,
kinder,hepb,MS,2015,2014-15 school year,99.2,,,44129.0,Census,100.0,
kinder,hepb,MS,2016,2015-16 school year,99.4,,,41042.0,Census,100.0,
kinder,hepb,MS,2017,2016-17 school year,99.4,,,40509.0,Census,100.0,
kinder,hepb,MS,2018,2017-18 school year,99.4,,,39284.0,Census,100.0,
kinder,hepb,MS,2019,2018-19 school year,99.2,,,37775.0,Census,100.0,
kinder,hepb,MS,2020,2019-20 school year,99.1,,,37870.0,Census,100.0,
kinder,hepb,MS,2021,2020-21 school year,98.9,,,34028.0,Census,100.0,
kinder,hepb,MS,2022,2021-22 school year,98.6,,,36524.0,Census,100.0,
kinder,hepb,MS,2023,2022-23 school year,98.4,,,36048.0,Census,100.0,
kinder,hepb,MS,2024,2023-24 school year,97.5,,,36105.0,Census,100.0,
kinder,hepb,MS,2025,2024-25 school year,97.6,,,35293.0,Census,100.0,
kinder,hepb,MS,2026,2025-26 school year,97.0,,,34969.0,Census,100.0,
kinder,hepb,MT,2010,2009-10 school year,,,,12335.0,Census,98.8,NReq
kinder,hepb,MT,2011,2010-11 school year,,,,,,,
kinder,hepb,MT,2012,2011-12 school year,,,,12128.0,Census,100.0,NReq
kinder,hepb,MT,2013,2012-13 school year,,,,12516.0,Census,95.8,NReq
kinder,hepb,MT,2014,2013-14 school year,,,,12855.0,Census,95.4,NReq
kinder,hepb,MT,2015,2014-15 school year,,,,12501.0,Census (public); Voluntary response (private),95.7,NReq
kinder,hepb,MT,2016,2015-16 school year,,,,11484.0,Census,100.0,NReq
kinder,hepb,MT,2017,2016-17 school year,,,,11956.0,Census,100.0,NReq
kinder,hepb,MT,2020,2019-20 school year,,,,12501.0,Census,100.0,NReq
kinder,hepb,MT,2021,2020-21 school year,0.0,,,11279.0,Census,100.0,
kinder,hepb,MT,2022,2021-22 school year,,,,,Not Conducted,,NReq
kinder,hepb,NC,2010,2009-10 school year,,,,116087.0,Census,96.0,
kinder,hepb,NC,2011,2010-11 school year,,,,,,,
kinder,hepb,NC,2012,2011-12 school year,,,,128854.0,Census,95.4,
kinder,hepb,NC,2013,2012-13 school year,,,,130612.0,Census,97.3,
kinder,hepb,NC,2014,2013-14 school year,,,,126084.0,Census,97.7,
kinder,hepb,NC,2015,2014-15 school year,97.5,,,129792.0,Census (public). Voluntary response (private),95.0,
kinder,hepb,NC,2016,2015-16 school year,97.8,,,128290.0,Census (public). Voluntary response (private),92.0,
kinder,hepb,NC,2017,2016-17 school year,96.6,,,126454.0,Voluntary response,88.2,
kinder,hepb,NC,2018,2017-18 school year,98.2,,,127197.0,Census,90.9,
kinder,hepb,NC,2019,2018-19 school year,94.6,,,124343.0,Census (public). voluntary response (private),90.9,
kinder,hepb,NC,2020,2019-20 school year,96.5,,,124548.0,Census,97.8,
kinder,hepb,NC,2021,2020-21 school year,96.2,,,120995.0,Census (public). voluntary response (private),89.0,
kinder,hepb,NC,2022,2021-22 school year,96.8,,,118191.0,Vol. response,78.5,
kinder,hepb,NC,2023,2022-23 school year,95.3,,,125679.0,Vol. response,83.1,
kinder,hepb,NC,2024,2023-24 school year,94.8,,,125964.0,"Census (pub.), vol. response (prv.)",90.8,
kinder,hepb,NC,2025,2024-25 school year,95.2,,,124028.0,"Census (pub.), vol. response (prv.)",91.0,
kinder,hepb,NC,2026,2025-26 school year,94.8,,,120045.0,"Census (pub.), vol. response (prv.)",90.1,
kinder,hepb,ND,2010,2009-10 school year,92.6,,,8323.0,Random sample,6.0,
kinder,hepb,ND,2011,2010-11 school year,,,,,,,
kinder,hepb,ND,2012,2011-12 school year,91.4,,,8412.0,Convenient,5.8,
kinder,hepb,ND,2013,2012-13 school year,96.6,,,9503.0,2-stage Cluster Sample,4.9,
kinder,hepb,ND,2014,2013-14 school year,94.6,,,9780.0,Census (Public); Stratified  2-stage cluster sample(Private),96.1,
kinder,hepb,ND,2015,2014-15 school year,92.8,,,10017.0,Census,99.9,
kinder,hepb,ND,2016,2015-16 school year,93.8,,,9875.0,Census,97.1,
kinder,hepb,ND,2017,2016-17 school year,95.6,,,9799.0,Census,98.7,
kinder,hepb,ND,2018,2017-18 school year,95.8,,,10365.0,Census,99.4,
kinder,hepb,ND,2019,2018-19 school year,95.2,,,10382.0,Census,99.4,
kinder,hepb,ND,2020,2019-20 school year,95.7,,,10587.0,Census,99.5,
kinder,hepb,ND,2021,2020-21 school year,95.0,,,10116.0,Census,99.1,
kinder,hepb,ND,2022,2021-22 school year,93.7,,,10755.0,Census,96.6,
kinder,hepb,ND,2023,2022-23 school year,93.7,,,10554.0,Census,99.4,
kinder,hepb,ND,2024,2023-24 school year,93.3,,,9708.0,Census,97.5,
kinder,hepb,ND,2025,2024-25 school year,92.7,,,9659.0,Census,98.8,
kinder,hepb,ND,2026,2025-26 school year,91.6,,,9344.0,Census,98.6,
kinder,hepb,NE,2010,2009-10 school year,97.5,,,29607.0,Census,96.4,
kinder,hepb,NE,2011,2010-11 school year,,,,,,,
kinder,hepb,NE,2012,2011-12 school year,99.3,,,26715.0,Census,96.6,
kinder,hepb,NE,2013,2012-13 school year,96.2,,,24999.0,Census,96.6,
kinder,hepb,NE,2014,2013-14 school year,95.7,,,27000.0,Census,97.3,
kinder,hepb,NE,2015,2014-15 school year,96.9,,,26665.0,Census,100.0,
kinder,hepb,NE,2016,2015-16 school year,96.8,,,30409.0,Census,100.0,
kinder,hepb,NE,2017,2016-17 school year,97.4,,,27117.0,Census,100.0,
kinder,hepb,NE,2018,2017-18 school year,97.1,,,26313.0,Census,98.6,
kinder,hepb,NE,2019,2018-19 school year,97.5,,,26925.0,Census,98.6,
kinder,hepb,NE,2020,2019-20 school year,97.3,,,26893.0,Census,96.7,
kinder,hepb,NE,2021,2020-21 school year,96.6,,,25681.0,Census (public). voluntary response (private),94.8,
kinder,hepb,NE,2022,2021-22 school year,97.7,,,25018.0,Census,99.5,
kinder,hepb,NE,2023,2022-23 school year,96.8,,,23176.0,Census,100.0,
kinder,hepb,NE,2024,2023-24 school year,95.7,,,23118.0,Census,100.0,
kinder,hepb,NE,2025,2024-25 school year,95.9,,,24102.0,Census,100.0,
kinder,hepb,NE,2026,2025-26 school year,95.0,,,23807.0,Census,100.0,
kinder,hepb,NH,2010,2009-10 school year,,,,,Not conducted,,
kinder,hepb,NH,2011,2010-11 school year,,,,,,,
kinder,hepb,NH,2012,2011-12 school year,,,,13022.0,Census,100.0,
kinder,hepb,NH,2013,2012-13 school year,,,,12943.0,Census,99.2,
kinder,hepb,NH,2014,2013-14 school year,94.7,,,13240.0,Census,100.0,
kinder,hepb,NH,2015,2014-15 school year,91.4,,,12422.0,Census (public); Voluntary response (private),98.9,
kinder,hepb,NH,2016,2015-16 school year,91.9,,,11852.0,Census,99.8,
kinder,hepb,NH,2017,2016-17 school year,91.5,,,12145.0,Census,100.0,
kinder,hepb,NH,2018,2017-18 school year,92.4,,,12165.0,Census,100.0,
kinder,hepb,NH,2019,2018-19 school year,91.8,,,12421.0,Census,100.0,
kinder,hepb,NH,2020,2019-20 school year,91.5,,,12447.0,Census,100.0,
kinder,hepb,NH,2021,2020-21 school year,90.8,,,10242.0,Voluntary response,57.0,
kinder,hepb,NH,2022,2021-22 school year,88.7,,,12157.0,Census,100.0,
kinder,hepb,NH,2023,2022-23 school year,89.4,,,11332.0,Census,100.0,
kinder,hepb,NH,2024,2023-24 school year,89.2,,,11871.0,Census,100.0,
kinder,hepb,NH,2025,2024-25 school year,89.2,,,11713.0,Census,100.0,
kinder,hepb,NH,2026,2025-26 school year,88.2,,,11544.0,Census,100.0,
kinder,hepb,NJ,2010,2009-10 school year,,,,118347.0,Census,95.1,
kinder,hepb,NJ,2011,2010-11 school year,,,,,,,
kinder,hepb,NJ,2012,2011-12 school year,,,,118669.0,Census,96.6,
kinder,hepb,NJ,2013,2012-13 school year,97.0,,,122516.0,Census,96.7,
kinder,hepb,NJ,2014,2013-14 school year,96.8,,,123085.0,Census,95.4,
kinder,hepb,NJ,2015,2014-15 school year,92.3,,,120471.0,Census (public); Voluntary response (private),93.9,
kinder,hepb,NJ,2016,2015-16 school year,96.3,,,110116.0,Census,100.0,
kinder,hepb,NJ,2017,2016-17 school year,96.5,,,109577.0,Census,100.0,
kinder,hepb,NJ,2018,2017-18 school year,96.1,,,107630.0,Census,100.0,
kinder,hepb,NJ,2019,2018-19 school year,95.0,,,109161.0,Census,100.0,
kinder,hepb,NJ,2020,2019-20 school year,95.9,,,107900.0,Census,100.0,
kinder,hepb,NJ,2021,2020-21 school year,94.3,,,100144.0,Census,100.0,
kinder,hepb,NJ,2022,2021-22 school year,94.1,,,104240.0,Census,100.0,
kinder,hepb,NJ,2023,2022-23 school year,94.3,,,104468.0,Census,100.0,
kinder,hepb,NJ,2024,2023-24 school year,93.2,,,105408.0,Census,100.0,
kinder,hepb,NJ,2025,2024-25 school year,92.8,,,104339.0,Census,100.0,
kinder,hepb,NJ,2026,2025-26 school year,92.5,,,101602.0,Census,92.3,
kinder,hepb,NM,2010,2009-10 school year,99.1,,,26318.0,Random sample,2.2,
kinder,hepb,NM,2011,2010-11 school year,,,,,,,
kinder,hepb,NM,2012,2011-12 school year,97.3,,,29159.0,2-stage Cluster Sample,2.0,
kinder,hepb,NM,2013,2012-13 school year,96.2,,,29279.0,2-stage Cluster Sample,3.3,
kinder,hepb,NM,2014,2013-14 school year,97.2,,,30725.0,Stratified  2-stage cluster sample,2.7,
kinder,hepb,NM,2015,2014-15 school year,98.7,,,29918.0,Stratified 2-stage cluster sample,3.3,
kinder,hepb,NM,2016,2015-16 school year,97.0,,,29049.0,Stratified 2-stage cluster sample,2.7,
kinder,hepb,NM,2017,2016-17 school year,95.4,,,27119.0,Stratified 2-stage cluster sample,4.5,
kinder,hepb,NM,2018,2017-18 school year,96.0,,,26896.0,Stratified 2-stage cluster sample,99.6,
kinder,hepb,NM,2019,2018-19 school year,96.8,,,25269.0,Census,99.6,
kinder,hepb,NM,2020,2019-20 school year,97.7,,,23087.0,Census,100.0,
kinder,hepb,NM,2021,2020-21 school year,96.9,,,20589.0,Census,100.0,
kinder,hepb,NM,2022,2021-22 school year,93.7,,,20736.0,Census,100.0,
kinder,hepb,NM,2023,2022-23 school year,96.5,,,21068.0,Census,100.0,
kinder,hepb,NM,2024,2023-24 school year,96.7,,,20699.0,Census,100.0,
kinder,hepb,NM,2025,2024-25 school year,96.3,,,20180.0,Census,100.0,
kinder,hepb,NM,2026,2025-26 school year,96.1,,,19843.0,Census,100.0,
kinder,hepb,NV,2010,2009-10 school year,98.0,,,35209.0,Random sample,5.6,
kinder,hepb,NV,2011,2010-11 school year,,,,,,,
kinder,hepb,NV,2012,2011-12 school year,97.8,,,36557.0,2-stage Cluster Sample,5.2,
kinder,hepb,NV,2013,2012-13 school year,96.8,,,36070.0,2-stage Cluster Sample,4.3,
kinder,hepb,NV,2014,2013-14 school year,95.9,,,35782.0,Stratified  2-stage cluster sample,3.1,
kinder,hepb,NV,2015,2014-15 school year,96.7,,,36755.0,Stratified 2-stage cluster sample,2.8,
kinder,hepb,NV,2016,2015-16 school year,97.0,,,37118.0,Stratified 2-stage cluster sample,3.3,
kinder,hepb,NV,2017,2016-17 school year,95.7,,,36885.0,Stratified 2-stage cluster sample,3.7,
kinder,hepb,NV,2018,2017-18 school year,96.4,,,37178.0,Stratified 2-stage cluster sample,4.8,
kinder,hepb,NV,2019,2018-19 school year,97.4,,,37971.0,Stratified 2-stage cluster sample,4.8,
kinder,hepb,NV,2020,2019-20 school year,95.9,,,37724.0,Census,99.9,
kinder,hepb,NV,2021,2020-21 school year,97.4,,,34171.0,Census (public). voluntary response (private),94.7,
kinder,hepb,NV,2022,2021-22 school year,93.9,,,36855.0,"Census (pub.), vol. response (pvt.)",99.2,
kinder,hepb,NV,2023,2022-23 school year,94.2,,,34333.0,"Vol. response (pub.), census (pvt.)",89.1,
kinder,hepb,NV,2024,2023-24 school year,93.4,,,31261.0,Census,91.3,
kinder,hepb,NV,2025,2024-25 school year,92.9,,,33272.0,"Census (pub.), vol. response (prv.)",92.6,
kinder,hepb,NV,2026,2025-26 school year,92.4,,,32815.0,"Census (pub.), vol. response (prv.)",93.6,
kinder,hepb,NY,2010,2009-10 school year,98.3,,,229273.0,Census,100.0,
kinder,hepb,NY,2011,2010-11 school year,,,,,,,
kinder,hepb,NY,2012,2011-12 school year,98.2,,,236016.0,Census,100.0,
kinder,hepb,NY,2013,2012-13 school year,98.2,,,239484.0,Census,100.0,
kinder,hepb,NY,2014,2013-14 school year,97.9,,,240318.0,Census,100.0,
kinder,hepb,NY,2015,2014-15 school year,97.3,,,237045.0,Census,100.0,
kinder,hepb,NY,2016,2015-16 school year,97.0,,,232521.0,Census,100.0,
kinder,hepb,NY,2017,2016-17 school year,98.0,,,227050.0,Census,100.0,
kinder,hepb,NY,2018,2017-18 school year,98.0,,,226456.0,Census,100.0,
kinder,hepb,NY,2019,2018-19 school year,97.9,,,220495.0,Census,100.0,
kinder,hepb,NY,2020,2019-20 school year,98.6,,,234165.0,Census,99.9,
kinder,hepb,NY,2021,2020-21 school year,98.9,,,216804.0,Census (public). voluntary response (private),91.5,
kinder,hepb,NY,2022,2021-22 school year,98.7,,,195377.0,Census,99.3,
kinder,hepb,NY,2023,2022-23 school year,98.6,,,205906.0,"Census (pub.), vol. response (pvt.)",96.6,
kinder,hepb,NY,2024,2023-24 school year,98.3,,,200894.0,Census,98.8,
kinder,hepb,NY,2025,2024-25 school year,98.4,,,234054.0,Vol. response,85.1,
kinder,hepb,NY,2026,2025-26 school year,98.6,,,203514.0,"Census (pub.), vol. response (prv.)",95.8,
kinder,hepb,OH,2010,2009-10 school year,90.5,,,131137.0,Census,100.0,
kinder,hepb,OH,2011,2010-11 school year,,,,,,,
kinder,hepb,OH,2012,2011-12 school year,99.0,,,146144.0,Convenient,94.5,
kinder,hepb,OH,2013,2012-13 school year,99.0,,,163687.0,Census,86.9,
kinder,hepb,OH,2014,2013-14 school year,99.0,,,150000.0,Census,92.5,
kinder,hepb,OH,2015,2014-15 school year,95.2,,,149080.0,Census (public); Voluntary response (private),91.0,
kinder,hepb,OH,2016,2015-16 school year,95.1,,,144604.0,Census (public); Voluntary response (private),93.7,
kinder,hepb,OH,2017,2016-17 school year,95.2,,,137542.0,Census,95.5,
kinder,hepb,OH,2018,2017-18 school year,95.2,,,138753.0,Census,94.9,
kinder,hepb,OH,2019,2018-19 school year,94.6,,,139679.0,Census (public). voluntary response (private),94.9,
kinder,hepb,OH,2020,2019-20 school year,94.9,,,139103.0,Census,98.8,
kinder,hepb,OH,2021,2020-21 school year,94.1,,,128535.0,Census (public). voluntary response (private),91.1,
kinder,hepb,OH,2022,2021-22 school year,92.7,,,139077.0,"Census (pub.), vol. response (pvt.)",91.9,
kinder,hepb,OH,2023,2022-23 school year,93.0,,,134893.0,"Census (pub.), vol. response (pvt.)",93.7,
kinder,hepb,OH,2024,2023-24 school year,93.0,,,133716.0,"Census (pub.), vol. response (prv.)",94.0,
kinder,hepb,OH,2025,2024-25 school year,92.3,,,131589.0,"Census (pub.), vol. response (prv.)",93.2,
kinder,hepb,OH,2026,2025-26 school year,91.9,,,129087.0,"Census (pub.), vol. response (prv.)",95.9,
kinder,hepb,OK,2010,2009-10 school year,99.5,,,51128.0,Voluntary response,88.9,
kinder,hepb,OK,2011,2010-11 school year,,,,,,,
kinder,hepb,OK,2012,2011-12 school year,97.7,,,52987.0,Census,90.9,
kinder,hepb,OK,2013,2012-13 school year,92.7,,,56943.0,Census,95.5,
kinder,hepb,OK,2014,2013-14 school year,97.7,,,57377.0,Voluntary response,71.3,
kinder,hepb,OK,2015,2014-15 school year,92.5,,,56967.0,Census,95.9,
kinder,hepb,OK,2016,2015-16 school year,96.4,,,54335.0,Census,96.1,
kinder,hepb,OK,2017,2016-17 school year,,,,52184.0,Census,0.0,
kinder,hepb,OK,2018,2017-18 school year,94.1,,,53898.0,Census (public). voluntary response (private),92.1,
kinder,hepb,OK,2019,2018-19 school year,95.7,,,54806.0,Census (public). voluntary response (private),92.1,
kinder,hepb,OK,2020,2019-20 school year,95.1,,,55348.0,Voluntary response,85.6,
kinder,hepb,OK,2021,2020-21 school year,95.8,,,52656.0,Census (public). voluntary response (private),90.0,
kinder,hepb,OK,2022,2021-22 school year,95.2,,,54042.0,Vol. response,84.3,
kinder,hepb,OK,2023,2022-23 school year,94.1,,,52548.0,"Census (pub.), vol. response (pvt.)",89.5,
kinder,hepb,OK,2024,2023-24 school year,93.1,,,49979.0,"Census (pub.), vol. response (prv.)",93.8,
kinder,hepb,OK,2025,2024-25 school year,93.6,,,47544.0,Vol. response,86.7,
kinder,hepb,OK,2026,2025-26 school year,92.3,,,47844.0,"Census (pub.), vol. response (prv.)",90.7,
kinder,hepb,OR,2010,2009-10 school year,95.0,,,44676.0,Census,100.0,
kinder,hepb,OR,2011,2010-11 school year,,,,,,,
kinder,hepb,OR,2012,2011-12 school year,94.6,,,45855.0,Census,100.0,
kinder,hepb,OR,2013,2012-13 school year,94.3,,,47102.0,Census,100.0,
kinder,hepb,OR,2014,2013-14 school year,93.5,,,47649.0,Census,100.0,
kinder,hepb,OR,2015,2014-15 school year,93.9,,,46229.0,Census,100.0,
kinder,hepb,OR,2016,2015-16 school year,93.7,,,45531.0,Census,100.0,
kinder,hepb,OR,2017,2016-17 school year,93.7,,,45705.0,Census,100.0,
kinder,hepb,OR,2018,2017-18 school year,93.3,,,45818.0,Census,100.0,
kinder,hepb,OR,2019,2018-19 school year,93.1,,,45870.0,Census,100.0,
kinder,hepb,OR,2020,2019-20 school year,93.3,,,45959.0,Census,100.0,
kinder,hepb,OR,2021,2020-21 school year,94.0,,,39568.0,Census,100.0,
kinder,hepb,OR,2022,2021-22 school year,93.8,,,41538.0,Census,100.0,
kinder,hepb,OR,2023,2022-23 school year,92.9,,,40963.0,Census,100.0,
kinder,hepb,OR,2024,2023-24 school year,92.9,,,39568.0,Census,100.0,
kinder,hepb,OR,2025,2024-25 school year,92.5,,,38247.0,Census,100.0,
kinder,hepb,OR,2026,2025-26 school year,92.0,,,37309.0,Census,100.0,
kinder,hepb,PA,2010,2009-10 school year,93.5,,,149656.0,Census,100.0,
kinder,hepb,PA,2011,2010-11 school year,,,,,,,
kinder,hepb,PA,2012,2011-12 school year,94.4,,,148042.0,Census,99.0,
kinder,hepb,PA,2013,2012-13 school year,94.1,,,151364.0,Census,97.5,
kinder,hepb,PA,2014,2013-14 school year,92.2,,,151253.0,Census,100.0,
kinder,hepb,PA,2015,2014-15 school year,96.2,,,146378.0,Census,98.3,
kinder,hepb,PA,2016,2015-16 school year,97.2,,,143298.0,Census (public); Voluntary response (private),93.2,
kinder,hepb,PA,2017,2016-17 school year,96.7,,,143888.0,Voluntary response,84.4,
kinder,hepb,PA,2018,2017-18 school year,97.4,,,141571.0,Voluntary response,93.3,
kinder,hepb,PA,2019,2018-19 school year,97.1,,,143560.0,Census (public). voluntary response (private),93.3,
kinder,hepb,PA,2020,2019-20 school year,97.2,,,140197.0,Census,98.8,
kinder,hepb,PA,2021,2020-21 school year,96.8,,,129307.0,Census (public). voluntary response (private),95.0,
kinder,hepb,PA,2022,2021-22 school year,96.3,,,139558.0,"Census (pub.), vol. response (pvt.)",94.9,
kinder,hepb,PA,2023,2022-23 school year,95.3,,,137259.0,"Census (pub.), vol. response (pvt.)",97.2,
kinder,hepb,PA,2024,2023-24 school year,94.8,,,137593.0,Census,96.5,
kinder,hepb,PA,2025,2024-25 school year,93.9,,,140160.0,"Census (pub.), vol. response (prv.)",95.3,
kinder,hepb,PA,2026,2025-26 school year,94.4,,,134313.0,"Census (pub.), vol. response (prv.)",95.7,
kinder,hepb,RI,2010,2009-10 school year,92.8,,,11818.0,Random sample,11.6,
kinder,hepb,RI,2011,2010-11 school year,,,,,,,
kinder,hepb,RI,2012,2011-12 school year,93.1,,,12552.0,2-stage Cluster Sample,13.9,
kinder,hepb,RI,2013,2012-13 school year,98.0,,,12552.0,Voluntary Response,75.2,
kinder,hepb,RI,2014,2013-14 school year,98.1,,,11521.0,Census,99.1,
kinder,hepb,RI,2015,2014-15 school year,97.7,,,11163.0,Census,98.9,
kinder,hepb,RI,2016,2015-16 school year,98.1,,,11165.0,Census,100.0,
kinder,hepb,RI,2017,2016-17 school year,97.6,,,11100.0,Census,98.4,
kinder,hepb,RI,2018,2017-18 school year,97.6,,,11025.0,Census,100.0,
kinder,hepb,RI,2019,2018-19 school year,98.3,,,10964.0,Census,100.0,
kinder,hepb,RI,2020,2019-20 school year,98.5,,,11219.0,Census,98.5,
kinder,hepb,RI,2021,2020-21 school year,98.3,,,10402.0,Census,93.0,
kinder,hepb,RI,2022,2021-22 school year,98.0,,,11002.0,Census,96.9,
kinder,hepb,RI,2023,2022-23 school year,97.8,,,10532.0,Census,96.5,
kinder,hepb,RI,2024,2023-24 school year,97.9,,,10539.0,Census,97.8,
kinder,hepb,RI,2025,2024-25 school year,97.9,,,10088.0,Census,96.7,
kinder,hepb,RI,2026,2025-26 school year,97.8,,,10123.0,Census,97.1,
kinder,hepb,SC,2010,2009-10 school year,87.6,,,53725.0,Random sample,10.2,
kinder,hepb,SC,2011,2010-11 school year,,,,,,,
kinder,hepb,SC,2012,2011-12 school year,96.6,,,59307.0,1-stage Cluster Sample,10.7,
kinder,hepb,SC,2013,2012-13 school year,90.9,,,61799.0,1-Stage Cluster Sample,17.9,
kinder,hepb,SC,2014,2013-14 school year,96.5,,,61661.0,1-stage stratified sample,11.0,
kinder,hepb,SC,2015,2014-15 school year,97.7,,,62864.0,Stratified 1-stage cluster sample,12.2,
kinder,hepb,SC,2016,2015-16 school year,97.2,,,59240.0,Stratified 1-stage cluster sample,8.9,
kinder,hepb,SC,2017,2016-17 school year,96.4,,,59177.0,Stratified 1-stage cluster sample,8.9,
kinder,hepb,SC,2018,2017-18 school year,96.9,,,58458.0,Stratified 1-stage cluster sample,27.0,
kinder,hepb,SC,2019,2018-19 school year,95.0,,,58442.0,Stratified 1-stage cluster sample,27.0,
kinder,hepb,SC,2020,2019-20 school year,95.3,,,65938.0,Stratified 1-stage cluster sample,27.5,
kinder,hepb,SC,2021,2020-21 school year,95.3,,,56330.0,Stratified 1-stage cluster sample,26.5,
kinder,hepb,SC,2022,2021-22 school year,93.4,,,58276.0,1-stage cluster sample,27.2,
kinder,hepb,SC,2023,2022-23 school year,93.8,,,58878.0,Stratified 1-stage cluster sample,28.1,
kinder,hepb,SC,2024,2023-24 school year,92.8,,,58069.0,Stratified 1-stage cluster sample,26.7,
kinder,hepb,SC,2025,2024-25 school year,92.0,,,57718.0,Stratified 1-stage cluster sample,34.3,
kinder,hepb,SC,2026,2025-26 school year,93.7,,,57542.0,Stratified 1-stage cluster sample,26.2,
kinder,hepb,SD,2010,2009-10 school year,,,,11499.0,Census,100.0,NReq
kinder,hepb,SD,2011,2010-11 school year,,,,,,,
kinder,hepb,SD,2012,2011-12 school year,95.4,,,12127.0,Census,100.0,
kinder,hepb,SD,2013,2012-13 school year,93.9,,,12468.0,Census,100.0,
kinder,hepb,SD,2014,2013-14 school year,92.8,,,12566.0,Census,100.0,
kinder,hepb,SD,2015,2014-15 school year,92.2,,,12008.0,Census,100.0,
kinder,hepb,SD,2016,2015-16 school year,94.3,,,12181.0,Census,100.0,
kinder,hepb,SD,2017,2016-17 school year,94.5,,,12106.0,Census,99.8,
kinder,hepb,SD,2018,2017-18 school year,95.0,,,12125.0,Census,99.9,
kinder,hepb,SD,2019,2018-19 school year,94.5,,,12062.0,Census,99.9,
kinder,hepb,SD,2020,2019-20 school year,95.4,,,12367.0,Census,99.8,
kinder,hepb,SD,2021,2020-21 school year,95.5,,,11512.0,Census,99.9,
kinder,hepb,SD,2022,2021-22 school year,94.7,,,12251.0,Census,100.0,
kinder,hepb,SD,2023,2022-23 school year,94.5,,,12081.0,Census,100.0,
kinder,hepb,SD,2024,2023-24 school year,94.1,,,11744.0,Census,99.8,
kinder,hepb,SD,2025,2024-25 school year,,,,11367.0,Census,99.3,NReq
kinder,hepb,SD,2026,2025-26 school year,,,,11009.0,Census,100.0,NReq
kinder,hepb,TN,2010,2009-10 school year,97.4,,,90811.0,Voluntary response,88.1,
kinder,hepb,TN,2011,2010-11 school year,,,,,,,
kinder,hepb,TN,2012,2011-12 school year,97.3,,,83950.0,Census,99.9,
kinder,hepb,TN,2013,2012-13 school year,94.5,,,85801.0,Census,97.0,
kinder,hepb,TN,2014,2013-14 school year,94.9,,,80212.0,Census,99.8,
kinder,hepb,TN,2015,2014-15 school year,95.1,,,78276.0,Census,100.0,
kinder,hepb,TN,2016,2015-16 school year,94.1,,,79233.0,Census,100.0,
kinder,hepb,TN,2017,2016-17 school year,97.3,,,78169.0,Census,100.0,
kinder,hepb,TN,2018,2017-18 school year,97.1,,,78743.0,Census,100.0,
kinder,hepb,TN,2019,2018-19 school year,96.8,,,78630.0,Census,100.0,
kinder,hepb,TN,2020,2019-20 school year,97.0,,,80595.0,Census,100.0,
kinder,hepb,TN,2021,2020-21 school year,97.1,,,73819.0,Census,100.0,
kinder,hepb,TN,2022,2021-22 school year,96.3,,,79120.0,Census,100.0,
kinder,hepb,TN,2023,2022-23 school year,95.8,,,79692.0,Census,100.0,
kinder,hepb,TN,2024,2023-24 school year,95.3,,,79323.0,Census,95.8,
kinder,hepb,TN,2025,2024-25 school year,95.4,,,78299.0,Census,96.7,
kinder,hepb,TN,2026,2025-26 school year,95.6,,,73415.0,Census,97.4,
kinder,hepb,TX,2010,2009-10 school year,98.6,,,381425.0,Census,98.3,
kinder,hepb,TX,2011,2010-11 school year,,,,,,,
kinder,hepb,TX,2012,2011-12 school year,99.7,,,388178.0,Census,100.0,
kinder,hepb,TX,2013,2012-13 school year,98.2,,,414688.0,Census,96.6,
kinder,hepb,TX,2014,2013-14 school year,98.1,,,409255.0,Census,97.1,
kinder,hepb,TX,2015,2014-15 school year,98.0,,,406099.0,Census (public); Voluntary response (private),98.3,
kinder,hepb,TX,2016,2015-16 school year,98.1,,,394801.0,Census (public); Voluntary response (private),98.7,
kinder,hepb,TX,2017,2016-17 school year,97.9,,,389999.0,Census,99.0,
kinder,hepb,TX,2018,2017-18 school year,97.4,,,387981.0,Census,99.4,
kinder,hepb,TX,2019,2018-19 school year,97.5,,,390034.0,Census,99.4,
kinder,hepb,TX,2020,2019-20 school year,97.4,,,398680.0,Census,99.6,
kinder,hepb,TX,2021,2020-21 school year,96.7,,,377840.0,Census,98.9,
kinder,hepb,TX,2022,2021-22 school year,95.9,,,389037.0,Census,99.3,
kinder,hepb,TX,2023,2022-23 school year,95.8,,,381680.0,Census,98.0,
kinder,hepb,TX,2024,2023-24 school year,95.7,,,381421.0,"Census (pub.), vol. response (prv.)",92.4,
kinder,hepb,TX,2025,2024-25 school year,94.7,,,378860.0,"Census (pub.), vol. response (prv.)",97.3,
kinder,hepb,TX,2026,2025-26 school year,94.6,,,358586.0,"Census (pub.), vol. response (prv.)",98.3,
kinder,hepb,US,2010,2009-10 school year,96.1,,,,,,
kinder,hepb,US,2011,2010-11 school year,,,,,,,
kinder,hepb,US,2012,2011-12 school year,96.4,,,,,,
kinder,hepb,US,2013,2012-13 school year,95.7,,,,,,
kinder,hepb,US,2014,2013-14 school year,95.5,,,,,,
kinder,hepb,US,2015,2014-15 school year,95.3,,,,,,
kinder,hepb,US,2016,2015-16 school year,95.8,,,,,,
kinder,hepb,US,2017,2016-17 school year,96.0,,,,,,
kinder,hepb,US,2018,2017-18 school year,96.1,,,,,,
kinder,hepb,US,2019,2018-19 school year,95.8,,,,,,
kinder,hepb,US,2020,2019-20 school year,96.1,,,,,,
kinder,hepb,US,2021,2020-21 school year,94.6,,,3510744.0,,90.8,
kinder,hepb,US,2022,2021-22 school year,94.1,,,3835130.0,,92.2,
kinder,hepb,US,2023,2022-23 school year,94.3,,,3832381.0,,92.9,
kinder,hepb,US,2024,2023-24 school year,93.9,,,3823506.0,,93.1,
kinder,hepb,US,2025,2024-25 school year,94.0,,,3785644.0,,92.7,
kinder,hepb,US,2026,2025-26 school year,94.0,,,3692432.0,,96.0,
kinder,hepb,UT,2010,2009-10 school year,98.6,,,49957.0,Census,100.0,
kinder,hepb,UT,2011,2010-11 school year,,,,,,,
kinder,hepb,UT,2012,2011-12 school year,99.1,,,53800.0,Census,100.0,
kinder,hepb,UT,2013,2012-13 school year,99.1,,,54605.0,Census,100.0,
kinder,hepb,UT,2014,2013-14 school year,99.3,,,54779.0,Census,100.0,
kinder,hepb,UT,2015,2014-15 school year,95.4,,,50916.0,Census,100.0,
kinder,hepb,UT,2016,2015-16 school year,95.1,,,50114.0,Census,100.0,
kinder,hepb,UT,2017,2016-17 school year,94.8,,,49073.0,Census,100.0,
kinder,hepb,UT,2018,2017-18 school year,94.3,,,48827.0,Census,100.0,
kinder,hepb,UT,2019,2018-19 school year,93.8,,,50179.0,Census,100.0,
kinder,hepb,UT,2020,2019-20 school year,94.0,,,49208.0,Census,100.0,
kinder,hepb,UT,2021,2020-21 school year,93.5,,,46247.0,Census,100.0,
kinder,hepb,UT,2022,2021-22 school year,92.0,,,48995.0,Census,100.0,
kinder,hepb,UT,2023,2022-23 school year,91.9,,,46635.0,Census,100.0,
kinder,hepb,UT,2024,2023-24 school year,90.9,,,46228.0,Census,100.0,
kinder,hepb,UT,2025,2024-25 school year,90.2,,,45818.0,Census,100.0,
kinder,hepb,UT,2026,2025-26 school year,89.2,,,44001.0,Census,100.0,
kinder,hepb,VA,2010,2009-10 school year,97.6,,,100891.0,Random sample,4.4,
kinder,hepb,VA,2011,2010-11 school year,,,,,,,
kinder,hepb,VA,2012,2011-12 school year,92.7,,,101121.0,2-stage Cluster Sample,4.3,
kinder,hepb,VA,2013,2012-13 school year,91.7,,,104826.0,2-stage Cluster Sample,4.2,
kinder,hepb,VA,2014,2013-14 school year,93.2,,,105692.0,2-stage cluster  sample,4.1,
kinder,hepb,VA,2015,2014-15 school year,92.8,,,103821.0,Stratified 2-stage cluster sample,4.1,
kinder,hepb,VA,2016,2015-16 school year,94.6,,,100074.0,Stratified 2-stage cluster sample,4.3,
kinder,hepb,VA,2017,2016-17 school year,93.9,,,102357.0,Stratified 2-stage cluster sample,4.0,
kinder,hepb,VA,2018,2017-18 school year,94.9,,,100581.0,Stratified 2-stage cluster sample,4.4,
kinder,hepb,VA,2019,2018-19 school year,93.1,,,100394.0,Stratified 2-stage cluster sample,4.4,
kinder,hepb,VA,2020,2019-20 school year,94.1,,,99399.0,Stratified 2-stage cluster sample,1.2,
kinder,hepb,VA,2021,2020-21 school year,94.4,,,88273.0,Stratified 2-stage cluster sample,2.0,
kinder,hepb,VA,2022,2021-22 school year,94.9,,,95996.0,Stratified 2-stage cluster sample,2.8,
kinder,hepb,VA,2023,2022-23 school year,94.5,,,93271.0,Stratified 2-stage cluster sample,1.6,
kinder,hepb,VA,2024,2023-24 school year,93.7,,,92633.0,Stratified 2-stage cluster sample,1.9,
kinder,hepb,VA,2025,2024-25 school year,95.1,,,91453.0,Stratified 2-stage cluster sample,1.7,
kinder,hepb,VA,2026,2025-26 school year,94.7,,,88950.0,Census,95.7,
kinder,hepb,VT,2010,2009-10 school year,94.8,,,6713.0,Census,100.0,
kinder,hepb,VT,2011,2010-11 school year,,,,,,,
kinder,hepb,VT,2012,2011-12 school year,95.6,,,6548.0,Census,100.0,
kinder,hepb,VT,2013,2012-13 school year,95.0,,,6792.0,Census,100.0,
kinder,hepb,VT,2014,2013-14 school year,93.8,,,6771.0,Census,100.0,
kinder,hepb,VT,2015,2014-15 school year,94.4,,,6277.0,Census,100.0,
kinder,hepb,VT,2016,2015-16 school year,94.3,,,6366.0,Census,100.0,
kinder,hepb,VT,2017,2016-17 school year,94.4,,,6344.0,Census,100.0,
kinder,hepb,VT,2018,2017-18 school year,95.3,,,6255.0,Census,100.0,
kinder,hepb,VT,2019,2018-19 school year,94.6,,,6126.0,Census,100.0,
kinder,hepb,VT,2020,2019-20 school year,95.8,,,6293.0,Census,100.0,
kinder,hepb,VT,2021,2020-21 school year,96.3,,,5535.0,Census,100.0,
kinder,hepb,VT,2022,2021-22 school year,95.1,,,6126.0,Census,100.0,
kinder,hepb,VT,2023,2022-23 school year,95.3,,,5816.0,Census,100.0,
kinder,hepb,VT,2024,2023-24 school year,95.2,,,5630.0,Census,100.0,
kinder,hepb,VT,2025,2024-25 school year,95.2,,,5432.0,Census,100.0,
kinder,hepb,VT,2026,2025-26 school year,94.9,,,5298.0,Census,100.0,
kinder,hepb,WA,2010,2009-10 school year,92.8,,,81511.0,Census,93.3,
kinder,hepb,WA,2011,2010-11 school year,,,,,,,
kinder,hepb,WA,2012,2011-12 school year,93.0,,,85134.0,Voluntary Response,89.1,
kinder,hepb,WA,2013,2012-13 school year,93.4,,,87773.0,Census,94.7,
kinder,hepb,WA,2014,2013-14 school year,91.8,,,89165.0,Voluntary response,88.5,
kinder,hepb,WA,2015,2014-15 school year,91.9,,,88809.0,Census (public); Voluntary response (private),96.7,
kinder,hepb,WA,2016,2015-16 school year,92.7,,,86492.0,Census,97.3,
kinder,hepb,WA,2017,2016-17 school year,90.2,,,87142.0,Census,98.2,
kinder,hepb,WA,2018,2017-18 school year,92.5,,,85118.0,Census,96.9,
kinder,hepb,WA,2019,2018-19 school year,92.5,,,87510.0,Census,96.9,
kinder,hepb,WA,2020,2019-20 school year,94.2,,,87757.0,Census,91.9,
kinder,hepb,WA,2021,2020-21 school year,94.9,,,74931.0,Census,100.0,
kinder,hepb,WA,2022,2021-22 school year,93.8,,,87256.0,"Census (pub.), vol. response (pvt.)",97.3,
kinder,hepb,WA,2023,2022-23 school year,92.9,,,86284.0,Census,97.9,
kinder,hepb,WA,2024,2023-24 school year,92.8,,,84053.0,Census,97.2,
kinder,hepb,WA,2025,2024-25 school year,92.7,,,76756.0,Census,97.9,
kinder,hepb,WA,2026,2025-26 school year,92.5,,,75631.0,Census,99.1,
kinder,hepb,WI,2010,2009-10 school year,97.4,,,61095.0,Random sample,2.3,
kinder,hepb,WI,2011,2010-11 school year,,,,,,,
kinder,hepb,WI,2012,2011-12 school year,96.2,,,70672.0,2-stage Cluster Sample,2.3,
kinder,hepb,WI,2013,2012-13 school year,97.3,,,72416.0,2-stage Cluster Sample,1.8,
kinder,hepb,WI,2014,2013-14 school year,95.4,,,71363.0,Stratified  2-stage cluster sample,2.8,
kinder,hepb,WI,2015,2014-15 school year,95.9,,,69335.0,Stratified 2-stage cluster sample,2.5,
kinder,hepb,WI,2016,2015-16 school year,96.5,,,70220.0,Stratified 2-stage cluster sample,2.0,
kinder,hepb,WI,2017,2016-17 school year,95.5,,,67607.0,Stratified 2-stage cluster sample,2.2,
kinder,hepb,WI,2018,2017-18 school year,96.1,,,66178.0,Stratified 2-stage cluster sample,2.3,
kinder,hepb,WI,2019,2018-19 school year,95.6,,,66344.0,Stratified 2-stage cluster sample,2.3,
kinder,hepb,WI,2020,2019-20 school year,95.7,,,67391.0,Stratified 2-stage cluster sample,2.6,
kinder,hepb,WI,2021,2020-21 school year,87.2,,,63486.0,Voluntary response,84.5,
kinder,hepb,WI,2022,2021-22 school year,82.6,,,64275.0,"Census (pub.), vol. response (pvt.)",96.8,
kinder,hepb,WI,2023,2022-23 school year,92.5,,,63593.0,"Census (pub.), vol. response (pvt.)",93.9,
kinder,hepb,WI,2024,2023-24 school year,91.7,,,62028.0,Census,98.2,
kinder,hepb,WI,2025,2024-25 school year,92.3,,,61120.0,"Census (pub.), vol. response (prv.)",95.7,
kinder,hepb,WI,2026,2025-26 school year,92.2,,,59360.0,"Census (pub.), vol. response (prv.)",96.6,
kinder,hepb,WV,2010,2009-10 school year,92.0,,,22730.0,Voluntary response,86.7,
kinder,hepb,WV,2011,2010-11 school year,,,,,,,
kinder,hepb,WV,2012,2011-12 school year,93.3,,,22449.0,Convenient,94.9,
kinder,hepb,WV,2013,2012-13 school year,95.6,,,22588.0,Voluntary Response,86.5,
kinder,hepb,WV,2014,2013-14 school year,96.8,,,22814.0,Voluntary response,84.7,
kinder,hepb,WV,2015,2014-15 school year,98.7,,,22016.0,Voluntary response,81.3,
kinder,hepb,WV,2016,2015-16 school year,96.4,,,21333.0,Voluntary response,87.6,
kinder,hepb,WV,2017,2016-17 school year,98.3,,,28666.0,Census (public). voluntary response (private),66.5,
kinder,hepb,WV,2018,2017-18 school year,99.2,,,19519.0,Voluntary response,79.3,
kinder,hepb,WV,2019,2018-19 school year,99.0,,,19442.0,Voluntary response,79.3,
kinder,hepb,WV,2020,2019-20 school year,99.7,,,17114.0,Voluntary response,49.6,
kinder,hepb,WV,2021,2020-21 school year,,,,,Not Conducted,,NR
kinder,hepb,WV,2022,2021-22 school year,97.3,,,18070.0,Vol. response,85.5,
kinder,hepb,WV,2023,2022-23 school year,95.6,,,19175.0,"Vol. response (pub.), census (pvt.)",86.1,
kinder,hepb,WV,2024,2023-24 school year,98.8,,,18261.0,Vol. response,82.8,
kinder,hepb,WV,2026,2025-26 school year,99.6,,,15445.0,Census,93.3,
kinder,hepb,WY,2010,2009-10 school year,,,,,Not conducted,,
kinder,hepb,WY,2011,2010-11 school year,,,,,,,
kinder,hepb,WY,2012,2011-12 school year,,,,,Not conducted,,
kinder,hepb,WY,2013,2012-13 school year,97.8,,,8133.0,Census,100.0,
kinder,hepb,WY,2014,2013-14 school year,,,,,Not conducted,,
kinder,hepb,WY,2015,2014-15 school year,97.3,,,7983.0,Census,97.9,
kinder,hepb,WY,2016,2015-16 school year,97.3,,,7825.0,Voluntary response,74.0,
kinder,hepb,WY,2017,2016-17 school year,,,,,Not conducted,,
kinder,hepb,WY,2018,2017-18 school year,,,,,Not conducted,,
kinder,hepb,WY,2019,2018-19 school year,95.7,,,7734.0,Census,100.0,
kinder,hepb,WY,2020,2019-20 school year,93.1,,,7913.0,Census,100.0,
kinder,hepb,WY,2021,2020-21 school year,90.2,,,6923.0,Census,100.0,
kinder,hepb,WY,2022,2021-22 school year,94.6,,,7382.0,Census,100.0,
kinder,hepb,WY,2023,2022-23 school year,94.1,,,7060.0,Census,100.0,
kinder,hepb,WY,2024,2023-24 school year,93.6,,,6754.0,Census,100.0,
kinder,hepb,WY,2025,2024-25 school year,93.9,,,6564.0,Census,100.0,
kinder,hepb,WY,2026,2025-26 school year,93.0,,,6146.0,Census,100.0,
kinder,mmr,AK,2010,2009-10 school year,,,,9641.0,Voluntary response,76.4,
kinder,mmr,AK,2011,2010-11 school year,,,,,,,
kinder,mmr,AK,2012,2011-12 school year,,,,10286.0,Non-random Cluster Sample,7.3,
kinder,mmr,AK,2013,2012-13 school year,,,,10319.0,Census,97.8,
kinder,mmr,AK,2014,2013-14 school year,94.4,,,10222.0,Stratified  2-stage cluster sample,9.3,
kinder,mmr,AK,2015,2014-15 school year,92.7,,,10129.0,Stratified 2-stage cluster sample,7.8,
kinder,mmr,AK,2016,2015-16 school year,93.5,,,9937.0,Stratified 2-stage cluster sample,7.8,
kinder,mmr,AK,2017,2016-17 school year,89.0,,,9815.0,Stratified 2-stage cluster sample,7.6,
kinder,mmr,AK,2018,2017-18 school year,91.6,,,9692.0,Stratified 2-stage cluster sample,84.4,
kinder,mmr,AK,2020,2019-20 school year,,,,10381.0,Voluntary response,82.7,NR
kinder,mmr,AK,2022,2021-22 school year,78.0,,,9790.0,"Vol. response (pub.), not conducted (pvt.)",76.2,
kinder,mmr,AK,2023,2022-23 school year,83.6,,,9650.0,"Vol. response (pub.), not conducted (pvt.)",88.8,
kinder,mmr,AK,2024,2023-24 school year,84.3,,,8644.0,"Census (pub.), not conducted (prv.)",88.9,
kinder,mmr,AK,2025,2024-25 school year,81.2,,,7338.0,"Census (pub.), not conducted (prv.)",99.8,
kinder,mmr,AK,2026,2025-26 school year,89.9,,,8253.0,"Vol. response (public), not conducted (private)",60.9,
kinder,mmr,AL,2010,2009-10 school year,94.0,,,75358.0,Census,100.0,
kinder,mmr,AL,2011,2010-11 school year,,,,,,,
kinder,mmr,AL,2012,2011-12 school year,93.6,,,73190.0,Census,100.0,
kinder,mmr,AL,2013,2012-13 school year,92.8,,,72929.0,Census,100.0,
kinder,mmr,AL,2014,2013-14 school year,92.0,,,76927.0,Census,100.0,
kinder,mmr,AL,2015,2014-15 school year,93.5,,,59660.0,Census,100.0,
kinder,mmr,AL,2016,2015-16 school year,93.1,,,60392.0,Census,100.0,
kinder,mmr,AL,2017,2016-17 school year,93.8,,,58394.0,Census,100.0,
kinder,mmr,AL,2018,2017-18 school year,92.7,,,57245.0,Census,100.0,
kinder,mmr,AL,2019,2018-19 school year,90.6,,,77739.0,Census,100.0,
kinder,mmr,AL,2020,2019-20 school year,86.6,,,59477.0,Census,94.9,
kinder,mmr,AL,2021,2020-21 school year,94.7,,,56974.0,Census,100.0,
kinder,mmr,AL,2022,2021-22 school year,94.9,,,60332.0,Census,100.0,
kinder,mmr,AL,2023,2022-23 school year,93.9,,,59113.0,Census,100.0,
kinder,mmr,AL,2024,2023-24 school year,93.8,,,54565.0,Census,100.0,
kinder,mmr,AL,2025,2024-25 school year,95.2,,,53589.0,Census,99.9,
kinder,mmr,AL,2026,2025-26 school year,94.3,,,53378.0,Census,100.0,
kinder,mmr,AR,2010,2009-10 school year,98.3,,,34733.0,Census,100.0,
kinder,mmr,AR,2011,2010-11 school year,,,,,,,
kinder,mmr,AR,2012,2011-12 school year,94.9,,,38754.0,Census,92.2,
kinder,mmr,AR,2013,2012-13 school year,85.9,,,43212.0,Census,96.3,
kinder,mmr,AR,2014,2013-14 school year,86.5,,,42649.0,Census,96.3,
kinder,mmr,AR,2015,2014-15 school year,88.4,,,41252.0,Census (public); Voluntary response (private),95.9,
kinder,mmr,AR,2016,2015-16 school year,90.8,,,40258.0,Census (public); Voluntary response (private),95.6,
kinder,mmr,AR,2017,2016-17 school year,91.9,,,39666.0,Voluntary response,75.9,
kinder,mmr,AR,2018,2017-18 school year,91.9,,,39630.0,Census,95.4,
kinder,mmr,AR,2019,2018-19 school year,94.2,,,39257.0,Census (public). voluntary response (private),95.4,
kinder,mmr,AR,2020,2019-20 school year,94.3,,,39510.0,Census (public). voluntary response (private),96.2,
kinder,mmr,AR,2021,2020-21 school year,93.2,,,37540.0,Census (public). voluntary response (private),95.6,
kinder,mmr,AR,2022,2021-22 school year,92.5,,,39358.0,"Census (pub.), vol. response (pvt.)",96.3,
kinder,mmr,AR,2023,2022-23 school year,91.9,,,38358.0,"Census (pub.), vol. response (pvt.)",95.8,
kinder,mmr,AR,2024,2023-24 school year,92.5,,,37535.0,"Census (pub.), vol. response (prv.)",95.4,
kinder,mmr,AR,2025,2024-25 school year,89.6,,,37570.0,"Census (pub.), vol. response (prv.)",96.4,
kinder,mmr,AR,2026,2025-26 school year,91.5,,,35543.0,"Census (pub.), vol. response (prv.)",96.7,
kinder,mmr,AZ,2010,2009-10 school year,95.0,,,89287.0,Census,93.9,
kinder,mmr,AZ,2011,2010-11 school year,,,,,,,
kinder,mmr,AZ,2012,2011-12 school year,94.7,,,88293.0,Census,96.9,
kinder,mmr,AZ,2013,2012-13 school year,94.5,,,90054.0,Census,97.6,
kinder,mmr,AZ,2014,2013-14 school year,93.9,,,89606.0,Census,95.8,
kinder,mmr,AZ,2015,2014-15 school year,94.2,,,86153.0,Census,98.3,
kinder,mmr,AZ,2016,2015-16 school year,94.2,,,83088.0,Census,100.0,
kinder,mmr,AZ,2017,2016-17 school year,94.0,,,83627.0,Census,100.0,
kinder,mmr,AZ,2018,2017-18 school year,93.4,,,81710.0,Census,100.0,
kinder,mmr,AZ,2019,2018-19 school year,92.9,,,79981.0,Census,100.0,
kinder,mmr,AZ,2020,2019-20 school year,92.8,,,83976.0,Census (public). voluntary response (private),98.7,
kinder,mmr,AZ,2021,2020-21 school year,91.9,,,76382.0,Census (public). voluntary response (private),92.4,
kinder,mmr,AZ,2022,2021-22 school year,90.6,,,83463.0,Census,97.0,
kinder,mmr,AZ,2023,2022-23 school year,89.9,,,80814.0,Census,97.7,
kinder,mmr,AZ,2024,2023-24 school year,89.3,,,74834.0,Census,99.6,
kinder,mmr,AZ,2025,2024-25 school year,88.6,,,75024.0,Census,97.4,
kinder,mmr,AZ,2026,2025-26 school year,87.4,,,73907.0,"Census (pub.), vol. response (prv.)",92.5,
kinder,mmr,CA,2010,2009-10 school year,93.6,,,507191.0,Census,100.0,
kinder,mmr,CA,2011,2010-11 school year,,,,,,,
kinder,mmr,CA,2012,2011-12 school year,93.2,,,542544.0,Census,97.6,
kinder,mmr,CA,2013,2012-13 school year,92.7,,,535523.0,Census,99.0,
kinder,mmr,CA,2014,2013-14 school year,92.3,,,548606.0,Census,97.3,
kinder,mmr,CA,2015,2014-15 school year,92.6,,,552583.0,Census,96.9,
kinder,mmr,CA,2016,2015-16 school year,94.5,,,593788.0,Census,92.8,
kinder,mmr,CA,2017,2016-17 school year,97.3,,,575305.0,Census,97.8,
kinder,mmr,CA,2018,2017-18 school year,96.9,,,574702.0,Census,100.0,
kinder,mmr,CA,2019,2018-19 school year,96.5,,,568947.0,Census,97.7,
kinder,mmr,CA,2020,2019-20 school year,96.5,,,566155.0,Census,97.9,
kinder,mmr,CA,2021,2020-21 school year,95.1,,,498214.0,Census,97.5,
kinder,mmr,CA,2022,2021-22 school year,96.3,,,512144.0,Census,98.4,
kinder,mmr,CA,2023,2022-23 school year,96.5,,,541132.0,Census,100.0,
kinder,mmr,CA,2024,2023-24 school year,96.2,,,569680.0,Census,100.0,
kinder,mmr,CA,2025,2024-25 school year,96.1,,,590849.0,Census,100.0,
kinder,mmr,CA,2026,2025-26 school year,95.7,,,614405.0,Census,100.0,
kinder,mmr,CO,2010,2009-10 school year,,,,,Not conducted,,
kinder,mmr,CO,2011,2010-11 school year,,,,,,,
kinder,mmr,CO,2012,2011-12 school year,86.8,,,70142.0,Simple Random Sample,0.5,
kinder,mmr,CO,2013,2012-13 school year,85.7,,,70657.0,Simple Random Sample,0.5,
kinder,mmr,CO,2014,2013-14 school year,81.7,,,69904.0,Random Sample,0.5,
kinder,mmr,CO,2015,2014-15 school year,86.9,,,70597.0,Simple random sample,0.5,
kinder,mmr,CO,2016,2015-16 school year,87.1,,,69137.0,Simple random sample,0.5,
kinder,mmr,CO,2017,2016-17 school year,87.3,,,64440.0,Census,100.0,
kinder,mmr,CO,2018,2017-18 school year,88.7,,,65718.0,Census,100.0,
kinder,mmr,CO,2019,2018-19 school year,87.4,,,64191.0,Census,100.0,
kinder,mmr,CO,2020,2019-20 school year,91.1,,,69088.0,Census,98.2,
kinder,mmr,CO,2021,2020-21 school year,90.5,,,63619.0,Census,97.3,
kinder,mmr,CO,2022,2021-22 school year,88.4,,,66900.0,Census,97.5,
kinder,mmr,CO,2023,2022-23 school year,87.0,,,65576.0,Census,97.2,
kinder,mmr,CO,2024,2023-24 school year,88.3,,,61662.0,Census,100.0,
kinder,mmr,CO,2025,2024-25 school year,88.0,,,60055.0,Census,100.0,
kinder,mmr,CO,2026,2025-26 school year,87.7,,,60049.0,Census,100.0,
kinder,mmr,CT,2010,2009-10 school year,98.5,,,46158.0,Census,100.0,
kinder,mmr,CT,2011,2010-11 school year,,,,,,,
kinder,mmr,CT,2012,2011-12 school year,97.4,,,45695.0,Census,100.0,
kinder,mmr,CT,2013,2012-13 school year,97.1,,,41604.0,Census,100.0,
kinder,mmr,CT,2014,2013-14 school year,96.9,,,40978.0,Census,100.0,
kinder,mmr,CT,2015,2014-15 school year,97.0,,,39948.0,Census,100.0,
kinder,mmr,CT,2016,2015-16 school year,97.0,,,39533.0,Census,100.0,
kinder,mmr,CT,2017,2016-17 school year,96.7,,,39002.0,Census,100.0,
kinder,mmr,CT,2018,2017-18 school year,96.5,,,39174.0,Census,100.0,
kinder,mmr,CT,2019,2018-19 school year,95.9,,,38230.0,Census,100.0,
kinder,mmr,CT,2020,2019-20 school year,96.2,,,38888.0,Census,100.0,
kinder,mmr,CT,2021,2020-21 school year,95.3,,,34396.0,Census,100.0,
kinder,mmr,CT,2022,2021-22 school year,95.7,,,35451.0,Census,100.0,
kinder,mmr,CT,2023,2022-23 school year,97.3,,,35580.0,Census,100.0,
kinder,mmr,CT,2024,2023-24 school year,97.7,,,36184.0,Census,100.0,
kinder,mmr,CT,2025,2024-25 school year,98.2,,,30112.0,Census,100.0,
kinder,mmr,CT,2026,2025-26 school year,98.6,,,33118.0,Census,100.0,
kinder,mmr,DC,2010,2009-10 school year,,,,6092.0,Census,100.0,
kinder,mmr,DC,2011,2010-11 school year,,,,,,,
kinder,mmr,DC,2012,2011-12 school year,,,,6854.0,Census,100.0,
kinder,mmr,DC,2013,2012-13 school year,,,,7842.0,Census,100.0,
kinder,mmr,DC,2014,2013-14 school year,,,,7856.0,Census,100.0,
kinder,mmr,DC,2015,2014-15 school year,89.9,,,7840.0,Census,100.0,
kinder,mmr,DC,2016,2015-16 school year,88.5,,,8080.0,Census,100.0,
kinder,mmr,DC,2020,2019-20 school year,,,,,Not Conducted,,
kinder,mmr,DC,2021,2020-21 school year,78.9,,,8262.0,Census,100.0,
kinder,mmr,DC,2022,2021-22 school year,82.0,,,8959.0,Census,100.0,
kinder,mmr,DC,2023,2022-23 school year,87.5,,,8064.0,Census,100.0,
kinder,mmr,DC,2024,2023-24 school year,92.0,,,7874.0,Census,100.0,
kinder,mmr,DC,2025,2024-25 school year,92.7,,,7997.0,Census,100.0,
kinder,mmr,DC,2026,2025-26 school year,94.4,,,7871.0,Census,100.0,
kinder,mmr,DE,2010,2009-10 school year,89.7,,,11327.0,Random sample,9.2,
kinder,mmr,DE,2011,2010-11 school year,,,,,,,
kinder,mmr,DE,2012,2011-12 school year,96.9,,,11327.0,2-stage Cluster Sample,7.4,
kinder,mmr,DE,2013,2012-13 school year,95.7,,,11997.0,2-stage Cluster Sample,7.8,
kinder,mmr,DE,2014,2013-14 school year,96.4,,,11997.0,Stratified  2-stage cluster sample,12.2,
kinder,mmr,DE,2015,2014-15 school year,97.8,,,11476.0,Stratified 2-stage cluster sample,7.9,
kinder,mmr,DE,2016,2015-16 school year,97.6,,,11589.0,Stratified 2-stage cluster sample,9.5,
kinder,mmr,DE,2017,2016-17 school year,98.5,,,11490.0,Stratified 2-stage cluster sample,9.3,
kinder,mmr,DE,2018,2017-18 school year,96.7,,,10988.0,Stratified 2-stage cluster sample,9.5,
kinder,mmr,DE,2019,2018-19 school year,97.8,,,10798.0,Stratified 2-stage cluster sample,9.5,
kinder,mmr,DE,2020,2019-20 school year,,,,,Not Conducted,,
kinder,mmr,DE,2021,2020-21 school year,95.7,,,10587.0,Stratified 2-stage cluster sample,9.2,
kinder,mmr,DE,2022,2021-22 school year,96.4,,,11181.0,Stratified 2-stage cluster sample,9.5,
kinder,mmr,DE,2023,2022-23 school year,95.1,,,10674.0,Stratified 2-stage cluster sample,9.7,
kinder,mmr,DE,2024,2023-24 school year,93.8,,,11043.0,Stratified 2-stage cluster sample,12.1,
kinder,mmr,DE,2025,2024-25 school year,94.1,,,10393.0,"2-stage cluster sample (pub.), nonrandom 2-stage cluster sample (prv.)",14.2,
kinder,mmr,DE,2026,2025-26 school year,93.5,,,10729.0,"2-stage cluster sample (pub.), nonrandom 2-stage cluster sample (prv.)",12.9,
kinder,mmr,FL,2010,2009-10 school year,91.3,,,218630.0,Census,100.0,
kinder,mmr,FL,2011,2010-11 school year,,,,,,,
kinder,mmr,FL,2012,2011-12 school year,92.6,,,225532.0,Census,100.0,
kinder,mmr,FL,2013,2012-13 school year,92.1,,,234628.0,Census,100.0,
kinder,mmr,FL,2014,2013-14 school year,93.2,,,233797.0,Census,100.0,
kinder,mmr,FL,2015,2014-15 school year,93.3,,,228982.0,Census,100.0,
kinder,mmr,FL,2016,2015-16 school year,93.7,,,224430.0,Census,100.0,
kinder,mmr,FL,2017,2016-17 school year,94.1,,,224463.0,Census,100.0,
kinder,mmr,FL,2018,2017-18 school year,93.7,,,222397.0,Census,100.0,
kinder,mmr,FL,2019,2018-19 school year,93.8,,,224641.0,Census,100.0,
kinder,mmr,FL,2020,2019-20 school year,93.5,,,228298.0,Census,100.0,
kinder,mmr,FL,2021,2020-21 school year,93.3,,,207026.0,Census,100.0,
kinder,mmr,FL,2022,2021-22 school year,91.7,,,229432.0,Census,97.8,
kinder,mmr,FL,2023,2022-23 school year,90.6,,,230309.0,Census,97.7,
kinder,mmr,FL,2024,2023-24 school year,88.1,,,228213.0,Census,100.0,
kinder,mmr,FL,2025,2024-25 school year,88.8,,,221053.0,Census,100.0,
kinder,mmr,FL,2026,2025-26 school year,88.9,,,213535.0,Census,100.0,
kinder,mmr,GA,2010,2009-10 school year,99.6,,,141949.0,Random sample,1.2,
kinder,mmr,GA,2011,2010-11 school year,,,,,,,
kinder,mmr,GA,2012,2011-12 school year,96.6,,,143065.0,2-stage Cluster Sample,1.9,
kinder,mmr,GA,2013,2012-13 school year,95.1,,,142732.0,2-stage Cluster Sample,2.4,
kinder,mmr,GA,2014,2013-14 school year,94.0,,,143988.0,Census,100.0,
kinder,mmr,GA,2015,2014-15 school year,94.0,,,139471.0,Census,100.0,
kinder,mmr,GA,2016,2015-16 school year,94.6,,,131403.0,Census,100.0,
kinder,mmr,GA,2017,2016-17 school year,93.3,,,136165.0,Census,100.0,
kinder,mmr,GA,2018,2017-18 school year,93.4,,,131459.0,Census,100.0,
kinder,mmr,GA,2019,2018-19 school year,93.6,,,131275.0,Census,100.0,
kinder,mmr,GA,2020,2019-20 school year,93.1,,,130102.0,Census,100.0,
kinder,mmr,GA,2021,2020-21 school year,88.5,,,83191.0,Census,100.0,
kinder,mmr,GA,2022,2021-22 school year,83.2,,,118742.0,Census,100.0,
kinder,mmr,GA,2023,2022-23 school year,88.1,,,123771.0,Census,100.0,
kinder,mmr,GA,2024,2023-24 school year,88.4,,,136943.0,Census,100.0,
kinder,mmr,GA,2025,2024-25 school year,86.8,,,114568.0,Census,100.0,
kinder,mmr,GA,2026,2025-26 school year,89.1,,,118864.0,Census,100.0,
kinder,mmr,HI,2010,2009-10 school year,,,,18427.0,Random sample,6.4,
kinder,mmr,HI,2011,2010-11 school year,,,,,,,
kinder,mmr,HI,2012,2011-12 school year,,,,19443.0,2-stage Cluster Sample,7.7,
kinder,mmr,HI,2013,2012-13 school year,,,,20104.0,2-stage Cluster Sample,6.7,
kinder,mmr,HI,2014,2013-14 school year,,,,20056.0,Stratified  2-stage cluster sample,5.4,
kinder,mmr,HI,2015,2014-15 school year,,,,20085.0,Stratified 2-stage cluster sample,5.6,
kinder,mmr,HI,2016,2015-16 school year,91.6,,,16325.0,Stratified 2-stage cluster sample,6.7,
kinder,mmr,HI,2017,2016-17 school year,93.5,,,16325.0,Stratified 2-stage cluster sample,6.7,
kinder,mmr,HI,2018,2017-18 school year,95.6,,,16325.0,Stratified 2-stage cluster sample,6.6,
kinder,mmr,HI,2019,2018-19 school year,91.5,,,16051.0,Stratified 2-stage cluster sample,6.7,
kinder,mmr,HI,2020,2019-20 school year,89.7,,,15695.0,Stratified 2-stage cluster sample,8.9,
kinder,mmr,HI,2021,2020-21 school year,90.7,,,13074.0,Stratified 2-stage cluster sample,9.3,
kinder,mmr,HI,2022,2021-22 school year,94.3,,,13368.0,Stratified 2-stage cluster sample,6.7,
kinder,mmr,HI,2023,2022-23 school year,86.4,,,13195.0,Stratified 2-stage cluster sample,8.1,
kinder,mmr,HI,2024,2023-24 school year,89.8,,,13995.0,Stratified 2-stage cluster sample,8.2,
kinder,mmr,HI,2025,2024-25 school year,90.1,,,13804.0,Stratified 2-stage cluster sample,10.5,
kinder,mmr,HI,2026,2025-26 school year,89.3,,,13791.0,Stratified 2-stage cluster sample,11.7,
kinder,mmr,IA,2010,2009-10 school year,84.5,,,42698.0,Census,100.0,
kinder,mmr,IA,2011,2010-11 school year,,,,,,,
kinder,mmr,IA,2012,2011-12 school year,91.1,,,40978.0,Census,100.0,
kinder,mmr,IA,2013,2012-13 school year,90.5,,,41701.0,Census,99.9,
kinder,mmr,IA,2014,2013-14 school year,91.0,,,43728.0,Census,94.6,
kinder,mmr,IA,2015,2014-15 school year,91.9,,,43239.0,Census,96.3,
kinder,mmr,IA,2016,2015-16 school year,91.8,,,41215.0,Census,100.0,
kinder,mmr,IA,2017,2016-17 school year,92.6,,,39587.0,Census,100.0,
kinder,mmr,IA,2018,2017-18 school year,93.0,,,39632.0,Census,100.0,
kinder,mmr,IA,2019,2018-19 school year,93.3,,,40624.0,Census,100.0,
kinder,mmr,IA,2020,2019-20 school year,93.2,,,40812.0,Census,100.0,
kinder,mmr,IA,2021,2020-21 school year,93.4,,,39141.0,Census,100.0,
kinder,mmr,IA,2022,2021-22 school year,90.6,,,40111.0,Census,100.0,
kinder,mmr,IA,2023,2022-23 school year,89.9,,,39178.0,Census,100.0,
kinder,mmr,IA,2024,2023-24 school year,89.1,,,38611.0,Census,100.0,
kinder,mmr,IA,2025,2024-25 school year,88.8,,,38268.0,Census,100.0,
kinder,mmr,IA,2026,2025-26 school year,88.9,,,37490.0,Census,100.0,
kinder,mmr,ID,2010,2009-10 school year,87.0,,,22624.0,Census,100.0,
kinder,mmr,ID,2011,2010-11 school year,,,,,,,
kinder,mmr,ID,2012,2011-12 school year,89.2,,,22762.0,Census,100.0,
kinder,mmr,ID,2013,2012-13 school year,88.4,,,23888.0,Census,100.0,
kinder,mmr,ID,2014,2013-14 school year,88.2,,,23934.0,Census,100.0,
kinder,mmr,ID,2015,2014-15 school year,89.5,,,22968.0,Census,100.0,
kinder,mmr,ID,2016,2015-16 school year,90.2,,,22686.0,Census,100.0,
kinder,mmr,ID,2017,2016-17 school year,89.9,,,22589.0,Census,100.0,
kinder,mmr,ID,2018,2017-18 school year,89.5,,,22553.0,Census,99.0,
kinder,mmr,ID,2019,2018-19 school year,89.5,,,22995.0,Census,99.0,
kinder,mmr,ID,2020,2019-20 school year,89.1,,,23301.0,Census,98.5,
kinder,mmr,ID,2021,2020-21 school year,86.5,,,22677.0,Census,98.3,
kinder,mmr,ID,2022,2021-22 school year,83.9,,,23854.0,Census,99.6,
kinder,mmr,ID,2023,2022-23 school year,81.3,,,23721.0,Census,99.3,
kinder,mmr,ID,2024,2023-24 school year,79.6,,,22376.0,Census,100.0,
kinder,mmr,ID,2025,2024-25 school year,78.5,,,22242.0,Census,99.5,
kinder,mmr,ID,2026,2025-26 school year,75.2,,,21728.0,Census,100.0,
kinder,mmr,IL,2010,2009-10 school year,94.5,,,165845.0,Census,100.0,
kinder,mmr,IL,2011,2010-11 school year,,,,,,,
kinder,mmr,IL,2012,2011-12 school year,97.3,,,163311.0,Census,100.0,
kinder,mmr,IL,2013,2012-13 school year,95.5,,,166884.0,Census,100.0,
kinder,mmr,IL,2014,2013-14 school year,94.7,,,163316.0,Census,100.0,
kinder,mmr,IL,2015,2014-15 school year,94.7,,,156942.0,Census,100.0,
kinder,mmr,IL,2016,2015-16 school year,94.9,,,151309.0,Census,100.0,
kinder,mmr,IL,2017,2016-17 school year,94.9,,,151309.0,Census,97.7,
kinder,mmr,IL,2018,2017-18 school year,95.2,,,144858.0,Census,100.0,
kinder,mmr,IL,2019,2018-19 school year,94.7,,,143876.0,Census,100.0,
kinder,mmr,IL,2020,2019-20 school year,96.6,,,145891.0,Census,100.0,
kinder,mmr,IL,2021,2020-21 school year,,,,,Not Conducted,,NR
kinder,mmr,IL,2022,2021-22 school year,92.1,,,137699.0,Census,100.0,
kinder,mmr,IL,2023,2022-23 school year,91.7,,,135332.0,Census,100.0,
kinder,mmr,IL,2024,2023-24 school year,91.6,,,133578.0,Census,100.0,
kinder,mmr,IL,2025,2024-25 school year,91.8,,,132769.0,Census,99.5,
kinder,mmr,IL,2026,2025-26 school year,92.8,,,128598.0,Census,99.8,
kinder,mmr,IN,2010,2009-10 school year,92.8,,,84390.0,Census,94.7,
kinder,mmr,IN,2011,2010-11 school year,,,,,,,
kinder,mmr,IN,2012,2011-12 school year,93.3,,,83416.0,Voluntary Response,67.5,
kinder,mmr,IN,2013,2012-13 school year,95.4,,,86983.0,Voluntary Response,83.4,
kinder,mmr,IN,2014,2013-14 school year,92.9,,,87193.0,Voluntary response,70.3,
kinder,mmr,IN,2015,2014-15 school year,89.3,,,85477.0,Voluntary response,70.1,
kinder,mmr,IN,2016,2015-16 school year,89.2,,,83525.0,Voluntary response,69.5,
kinder,mmr,IN,2017,2016-17 school year,88.9,,,83263.0,Voluntary response,80.3,
kinder,mmr,IN,2018,2017-18 school year,90.4,,,84296.0,Voluntary Response,96.4,
kinder,mmr,IN,2019,2018-19 school year,91.2,,,82324.0,Census,96.4,
kinder,mmr,IN,2020,2019-20 school year,94.4,,,88253.0,Voluntary response,65.7,
kinder,mmr,IN,2021,2020-21 school year,93.1,,,78694.0,Voluntary response,71.4,
kinder,mmr,IN,2022,2021-22 school year,92.1,,,83198.0,Vol. response,75.1,
kinder,mmr,IN,2023,2022-23 school year,92.0,,,81307.0,"Vol. response (pub.), census (pvt.)",87.5,
kinder,mmr,IN,2024,2023-24 school year,90.8,,,80639.0,"Census (pub.), vol. response (prv.)",88.5,
kinder,mmr,IN,2025,2024-25 school year,90.8,,,73744.0,"Census (pub.), vol. response (prv.)",92.7,
kinder,mmr,IN,2026,2025-26 school year,90.1,,,70886.0,Vol. response,87.1,
kinder,mmr,KS,2010,2009-10 school year,90.9,,,39073.0,Stratified 1-stage sample  (Public);  Census (Private),39.1,
kinder,mmr,KS,2011,2010-11 school year,,,,,,,
kinder,mmr,KS,2012,2011-12 school year,88.2,,,38402.0,Stratified 1-stage sample  (Public);  Census (Private),52.7,
kinder,mmr,KS,2013,2012-13 school year,90.0,,,40738.0,Stratified 1-stage sample  (Public);  Census (Private),31.8,
kinder,mmr,KS,2014,2013-14 school year,86.9,,,41107.0,Stratified 1-stage sample  (Public);  Census (Private),29.0,
kinder,mmr,KS,2015,2014-15 school year,89.2,,,39685.0,Stratified 2-stage cluster sample,24.5,
kinder,mmr,KS,2016,2015-16 school year,89.4,,,39555.0,Stratified 2-stage cluster sample,21.0,
kinder,mmr,KS,2017,2016-17 school year,89.5,,,38298.0,Stratified 2-stage cluster sample,22.9,
kinder,mmr,KS,2018,2017-18 school year,89.1,,,38484.0,Stratified 2-stage cluster sample,23.1,
kinder,mmr,KS,2019,2018-19 school year,90.8,,,37838.0,Stratified 2-stage cluster sample,23.1,
kinder,mmr,KS,2020,2019-20 school year,90.0,,,37865.0,Stratified 2-stage cluster sample,34.3,
kinder,mmr,KS,2021,2020-21 school year,92.6,,,34687.0,Stratified 2-stage cluster sample,32.7,
kinder,mmr,KS,2022,2021-22 school year,91.0,,,36526.0,Stratified 1-stage cluster sample,29.5,
kinder,mmr,KS,2023,2022-23 school year,91.6,,,35543.0,Stratified 1-stage cluster sample,30.8,
kinder,mmr,KS,2024,2023-24 school year,90.4,,,34178.0,Stratified 2-stage cluster sample,37.1,
kinder,mmr,KS,2025,2024-25 school year,91.0,,,33892.0,Stratified 2-stage cluster sample,29.2,
kinder,mmr,KS,2026,2025-26 school year,,,,,Stratified 2-stage cluster sample,,
kinder,mmr,KY,2010,2009-10 school year,92.2,,,56526.0,Census,92.9,
kinder,mmr,KY,2011,2010-11 school year,,,,,,,
kinder,mmr,KY,2012,2011-12 school year,92.0,,,58185.0,Census,91.8,
kinder,mmr,KY,2013,2012-13 school year,92.4,,,58466.0,Census,97.2,
kinder,mmr,KY,2014,2013-14 school year,92.6,,,57857.0,Census,100.0,
kinder,mmr,KY,2015,2014-15 school year,92.7,,,57884.0,Census,97.2,
kinder,mmr,KY,2016,2015-16 school year,92.2,,,54353.0,Census,99.5,
kinder,mmr,KY,2017,2016-17 school year,90.8,,,51487.0,Census,92.9,
kinder,mmr,KY,2018,2017-18 school year,92.6,,,55152.0,Census,99.0,
kinder,mmr,KY,2019,2018-19 school year,93.4,,,55587.0,Census,99.0,
kinder,mmr,KY,2020,2019-20 school year,93.1,,,59233.0,Census,92.9,
kinder,mmr,KY,2021,2020-21 school year,88.9,,,59233.0,Census (public). voluntary response (private),86.4,
kinder,mmr,KY,2022,2021-22 school year,86.5,,,59233.0,Census,91.5,
kinder,mmr,KY,2023,2022-23 school year,90.1,,,54742.0,Census,96.9,
kinder,mmr,KY,2024,2023-24 school year,90.0,,,52609.0,Census,100.0,
kinder,mmr,KY,2025,2024-25 school year,86.9,,,51319.0,Census,100.0,
kinder,mmr,KY,2026,2025-26 school year,91.1,,,49937.0,Census,100.0,
kinder,mmr,LA,2010,2009-10 school year,96.9,,,53846.0,Census,100.0,
kinder,mmr,LA,2011,2010-11 school year,,,,,,,
kinder,mmr,LA,2012,2011-12 school year,98.1,,,69013.0,Census,100.0,
kinder,mmr,LA,2013,2012-13 school year,96.6,,,68874.0,Census,100.0,
kinder,mmr,LA,2014,2013-14 school year,96.8,,,63976.0,Census,100.0,
kinder,mmr,LA,2015,2014-15 school year,96.8,,,60377.0,Census,100.0,
kinder,mmr,LA,2016,2015-16 school year,96.8,,,59159.0,Census,100.0,
kinder,mmr,LA,2017,2016-17 school year,97.1,,,55257.0,Census,100.0,
kinder,mmr,LA,2018,2017-18 school year,96.1,,,58277.0,Census,100.0,
kinder,mmr,LA,2019,2018-19 school year,95.5,,,56203.0,Census,100.0,
kinder,mmr,LA,2020,2019-20 school year,95.6,,,59685.0,Census,100.0,
kinder,mmr,LA,2021,2020-21 school year,96.2,,,61912.0,Census,100.0,
kinder,mmr,LA,2022,2021-22 school year,93.7,,,66518.0,Census,100.0,
kinder,mmr,LA,2023,2022-23 school year,92.2,,,54314.0,Census,100.0,
kinder,mmr,LA,2024,2023-24 school year,92.4,,,51839.0,Census,100.0,
kinder,mmr,LA,2025,2024-25 school year,92.6,,,49229.0,Census,100.0,
kinder,mmr,LA,2026,2025-26 school year,90.3,,,50223.0,Census,100.0,
kinder,mmr,MA,2010,2009-10 school year,93.0,,,74476.0,Census,100.0,
kinder,mmr,MA,2011,2010-11 school year,,,,,,,
kinder,mmr,MA,2012,2011-12 school year,94.2,,,79551.0,Census,97.5,
kinder,mmr,MA,2013,2012-13 school year,94.8,,,79661.0,Census,97.6,
kinder,mmr,MA,2014,2013-14 school year,95.1,,,79894.0,Census,97.9,
kinder,mmr,MA,2015,2014-15 school year,94.7,,,74869.0,Census,100.0,
kinder,mmr,MA,2016,2015-16 school year,96.4,,,72897.0,Census,100.0,
kinder,mmr,MA,2017,2016-17 school year,96.1,,,70109.0,Census,100.0,
kinder,mmr,MA,2018,2017-18 school year,96.3,,,63377.0,Census,100.0,
kinder,mmr,MA,2019,2018-19 school year,96.9,,,65279.0,Census,100.0,
kinder,mmr,MA,2020,2019-20 school year,97.3,,,66756.0,Census,100.0,
kinder,mmr,MA,2021,2020-21 school year,95.9,,,60724.0,Census,100.0,
kinder,mmr,MA,2022,2021-22 school year,96.2,,,65582.0,Census,100.0,
kinder,mmr,MA,2023,2022-23 school year,96.5,,,66041.0,Census,100.0,
kinder,mmr,MA,2024,2023-24 school year,96.3,,,65424.0,Census,100.0,
kinder,mmr,MA,2025,2024-25 school year,96.6,,,65581.0,Census,100.0,
kinder,mmr,MA,2026,2025-26 school year,96.5,,,65331.0,Census,100.0,
kinder,mmr,MD,2010,2009-10 school year,98.9,,,75061.0,Voluntary response,75.0,
kinder,mmr,MD,2011,2010-11 school year,,,,,,,
kinder,mmr,MD,2012,2011-12 school year,98.7,,,72957.0,Voluntary Response,67.2,
kinder,mmr,MD,2013,2012-13 school year,98.2,,,75007.0,Voluntary Response,84.3,
kinder,mmr,MD,2014,2013-14 school year,97.6,,,75659.0,Census,96.9,
kinder,mmr,MD,2015,2014-15 school year,99.1,,,75391.0,Census (public); Voluntary response (private),90.2,
kinder,mmr,MD,2016,2015-16 school year,99.4,,,72012.0,Census (public); Voluntary response (private),94.3,
kinder,mmr,MD,2017,2016-17 school year,97.9,,,71467.0,Census,98.1,
kinder,mmr,MD,2018,2017-18 school year,97.4,,,68528.0,Census,98.5,
kinder,mmr,MD,2019,2018-19 school year,97.4,,,71431.0,Census,100.0,
kinder,mmr,MD,2020,2019-20 school year,97.9,,,72443.0,Census (public). voluntary response (private),98.3,
kinder,mmr,MD,2021,2020-21 school year,87.6,,,65764.0,Voluntary response,75.6,
kinder,mmr,MD,2022,2021-22 school year,93.9,,,53866.0,Census,98.4,
kinder,mmr,MD,2023,2022-23 school year,96.7,,,59684.0,Census,100.0,
kinder,mmr,MD,2024,2023-24 school year,96.6,,,63224.0,Census,100.0,
kinder,mmr,MD,2025,2024-25 school year,96.4,,,66135.0,"Census (pub.), vol. response (prv.)",95.6,
kinder,mmr,MD,2026,2025-26 school year,96.6,,,66945.0,"Census (pub.), vol. response (prv.)",97.8,
kinder,mmr,ME,2010,2009-10 school year,95.5,,,14162.0,Voluntary response,75.3,
kinder,mmr,ME,2011,2010-11 school year,,,,,,,
kinder,mmr,ME,2012,2011-12 school year,93.0,,,13829.0,Census,97.0,
kinder,mmr,ME,2013,2012-13 school year,91.3,,,14313.0,Census,94.6,
kinder,mmr,ME,2014,2013-14 school year,89.9,,,15441.0,Voluntary response,82.4,
kinder,mmr,ME,2015,2014-15 school year,92.1,,,13704.0,Voluntary response (public); Census (private),88.9,
kinder,mmr,ME,2016,2015-16 school year,95.1,,,13526.0,Census,90.5,
kinder,mmr,ME,2017,2016-17 school year,94.9,,,13834.0,Voluntary response (public). census (private),90.1,
kinder,mmr,ME,2018,2017-18 school year,94.3,,,13255.0,Census,95.9,
kinder,mmr,ME,2019,2018-19 school year,93.8,,,13419.0,Census,95.9,
kinder,mmr,ME,2020,2019-20 school year,94.1,,,13450.0,Census,99.6,
kinder,mmr,ME,2021,2020-21 school year,94.3,,,13477.0,Voluntary response (public). census (private),85.0,
kinder,mmr,ME,2022,2021-22 school year,96.7,,,12881.0,Census,91.6,
kinder,mmr,ME,2023,2022-23 school year,96.8,,,12403.0,Census,93.9,
kinder,mmr,ME,2024,2023-24 school year,97.5,,,12087.0,Census,93.0,
kinder,mmr,ME,2025,2024-25 school year,97.6,,,11761.0,Census,95.4,
kinder,mmr,ME,2026,2025-26 school year,98.0,,,11634.0,Census,94.4,
kinder,mmr,MI,2010,2009-10 school year,95.3,,,129810.0,Census,100.0,
kinder,mmr,MI,2011,2010-11 school year,,,,,,,
kinder,mmr,MI,2012,2011-12 school year,95.0,,,124962.0,Census,100.0,
kinder,mmr,MI,2013,2012-13 school year,94.4,,,124662.0,Census,100.0,
kinder,mmr,MI,2014,2013-14 school year,97.5,,,120297.0,Census,100.0,
kinder,mmr,MI,2015,2014-15 school year,94.3,,,117963.0,Census,100.0,
kinder,mmr,MI,2016,2015-16 school year,95.7,,,116299.0,Census,100.0,
kinder,mmr,MI,2017,2016-17 school year,95.6,,,118777.0,Census,100.0,
kinder,mmr,MI,2018,2017-18 school year,95.0,,,119028.0,Census,100.0,
kinder,mmr,MI,2019,2018-19 school year,94.6,,,118632.0,Census,100.0,
kinder,mmr,MI,2020,2019-20 school year,94.8,,,120565.0,Census,100.0,
kinder,mmr,MI,2021,2020-21 school year,94.6,,,106657.0,Census,100.0,
kinder,mmr,MI,2022,2021-22 school year,93.6,,,114251.0,Census,100.0,
kinder,mmr,MI,2023,2022-23 school year,92.9,,,113678.0,Census,100.0,
kinder,mmr,MI,2024,2023-24 school year,92.1,,,110156.0,Census,100.0,
kinder,mmr,MI,2025,2024-25 school year,91.6,,,107636.0,Census,100.0,
kinder,mmr,MI,2026,2025-26 school year,90.9,,,104614.0,Census,100.0,
kinder,mmr,MN,2010,2009-10 school year,95.1,,,70653.0,Census,100.0,
kinder,mmr,MN,2011,2010-11 school year,,,,,,,
kinder,mmr,MN,2012,2011-12 school year,95.7,,,71213.0,Census,99.2,
kinder,mmr,MN,2013,2012-13 school year,96.3,,,73310.0,Census,100.0,
kinder,mmr,MN,2014,2013-14 school year,93.4,,,72087.0,Census,98.5,
kinder,mmr,MN,2015,2014-15 school year,93.5,,,70896.0,Census,97.8,
kinder,mmr,MN,2016,2015-16 school year,92.8,,,69710.0,Census,97.8,
kinder,mmr,MN,2017,2016-17 school year,92.8,,,69140.0,Census,96.7,
kinder,mmr,MN,2018,2017-18 school year,92.5,,,69807.0,Census,98.1,
kinder,mmr,MN,2019,2018-19 school year,92.6,,,70085.0,Census,98.1,
kinder,mmr,MN,2020,2019-20 school year,92.6,,,71223.0,Census,98.7,
kinder,mmr,MN,2021,2020-21 school year,89.8,,,66007.0,Census,95.2,
kinder,mmr,MN,2022,2021-22 school year,89.0,,,69403.0,Census,98.7,
kinder,mmr,MN,2023,2022-23 school year,87.6,,,68152.0,Census,97.9,
kinder,mmr,MN,2024,2023-24 school year,87.0,,,66032.0,Census,99.1,
kinder,mmr,MN,2025,2024-25 school year,86.5,,,64898.0,Census,99.7,
kinder,mmr,MN,2026,2025-26 school year,85.7,,,63451.0,Census,99.9,
kinder,mmr,MO,2010,2009-10 school year,97.3,,,75958.0,Random sample,3.0,
kinder,mmr,MO,2011,2010-11 school year,,,,,,,
kinder,mmr,MO,2012,2011-12 school year,96.8,,,75240.0,2-stage Cluster Sample,4.7,
kinder,mmr,MO,2013,2012-13 school year,96.7,,,78416.0,2-stage Cluster Sample,5.9,
kinder,mmr,MO,2014,2013-14 school year,95.5,,,78140.0,Census,100.0,
kinder,mmr,MO,2015,2014-15 school year,95.8,,,75900.0,Census,100.0,
kinder,mmr,MO,2016,2015-16 school year,95.7,,,74413.0,Census,100.0,
kinder,mmr,MO,2017,2016-17 school year,95.4,,,73355.0,Census,100.0,
kinder,mmr,MO,2018,2017-18 school year,95.2,,,73113.0,Census,100.0,
kinder,mmr,MO,2019,2018-19 school year,94.8,,,72687.0,Census,100.0,
kinder,mmr,MO,2020,2019-20 school year,94.6,,,72324.0,Census,100.0,
kinder,mmr,MO,2021,2020-21 school year,92.6,,,63093.0,Census,100.0,
kinder,mmr,MO,2022,2021-22 school year,91.6,,,71034.0,Census,100.0,
kinder,mmr,MO,2023,2022-23 school year,91.3,,,69126.0,Census,100.0,
kinder,mmr,MO,2024,2023-24 school year,90.4,,,69014.0,Census,100.0,
kinder,mmr,MO,2025,2024-25 school year,90.0,,,68163.0,Census,100.0,
kinder,mmr,MO,2026,2025-26 school year,89.5,,,66610.0,Census,100.0,
kinder,mmr,MS,2010,2009-10 school year,99.7,,,46922.0,Census,100.0,
kinder,mmr,MS,2011,2010-11 school year,,,,,,,
kinder,mmr,MS,2012,2011-12 school year,99.2,,,44912.0,Census,100.0,
kinder,mmr,MS,2013,2012-13 school year,99.9,,,46595.0,Census,100.0,
kinder,mmr,MS,2014,2013-14 school year,99.7,,,45719.0,Census,100.0,
kinder,mmr,MS,2015,2014-15 school year,99.2,,,44129.0,Census,100.0,
kinder,mmr,MS,2016,2015-16 school year,99.4,,,41042.0,Census,100.0,
kinder,mmr,MS,2017,2016-17 school year,99.4,,,40509.0,Census,100.0,
kinder,mmr,MS,2018,2017-18 school year,99.4,,,39284.0,Census,100.0,
kinder,mmr,MS,2019,2018-19 school year,99.2,,,37775.0,Census,100.0,
kinder,mmr,MS,2020,2019-20 school year,99.1,,,37870.0,Census,100.0,
kinder,mmr,MS,2021,2020-21 school year,98.9,,,34028.0,Census,100.0,
kinder,mmr,MS,2022,2021-22 school year,98.6,,,36524.0,Census,100.0,
kinder,mmr,MS,2023,2022-23 school year,98.4,,,36048.0,Census,100.0,
kinder,mmr,MS,2024,2023-24 school year,97.5,,,36105.0,Census,100.0,
kinder,mmr,MS,2025,2024-25 school year,97.6,,,35293.0,Census,100.0,
kinder,mmr,MS,2026,2025-26 school year,97.0,,,34969.0,Census,100.0,
kinder,mmr,MT,2010,2009-10 school year,95.5,,,12335.0,Census,98.8,
kinder,mmr,MT,2011,2010-11 school year,,,,,,,
kinder,mmr,MT,2012,2011-12 school year,95.0,,,12128.0,Census,100.0,
kinder,mmr,MT,2013,2012-13 school year,94.8,,,12516.0,Census,95.8,
kinder,mmr,MT,2014,2013-14 school year,93.7,,,12855.0,Census,95.4,
kinder,mmr,MT,2015,2014-15 school year,94.6,,,12501.0,Census (public); Voluntary response (private),95.7,
kinder,mmr,MT,2016,2015-16 school year,94.9,,,11484.0,Census,100.0,
kinder,mmr,MT,2017,2016-17 school year,93.8,,,11956.0,Census,100.0,
kinder,mmr,MT,2018,2017-18 school year,93.2,,,12188.0,Census,100.0,
kinder,mmr,MT,2019,2018-19 school year,93.3,,,12480.0,Census,100.0,
kinder,mmr,MT,2020,2019-20 school year,93.6,,,12501.0,Census,100.0,
kinder,mmr,MT,2021,2020-21 school year,92.9,,,11279.0,Census,100.0,
kinder,mmr,NC,2010,2009-10 school year,,,,116087.0,Census,96.0,
kinder,mmr,NC,2011,2010-11 school year,,,,,,,
kinder,mmr,NC,2012,2011-12 school year,,,,128854.0,Census,95.4,
kinder,mmr,NC,2013,2012-13 school year,,,,130612.0,Census,97.3,
kinder,mmr,NC,2014,2013-14 school year,,,,126084.0,Census,97.7,
kinder,mmr,NC,2015,2014-15 school year,96.5,,,129792.0,Census (public). Voluntary response (private),95.0,
kinder,mmr,NC,2016,2015-16 school year,97.3,,,128290.0,Census (public). Voluntary response (private),92.0,
kinder,mmr,NC,2017,2016-17 school year,96.2,,,126454.0,Voluntary response,88.2,
kinder,mmr,NC,2018,2017-18 school year,97.0,,,127197.0,Census,90.9,
kinder,mmr,NC,2019,2018-19 school year,93.2,,,124343.0,Census (public). voluntary response (private),90.9,
kinder,mmr,NC,2020,2019-20 school year,95.5,,,124548.0,Census,97.8,
kinder,mmr,NC,2021,2020-21 school year,95.2,,,120995.0,Census (public). voluntary response (private),89.0,
kinder,mmr,NC,2022,2021-22 school year,96.1,,,118191.0,Vol. response,78.5,
kinder,mmr,NC,2023,2022-23 school year,94.0,,,125679.0,Vol. response,83.1,
kinder,mmr,NC,2024,2023-24 school year,93.8,,,125964.0,"Census (pub.), vol. response (prv.)",90.8,
kinder,mmr,NC,2025,2024-25 school year,94.2,,,124028.0,"Census (pub.), vol. response (prv.)",91.0,
kinder,mmr,NC,2026,2025-26 school year,93.7,,,120045.0,"Census (pub.), vol. response (prv.)",90.1,
kinder,mmr,ND,2010,2009-10 school year,92.2,,,8323.0,Random sample,6.0,
kinder,mmr,ND,2011,2010-11 school year,,,,,,,
kinder,mmr,ND,2012,2011-12 school year,90.6,,,8412.0,Convenient,5.8,
kinder,mmr,ND,2013,2012-13 school year,89.9,,,9503.0,2-stage Cluster Sample,4.9,
kinder,mmr,ND,2014,2013-14 school year,90.0,,,9780.0,Census (Public); Stratified  2-stage cluster sample(Private),96.1,
kinder,mmr,ND,2015,2014-15 school year,89.8,,,10017.0,Census,99.9,
kinder,mmr,ND,2016,2015-16 school year,90.7,,,9875.0,Census,97.1,
kinder,mmr,ND,2017,2016-17 school year,93.8,,,9799.0,Census,98.7,
kinder,mmr,ND,2018,2017-18 school year,94.2,,,10365.0,Census,99.4,
kinder,mmr,ND,2019,2018-19 school year,93.6,,,10382.0,Census,99.4,
kinder,mmr,ND,2020,2019-20 school year,94.8,,,10587.0,Census,99.5,
kinder,mmr,ND,2021,2020-21 school year,93.3,,,10116.0,Census,99.1,
kinder,mmr,ND,2022,2021-22 school year,91.5,,,10755.0,Census,96.6,
kinder,mmr,ND,2023,2022-23 school year,92.0,,,10554.0,Census,99.4,
kinder,mmr,ND,2024,2023-24 school year,90.9,,,9708.0,Census,97.5,
kinder,mmr,ND,2025,2024-25 school year,90.0,,,9659.0,Census,98.8,
kinder,mmr,ND,2026,2025-26 school year,88.5,,,9344.0,Census,98.6,
kinder,mmr,NE,2010,2009-10 school year,97.5,,,29607.0,Census,96.4,
kinder,mmr,NE,2011,2010-11 school year,,,,,,,
kinder,mmr,NE,2012,2011-12 school year,99.0,,,26715.0,Census,96.6,
kinder,mmr,NE,2013,2012-13 school year,96.0,,,24999.0,Census,96.6,
kinder,mmr,NE,2014,2013-14 school year,96.6,,,27000.0,Census,97.3,
kinder,mmr,NE,2015,2014-15 school year,96.0,,,26665.0,Census,100.0,
kinder,mmr,NE,2016,2015-16 school year,95.6,,,30409.0,Census,100.0,
kinder,mmr,NE,2017,2016-17 school year,96.7,,,27117.0,Census,100.0,
kinder,mmr,NE,2018,2017-18 school year,96.2,,,26313.0,Census,98.6,
kinder,mmr,NE,2019,2018-19 school year,96.9,,,26925.0,Census,98.6,
kinder,mmr,NE,2020,2019-20 school year,96.3,,,26893.0,Census,96.7,
kinder,mmr,NE,2021,2020-21 school year,95.5,,,25681.0,Census (public). voluntary response (private),94.8,
kinder,mmr,NE,2022,2021-22 school year,96.2,,,25018.0,Census,99.5,
kinder,mmr,NE,2023,2022-23 school year,95.1,,,23176.0,Census,100.0,
kinder,mmr,NE,2024,2023-24 school year,93.9,,,23118.0,Census,100.0,
kinder,mmr,NE,2025,2024-25 school year,94.2,,,24102.0,Census,100.0,
kinder,mmr,NE,2026,2025-26 school year,92.8,,,23807.0,Census,100.0,
kinder,mmr,NH,2010,2009-10 school year,,,,,Not conducted,,
kinder,mmr,NH,2011,2010-11 school year,,,,,,,
kinder,mmr,NH,2012,2011-12 school year,,,,13022.0,Census,100.0,
kinder,mmr,NH,2013,2012-13 school year,,,,12943.0,Census,99.2,
kinder,mmr,NH,2014,2013-14 school year,94.7,,,13240.0,Census,100.0,
kinder,mmr,NH,2015,2014-15 school year,91.4,,,12422.0,Census (public); Voluntary response (private),98.9,
kinder,mmr,NH,2016,2015-16 school year,91.9,,,11852.0,Census,99.8,
kinder,mmr,NH,2017,2016-17 school year,91.5,,,12145.0,Census,100.0,
kinder,mmr,NH,2018,2017-18 school year,92.4,,,12165.0,Census,100.0,
kinder,mmr,NH,2019,2018-19 school year,91.8,,,12421.0,Census,100.0,
kinder,mmr,NH,2020,2019-20 school year,91.5,,,12447.0,Census,100.0,
kinder,mmr,NH,2021,2020-21 school year,90.8,,,10242.0,Voluntary response,57.0,
kinder,mmr,NH,2022,2021-22 school year,88.7,,,12157.0,Census,100.0,
kinder,mmr,NH,2023,2022-23 school year,89.4,,,11332.0,Census,100.0,
kinder,mmr,NH,2024,2023-24 school year,89.2,,,11871.0,Census,100.0,
kinder,mmr,NH,2025,2024-25 school year,89.2,,,11713.0,Census,100.0,
kinder,mmr,NH,2026,2025-26 school year,88.2,,,11544.0,Census,100.0,
kinder,mmr,NJ,2010,2009-10 school year,,,,118347.0,Census,95.1,
kinder,mmr,NJ,2011,2010-11 school year,,,,,,,
kinder,mmr,NJ,2012,2011-12 school year,,,,118669.0,Census,96.6,
kinder,mmr,NJ,2013,2012-13 school year,97.0,,,122516.0,Census,96.7,
kinder,mmr,NJ,2014,2013-14 school year,96.8,,,123085.0,Census,95.4,
kinder,mmr,NJ,2015,2014-15 school year,92.3,,,120471.0,Census (public); Voluntary response (private),93.9,
kinder,mmr,NJ,2016,2015-16 school year,96.3,,,110116.0,Census,100.0,
kinder,mmr,NJ,2017,2016-17 school year,96.5,,,109577.0,Census,100.0,
kinder,mmr,NJ,2018,2017-18 school year,96.1,,,107630.0,Census,100.0,
kinder,mmr,NJ,2019,2018-19 school year,95.0,,,109161.0,Census,100.0,
kinder,mmr,NJ,2020,2019-20 school year,95.9,,,107900.0,Census,100.0,
kinder,mmr,NJ,2021,2020-21 school year,94.3,,,100144.0,Census,100.0,
kinder,mmr,NJ,2022,2021-22 school year,94.1,,,104240.0,Census,100.0,
kinder,mmr,NJ,2023,2022-23 school year,94.3,,,104468.0,Census,100.0,
kinder,mmr,NJ,2024,2023-24 school year,93.2,,,105408.0,Census,100.0,
kinder,mmr,NJ,2025,2024-25 school year,92.8,,,104339.0,Census,100.0,
kinder,mmr,NJ,2026,2025-26 school year,92.5,,,101602.0,Census,92.3,
kinder,mmr,NM,2010,2009-10 school year,97.6,,,26318.0,Random sample,2.2,
kinder,mmr,NM,2011,2010-11 school year,,,,,,,
kinder,mmr,NM,2012,2011-12 school year,95.7,,,29159.0,2-stage Cluster Sample,2.0,
kinder,mmr,NM,2013,2012-13 school year,93.9,,,29279.0,2-stage Cluster Sample,3.3,
kinder,mmr,NM,2014,2013-14 school year,95.9,,,30725.0,Stratified  2-stage cluster sample,2.7,
kinder,mmr,NM,2015,2014-15 school year,97.7,,,29918.0,Stratified 2-stage cluster sample,3.3,
kinder,mmr,NM,2016,2015-16 school year,96.2,,,29049.0,Stratified 2-stage cluster sample,2.7,
kinder,mmr,NM,2017,2016-17 school year,95.5,,,27119.0,Stratified 2-stage cluster sample,4.5,
kinder,mmr,NM,2018,2017-18 school year,94.8,,,26896.0,Stratified 2-stage cluster sample,99.6,
kinder,mmr,NM,2019,2018-19 school year,96.1,,,25269.0,Census,99.6,
kinder,mmr,NM,2020,2019-20 school year,97.0,,,23087.0,Census,100.0,
kinder,mmr,NM,2021,2020-21 school year,95.7,,,20589.0,Census,100.0,
kinder,mmr,NM,2022,2021-22 school year,94.3,,,20736.0,Census,100.0,
kinder,mmr,NM,2023,2022-23 school year,94.9,,,21068.0,Census,100.0,
kinder,mmr,NM,2024,2023-24 school year,95.0,,,20699.0,Census,100.0,
kinder,mmr,NM,2025,2024-25 school year,94.8,,,20180.0,Census,100.0,
kinder,mmr,NM,2026,2025-26 school year,95.1,,,19843.0,Census,100.0,
kinder,mmr,NV,2010,2009-10 school year,94.5,,,35209.0,Random sample,5.6,
kinder,mmr,NV,2011,2010-11 school year,,,,,,,
kinder,mmr,NV,2012,2011-12 school year,95.3,,,36557.0,2-stage Cluster Sample,5.2,
kinder,mmr,NV,2013,2012-13 school year,93.6,,,36070.0,2-stage Cluster Sample,4.3,
kinder,mmr,NV,2014,2013-14 school year,95.6,,,35782.0,Stratified  2-stage cluster sample,3.1,
kinder,mmr,NV,2015,2014-15 school year,94.0,,,36755.0,Stratified 2-stage cluster sample,2.8,
kinder,mmr,NV,2016,2015-16 school year,94.7,,,37118.0,Stratified 2-stage cluster sample,3.3,
kinder,mmr,NV,2017,2016-17 school year,90.9,,,36885.0,Stratified 2-stage cluster sample,3.7,
kinder,mmr,NV,2018,2017-18 school year,93.0,,,37178.0,Stratified 2-stage cluster sample,4.8,
kinder,mmr,NV,2019,2018-19 school year,95.1,,,37971.0,Stratified 2-stage cluster sample,4.8,
kinder,mmr,NV,2020,2019-20 school year,95.4,,,37724.0,Census,99.9,
kinder,mmr,NV,2021,2020-21 school year,96.1,,,34171.0,Census (public). voluntary response (private),94.7,
kinder,mmr,NV,2022,2021-22 school year,92.7,,,36855.0,"Census (pub.), vol. response (pvt.)",99.2,
kinder,mmr,NV,2023,2022-23 school year,92.8,,,34333.0,"Vol. response (pub.), census (pvt.)",89.1,
kinder,mmr,NV,2024,2023-24 school year,91.9,,,31261.0,Census,91.3,
kinder,mmr,NV,2025,2024-25 school year,91.3,,,33272.0,"Census (pub.), vol. response (prv.)",92.6,
kinder,mmr,NV,2026,2025-26 school year,90.8,,,32815.0,"Census (pub.), vol. response (prv.)",93.6,
kinder,mmr,NY,2010,2009-10 school year,97.6,,,229273.0,Census,100.0,
kinder,mmr,NY,2011,2010-11 school year,,,,,,,
kinder,mmr,NY,2012,2011-12 school year,96.9,,,236016.0,Census,100.0,
kinder,mmr,NY,2013,2012-13 school year,96.6,,,239484.0,Census,100.0,
kinder,mmr,NY,2014,2013-14 school year,96.8,,,240318.0,Census,100.0,
kinder,mmr,NY,2015,2014-15 school year,98.2,,,237045.0,Census,100.0,
kinder,mmr,NY,2016,2015-16 school year,95.6,,,232521.0,Census,100.0,
kinder,mmr,NY,2017,2016-17 school year,97.3,,,227050.0,Census,100.0,
kinder,mmr,NY,2018,2017-18 school year,97.2,,,226456.0,Census,100.0,
kinder,mmr,NY,2019,2018-19 school year,97.2,,,220495.0,Census,100.0,
kinder,mmr,NY,2020,2019-20 school year,98.6,,,234165.0,Census,99.9,
kinder,mmr,NY,2021,2020-21 school year,98.3,,,216804.0,Census (public). voluntary response (private),91.5,
kinder,mmr,NY,2022,2021-22 school year,98.0,,,195377.0,Census,99.3,
kinder,mmr,NY,2023,2022-23 school year,97.9,,,205906.0,"Census (pub.), vol. response (pvt.)",96.6,
kinder,mmr,NY,2024,2023-24 school year,97.7,,,200894.0,Census,98.8,
kinder,mmr,NY,2025,2024-25 school year,97.8,,,234054.0,Vol. response,85.1,
kinder,mmr,NY,2026,2025-26 school year,97.7,,,203514.0,"Census (pub.), vol. response (prv.)",95.8,
kinder,mmr,OH,2010,2009-10 school year,88.6,,,131137.0,Census,100.0,
kinder,mmr,OH,2011,2010-11 school year,,,,,,,
kinder,mmr,OH,2012,2011-12 school year,96.1,,,146144.0,Convenient,94.5,
kinder,mmr,OH,2013,2012-13 school year,96.3,,,163687.0,Census,86.9,
kinder,mmr,OH,2014,2013-14 school year,96.2,,,150000.0,Census,92.5,
kinder,mmr,OH,2015,2014-15 school year,91.9,,,149080.0,Census (public); Voluntary response (private),91.0,
kinder,mmr,OH,2016,2015-16 school year,92.1,,,144604.0,Census (public); Voluntary response (private),93.7,
kinder,mmr,OH,2017,2016-17 school year,92.6,,,137542.0,Census,95.5,
kinder,mmr,OH,2018,2017-18 school year,92.1,,,138753.0,Census,94.9,
kinder,mmr,OH,2019,2018-19 school year,91.6,,,139679.0,Census (public). voluntary response (private),94.9,
kinder,mmr,OH,2020,2019-20 school year,92.4,,,139103.0,Census,98.8,
kinder,mmr,OH,2021,2020-21 school year,89.6,,,128535.0,Census (public). voluntary response (private),91.1,
kinder,mmr,OH,2022,2021-22 school year,88.3,,,139077.0,"Census (pub.), vol. response (pvt.)",91.9,
kinder,mmr,OH,2023,2022-23 school year,89.3,,,134893.0,"Census (pub.), vol. response (pvt.)",93.7,
kinder,mmr,OH,2024,2023-24 school year,89.2,,,133716.0,"Census (pub.), vol. response (prv.)",94.0,
kinder,mmr,OH,2025,2024-25 school year,88.3,,,131589.0,"Census (pub.), vol. response (prv.)",93.2,
kinder,mmr,OH,2026,2025-26 school year,88.1,,,129087.0,"Census (pub.), vol. response (prv.)",95.9,
kinder,mmr,OK,2010,2009-10 school year,97.3,,,51128.0,Voluntary response,88.9,
kinder,mmr,OK,2011,2010-11 school year,,,,,,,
kinder,mmr,OK,2012,2011-12 school year,95.0,,,52987.0,Census,90.9,
kinder,mmr,OK,2013,2012-13 school year,90.5,,,56943.0,Census,95.5,
kinder,mmr,OK,2014,2013-14 school year,96.4,,,57377.0,Voluntary response,71.3,
kinder,mmr,OK,2015,2014-15 school year,90.3,,,56967.0,Census,95.9,
kinder,mmr,OK,2016,2015-16 school year,94.4,,,54335.0,Census,96.1,
kinder,mmr,OK,2017,2016-17 school year,,,,52184.0,Census,0.0,
kinder,mmr,OK,2018,2017-18 school year,92.6,,,53898.0,Census (public). voluntary response (private),92.1,
kinder,mmr,OK,2019,2018-19 school year,92.2,,,54806.0,Census (public). voluntary response (private),92.1,
kinder,mmr,OK,2020,2019-20 school year,93.0,,,55348.0,Voluntary response,85.6,
kinder,mmr,OK,2021,2020-21 school year,90.5,,,52656.0,Census (public). voluntary response (private),90.0,
kinder,mmr,OK,2022,2021-22 school year,90.9,,,54042.0,Vol. response,84.3,
kinder,mmr,OK,2023,2022-23 school year,89.6,,,52548.0,"Census (pub.), vol. response (pvt.)",89.5,
kinder,mmr,OK,2024,2023-24 school year,88.3,,,49979.0,"Census (pub.), vol. response (prv.)",93.8,
kinder,mmr,OK,2025,2024-25 school year,88.7,,,47544.0,Vol. response,86.7,
kinder,mmr,OK,2026,2025-26 school year,87.8,,,47844.0,"Census (pub.), vol. response (prv.)",90.7,
kinder,mmr,OR,2010,2009-10 school year,94.4,,,44676.0,Census,100.0,
kinder,mmr,OR,2011,2010-11 school year,,,,,,,
kinder,mmr,OR,2012,2011-12 school year,94.0,,,45855.0,Census,100.0,
kinder,mmr,OR,2013,2012-13 school year,93.5,,,47102.0,Census,100.0,
kinder,mmr,OR,2014,2013-14 school year,93.2,,,47649.0,Census,100.0,
kinder,mmr,OR,2015,2014-15 school year,94.1,,,46229.0,Census,100.0,
kinder,mmr,OR,2016,2015-16 school year,93.9,,,45531.0,Census,100.0,
kinder,mmr,OR,2017,2016-17 school year,93.8,,,45705.0,Census,100.0,
kinder,mmr,OR,2018,2017-18 school year,93.2,,,45818.0,Census,100.0,
kinder,mmr,OR,2019,2018-19 school year,93.0,,,45870.0,Census,100.0,
kinder,mmr,OR,2020,2019-20 school year,93.4,,,45959.0,Census,100.0,
kinder,mmr,OR,2021,2020-21 school year,92.7,,,39568.0,Census,100.0,
kinder,mmr,OR,2022,2021-22 school year,93.0,,,41538.0,Census,100.0,
kinder,mmr,OR,2023,2022-23 school year,91.9,,,40963.0,Census,100.0,
kinder,mmr,OR,2024,2023-24 school year,91.2,,,39568.0,Census,100.0,
kinder,mmr,OR,2025,2024-25 school year,90.5,,,38247.0,Census,100.0,
kinder,mmr,OR,2026,2025-26 school year,89.6,,,37309.0,Census,100.0,
kinder,mmr,PA,2010,2009-10 school year,86.9,,,149656.0,Census,100.0,
kinder,mmr,PA,2011,2010-11 school year,,,,,,,
kinder,mmr,PA,2012,2011-12 school year,86.9,,,148042.0,Census,99.0,
kinder,mmr,PA,2013,2012-13 school year,87.0,,,151364.0,Census,97.5,
kinder,mmr,PA,2014,2013-14 school year,85.3,,,151253.0,Census,100.0,
kinder,mmr,PA,2015,2014-15 school year,91.7,,,146378.0,Census,98.3,
kinder,mmr,PA,2016,2015-16 school year,95.5,,,143298.0,Census (public); Voluntary response (private),93.2,
kinder,mmr,PA,2017,2016-17 school year,93.6,,,143888.0,Voluntary response,84.4,
kinder,mmr,PA,2018,2017-18 school year,96.7,,,141571.0,Voluntary response,93.3,
kinder,mmr,PA,2019,2018-19 school year,96.4,,,143560.0,Census (public). voluntary response (private),93.3,
kinder,mmr,PA,2020,2019-20 school year,96.6,,,140197.0,Census,98.8,
kinder,mmr,PA,2021,2020-21 school year,95.5,,,129307.0,Census (public). voluntary response (private),95.0,
kinder,mmr,PA,2022,2021-22 school year,95.0,,,139558.0,"Census (pub.), vol. response (pvt.)",94.9,
kinder,mmr,PA,2023,2022-23 school year,94.0,,,137259.0,"Census (pub.), vol. response (pvt.)",97.2,
kinder,mmr,PA,2024,2023-24 school year,93.5,,,137593.0,Census,96.5,
kinder,mmr,PA,2025,2024-25 school year,92.4,,,140160.0,"Census (pub.), vol. response (prv.)",95.3,
kinder,mmr,PA,2026,2025-26 school year,92.7,,,134313.0,"Census (pub.), vol. response (prv.)",95.7,
kinder,mmr,RI,2010,2009-10 school year,92.1,,,11818.0,Random sample,11.6,
kinder,mmr,RI,2011,2010-11 school year,,,,,,,
kinder,mmr,RI,2012,2011-12 school year,91.7,,,12552.0,2-stage Cluster Sample,13.9,
kinder,mmr,RI,2013,2012-13 school year,94.2,,,12552.0,Voluntary Response,75.2,
kinder,mmr,RI,2014,2013-14 school year,95.1,,,11521.0,Census,99.1,
kinder,mmr,RI,2015,2014-15 school year,95.7,,,11163.0,Census,98.9,
kinder,mmr,RI,2016,2015-16 school year,96.4,,,11165.0,Census,100.0,
kinder,mmr,RI,2017,2016-17 school year,95.1,,,11100.0,Census,98.4,
kinder,mmr,RI,2018,2017-18 school year,96.4,,,11025.0,Census,100.0,
kinder,mmr,RI,2019,2018-19 school year,97.4,,,10964.0,Census,100.0,
kinder,mmr,RI,2020,2019-20 school year,97.7,,,11219.0,Census,98.5,
kinder,mmr,RI,2021,2020-21 school year,97.0,,,10402.0,Census,93.0,
kinder,mmr,RI,2022,2021-22 school year,97.3,,,11002.0,Census,96.9,
kinder,mmr,RI,2023,2022-23 school year,96.9,,,10532.0,Census,96.5,
kinder,mmr,RI,2024,2023-24 school year,97.1,,,10539.0,Census,97.8,
kinder,mmr,RI,2025,2024-25 school year,96.7,,,10088.0,Census,96.7,
kinder,mmr,RI,2026,2025-26 school year,96.7,,,10123.0,Census,97.1,
kinder,mmr,SC,2010,2009-10 school year,87.2,,,53725.0,Random sample,10.2,
kinder,mmr,SC,2011,2010-11 school year,,,,,,,
kinder,mmr,SC,2012,2011-12 school year,94.5,,,59307.0,1-stage Cluster Sample,10.7,
kinder,mmr,SC,2013,2012-13 school year,90.9,,,61799.0,1-Stage Cluster Sample,17.9,
kinder,mmr,SC,2014,2013-14 school year,96.8,,,61661.0,1-stage stratified sample,11.0,
kinder,mmr,SC,2015,2014-15 school year,96.5,,,62864.0,Stratified 1-stage cluster sample,12.2,
kinder,mmr,SC,2016,2015-16 school year,96.5,,,59240.0,Stratified 1-stage cluster sample,8.9,
kinder,mmr,SC,2017,2016-17 school year,96.0,,,59177.0,Stratified 1-stage cluster sample,8.9,
kinder,mmr,SC,2018,2017-18 school year,96.3,,,58458.0,Stratified 1-stage cluster sample,27.0,
kinder,mmr,SC,2019,2018-19 school year,94.2,,,58442.0,Stratified 1-stage cluster sample,27.0,
kinder,mmr,SC,2020,2019-20 school year,95.0,,,65938.0,Stratified 1-stage cluster sample,27.5,
kinder,mmr,SC,2021,2020-21 school year,94.4,,,56330.0,Stratified 1-stage cluster sample,26.5,
kinder,mmr,SC,2022,2021-22 school year,92.7,,,58276.0,1-stage cluster sample,27.2,
kinder,mmr,SC,2023,2022-23 school year,93.2,,,58878.0,Stratified 1-stage cluster sample,28.1,
kinder,mmr,SC,2024,2023-24 school year,92.1,,,58069.0,Stratified 1-stage cluster sample,26.7,
kinder,mmr,SC,2025,2024-25 school year,91.2,,,57718.0,Stratified 1-stage cluster sample,34.3,
kinder,mmr,SC,2026,2025-26 school year,93.4,,,57542.0,Stratified 1-stage cluster sample,26.2,
kinder,mmr,SD,2010,2009-10 school year,96.8,,,11499.0,Census,100.0,
kinder,mmr,SD,2011,2010-11 school year,,,,,,,
kinder,mmr,SD,2012,2011-12 school year,97.4,,,12127.0,Census,100.0,
kinder,mmr,SD,2013,2012-13 school year,97.9,,,12468.0,Census,100.0,
kinder,mmr,SD,2014,2013-14 school year,96.6,,,12566.0,Census,100.0,
kinder,mmr,SD,2015,2014-15 school year,97.1,,,12008.0,Census,100.0,
kinder,mmr,SD,2016,2015-16 school year,96.5,,,12181.0,Census,100.0,
kinder,mmr,SD,2017,2016-17 school year,96.7,,,12106.0,Census,99.8,
kinder,mmr,SD,2018,2017-18 school year,96.6,,,12125.0,Census,99.9,
kinder,mmr,SD,2019,2018-19 school year,96.2,,,12062.0,Census,99.9,
kinder,mmr,SD,2020,2019-20 school year,96.0,,,12367.0,Census,99.8,
kinder,mmr,SD,2021,2020-21 school year,94.6,,,11512.0,Census,99.9,
kinder,mmr,SD,2022,2021-22 school year,93.7,,,12251.0,Census,100.0,
kinder,mmr,SD,2023,2022-23 school year,92.5,,,12081.0,Census,100.0,
kinder,mmr,SD,2024,2023-24 school year,90.8,,,11744.0,Census,99.8,
kinder,mmr,SD,2025,2024-25 school year,90.0,,,11367.0,Census,99.3,
kinder,mmr,SD,2026,2025-26 school year,89.3,,,11009.0,Census,100.0,
kinder,mmr,TN,2010,2009-10 school year,97.4,,,90811.0,Voluntary response,88.1,
kinder,mmr,TN,2011,2010-11 school year,,,,,,,
kinder,mmr,TN,2012,2011-12 school year,97.3,,,83950.0,Census,99.9,
kinder,mmr,TN,2013,2012-13 school year,94.5,,,85801.0,Census,97.0,
kinder,mmr,TN,2014,2013-14 school year,94.9,,,80212.0,Census,99.8,
kinder,mmr,TN,2015,2014-15 school year,95.1,,,78276.0,Census,100.0,
kinder,mmr,TN,2016,2015-16 school year,93.5,,,79233.0,Census,100.0,
kinder,mmr,TN,2017,2016-17 school year,96.9,,,78169.0,Census,100.0,
kinder,mmr,TN,2018,2017-18 school year,96.9,,,78743.0,Census,100.0,
kinder,mmr,TN,2019,2018-19 school year,96.5,,,78630.0,Census,100.0,
kinder,mmr,TN,2020,2019-20 school year,96.8,,,80595.0,Census,100.0,
kinder,mmr,TN,2021,2020-21 school year,96.6,,,73819.0,Census,100.0,
kinder,mmr,TN,2022,2021-22 school year,95.8,,,79120.0,Census,100.0,
kinder,mmr,TN,2023,2022-23 school year,95.4,,,79692.0,Census,100.0,
kinder,mmr,TN,2024,2023-24 school year,95.1,,,79323.0,Census,95.8,
kinder,mmr,TN,2025,2024-25 school year,94.4,,,78299.0,Census,96.7,
kinder,mmr,TN,2026,2025-26 school year,94.4,,,73415.0,Census,97.4,
kinder,mmr,TX,2010,2009-10 school year,98.1,,,381425.0,Census,98.3,
kinder,mmr,TX,2011,2010-11 school year,,,,,,,
kinder,mmr,TX,2012,2011-12 school year,99.3,,,388178.0,Census,100.0,
kinder,mmr,TX,2013,2012-13 school year,97.5,,,414688.0,Census,96.6,
kinder,mmr,TX,2014,2013-14 school year,97.5,,,409255.0,Census,97.1,
kinder,mmr,TX,2015,2014-15 school year,97.4,,,406099.0,Census (public); Voluntary response (private),98.3,
kinder,mmr,TX,2016,2015-16 school year,97.6,,,394801.0,Census (public); Voluntary response (private),98.7,
kinder,mmr,TX,2017,2016-17 school year,97.3,,,389999.0,Census,99.0,
kinder,mmr,TX,2018,2017-18 school year,96.9,,,387981.0,Census,99.4,
kinder,mmr,TX,2019,2018-19 school year,96.9,,,390034.0,Census,99.4,
kinder,mmr,TX,2020,2019-20 school year,96.9,,,398680.0,Census,99.6,
kinder,mmr,TX,2021,2020-21 school year,95.3,,,377840.0,Census,98.9,
kinder,mmr,TX,2022,2021-22 school year,94.0,,,389037.0,Census,99.3,
kinder,mmr,TX,2023,2022-23 school year,94.2,,,381680.0,Census,98.0,
kinder,mmr,TX,2024,2023-24 school year,94.3,,,381421.0,"Census (pub.), vol. response (prv.)",92.4,
kinder,mmr,TX,2025,2024-25 school year,93.2,,,378860.0,"Census (pub.), vol. response (prv.)",97.3,
kinder,mmr,TX,2026,2025-26 school year,93.2,,,358586.0,"Census (pub.), vol. response (prv.)",98.3,
kinder,mmr,US,2010,2009-10 school year,94.4,,,,,,
kinder,mmr,US,2011,2010-11 school year,,,,,,,
kinder,mmr,US,2012,2011-12 school year,94.7,,,,,,
kinder,mmr,US,2013,2012-13 school year,94.1,,,,,,
kinder,mmr,US,2014,2013-14 school year,94.0,,,,,,
kinder,mmr,US,2015,2014-15 school year,94.0,,,,,,
kinder,mmr,US,2016,2015-16 school year,94.7,,,,,,
kinder,mmr,US,2017,2016-17 school year,95.0,,,,,,
kinder,mmr,US,2018,2017-18 school year,95.0,,,,,,
kinder,mmr,US,2019,2018-19 school year,94.7,,,,,,
kinder,mmr,US,2020,2019-20 school year,95.2,,,,,,
kinder,mmr,US,2021,2020-21 school year,93.9,,,3510744.0,,90.8,
kinder,mmr,US,2022,2021-22 school year,93.0,,,3835130.0,,92.2,
kinder,mmr,US,2023,2022-23 school year,93.1,,,3832381.0,,92.9,
kinder,mmr,US,2024,2023-24 school year,92.7,,,3823506.0,,93.1,
kinder,mmr,US,2025,2024-25 school year,92.5,,,3785644.0,,92.7,
kinder,mmr,US,2026,2025-26 school year,92.4,,,3692432.0,,96.0,
kinder,mmr,UT,2010,2009-10 school year,97.7,,,49957.0,Census,100.0,
kinder,mmr,UT,2011,2010-11 school year,,,,,,,
kinder,mmr,UT,2012,2011-12 school year,98.0,,,53800.0,Census,100.0,
kinder,mmr,UT,2013,2012-13 school year,96.3,,,54605.0,Census,100.0,
kinder,mmr,UT,2014,2013-14 school year,98.5,,,54779.0,Census,100.0,
kinder,mmr,UT,2015,2014-15 school year,94.0,,,50916.0,Census,100.0,
kinder,mmr,UT,2016,2015-16 school year,94.2,,,50114.0,Census,100.0,
kinder,mmr,UT,2017,2016-17 school year,93.8,,,49073.0,Census,100.0,
kinder,mmr,UT,2018,2017-18 school year,93.4,,,48827.0,Census,100.0,
kinder,mmr,UT,2019,2018-19 school year,92.8,,,50179.0,Census,100.0,
kinder,mmr,UT,2020,2019-20 school year,92.7,,,49208.0,Census,100.0,
kinder,mmr,UT,2021,2020-21 school year,91.4,,,46247.0,Census,100.0,
kinder,mmr,UT,2022,2021-22 school year,90.0,,,48995.0,Census,100.0,
kinder,mmr,UT,2023,2022-23 school year,90.0,,,46635.0,Census,100.0,
kinder,mmr,UT,2024,2023-24 school year,88.8,,,46228.0,Census,100.0,
kinder,mmr,UT,2025,2024-25 school year,88.6,,,45818.0,Census,100.0,
kinder,mmr,UT,2026,2025-26 school year,87.2,,,44001.0,Census,100.0,
kinder,mmr,VA,2010,2009-10 school year,92.1,,,100891.0,Random sample,4.4,
kinder,mmr,VA,2011,2010-11 school year,,,,,,,
kinder,mmr,VA,2012,2011-12 school year,93.0,,,101121.0,2-stage Cluster Sample,4.3,
kinder,mmr,VA,2013,2012-13 school year,93.1,,,104826.0,2-stage Cluster Sample,4.2,
kinder,mmr,VA,2014,2013-14 school year,93.1,,,105692.0,2-stage cluster  sample,4.1,
kinder,mmr,VA,2015,2014-15 school year,93.4,,,103821.0,Stratified 2-stage cluster sample,4.1,
kinder,mmr,VA,2016,2015-16 school year,95.7,,,100074.0,Stratified 2-stage cluster sample,4.3,
kinder,mmr,VA,2017,2016-17 school year,94.1,,,102357.0,Stratified 2-stage cluster sample,4.0,
kinder,mmr,VA,2018,2017-18 school year,95.5,,,100581.0,Stratified 2-stage cluster sample,4.4,
kinder,mmr,VA,2019,2018-19 school year,95.0,,,100394.0,Stratified 2-stage cluster sample,4.4,
kinder,mmr,VA,2020,2019-20 school year,94.6,,,99399.0,Stratified 2-stage cluster sample,1.2,
kinder,mmr,VA,2021,2020-21 school year,95.8,,,88273.0,Stratified 2-stage cluster sample,2.0,
kinder,mmr,VA,2022,2021-22 school year,95.5,,,95996.0,Stratified 2-stage cluster sample,2.8,
kinder,mmr,VA,2023,2022-23 school year,95.8,,,93271.0,Stratified 2-stage cluster sample,1.6,
kinder,mmr,VA,2024,2023-24 school year,94.2,,,92633.0,Stratified 2-stage cluster sample,1.9,
kinder,mmr,VA,2025,2024-25 school year,95.6,,,91453.0,Stratified 2-stage cluster sample,1.7,
kinder,mmr,VA,2026,2025-26 school year,93.6,,,88950.0,Census,95.7,
kinder,mmr,VT,2010,2009-10 school year,91.8,,,6713.0,Census,100.0,
kinder,mmr,VT,2011,2010-11 school year,,,,,,,
kinder,mmr,VT,2012,2011-12 school year,92.9,,,6548.0,Census,100.0,
kinder,mmr,VT,2013,2012-13 school year,92.8,,,6792.0,Census,100.0,
kinder,mmr,VT,2014,2013-14 school year,91.2,,,6771.0,Census,100.0,
kinder,mmr,VT,2015,2014-15 school year,92.7,,,6277.0,Census,100.0,
kinder,mmr,VT,2016,2015-16 school year,93.6,,,6366.0,Census,100.0,
kinder,mmr,VT,2017,2016-17 school year,93.6,,,6344.0,Census,100.0,
kinder,mmr,VT,2018,2017-18 school year,94.1,,,6255.0,Census,100.0,
kinder,mmr,VT,2019,2018-19 school year,93.0,,,6126.0,Census,100.0,
kinder,mmr,VT,2020,2019-20 school year,94.5,,,6293.0,Census,100.0,
kinder,mmr,VT,2021,2020-21 school year,94.0,,,5535.0,Census,100.0,
kinder,mmr,VT,2022,2021-22 school year,93.4,,,6126.0,Census,100.0,
kinder,mmr,VT,2023,2022-23 school year,93.1,,,5816.0,Census,100.0,
kinder,mmr,VT,2024,2023-24 school year,92.9,,,5630.0,Census,100.0,
kinder,mmr,VT,2025,2024-25 school year,93.5,,,5432.0,Census,100.0,
kinder,mmr,VT,2026,2025-26 school year,93.8,,,5298.0,Census,100.0,
kinder,mmr,WA,2010,2009-10 school year,91.7,,,81511.0,Census,93.3,
kinder,mmr,WA,2011,2010-11 school year,,,,,,,
kinder,mmr,WA,2012,2011-12 school year,91.8,,,85134.0,Voluntary Response,89.1,
kinder,mmr,WA,2013,2012-13 school year,91.7,,,87773.0,Census,94.7,
kinder,mmr,WA,2014,2013-14 school year,89.7,,,89165.0,Voluntary response,88.5,
kinder,mmr,WA,2015,2014-15 school year,89.4,,,88809.0,Census (public); Voluntary response (private),96.7,
kinder,mmr,WA,2016,2015-16 school year,91.0,,,86492.0,Census,97.3,
kinder,mmr,WA,2017,2016-17 school year,90.5,,,87142.0,Census,98.2,
kinder,mmr,WA,2018,2017-18 school year,90.6,,,85118.0,Census,96.9,
kinder,mmr,WA,2019,2018-19 school year,90.8,,,87510.0,Census,96.9,
kinder,mmr,WA,2020,2019-20 school year,94.4,,,87757.0,Census,91.9,
kinder,mmr,WA,2021,2020-21 school year,94.4,,,74931.0,Census,100.0,
kinder,mmr,WA,2022,2021-22 school year,92.5,,,87256.0,"Census (pub.), vol. response (pvt.)",97.3,
kinder,mmr,WA,2023,2022-23 school year,91.4,,,86284.0,Census,97.9,
kinder,mmr,WA,2024,2023-24 school year,91.3,,,84053.0,Census,97.2,
kinder,mmr,WA,2025,2024-25 school year,90.9,,,76756.0,Census,97.9,
kinder,mmr,WA,2026,2025-26 school year,90.6,,,75631.0,Census,99.1,
kinder,mmr,WI,2010,2009-10 school year,94.2,,,61095.0,Random sample,2.3,
kinder,mmr,WI,2011,2010-11 school year,,,,,,,
kinder,mmr,WI,2012,2011-12 school year,93.1,,,70672.0,2-stage Cluster Sample,2.3,
kinder,mmr,WI,2013,2012-13 school year,92.8,,,72416.0,2-stage Cluster Sample,1.8,
kinder,mmr,WI,2014,2013-14 school year,92.6,,,71363.0,Stratified  2-stage cluster sample,2.8,
kinder,mmr,WI,2015,2014-15 school year,91.6,,,69335.0,Stratified 2-stage cluster sample,2.5,
kinder,mmr,WI,2016,2015-16 school year,93.2,,,70220.0,Stratified 2-stage cluster sample,2.0,
kinder,mmr,WI,2017,2016-17 school year,94.0,,,67607.0,Stratified 2-stage cluster sample,2.2,
kinder,mmr,WI,2018,2017-18 school year,91.8,,,66178.0,Stratified 2-stage cluster sample,2.3,
kinder,mmr,WI,2019,2018-19 school year,92.6,,,66344.0,Stratified 2-stage cluster sample,2.3,
kinder,mmr,WI,2020,2019-20 school year,92.8,,,67391.0,Stratified 2-stage cluster sample,2.6,
kinder,mmr,WI,2021,2020-21 school year,87.2,,,63486.0,Voluntary response,84.5,
kinder,mmr,WI,2022,2021-22 school year,82.6,,,64275.0,"Census (pub.), vol. response (pvt.)",96.8,
kinder,mmr,WI,2023,2022-23 school year,86.5,,,63593.0,"Census (pub.), vol. response (pvt.)",93.9,
kinder,mmr,WI,2024,2023-24 school year,84.8,,,62028.0,Census,98.2,
kinder,mmr,WI,2025,2024-25 school year,84.8,,,61120.0,"Census (pub.), vol. response (prv.)",95.7,
kinder,mmr,WI,2026,2025-26 school year,85.1,,,59360.0,"Census (pub.), vol. response (prv.)",96.6,
kinder,mmr,WV,2010,2009-10 school year,91.2,,,22730.0,Voluntary response,86.7,
kinder,mmr,WV,2011,2010-11 school year,,,,,,,
kinder,mmr,WV,2012,2011-12 school year,92.0,,,22449.0,Convenient,94.9,
kinder,mmr,WV,2013,2012-13 school year,96.3,,,22588.0,Voluntary Response,86.5,
kinder,mmr,WV,2014,2013-14 school year,96.1,,,22814.0,Voluntary response,84.7,
kinder,mmr,WV,2015,2014-15 school year,97.6,,,22016.0,Voluntary response,81.3,
kinder,mmr,WV,2016,2015-16 school year,95.2,,,21333.0,Voluntary response,87.6,
kinder,mmr,WV,2017,2016-17 school year,95.9,,,28666.0,Census (public). voluntary response (private),66.5,
kinder,mmr,WV,2018,2017-18 school year,98.4,,,19519.0,Voluntary response,79.3,
kinder,mmr,WV,2019,2018-19 school year,98.8,,,19442.0,Voluntary response,79.3,
kinder,mmr,WV,2020,2019-20 school year,98.2,,,17114.0,Voluntary response,49.6,
kinder,mmr,WV,2021,2020-21 school year,,,,,Not Conducted,,NR
kinder,mmr,WV,2022,2021-22 school year,96.5,,,18070.0,Vol. response,85.5,
kinder,mmr,WV,2023,2022-23 school year,95.6,,,19175.0,"Vol. response (pub.), census (pvt.)",86.1,
kinder,mmr,WV,2024,2023-24 school year,98.3,,,18261.0,Vol. response,82.8,
kinder,mmr,WV,2026,2025-26 school year,98.9,,,15445.0,Census,93.3,
kinder,mmr,WY,2010,2009-10 school year,,,,,Not conducted,,
kinder,mmr,WY,2011,2010-11 school year,,,,,,,
kinder,mmr,WY,2012,2011-12 school year,,,,,Not conducted,,
kinder,mmr,WY,2013,2012-13 school year,97.5,,,8133.0,Census,100.0,
kinder,mmr,WY,2014,2013-14 school year,,,,,Not conducted,,
kinder,mmr,WY,2015,2014-15 school year,96.8,,,7983.0,Census,97.9,
kinder,mmr,WY,2016,2015-16 school year,96.9,,,7825.0,Voluntary response,74.0,
kinder,mmr,WY,2017,2016-17 school year,,,,,Not conducted,,
kinder,mmr,WY,2018,2017-18 school year,,,,,Not conducted,,
kinder,mmr,WY,2019,2018-19 school year,95.1,,,7734.0,Census,100.0,
kinder,mmr,WY,2020,2019-20 school year,94.5,,,7913.0,Census,100.0,
kinder,mmr,WY,2021,2020-21 school year,90.2,,,6923.0,Census,100.0,
kinder,mmr,WY,2022,2021-22 school year,92.9,,,7382.0,Census,100.0,
kinder,mmr,WY,2023,2022-23 school year,90.8,,,7060.0,Census,100.0,
kinder,mmr,WY,2024,2023-24 school year,93.5,,,6754.0,Census,100.0,
kinder,mmr,WY,2025,2024-25 school year,93.6,,,6564.0,Census,100.0,
kinder,mmr,WY,2026,2025-26 school year,92.6,,,6146.0,Census,100.0,
kinder,polio,AK,2010,2009-10 school year,,,,9641.0,Voluntary response,76.4,
kinder,polio,AK,2011,2010-11 school year,,,,,,,
kinder,polio,AK,2012,2011-12 school year,,,,10286.0,Non-random Cluster Sample,7.3,
kinder,polio,AK,2013,2012-13 school year,,,,10319.0,Census,97.8,
kinder,polio,AK,2014,2013-14 school year,97.2,,,10222.0,Stratified  2-stage cluster sample,9.3,
kinder,polio,AK,2015,2014-15 school year,94.8,,,10129.0,Stratified 2-stage cluster sample,7.8,
kinder,polio,AK,2016,2015-16 school year,95.2,,,9937.0,Stratified 2-stage cluster sample,7.8,
kinder,polio,AK,2017,2016-17 school year,91.8,,,9815.0,Stratified 2-stage cluster sample,7.6,
kinder,polio,AK,2018,2017-18 school year,92.9,,,9692.0,Stratified 2-stage cluster sample,84.4,
kinder,polio,AK,2020,2019-20 school year,,,,10381.0,Voluntary response,82.7,
kinder,polio,AK,2022,2021-22 school year,77.1,,,9790.0,"Vol. response (pub.), not conducted (pvt.)",76.2,
kinder,polio,AK,2023,2022-23 school year,84.4,,,9650.0,"Vol. response (pub.), not conducted (pvt.)",88.8,
kinder,polio,AK,2024,2023-24 school year,84.4,,,8644.0,"Census (pub.), not conducted (prv.)",88.9,
kinder,polio,AK,2025,2024-25 school year,81.5,,,7338.0,"Census (pub.), not conducted (prv.)",99.8,
kinder,polio,AK,2026,2025-26 school year,90.0,,,8253.0,"Vol. response (public), not conducted (private)",60.9,
kinder,polio,AL,2010,2009-10 school year,94.0,,,75358.0,Census,100.0,
kinder,polio,AL,2011,2010-11 school year,,,,,,,
kinder,polio,AL,2012,2011-12 school year,93.6,,,73190.0,Census,100.0,
kinder,polio,AL,2013,2012-13 school year,92.8,,,72929.0,Census,100.0,
kinder,polio,AL,2014,2013-14 school year,92.0,,,76927.0,Census,100.0,
kinder,polio,AL,2015,2014-15 school year,93.5,,,59660.0,Census,100.0,
kinder,polio,AL,2016,2015-16 school year,93.1,,,60392.0,Census,100.0,
kinder,polio,AL,2017,2016-17 school year,93.8,,,58394.0,Census,100.0,
kinder,polio,AL,2018,2017-18 school year,92.7,,,57245.0,Census,100.0,
kinder,polio,AL,2019,2018-19 school year,90.6,,,77739.0,Census,100.0,
kinder,polio,AL,2020,2019-20 school year,86.6,,,59477.0,Census,94.9,
kinder,polio,AL,2021,2020-21 school year,94.7,,,56974.0,Census,100.0,
kinder,polio,AL,2022,2021-22 school year,94.9,,,60332.0,Census,100.0,
kinder,polio,AL,2023,2022-23 school year,93.9,,,59113.0,Census,100.0,
kinder,polio,AL,2024,2023-24 school year,93.8,,,54565.0,Census,100.0,
kinder,polio,AL,2025,2024-25 school year,96.0,,,53589.0,Census,99.9,
kinder,polio,AL,2026,2025-26 school year,95.2,,,53378.0,Census,100.0,
kinder,polio,AR,2010,2009-10 school year,98.0,,,34733.0,Census,100.0,
kinder,polio,AR,2011,2010-11 school year,,,,,,,
kinder,polio,AR,2012,2011-12 school year,84.3,,,38754.0,Census,92.2,
kinder,polio,AR,2013,2012-13 school year,81.1,,,43212.0,Census,96.3,
kinder,polio,AR,2014,2013-14 school year,80.2,,,42649.0,Census,96.3,
kinder,polio,AR,2015,2014-15 school year,84.5,,,41252.0,Census (public); Voluntary response (private),95.9,
kinder,polio,AR,2016,2015-16 school year,88.1,,,40258.0,Census (public); Voluntary response (private),95.6,
kinder,polio,AR,2017,2016-17 school year,89.0,,,39666.0,Voluntary response,75.9,
kinder,polio,AR,2018,2017-18 school year,91.3,,,39630.0,Census,95.4,
kinder,polio,AR,2019,2018-19 school year,93.6,,,39257.0,Census (public). voluntary response (private),95.4,
kinder,polio,AR,2020,2019-20 school year,93.4,,,39510.0,Census (public). voluntary response (private),96.2,
kinder,polio,AR,2021,2020-21 school year,92.7,,,37540.0,Census (public). voluntary response (private),95.6,
kinder,polio,AR,2022,2021-22 school year,91.4,,,39358.0,"Census (pub.), vol. response (pvt.)",96.3,
kinder,polio,AR,2023,2022-23 school year,90.7,,,38358.0,"Census (pub.), vol. response (pvt.)",95.8,
kinder,polio,AR,2024,2023-24 school year,91.4,,,37535.0,"Census (pub.), vol. response (prv.)",95.4,
kinder,polio,AR,2025,2024-25 school year,88.8,,,37570.0,"Census (pub.), vol. response (prv.)",96.4,
kinder,polio,AR,2026,2025-26 school year,90.3,,,35543.0,"Census (pub.), vol. response (prv.)",96.7,
kinder,polio,AZ,2010,2009-10 school year,95.5,,,89287.0,Census,93.9,
kinder,polio,AZ,2011,2010-11 school year,,,,,,,
kinder,polio,AZ,2012,2011-12 school year,94.9,,,88293.0,Census,96.9,
kinder,polio,AZ,2013,2012-13 school year,94.7,,,90054.0,Census,97.6,
kinder,polio,AZ,2014,2013-14 school year,94.7,,,89606.0,Census,95.8,
kinder,polio,AZ,2015,2014-15 school year,94.7,,,86153.0,Census,98.3,
kinder,polio,AZ,2016,2015-16 school year,94.6,,,83088.0,Census,100.0,
kinder,polio,AZ,2017,2016-17 school year,94.4,,,83627.0,Census,100.0,
kinder,polio,AZ,2018,2017-18 school year,93.9,,,81710.0,Census,100.0,
kinder,polio,AZ,2019,2018-19 school year,93.2,,,79981.0,Census,100.0,
kinder,polio,AZ,2020,2019-20 school year,93.1,,,83976.0,Census (public). voluntary response (private),98.7,
kinder,polio,AZ,2021,2020-21 school year,92.3,,,76382.0,Census (public). voluntary response (private),92.4,
kinder,polio,AZ,2022,2021-22 school year,90.9,,,83463.0,Census,97.0,
kinder,polio,AZ,2023,2022-23 school year,90.3,,,80814.0,Census,97.7,
kinder,polio,AZ,2024,2023-24 school year,90.0,,,74834.0,Census,99.6,
kinder,polio,AZ,2025,2024-25 school year,89.1,,,75024.0,Census,97.4,
kinder,polio,AZ,2026,2025-26 school year,88.3,,,73907.0,"Census (pub.), vol. response (prv.)",92.5,
kinder,polio,CA,2010,2009-10 school year,93.6,,,507191.0,Census,100.0,
kinder,polio,CA,2011,2010-11 school year,,,,,,,
kinder,polio,CA,2012,2011-12 school year,93.2,,,542544.0,Census,97.6,
kinder,polio,CA,2013,2012-13 school year,92.6,,,535523.0,Census,99.0,
kinder,polio,CA,2014,2013-14 school year,92.6,,,548606.0,Census,97.3,
kinder,polio,CA,2015,2014-15 school year,93.0,,,552583.0,Census,96.9,
kinder,polio,CA,2016,2015-16 school year,94.7,,,593788.0,Census,92.8,
kinder,polio,CA,2017,2016-17 school year,97.3,,,575305.0,Census,97.8,
kinder,polio,CA,2018,2017-18 school year,96.8,,,574702.0,Census,100.0,
kinder,polio,CA,2019,2018-19 school year,96.5,,,568947.0,Census,97.7,
kinder,polio,CA,2020,2019-20 school year,96.6,,,566155.0,Census,97.9,
kinder,polio,CA,2021,2020-21 school year,95.2,,,498214.0,Census,97.5,
kinder,polio,CA,2022,2021-22 school year,96.2,,,512144.0,Census,98.4,
kinder,polio,CA,2023,2022-23 school year,96.3,,,541132.0,Census,100.0,
kinder,polio,CA,2024,2023-24 school year,96.1,,,569680.0,Census,100.0,
kinder,polio,CA,2025,2024-25 school year,96.0,,,590849.0,Census,100.0,
kinder,polio,CA,2026,2025-26 school year,95.5,,,614405.0,Census,100.0,
kinder,polio,CO,2010,2009-10 school year,,,,,Not conducted,,
kinder,polio,CO,2011,2010-11 school year,,,,,,,
kinder,polio,CO,2012,2011-12 school year,87.4,,,70142.0,Simple Random Sample,0.5,
kinder,polio,CO,2013,2012-13 school year,88.6,,,70657.0,Simple Random Sample,0.5,
kinder,polio,CO,2014,2013-14 school year,78.3,,,69904.0,Random Sample,0.5,
kinder,polio,CO,2015,2014-15 school year,81.4,,,70597.0,Simple random sample,0.5,
kinder,polio,CO,2016,2015-16 school year,82.3,,,69137.0,Simple random sample,0.5,
kinder,polio,CO,2017,2016-17 school year,86.1,,,64440.0,Census,100.0,
kinder,polio,CO,2018,2017-18 school year,88.6,,,65718.0,Census,100.0,
kinder,polio,CO,2019,2018-19 school year,87.2,,,64191.0,Census,100.0,
kinder,polio,CO,2020,2019-20 school year,90.6,,,69088.0,Census,98.2,
kinder,polio,CO,2021,2020-21 school year,89.8,,,63619.0,Census,97.3,
kinder,polio,CO,2022,2021-22 school year,88.8,,,66900.0,Census,97.5,
kinder,polio,CO,2023,2022-23 school year,87.0,,,65576.0,Census,97.2,
kinder,polio,CO,2024,2023-24 school year,87.9,,,61662.0,Census,100.0,
kinder,polio,CO,2025,2024-25 school year,87.6,,,60055.0,Census,100.0,
kinder,polio,CO,2026,2025-26 school year,87.3,,,60049.0,Census,100.0,
kinder,polio,CT,2010,2009-10 school year,98.3,,,46158.0,Census,100.0,
kinder,polio,CT,2011,2010-11 school year,,,,,,,
kinder,polio,CT,2012,2011-12 school year,97.7,,,45695.0,Census,100.0,
kinder,polio,CT,2013,2012-13 school year,97.2,,,41604.0,Census,100.0,
kinder,polio,CT,2014,2013-14 school year,98.7,,,40978.0,Census,100.0,
kinder,polio,CT,2015,2014-15 school year,97.0,,,39948.0,Census,100.0,
kinder,polio,CT,2016,2015-16 school year,97.0,,,39533.0,Census,100.0,
kinder,polio,CT,2017,2016-17 school year,96.8,,,39002.0,Census,100.0,
kinder,polio,CT,2018,2017-18 school year,96.5,,,39174.0,Census,100.0,
kinder,polio,CT,2019,2018-19 school year,96.0,,,38230.0,Census,100.0,
kinder,polio,CT,2020,2019-20 school year,96.3,,,38888.0,Census,100.0,
kinder,polio,CT,2021,2020-21 school year,95.2,,,34396.0,Census,100.0,
kinder,polio,CT,2022,2021-22 school year,96.0,,,35451.0,Census,100.0,
kinder,polio,CT,2023,2022-23 school year,97.3,,,35580.0,Census,100.0,
kinder,polio,CT,2024,2023-24 school year,97.8,,,36184.0,Census,100.0,
kinder,polio,CT,2025,2024-25 school year,98.3,,,30112.0,Census,100.0,
kinder,polio,CT,2026,2025-26 school year,98.5,,,33118.0,Census,100.0,
kinder,polio,DC,2010,2009-10 school year,,,,6092.0,Census,100.0,
kinder,polio,DC,2011,2010-11 school year,,,,,,,
kinder,polio,DC,2012,2011-12 school year,,,,6854.0,Census,100.0,
kinder,polio,DC,2013,2012-13 school year,,,,7842.0,Census,100.0,
kinder,polio,DC,2014,2013-14 school year,,,,7856.0,Census,100.0,
kinder,polio,DC,2015,2014-15 school year,92.2,,,7840.0,Census,100.0,
kinder,polio,DC,2016,2015-16 school year,90.7,,,8080.0,Census,100.0,
kinder,polio,DC,2020,2019-20 school year,,,,,Not Conducted,,
kinder,polio,DC,2021,2020-21 school year,80.4,,,8262.0,Census,100.0,
kinder,polio,DC,2022,2021-22 school year,84.7,,,8959.0,Census,100.0,
kinder,polio,DC,2023,2022-23 school year,87.8,,,8064.0,Census,100.0,
kinder,polio,DC,2024,2023-24 school year,89.4,,,7874.0,Census,100.0,
kinder,polio,DC,2025,2024-25 school year,92.3,,,7997.0,Census,100.0,
kinder,polio,DC,2026,2025-26 school year,94.5,,,7871.0,Census,100.0,
kinder,polio,DE,2010,2009-10 school year,89.4,,,11327.0,Random sample,9.2,
kinder,polio,DE,2011,2010-11 school year,,,,,,,
kinder,polio,DE,2012,2011-12 school year,96.9,,,11327.0,2-stage Cluster Sample,7.4,
kinder,polio,DE,2013,2012-13 school year,95.7,,,11997.0,2-stage Cluster Sample,7.8,
kinder,polio,DE,2014,2013-14 school year,96.4,,,11997.0,Stratified  2-stage cluster sample,12.2,
kinder,polio,DE,2015,2014-15 school year,98.2,,,11476.0,Stratified 2-stage cluster sample,7.9,
kinder,polio,DE,2016,2015-16 school year,98.2,,,11589.0,Stratified 2-stage cluster sample,9.5,
kinder,polio,DE,2017,2016-17 school year,99.4,,,11490.0,Stratified 2-stage cluster sample,9.3,
kinder,polio,DE,2018,2017-18 school year,97.1,,,10988.0,Stratified 2-stage cluster sample,9.5,
kinder,polio,DE,2019,2018-19 school year,98.1,,,10798.0,Stratified 2-stage cluster sample,9.5,
kinder,polio,DE,2020,2019-20 school year,,,,,Not Conducted,,
kinder,polio,DE,2021,2020-21 school year,95.9,,,10587.0,Stratified 2-stage cluster sample,9.2,
kinder,polio,DE,2022,2021-22 school year,97.1,,,11181.0,Stratified 2-stage cluster sample,9.5,
kinder,polio,DE,2023,2022-23 school year,94.0,,,10674.0,Stratified 2-stage cluster sample,9.7,
kinder,polio,DE,2024,2023-24 school year,93.8,,,11043.0,Stratified 2-stage cluster sample,12.1,
kinder,polio,DE,2025,2024-25 school year,94.9,,,10393.0,"2-stage cluster sample (pub.), nonrandom 2-stage cluster sample (prv.)",14.2,
kinder,polio,DE,2026,2025-26 school year,96.5,,,10729.0,"2-stage cluster sample (pub.), nonrandom 2-stage cluster sample (prv.)",12.9,
kinder,polio,FL,2010,2009-10 school year,91.3,,,218630.0,Census,100.0,
kinder,polio,FL,2011,2010-11 school year,,,,,,,
kinder,polio,FL,2012,2011-12 school year,92.6,,,225532.0,Census,100.0,
kinder,polio,FL,2013,2012-13 school year,92.1,,,234628.0,Census,100.0,
kinder,polio,FL,2014,2013-14 school year,93.2,,,233797.0,Census,100.0,
kinder,polio,FL,2015,2014-15 school year,93.3,,,228982.0,Census,100.0,
kinder,polio,FL,2016,2015-16 school year,93.7,,,224430.0,Census,100.0,
kinder,polio,FL,2017,2016-17 school year,94.1,,,224463.0,Census,100.0,
kinder,polio,FL,2018,2017-18 school year,93.7,,,222397.0,Census,100.0,
kinder,polio,FL,2019,2018-19 school year,93.8,,,224641.0,Census,100.0,
kinder,polio,FL,2020,2019-20 school year,93.5,,,228298.0,Census,100.0,
kinder,polio,FL,2021,2020-21 school year,93.3,,,207026.0,Census,100.0,
kinder,polio,FL,2022,2021-22 school year,91.7,,,229432.0,Census,97.8,
kinder,polio,FL,2023,2022-23 school year,90.6,,,230309.0,Census,97.7,
kinder,polio,FL,2024,2023-24 school year,88.1,,,228213.0,Census,100.0,
kinder,polio,FL,2025,2024-25 school year,88.8,,,221053.0,Census,100.0,
kinder,polio,FL,2026,2025-26 school year,88.9,,,213535.0,Census,100.0,
kinder,polio,GA,2010,2009-10 school year,100.0,,,141949.0,Random sample,1.2,
kinder,polio,GA,2011,2010-11 school year,,,,,,,
kinder,polio,GA,2012,2011-12 school year,96.7,,,143065.0,2-stage Cluster Sample,1.9,
kinder,polio,GA,2013,2012-13 school year,95.1,,,142732.0,2-stage Cluster Sample,2.4,
kinder,polio,GA,2014,2013-14 school year,94.0,,,143988.0,Census,100.0,
kinder,polio,GA,2015,2014-15 school year,94.0,,,139471.0,Census,100.0,
kinder,polio,GA,2016,2015-16 school year,94.6,,,131403.0,Census,100.0,
kinder,polio,GA,2017,2016-17 school year,93.3,,,136165.0,Census,100.0,
kinder,polio,GA,2018,2017-18 school year,93.4,,,131459.0,Census,100.0,
kinder,polio,GA,2019,2018-19 school year,93.6,,,131275.0,Census,100.0,
kinder,polio,GA,2020,2019-20 school year,93.1,,,130102.0,Census,100.0,
kinder,polio,GA,2021,2020-21 school year,88.5,,,83191.0,Census,100.0,
kinder,polio,GA,2022,2021-22 school year,83.2,,,118742.0,Census,100.0,
kinder,polio,GA,2023,2022-23 school year,88.1,,,123771.0,Census,100.0,
kinder,polio,GA,2024,2023-24 school year,88.4,,,136943.0,Census,100.0,
kinder,polio,GA,2025,2024-25 school year,86.8,,,114568.0,Census,100.0,
kinder,polio,GA,2026,2025-26 school year,89.1,,,118864.0,Census,100.0,
kinder,polio,HI,2010,2009-10 school year,,,,18427.0,Random sample,6.4,
kinder,polio,HI,2011,2010-11 school year,,,,,,,
kinder,polio,HI,2012,2011-12 school year,,,,19443.0,2-stage Cluster Sample,7.7,
kinder,polio,HI,2013,2012-13 school year,,,,20104.0,2-stage Cluster Sample,6.7,
kinder,polio,HI,2014,2013-14 school year,,,,20056.0,Stratified  2-stage cluster sample,5.4,
kinder,polio,HI,2015,2014-15 school year,,,,20085.0,Stratified 2-stage cluster sample,5.6,
kinder,polio,HI,2016,2015-16 school year,94.4,,,16325.0,Stratified 2-stage cluster sample,6.7,
kinder,polio,HI,2017,2016-17 school year,94.5,,,16325.0,Stratified 2-stage cluster sample,6.7,
kinder,polio,HI,2018,2017-18 school year,95.3,,,16325.0,Stratified 2-stage cluster sample,6.6,
kinder,polio,HI,2019,2018-19 school year,92.8,,,16051.0,Stratified 2-stage cluster sample,6.7,
kinder,polio,HI,2020,2019-20 school year,91.6,,,15695.0,Stratified 2-stage cluster sample,8.9,
kinder,polio,HI,2021,2020-21 school year,88.4,,,13074.0,Stratified 2-stage cluster sample,9.3,
kinder,polio,HI,2022,2021-22 school year,93.2,,,13368.0,Stratified 2-stage cluster sample,6.7,
kinder,polio,HI,2023,2022-23 school year,87.0,,,13195.0,Stratified 2-stage cluster sample,8.1,
kinder,polio,HI,2024,2023-24 school year,90.2,,,13995.0,Stratified 2-stage cluster sample,8.2,
kinder,polio,HI,2025,2024-25 school year,92.5,,,13804.0,Stratified 2-stage cluster sample,10.5,
kinder,polio,HI,2026,2025-26 school year,89.5,,,13791.0,Stratified 2-stage cluster sample,11.7,
kinder,polio,IA,2010,2009-10 school year,84.5,,,42698.0,Census,100.0,
kinder,polio,IA,2011,2010-11 school year,,,,,,,
kinder,polio,IA,2012,2011-12 school year,91.1,,,40978.0,Census,100.0,
kinder,polio,IA,2013,2012-13 school year,90.5,,,41701.0,Census,99.9,
kinder,polio,IA,2014,2013-14 school year,91.0,,,43728.0,Census,94.6,
kinder,polio,IA,2015,2014-15 school year,91.9,,,43239.0,Census,96.3,
kinder,polio,IA,2016,2015-16 school year,91.8,,,41215.0,Census,100.0,
kinder,polio,IA,2017,2016-17 school year,92.6,,,39587.0,Census,100.0,
kinder,polio,IA,2018,2017-18 school year,93.0,,,39632.0,Census,100.0,
kinder,polio,IA,2019,2018-19 school year,93.3,,,40624.0,Census,100.0,
kinder,polio,IA,2020,2019-20 school year,93.2,,,40812.0,Census,100.0,
kinder,polio,IA,2021,2020-21 school year,93.4,,,39141.0,Census,100.0,
kinder,polio,IA,2022,2021-22 school year,90.6,,,40111.0,Census,100.0,
kinder,polio,IA,2023,2022-23 school year,89.9,,,39178.0,Census,100.0,
kinder,polio,IA,2024,2023-24 school year,89.1,,,38611.0,Census,100.0,
kinder,polio,IA,2025,2024-25 school year,88.8,,,38268.0,Census,100.0,
kinder,polio,IA,2026,2025-26 school year,88.9,,,37490.0,Census,100.0,
kinder,polio,ID,2010,2009-10 school year,92.8,,,22624.0,Census,100.0,
kinder,polio,ID,2011,2010-11 school year,,,,,,,
kinder,polio,ID,2012,2011-12 school year,89.6,,,22762.0,Census,100.0,
kinder,polio,ID,2013,2012-13 school year,88.5,,,23888.0,Census,100.0,
kinder,polio,ID,2014,2013-14 school year,88.4,,,23934.0,Census,100.0,
kinder,polio,ID,2015,2014-15 school year,90.1,,,22968.0,Census,100.0,
kinder,polio,ID,2016,2015-16 school year,90.6,,,22686.0,Census,100.0,
kinder,polio,ID,2017,2016-17 school year,90.3,,,22589.0,Census,100.0,
kinder,polio,ID,2018,2017-18 school year,89.9,,,22553.0,Census,99.0,
kinder,polio,ID,2019,2018-19 school year,89.1,,,22995.0,Census,99.0,
kinder,polio,ID,2020,2019-20 school year,89.1,,,23301.0,Census,98.5,
kinder,polio,ID,2021,2020-21 school year,86.6,,,22677.0,Census,98.3,
kinder,polio,ID,2022,2021-22 school year,84.0,,,23854.0,Census,99.6,
kinder,polio,ID,2023,2022-23 school year,81.8,,,23721.0,Census,99.3,
kinder,polio,ID,2024,2023-24 school year,80.1,,,22376.0,Census,100.0,
kinder,polio,ID,2025,2024-25 school year,78.9,,,22242.0,Census,99.5,
kinder,polio,ID,2026,2025-26 school year,75.5,,,21728.0,Census,100.0,
kinder,polio,IL,2010,2009-10 school year,95.8,,,165845.0,Census,100.0,
kinder,polio,IL,2011,2010-11 school year,,,,,,,
kinder,polio,IL,2012,2011-12 school year,96.2,,,163311.0,Census,100.0,
kinder,polio,IL,2013,2012-13 school year,94.4,,,166884.0,Census,100.0,
kinder,polio,IL,2014,2013-14 school year,94.9,,,163316.0,Census,100.0,
kinder,polio,IL,2015,2014-15 school year,94.8,,,156942.0,Census,100.0,
kinder,polio,IL,2016,2015-16 school year,94.9,,,151309.0,Census,100.0,
kinder,polio,IL,2017,2016-17 school year,94.8,,,151309.0,Census,97.7,
kinder,polio,IL,2018,2017-18 school year,95.1,,,144858.0,Census,100.0,
kinder,polio,IL,2019,2018-19 school year,94.6,,,143876.0,Census,100.0,
kinder,polio,IL,2020,2019-20 school year,96.5,,,145891.0,Census,100.0,
kinder,polio,IL,2021,2020-21 school year,,,,,Not Conducted,,NR
kinder,polio,IL,2022,2021-22 school year,91.9,,,137699.0,Census,100.0,
kinder,polio,IL,2023,2022-23 school year,91.4,,,135332.0,Census,100.0,
kinder,polio,IL,2024,2023-24 school year,91.5,,,133578.0,Census,100.0,
kinder,polio,IL,2025,2024-25 school year,91.5,,,132769.0,Census,99.5,
kinder,polio,IL,2026,2025-26 school year,92.1,,,128598.0,Census,99.8,
kinder,polio,IN,2010,2009-10 school year,92.9,,,84390.0,Census,94.7,
kinder,polio,IN,2011,2010-11 school year,,,,,,,
kinder,polio,IN,2012,2011-12 school year,90.4,,,83416.0,Voluntary Response,67.5,
kinder,polio,IN,2013,2012-13 school year,93.4,,,86983.0,Voluntary Response,83.4,
kinder,polio,IN,2014,2013-14 school year,90.0,,,87193.0,Voluntary response,70.3,
kinder,polio,IN,2015,2014-15 school year,89.7,,,85477.0,Voluntary response,70.1,
kinder,polio,IN,2016,2015-16 school year,89.7,,,83525.0,Voluntary response,69.5,
kinder,polio,IN,2017,2016-17 school year,89.5,,,83263.0,Voluntary response,80.3,
kinder,polio,IN,2018,2017-18 school year,92.7,,,84296.0,Voluntary Response,96.4,
kinder,polio,IN,2019,2018-19 school year,91.3,,,82324.0,Census,96.4,
kinder,polio,IN,2020,2019-20 school year,90.4,,,88253.0,Voluntary response,65.7,
kinder,polio,IN,2021,2020-21 school year,89.9,,,78694.0,Voluntary response,71.4,
kinder,polio,IN,2022,2021-22 school year,89.3,,,83198.0,Vol. response,75.1,
kinder,polio,IN,2023,2022-23 school year,88.8,,,81307.0,"Vol. response (pub.), census (pvt.)",87.5,
kinder,polio,IN,2024,2023-24 school year,87.6,,,80639.0,"Census (pub.), vol. response (prv.)",88.5,
kinder,polio,IN,2025,2024-25 school year,87.7,,,73744.0,"Census (pub.), vol. response (prv.)",92.7,
kinder,polio,IN,2026,2025-26 school year,90.4,,,70886.0,Vol. response,87.1,
kinder,polio,KS,2010,2009-10 school year,97.9,,,39073.0,Stratified 1-stage sample  (Public);  Census (Private),39.1,
kinder,polio,KS,2011,2010-11 school year,,,,,,,
kinder,polio,KS,2012,2011-12 school year,96.9,,,38402.0,Stratified 1-stage sample  (Public);  Census (Private),52.7,
kinder,polio,KS,2013,2012-13 school year,86.7,,,40738.0,Stratified 1-stage sample  (Public);  Census (Private),31.8,
kinder,polio,KS,2014,2013-14 school year,86.7,,,41107.0,Stratified 1-stage sample  (Public);  Census (Private),29.0,
kinder,polio,KS,2015,2014-15 school year,90.0,,,39685.0,Stratified 2-stage cluster sample,24.5,
kinder,polio,KS,2016,2015-16 school year,88.3,,,39555.0,Stratified 2-stage cluster sample,21.0,
kinder,polio,KS,2017,2016-17 school year,88.2,,,38298.0,Stratified 2-stage cluster sample,22.9,
kinder,polio,KS,2018,2017-18 school year,88.8,,,38484.0,Stratified 2-stage cluster sample,23.1,
kinder,polio,KS,2019,2018-19 school year,89.3,,,37838.0,Stratified 2-stage cluster sample,23.1,
kinder,polio,KS,2020,2019-20 school year,93.7,,,37865.0,Stratified 2-stage cluster sample,34.3,
kinder,polio,KS,2021,2020-21 school year,92.5,,,34687.0,Stratified 2-stage cluster sample,32.7,
kinder,polio,KS,2022,2021-22 school year,92.1,,,36526.0,Stratified 1-stage cluster sample,29.5,
kinder,polio,KS,2023,2022-23 school year,92.2,,,35543.0,Stratified 1-stage cluster sample,30.8,
kinder,polio,KS,2024,2023-24 school year,91.6,,,34178.0,Stratified 2-stage cluster sample,37.1,
kinder,polio,KS,2025,2024-25 school year,92.3,,,33892.0,Stratified 2-stage cluster sample,29.2,
kinder,polio,KS,2026,2025-26 school year,,,,,Stratified 2-stage cluster sample,,
kinder,polio,KY,2010,2009-10 school year,94.1,,,56526.0,Census,92.9,
kinder,polio,KY,2011,2010-11 school year,,,,,,,
kinder,polio,KY,2012,2011-12 school year,95.0,,,58185.0,Census,91.8,
kinder,polio,KY,2013,2012-13 school year,94.3,,,58466.0,Census,97.2,
kinder,polio,KY,2014,2013-14 school year,94.3,,,57857.0,Census,100.0,
kinder,polio,KY,2015,2014-15 school year,94.7,,,57884.0,Census,97.2,
kinder,polio,KY,2016,2015-16 school year,94.3,,,54353.0,Census,99.5,
kinder,polio,KY,2017,2016-17 school year,92.7,,,51487.0,Census,92.9,
kinder,polio,KY,2018,2017-18 school year,94.0,,,55152.0,Census,99.0,
kinder,polio,KY,2019,2018-19 school year,94.1,,,55587.0,Census,99.0,
kinder,polio,KY,2020,2019-20 school year,94.1,,,59233.0,Census,92.9,
kinder,polio,KY,2021,2020-21 school year,90.1,,,59233.0,Census (public). voluntary response (private),86.4,
kinder,polio,KY,2022,2021-22 school year,87.8,,,59233.0,Census,91.5,
kinder,polio,KY,2023,2022-23 school year,91.2,,,54742.0,Census,96.9,
kinder,polio,KY,2024,2023-24 school year,91.7,,,52609.0,Census,100.0,
kinder,polio,KY,2025,2024-25 school year,86.7,,,51319.0,Census,100.0,
kinder,polio,KY,2026,2025-26 school year,91.1,,,49937.0,Census,100.0,
kinder,polio,LA,2010,2009-10 school year,98.9,,,53846.0,Census,100.0,
kinder,polio,LA,2011,2010-11 school year,,,,,,,
kinder,polio,LA,2012,2011-12 school year,99.6,,,69013.0,Census,100.0,
kinder,polio,LA,2013,2012-13 school year,99.0,,,68874.0,Census,100.0,
kinder,polio,LA,2014,2013-14 school year,99.0,,,63976.0,Census,100.0,
kinder,polio,LA,2015,2014-15 school year,98.9,,,60377.0,Census,100.0,
kinder,polio,LA,2016,2015-16 school year,96.9,,,59159.0,Census,100.0,
kinder,polio,LA,2017,2016-17 school year,97.1,,,55257.0,Census,100.0,
kinder,polio,LA,2018,2017-18 school year,95.8,,,58277.0,Census,100.0,
kinder,polio,LA,2019,2018-19 school year,98.4,,,56203.0,Census,100.0,
kinder,polio,LA,2020,2019-20 school year,98.0,,,59685.0,Census,100.0,
kinder,polio,LA,2021,2020-21 school year,98.6,,,61912.0,Census,100.0,
kinder,polio,LA,2022,2021-22 school year,97.6,,,66518.0,Census,100.0,
kinder,polio,LA,2023,2022-23 school year,98.3,,,54314.0,Census,100.0,
kinder,polio,LA,2024,2023-24 school year,95.0,,,51839.0,Census,100.0,
kinder,polio,LA,2025,2024-25 school year,96.9,,,49229.0,Census,100.0,
kinder,polio,LA,2026,2025-26 school year,91.1,,,50223.0,Census,100.0,
kinder,polio,MA,2010,2009-10 school year,92.9,,,74476.0,Census,100.0,
kinder,polio,MA,2011,2010-11 school year,,,,,,,
kinder,polio,MA,2012,2011-12 school year,93.3,,,79551.0,Census,97.5,
kinder,polio,MA,2013,2012-13 school year,94.2,,,79661.0,Census,97.6,
kinder,polio,MA,2014,2013-14 school year,94.4,,,79894.0,Census,97.9,
kinder,polio,MA,2015,2014-15 school year,95.0,,,74869.0,Census,100.0,
kinder,polio,MA,2016,2015-16 school year,96.7,,,72897.0,Census,100.0,
kinder,polio,MA,2017,2016-17 school year,96.6,,,70109.0,Census,100.0,
kinder,polio,MA,2018,2017-18 school year,96.3,,,63377.0,Census,100.0,
kinder,polio,MA,2019,2018-19 school year,96.9,,,65279.0,Census,100.0,
kinder,polio,MA,2020,2019-20 school year,97.3,,,66756.0,Census,100.0,
kinder,polio,MA,2021,2020-21 school year,95.6,,,60724.0,Census,100.0,
kinder,polio,MA,2022,2021-22 school year,96.0,,,65582.0,Census,100.0,
kinder,polio,MA,2023,2022-23 school year,96.3,,,66041.0,Census,100.0,
kinder,polio,MA,2024,2023-24 school year,96.2,,,65424.0,Census,100.0,
kinder,polio,MA,2025,2024-25 school year,96.5,,,65581.0,Census,100.0,
kinder,polio,MA,2026,2025-26 school year,96.5,,,65331.0,Census,100.0,
kinder,polio,MD,2010,2009-10 school year,99.8,,,75061.0,Voluntary response,75.0,
kinder,polio,MD,2011,2010-11 school year,,,,,,,
kinder,polio,MD,2012,2011-12 school year,99.7,,,72957.0,Voluntary Response,67.2,
kinder,polio,MD,2013,2012-13 school year,99.6,,,75007.0,Voluntary Response,84.3,
kinder,polio,MD,2014,2013-14 school year,99.2,,,75659.0,Census,96.9,
kinder,polio,MD,2015,2014-15 school year,99.7,,,75391.0,Census (public); Voluntary response (private),90.2,
kinder,polio,MD,2016,2015-16 school year,99.8,,,72012.0,Census (public); Voluntary response (private),94.3,
kinder,polio,MD,2017,2016-17 school year,98.5,,,71467.0,Census,98.1,
kinder,polio,MD,2018,2017-18 school year,98.1,,,68528.0,Census,98.5,
kinder,polio,MD,2019,2018-19 school year,97.9,,,71431.0,Census,100.0,
kinder,polio,MD,2020,2019-20 school year,98.4,,,72443.0,Census (public). voluntary response (private),98.3,
kinder,polio,MD,2021,2020-21 school year,90.1,,,65764.0,Voluntary response,75.6,
kinder,polio,MD,2022,2021-22 school year,94.8,,,53866.0,Census,98.4,
kinder,polio,MD,2023,2022-23 school year,97.2,,,59684.0,Census,100.0,
kinder,polio,MD,2024,2023-24 school year,97.0,,,63224.0,Census,100.0,
kinder,polio,MD,2025,2024-25 school year,96.9,,,66135.0,"Census (pub.), vol. response (prv.)",95.6,
kinder,polio,MD,2026,2025-26 school year,96.9,,,66945.0,"Census (pub.), vol. response (prv.)",97.8,
kinder,polio,ME,2010,2009-10 school year,95.4,,,14162.0,Voluntary response,75.3,
kinder,polio,ME,2011,2010-11 school year,,,,,,,
kinder,polio,ME,2012,2011-12 school year,96.1,,,13829.0,Census,97.0,
kinder,polio,ME,2013,2012-13 school year,95.2,,,14313.0,Census,94.6,
kinder,polio,ME,2014,2013-14 school year,93.4,,,15441.0,Voluntary response,82.4,
kinder,polio,ME,2015,2014-15 school year,95.6,,,13704.0,Voluntary response (public); Census (private),88.9,
kinder,polio,ME,2016,2015-16 school year,96.0,,,13526.0,Census,90.5,
kinder,polio,ME,2017,2016-17 school year,96.1,,,13834.0,Voluntary response (public). census (private),90.1,
kinder,polio,ME,2018,2017-18 school year,95.3,,,13255.0,Census,95.9,
kinder,polio,ME,2019,2018-19 school year,94.5,,,13419.0,Census,95.9,
kinder,polio,ME,2020,2019-20 school year,94.2,,,13450.0,Census,99.6,
kinder,polio,ME,2021,2020-21 school year,94.2,,,13477.0,Voluntary response (public). census (private),85.0,
kinder,polio,ME,2022,2021-22 school year,96.5,,,12881.0,Census,91.6,
kinder,polio,ME,2023,2022-23 school year,96.8,,,12403.0,Census,93.9,
kinder,polio,ME,2024,2023-24 school year,97.4,,,12087.0,Census,93.0,
kinder,polio,ME,2025,2024-25 school year,97.7,,,11761.0,Census,95.4,
kinder,polio,ME,2026,2025-26 school year,97.9,,,11634.0,Census,94.4,
kinder,polio,MI,2010,2009-10 school year,96.6,,,129810.0,Census,100.0,
kinder,polio,MI,2011,2010-11 school year,,,,,,,
kinder,polio,MI,2012,2011-12 school year,95.9,,,124962.0,Census,100.0,
kinder,polio,MI,2013,2012-13 school year,95.5,,,124662.0,Census,100.0,
kinder,polio,MI,2014,2013-14 school year,95.4,,,120297.0,Census,100.0,
kinder,polio,MI,2015,2014-15 school year,95.6,,,117963.0,Census,100.0,
kinder,polio,MI,2016,2015-16 school year,96.3,,,116299.0,Census,100.0,
kinder,polio,MI,2017,2016-17 school year,96.2,,,118777.0,Census,100.0,
kinder,polio,MI,2018,2017-18 school year,95.7,,,119028.0,Census,100.0,
kinder,polio,MI,2019,2018-19 school year,95.2,,,118632.0,Census,100.0,
kinder,polio,MI,2020,2019-20 school year,95.3,,,120565.0,Census,100.0,
kinder,polio,MI,2021,2020-21 school year,95.9,,,106657.0,Census,100.0,
kinder,polio,MI,2022,2021-22 school year,94.8,,,114251.0,Census,100.0,
kinder,polio,MI,2023,2022-23 school year,93.7,,,113678.0,Census,100.0,
kinder,polio,MI,2024,2023-24 school year,92.7,,,110156.0,Census,100.0,
kinder,polio,MI,2025,2024-25 school year,92.2,,,107636.0,Census,100.0,
kinder,polio,MI,2026,2025-26 school year,91.5,,,104614.0,Census,100.0,
kinder,polio,MN,2010,2009-10 school year,94.8,,,70653.0,Census,100.0,
kinder,polio,MN,2011,2010-11 school year,,,,,,,
kinder,polio,MN,2012,2011-12 school year,95.8,,,71213.0,Census,99.2,
kinder,polio,MN,2013,2012-13 school year,96.7,,,73310.0,Census,100.0,
kinder,polio,MN,2014,2013-14 school year,96.6,,,72087.0,Census,98.5,
kinder,polio,MN,2015,2014-15 school year,94.3,,,70896.0,Census,97.8,
kinder,polio,MN,2016,2015-16 school year,93.7,,,69710.0,Census,97.8,
kinder,polio,MN,2017,2016-17 school year,93.7,,,69140.0,Census,96.7,
kinder,polio,MN,2018,2017-18 school year,93.0,,,69807.0,Census,98.1,
kinder,polio,MN,2019,2018-19 school year,92.8,,,70085.0,Census,98.1,
kinder,polio,MN,2020,2019-20 school year,92.8,,,71223.0,Census,98.7,
kinder,polio,MN,2021,2020-21 school year,89.7,,,66007.0,Census,95.2,
kinder,polio,MN,2022,2021-22 school year,89.3,,,69403.0,Census,98.7,
kinder,polio,MN,2023,2022-23 school year,88.6,,,68152.0,Census,97.9,
kinder,polio,MN,2024,2023-24 school year,88.1,,,66032.0,Census,99.1,
kinder,polio,MN,2025,2024-25 school year,87.5,,,64898.0,Census,99.7,
kinder,polio,MN,2026,2025-26 school year,86.7,,,63451.0,Census,99.9,
kinder,polio,MO,2010,2009-10 school year,98.1,,,75958.0,Random sample,3.0,
kinder,polio,MO,2011,2010-11 school year,,,,,,,
kinder,polio,MO,2012,2011-12 school year,97.2,,,75240.0,2-stage Cluster Sample,4.7,
kinder,polio,MO,2013,2012-13 school year,96.9,,,78416.0,2-stage Cluster Sample,5.9,
kinder,polio,MO,2014,2013-14 school year,95.9,,,78140.0,Census,100.0,
kinder,polio,MO,2015,2014-15 school year,96.3,,,75900.0,Census,100.0,
kinder,polio,MO,2016,2015-16 school year,96.0,,,74413.0,Census,100.0,
kinder,polio,MO,2017,2016-17 school year,95.6,,,73355.0,Census,100.0,
kinder,polio,MO,2018,2017-18 school year,95.5,,,73113.0,Census,100.0,
kinder,polio,MO,2019,2018-19 school year,95.0,,,72687.0,Census,100.0,
kinder,polio,MO,2020,2019-20 school year,94.9,,,72324.0,Census,100.0,
kinder,polio,MO,2021,2020-21 school year,92.9,,,63093.0,Census,100.0,
kinder,polio,MO,2022,2021-22 school year,91.9,,,71034.0,Census,100.0,
kinder,polio,MO,2023,2022-23 school year,91.5,,,69126.0,Census,100.0,
kinder,polio,MO,2024,2023-24 school year,91.0,,,69014.0,Census,100.0,
kinder,polio,MO,2025,2024-25 school year,90.7,,,68163.0,Census,100.0,
kinder,polio,MO,2026,2025-26 school year,89.6,,,66610.0,Census,100.0,
kinder,polio,MS,2010,2009-10 school year,99.7,,,46922.0,Census,100.0,
kinder,polio,MS,2011,2010-11 school year,,,,,,,
kinder,polio,MS,2012,2011-12 school year,99.2,,,44912.0,Census,100.0,
kinder,polio,MS,2013,2012-13 school year,99.9,,,46595.0,Census,100.0,
kinder,polio,MS,2014,2013-14 school year,99.7,,,45719.0,Census,100.0,
kinder,polio,MS,2015,2014-15 school year,99.2,,,44129.0,Census,100.0,
kinder,polio,MS,2016,2015-16 school year,99.4,,,41042.0,Census,100.0,
kinder,polio,MS,2017,2016-17 school year,99.4,,,40509.0,Census,100.0,
kinder,polio,MS,2018,2017-18 school year,99.4,,,39284.0,Census,100.0,
kinder,polio,MS,2019,2018-19 school year,99.2,,,37775.0,Census,100.0,
kinder,polio,MS,2020,2019-20 school year,99.1,,,37870.0,Census,100.0,
kinder,polio,MS,2021,2020-21 school year,98.9,,,34028.0,Census,100.0,
kinder,polio,MS,2022,2021-22 school year,98.6,,,36524.0,Census,100.0,
kinder,polio,MS,2023,2022-23 school year,98.4,,,36048.0,Census,100.0,
kinder,polio,MS,2024,2023-24 school year,97.5,,,36105.0,Census,100.0,
kinder,polio,MS,2025,2024-25 school year,97.6,,,35293.0,Census,100.0,
kinder,polio,MS,2026,2025-26 school year,97.0,,,34969.0,Census,100.0,
kinder,polio,MT,2010,2009-10 school year,96.9,,,12335.0,Census,98.8,
kinder,polio,MT,2011,2010-11 school year,,,,,,,
kinder,polio,MT,2012,2011-12 school year,95.7,,,12128.0,Census,100.0,
kinder,polio,MT,2013,2012-13 school year,95.0,,,12516.0,Census,95.8,
kinder,polio,MT,2014,2013-14 school year,95.3,,,12855.0,Census,95.4,
kinder,polio,MT,2015,2014-15 school year,95.2,,,12501.0,Census (public); Voluntary response (private),95.7,
kinder,polio,MT,2016,2015-16 school year,95.3,,,11484.0,Census,100.0,
kinder,polio,MT,2017,2016-17 school year,94.2,,,11956.0,Census,100.0,
kinder,polio,MT,2018,2017-18 school year,93.8,,,12188.0,Census,100.0,
kinder,polio,MT,2019,2018-19 school year,93.7,,,12480.0,Census,100.0,
kinder,polio,MT,2020,2019-20 school year,93.8,,,12501.0,Census,100.0,
kinder,polio,MT,2021,2020-21 school year,92.9,,,11279.0,Census,100.0,
kinder,polio,NC,2010,2009-10 school year,,,,116087.0,Census,96.0,
kinder,polio,NC,2011,2010-11 school year,,,,,,,
kinder,polio,NC,2012,2011-12 school year,,,,128854.0,Census,95.4,
kinder,polio,NC,2013,2012-13 school year,,,,130612.0,Census,97.3,
kinder,polio,NC,2014,2013-14 school year,,,,126084.0,Census,97.7,
kinder,polio,NC,2015,2014-15 school year,96.7,,,129792.0,Census (public). Voluntary response (private),95.0,
kinder,polio,NC,2016,2015-16 school year,97.1,,,128290.0,Census (public). Voluntary response (private),92.0,
kinder,polio,NC,2017,2016-17 school year,96.2,,,126454.0,Voluntary response,88.2,
kinder,polio,NC,2018,2017-18 school year,97.0,,,127197.0,Census,90.9,
kinder,polio,NC,2019,2018-19 school year,93.3,,,124343.0,Census (public). voluntary response (private),90.9,
kinder,polio,NC,2020,2019-20 school year,95.5,,,124548.0,Census,97.8,
kinder,polio,NC,2021,2020-21 school year,95.2,,,120995.0,Census (public). voluntary response (private),89.0,
kinder,polio,NC,2022,2021-22 school year,96.1,,,118191.0,Vol. response,78.5,
kinder,polio,NC,2023,2022-23 school year,93.9,,,125679.0,Vol. response,83.1,
kinder,polio,NC,2024,2023-24 school year,93.8,,,125964.0,"Census (pub.), vol. response (prv.)",90.8,
kinder,polio,NC,2025,2024-25 school year,94.2,,,124028.0,"Census (pub.), vol. response (prv.)",91.0,
kinder,polio,NC,2026,2025-26 school year,93.6,,,120045.0,"Census (pub.), vol. response (prv.)",90.1,
kinder,polio,ND,2010,2009-10 school year,92.2,,,8323.0,Random sample,6.0,
kinder,polio,ND,2011,2010-11 school year,,,,,,,
kinder,polio,ND,2012,2011-12 school year,90.6,,,8412.0,Convenient,5.8,
kinder,polio,ND,2013,2012-13 school year,92.7,,,9503.0,2-stage Cluster Sample,4.9,
kinder,polio,ND,2014,2013-14 school year,90.7,,,9780.0,Census (Public); Stratified  2-stage cluster sample(Private),96.1,
kinder,polio,ND,2015,2014-15 school year,90.9,,,10017.0,Census,99.9,
kinder,polio,ND,2016,2015-16 school year,91.2,,,9875.0,Census,97.1,
kinder,polio,ND,2017,2016-17 school year,94.0,,,9799.0,Census,98.7,
kinder,polio,ND,2018,2017-18 school year,94.4,,,10365.0,Census,99.4,
kinder,polio,ND,2019,2018-19 school year,93.8,,,10382.0,Census,99.4,
kinder,polio,ND,2020,2019-20 school year,94.6,,,10587.0,Census,99.5,
kinder,polio,ND,2021,2020-21 school year,93.2,,,10116.0,Census,99.1,
kinder,polio,ND,2022,2021-22 school year,91.7,,,10755.0,Census,96.6,
kinder,polio,ND,2023,2022-23 school year,91.9,,,10554.0,Census,99.4,
kinder,polio,ND,2024,2023-24 school year,91.0,,,9708.0,Census,97.5,
kinder,polio,ND,2025,2024-25 school year,89.1,,,9659.0,Census,98.8,
kinder,polio,ND,2026,2025-26 school year,88.7,,,9344.0,Census,98.6,
kinder,polio,NE,2010,2009-10 school year,98.7,,,29607.0,Census,96.4,
kinder,polio,NE,2011,2010-11 school year,,,,,,,
kinder,polio,NE,2012,2011-12 school year,99.5,,,26715.0,Census,96.6,
kinder,polio,NE,2013,2012-13 school year,97.5,,,24999.0,Census,96.6,
kinder,polio,NE,2014,2013-14 school year,97.1,,,27000.0,Census,97.3,
kinder,polio,NE,2015,2014-15 school year,97.6,,,26665.0,Census,100.0,
kinder,polio,NE,2016,2015-16 school year,97.1,,,30409.0,Census,100.0,
kinder,polio,NE,2017,2016-17 school year,97.6,,,27117.0,Census,100.0,
kinder,polio,NE,2018,2017-18 school year,96.7,,,26313.0,Census,98.6,
kinder,polio,NE,2019,2018-19 school year,97.5,,,26925.0,Census,98.6,
kinder,polio,NE,2020,2019-20 school year,97.4,,,26893.0,Census,96.7,
kinder,polio,NE,2021,2020-21 school year,97.0,,,25681.0,Census (public). voluntary response (private),94.8,
kinder,polio,NE,2022,2021-22 school year,97.6,,,25018.0,Census,99.5,
kinder,polio,NE,2023,2022-23 school year,97.0,,,23176.0,Census,100.0,
kinder,polio,NE,2024,2023-24 school year,95.7,,,23118.0,Census,100.0,
kinder,polio,NE,2025,2024-25 school year,96.0,,,24102.0,Census,100.0,
kinder,polio,NE,2026,2025-26 school year,95.6,,,23807.0,Census,100.0,
kinder,polio,NH,2010,2009-10 school year,,,,,Not conducted,,
kinder,polio,NH,2011,2010-11 school year,,,,,,,
kinder,polio,NH,2012,2011-12 school year,,,,13022.0,Census,100.0,
kinder,polio,NH,2013,2012-13 school year,,,,12943.0,Census,99.2,
kinder,polio,NH,2014,2013-14 school year,94.7,,,13240.0,Census,100.0,
kinder,polio,NH,2015,2014-15 school year,91.4,,,12422.0,Census (public); Voluntary response (private),98.9,
kinder,polio,NH,2016,2015-16 school year,91.9,,,11852.0,Census,99.8,
kinder,polio,NH,2017,2016-17 school year,91.5,,,12145.0,Census,100.0,
kinder,polio,NH,2018,2017-18 school year,92.4,,,12165.0,Census,100.0,
kinder,polio,NH,2019,2018-19 school year,91.8,,,12421.0,Census,100.0,
kinder,polio,NH,2020,2019-20 school year,91.5,,,12447.0,Census,100.0,
kinder,polio,NH,2021,2020-21 school year,90.8,,,10242.0,Voluntary response,57.0,
kinder,polio,NH,2022,2021-22 school year,88.7,,,12157.0,Census,100.0,
kinder,polio,NH,2023,2022-23 school year,89.4,,,11332.0,Census,100.0,
kinder,polio,NH,2024,2023-24 school year,89.2,,,11871.0,Census,100.0,
kinder,polio,NH,2025,2024-25 school year,89.2,,,11713.0,Census,100.0,
kinder,polio,NH,2026,2025-26 school year,88.2,,,11544.0,Census,100.0,
kinder,polio,NJ,2010,2009-10 school year,,,,118347.0,Census,95.1,
kinder,polio,NJ,2011,2010-11 school year,,,,,,,
kinder,polio,NJ,2012,2011-12 school year,,,,118669.0,Census,96.6,
kinder,polio,NJ,2013,2012-13 school year,97.0,,,122516.0,Census,96.7,
kinder,polio,NJ,2014,2013-14 school year,96.8,,,123085.0,Census,95.4,
kinder,polio,NJ,2015,2014-15 school year,92.3,,,120471.0,Census (public); Voluntary response (private),93.9,
kinder,polio,NJ,2016,2015-16 school year,96.3,,,110116.0,Census,100.0,
kinder,polio,NJ,2017,2016-17 school year,96.5,,,109577.0,Census,100.0,
kinder,polio,NJ,2018,2017-18 school year,96.1,,,107630.0,Census,100.0,
kinder,polio,NJ,2019,2018-19 school year,95.0,,,109161.0,Census,100.0,
kinder,polio,NJ,2020,2019-20 school year,95.9,,,107900.0,Census,100.0,
kinder,polio,NJ,2021,2020-21 school year,94.3,,,100144.0,Census,100.0,
kinder,polio,NJ,2022,2021-22 school year,94.1,,,104240.0,Census,100.0,
kinder,polio,NJ,2023,2022-23 school year,94.3,,,104468.0,Census,100.0,
kinder,polio,NJ,2024,2023-24 school year,93.2,,,105408.0,Census,100.0,
kinder,polio,NJ,2025,2024-25 school year,92.8,,,104339.0,Census,100.0,
kinder,polio,NJ,2026,2025-26 school year,92.5,,,101602.0,Census,92.3,
kinder,polio,NM,2010,2009-10 school year,99.3,,,26318.0,Random sample,2.2,
kinder,polio,NM,2011,2010-11 school year,,,,,,,
kinder,polio,NM,2012,2011-12 school year,97.6,,,29159.0,2-stage Cluster Sample,2.0,
kinder,polio,NM,2013,2012-13 school year,96.8,,,29279.0,2-stage Cluster Sample,3.3,
kinder,polio,NM,2014,2013-14 school year,97.4,,,30725.0,Stratified  2-stage cluster sample,2.7,
kinder,polio,NM,2015,2014-15 school year,97.9,,,29918.0,Stratified 2-stage cluster sample,3.3,
kinder,polio,NM,2016,2015-16 school year,95.6,,,29049.0,Stratified 2-stage cluster sample,2.7,
kinder,polio,NM,2017,2016-17 school year,95.1,,,27119.0,Stratified 2-stage cluster sample,4.5,
kinder,polio,NM,2018,2017-18 school year,94.8,,,26896.0,Stratified 2-stage cluster sample,99.6,
kinder,polio,NM,2019,2018-19 school year,96.1,,,25269.0,Census,99.6,
kinder,polio,NM,2020,2019-20 school year,96.9,,,23087.0,Census,100.0,
kinder,polio,NM,2021,2020-21 school year,95.7,,,20589.0,Census,100.0,
kinder,polio,NM,2022,2021-22 school year,94.3,,,20736.0,Census,100.0,
kinder,polio,NM,2023,2022-23 school year,95.0,,,21068.0,Census,100.0,
kinder,polio,NM,2024,2023-24 school year,95.0,,,20699.0,Census,100.0,
kinder,polio,NM,2025,2024-25 school year,94.9,,,20180.0,Census,100.0,
kinder,polio,NM,2026,2025-26 school year,94.9,,,19843.0,Census,100.0,
kinder,polio,NV,2010,2009-10 school year,98.7,,,35209.0,Random sample,5.6,
kinder,polio,NV,2011,2010-11 school year,,,,,,,
kinder,polio,NV,2012,2011-12 school year,98.3,,,36557.0,2-stage Cluster Sample,5.2,
kinder,polio,NV,2013,2012-13 school year,97.4,,,36070.0,2-stage Cluster Sample,4.3,
kinder,polio,NV,2014,2013-14 school year,94.8,,,35782.0,Stratified  2-stage cluster sample,3.1,
kinder,polio,NV,2015,2014-15 school year,93.7,,,36755.0,Stratified 2-stage cluster sample,2.8,
kinder,polio,NV,2016,2015-16 school year,95.6,,,37118.0,Stratified 2-stage cluster sample,3.3,
kinder,polio,NV,2017,2016-17 school year,90.4,,,36885.0,Stratified 2-stage cluster sample,3.7,
kinder,polio,NV,2018,2017-18 school year,93.8,,,37178.0,Stratified 2-stage cluster sample,4.8,
kinder,polio,NV,2019,2018-19 school year,95.4,,,37971.0,Stratified 2-stage cluster sample,4.8,
kinder,polio,NV,2020,2019-20 school year,95.0,,,37724.0,Census,99.9,
kinder,polio,NV,2021,2020-21 school year,96.1,,,34171.0,Census (public). voluntary response (private),94.7,
kinder,polio,NV,2022,2021-22 school year,92.2,,,36855.0,"Census (pub.), vol. response (pvt.)",99.2,
kinder,polio,NV,2023,2022-23 school year,92.8,,,34333.0,"Vol. response (pub.), census (pvt.)",89.1,
kinder,polio,NV,2024,2023-24 school year,91.5,,,31261.0,Census,91.3,
kinder,polio,NV,2025,2024-25 school year,90.9,,,33272.0,"Census (pub.), vol. response (prv.)",92.6,
kinder,polio,NV,2026,2025-26 school year,90.4,,,32815.0,"Census (pub.), vol. response (prv.)",93.6,
kinder,polio,NY,2010,2009-10 school year,98.4,,,229273.0,Census,100.0,
kinder,polio,NY,2011,2010-11 school year,,,,,,,
kinder,polio,NY,2012,2011-12 school year,98.4,,,236016.0,Census,100.0,
kinder,polio,NY,2013,2012-13 school year,98.4,,,239484.0,Census,100.0,
kinder,polio,NY,2014,2013-14 school year,98.1,,,240318.0,Census,100.0,
kinder,polio,NY,2015,2014-15 school year,97.5,,,237045.0,Census,100.0,
kinder,polio,NY,2016,2015-16 school year,94.0,,,232521.0,Census,100.0,
kinder,polio,NY,2017,2016-17 school year,97.1,,,227050.0,Census,100.0,
kinder,polio,NY,2018,2017-18 school year,97.0,,,226456.0,Census,100.0,
kinder,polio,NY,2019,2018-19 school year,96.8,,,220495.0,Census,100.0,
kinder,polio,NY,2020,2019-20 school year,97.2,,,234165.0,Census,99.9,
kinder,polio,NY,2021,2020-21 school year,97.9,,,216804.0,Census (public). voluntary response (private),91.5,
kinder,polio,NY,2022,2021-22 school year,97.4,,,195377.0,Census,99.3,
kinder,polio,NY,2023,2022-23 school year,97.5,,,205906.0,"Census (pub.), vol. response (pvt.)",96.6,
kinder,polio,NY,2024,2023-24 school year,97.1,,,200894.0,Census,98.8,
kinder,polio,NY,2025,2024-25 school year,97.6,,,234054.0,Vol. response,85.1,
kinder,polio,NY,2026,2025-26 school year,97.6,,,203514.0,"Census (pub.), vol. response (prv.)",95.8,
kinder,polio,OH,2010,2009-10 school year,88.3,,,131137.0,Census,100.0,
kinder,polio,OH,2011,2010-11 school year,,,,,,,
kinder,polio,OH,2012,2011-12 school year,96.2,,,146144.0,Convenient,94.5,
kinder,polio,OH,2013,2012-13 school year,96.5,,,163687.0,Census,86.9,
kinder,polio,OH,2014,2013-14 school year,96.4,,,150000.0,Census,92.5,
kinder,polio,OH,2015,2014-15 school year,92.5,,,149080.0,Census (public); Voluntary response (private),91.0,
kinder,polio,OH,2016,2015-16 school year,92.4,,,144604.0,Census (public); Voluntary response (private),93.7,
kinder,polio,OH,2017,2016-17 school year,92.7,,,137542.0,Census,95.5,
kinder,polio,OH,2018,2017-18 school year,92.3,,,138753.0,Census,94.9,
kinder,polio,OH,2019,2018-19 school year,92.0,,,139679.0,Census (public). voluntary response (private),94.9,
kinder,polio,OH,2020,2019-20 school year,92.7,,,139103.0,Census,98.8,
kinder,polio,OH,2021,2020-21 school year,89.4,,,128535.0,Census (public). voluntary response (private),91.1,
kinder,polio,OH,2022,2021-22 school year,88.9,,,139077.0,"Census (pub.), vol. response (pvt.)",91.9,
kinder,polio,OH,2023,2022-23 school year,89.7,,,134893.0,"Census (pub.), vol. response (pvt.)",93.7,
kinder,polio,OH,2024,2023-24 school year,89.6,,,133716.0,"Census (pub.), vol. response (prv.)",94.0,
kinder,polio,OH,2025,2024-25 school year,88.6,,,131589.0,"Census (pub.), vol. response (prv.)",93.2,
kinder,polio,OH,2026,2025-26 school year,88.4,,,129087.0,"Census (pub.), vol. response (prv.)",95.9,
kinder,polio,OK,2010,2009-10 school year,97.6,,,51128.0,Voluntary response,88.9,
kinder,polio,OK,2011,2010-11 school year,,,,,,,
kinder,polio,OK,2012,2011-12 school year,94.6,,,52987.0,Census,90.9,
kinder,polio,OK,2013,2012-13 school year,90.6,,,56943.0,Census,95.5,
kinder,polio,OK,2014,2013-14 school year,96.5,,,57377.0,Voluntary response,71.3,
kinder,polio,OK,2015,2014-15 school year,90.4,,,56967.0,Census,95.9,
kinder,polio,OK,2016,2015-16 school year,95.9,,,54335.0,Census,96.1,
kinder,polio,OK,2017,2016-17 school year,,,,52184.0,Census,0.0,
kinder,polio,OK,2018,2017-18 school year,93.7,,,53898.0,Census (public). voluntary response (private),92.1,
kinder,polio,OK,2019,2018-19 school year,93.0,,,54806.0,Census (public). voluntary response (private),92.1,
kinder,polio,OK,2020,2019-20 school year,94.1,,,55348.0,Voluntary response,85.6,
kinder,polio,OK,2021,2020-21 school year,91.3,,,52656.0,Census (public). voluntary response (private),90.0,
kinder,polio,OK,2022,2021-22 school year,91.9,,,54042.0,Vol. response,84.3,
kinder,polio,OK,2023,2022-23 school year,91.0,,,52548.0,"Census (pub.), vol. response (pvt.)",89.5,
kinder,polio,OK,2024,2023-24 school year,91.4,,,49979.0,"Census (pub.), vol. response (prv.)",93.8,
kinder,polio,OK,2025,2024-25 school year,90.4,,,47544.0,Vol. response,86.7,
kinder,polio,OK,2026,2025-26 school year,88.9,,,47844.0,"Census (pub.), vol. response (prv.)",90.7,
kinder,polio,OR,2010,2009-10 school year,94.3,,,44676.0,Census,100.0,
kinder,polio,OR,2011,2010-11 school year,,,,,,,
kinder,polio,OR,2012,2011-12 school year,94.0,,,45855.0,Census,100.0,
kinder,polio,OR,2013,2012-13 school year,93.6,,,47102.0,Census,100.0,
kinder,polio,OR,2014,2013-14 school year,93.3,,,47649.0,Census,100.0,
kinder,polio,OR,2015,2014-15 school year,94.0,,,46229.0,Census,100.0,
kinder,polio,OR,2016,2015-16 school year,93.7,,,45531.0,Census,100.0,
kinder,polio,OR,2017,2016-17 school year,93.5,,,45705.0,Census,100.0,
kinder,polio,OR,2018,2017-18 school year,92.7,,,45818.0,Census,100.0,
kinder,polio,OR,2019,2018-19 school year,92.7,,,45870.0,Census,100.0,
kinder,polio,OR,2020,2019-20 school year,92.8,,,45959.0,Census,100.0,
kinder,polio,OR,2021,2020-21 school year,92.0,,,39568.0,Census,100.0,
kinder,polio,OR,2022,2021-22 school year,92.3,,,41538.0,Census,100.0,
kinder,polio,OR,2023,2022-23 school year,91.5,,,40963.0,Census,100.0,
kinder,polio,OR,2024,2023-24 school year,91.1,,,39568.0,Census,100.0,
kinder,polio,OR,2025,2024-25 school year,90.4,,,38247.0,Census,100.0,
kinder,polio,OR,2026,2025-26 school year,89.6,,,37309.0,Census,100.0,
kinder,polio,PA,2010,2009-10 school year,94.4,,,149656.0,Census,100.0,
kinder,polio,PA,2011,2010-11 school year,,,,,,,
kinder,polio,PA,2012,2011-12 school year,95.5,,,148042.0,Census,99.0,
kinder,polio,PA,2013,2012-13 school year,94.9,,,151364.0,Census,97.5,
kinder,polio,PA,2014,2013-14 school year,93.2,,,151253.0,Census,100.0,
kinder,polio,PA,2015,2014-15 school year,97.0,,,146378.0,Census,98.3,
kinder,polio,PA,2016,2015-16 school year,97.8,,,143298.0,Census (public); Voluntary response (private),93.2,
kinder,polio,PA,2017,2016-17 school year,97.2,,,143888.0,Voluntary response,84.4,
kinder,polio,PA,2018,2017-18 school year,96.5,,,141571.0,Voluntary response,93.3,
kinder,polio,PA,2019,2018-19 school year,96.2,,,143560.0,Census (public). voluntary response (private),93.3,
kinder,polio,PA,2020,2019-20 school year,96.5,,,140197.0,Census,98.8,
kinder,polio,PA,2021,2020-21 school year,95.4,,,129307.0,Census (public). voluntary response (private),95.0,
kinder,polio,PA,2022,2021-22 school year,95.1,,,139558.0,"Census (pub.), vol. response (pvt.)",94.9,
kinder,polio,PA,2023,2022-23 school year,94.1,,,137259.0,"Census (pub.), vol. response (pvt.)",97.2,
kinder,polio,PA,2024,2023-24 school year,93.4,,,137593.0,Census,96.5,
kinder,polio,PA,2025,2024-25 school year,92.4,,,140160.0,"Census (pub.), vol. response (prv.)",95.3,
kinder,polio,PA,2026,2025-26 school year,92.6,,,134313.0,"Census (pub.), vol. response (prv.)",95.7,
kinder,polio,RI,2010,2009-10 school year,90.1,,,11818.0,Random sample,11.6,
kinder,polio,RI,2011,2010-11 school year,,,,,,,
kinder,polio,RI,2012,2011-12 school year,92.6,,,12552.0,2-stage Cluster Sample,13.9,
kinder,polio,RI,2013,2012-13 school year,95.5,,,12552.0,Voluntary Response,75.2,
kinder,polio,RI,2014,2013-14 school year,96.0,,,11521.0,Census,99.1,
kinder,polio,RI,2015,2014-15 school year,96.2,,,11163.0,Census,98.9,
kinder,polio,RI,2016,2015-16 school year,97.0,,,11165.0,Census,100.0,
kinder,polio,RI,2017,2016-17 school year,95.8,,,11100.0,Census,98.4,
kinder,polio,RI,2018,2017-18 school year,96.3,,,11025.0,Census,100.0,
kinder,polio,RI,2019,2018-19 school year,97.6,,,10964.0,Census,100.0,
kinder,polio,RI,2020,2019-20 school year,97.5,,,11219.0,Census,98.5,
kinder,polio,RI,2021,2020-21 school year,96.9,,,10402.0,Census,93.0,
kinder,polio,RI,2022,2021-22 school year,97.1,,,11002.0,Census,96.9,
kinder,polio,RI,2023,2022-23 school year,96.9,,,10532.0,Census,96.5,
kinder,polio,RI,2024,2023-24 school year,96.7,,,10539.0,Census,97.8,
kinder,polio,RI,2025,2024-25 school year,96.7,,,10088.0,Census,96.7,
kinder,polio,RI,2026,2025-26 school year,96.5,,,10123.0,Census,97.1,
kinder,polio,SC,2010,2009-10 school year,87.7,,,53725.0,Random sample,10.2,
kinder,polio,SC,2011,2010-11 school year,,,,,,,
kinder,polio,SC,2012,2011-12 school year,96.7,,,59307.0,1-stage Cluster Sample,10.7,
kinder,polio,SC,2013,2012-13 school year,90.9,,,61799.0,1-Stage Cluster Sample,17.9,
kinder,polio,SC,2014,2013-14 school year,97.6,,,61661.0,1-stage stratified sample,11.0,
kinder,polio,SC,2015,2014-15 school year,97.7,,,62864.0,Stratified 1-stage cluster sample,12.2,
kinder,polio,SC,2016,2015-16 school year,97.5,,,59240.0,Stratified 1-stage cluster sample,8.9,
kinder,polio,SC,2017,2016-17 school year,96.5,,,59177.0,Stratified 1-stage cluster sample,8.9,
kinder,polio,SC,2018,2017-18 school year,97.0,,,58458.0,Stratified 1-stage cluster sample,27.0,
kinder,polio,SC,2019,2018-19 school year,95.0,,,58442.0,Stratified 1-stage cluster sample,27.0,
kinder,polio,SC,2020,2019-20 school year,95.4,,,65938.0,Stratified 1-stage cluster sample,27.5,
kinder,polio,SC,2021,2020-21 school year,95.3,,,56330.0,Stratified 1-stage cluster sample,26.5,
kinder,polio,SC,2022,2021-22 school year,91.9,,,58276.0,1-stage cluster sample,27.2,
kinder,polio,SC,2023,2022-23 school year,92.4,,,58878.0,Stratified 1-stage cluster sample,28.1,
kinder,polio,SC,2024,2023-24 school year,92.6,,,58069.0,Stratified 1-stage cluster sample,26.7,
kinder,polio,SC,2025,2024-25 school year,91.8,,,57718.0,Stratified 1-stage cluster sample,34.3,
kinder,polio,SC,2026,2025-26 school year,93.6,,,57542.0,Stratified 1-stage cluster sample,26.2,
kinder,polio,SD,2010,2009-10 school year,97.8,,,11499.0,Census,100.0,
kinder,polio,SD,2011,2010-11 school year,,,,,,,
kinder,polio,SD,2012,2011-12 school year,97.2,,,12127.0,Census,100.0,
kinder,polio,SD,2013,2012-13 school year,97.6,,,12468.0,Census,100.0,
kinder,polio,SD,2014,2013-14 school year,96.4,,,12566.0,Census,100.0,
kinder,polio,SD,2015,2014-15 school year,96.8,,,12008.0,Census,100.0,
kinder,polio,SD,2016,2015-16 school year,96.3,,,12181.0,Census,100.0,
kinder,polio,SD,2017,2016-17 school year,96.5,,,12106.0,Census,99.8,
kinder,polio,SD,2018,2017-18 school year,96.5,,,12125.0,Census,99.9,
kinder,polio,SD,2019,2018-19 school year,95.9,,,12062.0,Census,99.9,
kinder,polio,SD,2020,2019-20 school year,96.0,,,12367.0,Census,99.8,
kinder,polio,SD,2021,2020-21 school year,94.5,,,11512.0,Census,99.9,
kinder,polio,SD,2022,2021-22 school year,93.6,,,12251.0,Census,100.0,
kinder,polio,SD,2023,2022-23 school year,92.3,,,12081.0,Census,100.0,
kinder,polio,SD,2024,2023-24 school year,91.0,,,11744.0,Census,99.8,
kinder,polio,SD,2025,2024-25 school year,89.9,,,11367.0,Census,99.3,
kinder,polio,SD,2026,2025-26 school year,88.6,,,11009.0,Census,100.0,
kinder,polio,TN,2010,2009-10 school year,97.4,,,90811.0,Voluntary response,88.1,
kinder,polio,TN,2011,2010-11 school year,,,,,,,
kinder,polio,TN,2012,2011-12 school year,97.3,,,83950.0,Census,99.9,
kinder,polio,TN,2013,2012-13 school year,94.5,,,85801.0,Census,97.0,
kinder,polio,TN,2014,2013-14 school year,94.9,,,80212.0,Census,99.8,
kinder,polio,TN,2015,2014-15 school year,95.1,,,78276.0,Census,100.0,
kinder,polio,TN,2016,2015-16 school year,93.6,,,79233.0,Census,100.0,
kinder,polio,TN,2017,2016-17 school year,96.8,,,78169.0,Census,100.0,
kinder,polio,TN,2018,2017-18 school year,96.7,,,78743.0,Census,100.0,
kinder,polio,TN,2019,2018-19 school year,96.2,,,78630.0,Census,100.0,
kinder,polio,TN,2020,2019-20 school year,96.5,,,80595.0,Census,100.0,
kinder,polio,TN,2021,2020-21 school year,96.5,,,73819.0,Census,100.0,
kinder,polio,TN,2022,2021-22 school year,95.4,,,79120.0,Census,100.0,
kinder,polio,TN,2023,2022-23 school year,95.0,,,79692.0,Census,100.0,
kinder,polio,TN,2024,2023-24 school year,94.6,,,79323.0,Census,95.8,
kinder,polio,TN,2025,2024-25 school year,94.2,,,78299.0,Census,96.7,
kinder,polio,TN,2026,2025-26 school year,94.2,,,73415.0,Census,97.4,
kinder,polio,TX,2010,2009-10 school year,98.1,,,381425.0,Census,98.3,
kinder,polio,TX,2011,2010-11 school year,,,,,,,
kinder,polio,TX,2012,2011-12 school year,99.3,,,388178.0,Census,100.0,
kinder,polio,TX,2013,2012-13 school year,97.5,,,414688.0,Census,96.6,
kinder,polio,TX,2014,2013-14 school year,97.4,,,409255.0,Census,97.1,
kinder,polio,TX,2015,2014-15 school year,97.3,,,406099.0,Census (public); Voluntary response (private),98.3,
kinder,polio,TX,2016,2015-16 school year,97.6,,,394801.0,Census (public); Voluntary response (private),98.7,
kinder,polio,TX,2017,2016-17 school year,97.3,,,389999.0,Census,99.0,
kinder,polio,TX,2018,2017-18 school year,96.9,,,387981.0,Census,99.4,
kinder,polio,TX,2019,2018-19 school year,96.9,,,390034.0,Census,99.4,
kinder,polio,TX,2020,2019-20 school year,96.8,,,398680.0,Census,99.6,
kinder,polio,TX,2021,2020-21 school year,95.2,,,377840.0,Census,98.9,
kinder,polio,TX,2022,2021-22 school year,94.0,,,389037.0,Census,99.3,
kinder,polio,TX,2023,2022-23 school year,94.1,,,381680.0,Census,98.0,
kinder,polio,TX,2024,2023-24 school year,94.2,,,381421.0,"Census (pub.), vol. response (prv.)",92.4,
kinder,polio,TX,2025,2024-25 school year,93.2,,,378860.0,"Census (pub.), vol. response (prv.)",97.3,
kinder,polio,TX,2026,2025-26 school year,93.1,,,358586.0,"Census (pub.), vol. response (prv.)",98.3,
kinder,polio,US,2010,2009-10 school year,95.4,,,,,,
kinder,polio,US,2011,2010-11 school year,,,,,,,
kinder,polio,US,2012,2011-12 school year,95.3,,,,,,
kinder,polio,US,2013,2012-13 school year,94.7,,,,,,
kinder,polio,US,2014,2013-14 school year,94.4,,,,,,
kinder,polio,US,2015,2014-15 school year,94.4,,,,,,
kinder,polio,US,2016,2015-16 school year,94.7,,,,,,
kinder,polio,US,2017,2016-17 school year,95.2,,,,,,
kinder,polio,US,2018,2017-18 school year,95.1,,,,,,
kinder,polio,US,2019,2018-19 school year,94.7,,,,,,
kinder,polio,US,2020,2019-20 school year,95.0,,,,,,
kinder,polio,US,2021,2020-21 school year,93.9,,,3510744.0,,90.8,
kinder,polio,US,2022,2021-22 school year,93.1,,,3835130.0,,92.2,
kinder,polio,US,2023,2022-23 school year,93.1,,,3832381.0,,92.9,
kinder,polio,US,2024,2023-24 school year,92.7,,,3823506.0,,93.1,
kinder,polio,US,2025,2024-25 school year,92.5,,,3785644.0,,92.7,
kinder,polio,US,2026,2025-26 school year,92.4,,,3692432.0,,96.0,
kinder,polio,UT,2010,2009-10 school year,97.9,,,49957.0,Census,100.0,
kinder,polio,UT,2011,2010-11 school year,,,,,,,
kinder,polio,UT,2012,2011-12 school year,98.1,,,53800.0,Census,100.0,
kinder,polio,UT,2013,2012-13 school year,98.1,,,54605.0,Census,100.0,
kinder,polio,UT,2014,2013-14 school year,98.4,,,54779.0,Census,100.0,
kinder,polio,UT,2015,2014-15 school year,94.2,,,50916.0,Census,100.0,
kinder,polio,UT,2016,2015-16 school year,94.1,,,50114.0,Census,100.0,
kinder,polio,UT,2017,2016-17 school year,93.9,,,49073.0,Census,100.0,
kinder,polio,UT,2018,2017-18 school year,93.5,,,48827.0,Census,100.0,
kinder,polio,UT,2019,2018-19 school year,92.6,,,50179.0,Census,100.0,
kinder,polio,UT,2020,2019-20 school year,92.5,,,49208.0,Census,100.0,
kinder,polio,UT,2021,2020-21 school year,91.3,,,46247.0,Census,100.0,
kinder,polio,UT,2022,2021-22 school year,90.0,,,48995.0,Census,100.0,
kinder,polio,UT,2023,2022-23 school year,89.9,,,46635.0,Census,100.0,
kinder,polio,UT,2024,2023-24 school year,88.2,,,46228.0,Census,100.0,
kinder,polio,UT,2025,2024-25 school year,87.7,,,45818.0,Census,100.0,
kinder,polio,UT,2026,2025-26 school year,87.0,,,44001.0,Census,100.0,
kinder,polio,VA,2010,2009-10 school year,99.1,,,100891.0,Random sample,4.4,
kinder,polio,VA,2011,2010-11 school year,,,,,,,
kinder,polio,VA,2012,2011-12 school year,93.0,,,101121.0,2-stage Cluster Sample,4.3,
kinder,polio,VA,2013,2012-13 school year,94.1,,,104826.0,2-stage Cluster Sample,4.2,
kinder,polio,VA,2014,2013-14 school year,93.3,,,105692.0,2-stage cluster  sample,4.1,
kinder,polio,VA,2015,2014-15 school year,91.9,,,103821.0,Stratified 2-stage cluster sample,4.1,
kinder,polio,VA,2016,2015-16 school year,93.9,,,100074.0,Stratified 2-stage cluster sample,4.3,
kinder,polio,VA,2017,2016-17 school year,93.6,,,102357.0,Stratified 2-stage cluster sample,4.0,
kinder,polio,VA,2018,2017-18 school year,93.5,,,100581.0,Stratified 2-stage cluster sample,4.4,
kinder,polio,VA,2019,2018-19 school year,93.5,,,100394.0,Stratified 2-stage cluster sample,4.4,
kinder,polio,VA,2020,2019-20 school year,92.7,,,99399.0,Stratified 2-stage cluster sample,1.2,
kinder,polio,VA,2021,2020-21 school year,94.1,,,88273.0,Stratified 2-stage cluster sample,2.0,
kinder,polio,VA,2022,2021-22 school year,94.7,,,95996.0,Stratified 2-stage cluster sample,2.8,
kinder,polio,VA,2023,2022-23 school year,94.2,,,93271.0,Stratified 2-stage cluster sample,1.6,
kinder,polio,VA,2024,2023-24 school year,93.0,,,92633.0,Stratified 2-stage cluster sample,1.9,
kinder,polio,VA,2025,2024-25 school year,95.1,,,91453.0,Stratified 2-stage cluster sample,1.7,
kinder,polio,VA,2026,2025-26 school year,93.7,,,88950.0,Census,95.7,
kinder,polio,VT,2010,2009-10 school year,92.1,,,6713.0,Census,100.0,
kinder,polio,VT,2011,2010-11 school year,,,,,,,
kinder,polio,VT,2012,2011-12 school year,92.7,,,6548.0,Census,100.0,
kinder,polio,VT,2013,2012-13 school year,92.6,,,6792.0,Census,100.0,
kinder,polio,VT,2014,2013-14 school year,91.8,,,6771.0,Census,100.0,
kinder,polio,VT,2015,2014-15 school year,93.7,,,6277.0,Census,100.0,
kinder,polio,VT,2016,2015-16 school year,93.8,,,6366.0,Census,100.0,
kinder,polio,VT,2017,2016-17 school year,93.5,,,6344.0,Census,100.0,
kinder,polio,VT,2018,2017-18 school year,94.1,,,6255.0,Census,100.0,
kinder,polio,VT,2019,2018-19 school year,92.5,,,6126.0,Census,100.0,
kinder,polio,VT,2020,2019-20 school year,94.1,,,6293.0,Census,100.0,
kinder,polio,VT,2021,2020-21 school year,93.7,,,5535.0,Census,100.0,
kinder,polio,VT,2022,2021-22 school year,93.1,,,6126.0,Census,100.0,
kinder,polio,VT,2023,2022-23 school year,92.8,,,5816.0,Census,100.0,
kinder,polio,VT,2024,2023-24 school year,92.6,,,5630.0,Census,100.0,
kinder,polio,VT,2025,2024-25 school year,93.5,,,5432.0,Census,100.0,
kinder,polio,VT,2026,2025-26 school year,93.0,,,5298.0,Census,100.0,
kinder,polio,WA,2010,2009-10 school year,91.8,,,81511.0,Census,93.3,
kinder,polio,WA,2011,2010-11 school year,,,,,,,
kinder,polio,WA,2012,2011-12 school year,91.0,,,85134.0,Voluntary Response,89.1,
kinder,polio,WA,2013,2012-13 school year,91.4,,,87773.0,Census,94.7,
kinder,polio,WA,2014,2013-14 school year,89.1,,,89165.0,Voluntary response,88.5,
kinder,polio,WA,2015,2014-15 school year,88.4,,,88809.0,Census (public); Voluntary response (private),96.7,
kinder,polio,WA,2016,2015-16 school year,88.7,,,86492.0,Census,97.3,
kinder,polio,WA,2017,2016-17 school year,90.6,,,87142.0,Census,98.2,
kinder,polio,WA,2018,2017-18 school year,89.9,,,85118.0,Census,96.9,
kinder,polio,WA,2019,2018-19 school year,90.2,,,87510.0,Census,96.9,
kinder,polio,WA,2020,2019-20 school year,92.8,,,87757.0,Census,91.9,
kinder,polio,WA,2021,2020-21 school year,93.4,,,74931.0,Census,100.0,
kinder,polio,WA,2022,2021-22 school year,91.9,,,87256.0,"Census (pub.), vol. response (pvt.)",97.3,
kinder,polio,WA,2023,2022-23 school year,90.2,,,86284.0,Census,97.9,
kinder,polio,WA,2024,2023-24 school year,90.4,,,84053.0,Census,97.2,
kinder,polio,WA,2025,2024-25 school year,90.0,,,76756.0,Census,97.9,
kinder,polio,WA,2026,2025-26 school year,89.0,,,75631.0,Census,99.1,
kinder,polio,WI,2010,2009-10 school year,98.2,,,61095.0,Random sample,2.3,
kinder,polio,WI,2011,2010-11 school year,,,,,,,
kinder,polio,WI,2012,2011-12 school year,96.9,,,70672.0,2-stage Cluster Sample,2.3,
kinder,polio,WI,2013,2012-13 school year,98.2,,,72416.0,2-stage Cluster Sample,1.8,
kinder,polio,WI,2014,2013-14 school year,96.7,,,71363.0,Stratified  2-stage cluster sample,2.8,
kinder,polio,WI,2015,2014-15 school year,96.7,,,69335.0,Stratified 2-stage cluster sample,2.5,
kinder,polio,WI,2016,2015-16 school year,93.4,,,70220.0,Stratified 2-stage cluster sample,2.0,
kinder,polio,WI,2017,2016-17 school year,93.8,,,67607.0,Stratified 2-stage cluster sample,2.2,
kinder,polio,WI,2018,2017-18 school year,92.4,,,66178.0,Stratified 2-stage cluster sample,2.3,
kinder,polio,WI,2019,2018-19 school year,92.3,,,66344.0,Stratified 2-stage cluster sample,2.3,
kinder,polio,WI,2020,2019-20 school year,93.7,,,67391.0,Stratified 2-stage cluster sample,2.6,
kinder,polio,WI,2021,2020-21 school year,87.2,,,63486.0,Voluntary response,84.5,
kinder,polio,WI,2022,2021-22 school year,82.6,,,64275.0,"Census (pub.), vol. response (pvt.)",96.8,
kinder,polio,WI,2023,2022-23 school year,88.2,,,63593.0,"Census (pub.), vol. response (pvt.)",93.9,
kinder,polio,WI,2024,2023-24 school year,86.3,,,62028.0,Census,98.2,
kinder,polio,WI,2025,2024-25 school year,86.8,,,61120.0,"Census (pub.), vol. response (prv.)",95.7,
kinder,polio,WI,2026,2025-26 school year,86.3,,,59360.0,"Census (pub.), vol. response (prv.)",96.6,
kinder,polio,WV,2010,2009-10 school year,91.5,,,22730.0,Voluntary response,86.7,
kinder,polio,WV,2011,2010-11 school year,,,,,,,
kinder,polio,WV,2012,2011-12 school year,92.6,,,22449.0,Convenient,94.9,
kinder,polio,WV,2013,2012-13 school year,96.3,,,22588.0,Voluntary Response,86.5,
kinder,polio,WV,2014,2013-14 school year,96.1,,,22814.0,Voluntary response,84.7,
kinder,polio,WV,2015,2014-15 school year,98.8,,,22016.0,Voluntary response,81.3,
kinder,polio,WV,2016,2015-16 school year,95.4,,,21333.0,Voluntary response,87.6,
kinder,polio,WV,2017,2016-17 school year,96.2,,,28666.0,Census (public). voluntary response (private),66.5,
kinder,polio,WV,2018,2017-18 school year,98.2,,,19519.0,Voluntary response,79.3,
kinder,polio,WV,2019,2018-19 school year,98.8,,,19442.0,Voluntary response,79.3,
kinder,polio,WV,2020,2019-20 school year,99.0,,,17114.0,Voluntary response,49.6,
kinder,polio,WV,2021,2020-21 school year,,,,,Not Conducted,,NR
kinder,polio,WV,2022,2021-22 school year,96.6,,,18070.0,Vol. response,85.5,
kinder,polio,WV,2023,2022-23 school year,95.6,,,19175.0,"Vol. response (pub.), census (pvt.)",86.1,
kinder,polio,WV,2024,2023-24 school year,98.4,,,18261.0,Vol. response,82.8,
kinder,polio,WV,2026,2025-26 school year,99.1,,,15445.0,Census,93.3,
kinder,polio,WY,2010,2009-10 school year,,,,,Not conducted,,
kinder,polio,WY,2011,2010-11 school year,,,,,,,
kinder,polio,WY,2012,2011-12 school year,,,,,Not conducted,,
kinder,polio,WY,2013,2012-13 school year,97.6,,,8133.0,Census,100.0,
kinder,polio,WY,2014,2013-14 school year,,,,,Not conducted,,
kinder,polio,WY,2015,2014-15 school year,96.9,,,7983.0,Census,97.9,
kinder,polio,WY,2016,2015-16 school year,96.9,,,7825.0,Voluntary response,74.0,
kinder,polio,WY,2017,2016-17 school year,,,,,Not conducted,,
kinder,polio,WY,2018,2017-18 school year,,,,,Not conducted,,
kinder,polio,WY,2019,2018-19 school year,95.3,,,7734.0,Census,100.0,
kinder,polio,WY,2020,2019-20 school year,94.7,,,7913.0,Census,100.0,
kinder,polio,WY,2021,2020-21 school year,90.2,,,6923.0,Census,100.0,
kinder,polio,WY,2022,2021-22 school year,93.8,,,7382.0,Census,100.0,
kinder,polio,WY,2023,2022-23 school year,90.1,,,7060.0,Census,100.0,
kinder,polio,WY,2024,2023-24 school year,92.5,,,6754.0,Census,100.0,
kinder,polio,WY,2025,2024-25 school year,93.0,,,6564.0,Census,100.0,
kinder,polio,WY,2026,2025-26 school year,91.8,,,6146.0,Census,100.0,
national,dtap,US,1962,"3+ DTP doses, U.S. Immunization Survey, ages 1 to 4, parent recall",67.8,,,,USIS,,
national,dtap,US,1963,"3+ DTP doses, U.S. Immunization Survey, ages 1 to 4, parent recall",72.9,,,,USIS,,
national,dtap,US,1964,"3+ DTP doses, U.S. Immunization Survey, ages 1 to 4, parent recall",76.0,,,,USIS,,
national,dtap,US,1965,"3+ DTP doses, U.S. Immunization Survey, ages 1 to 4, parent recall",73.9,,,,USIS,,
national,dtap,US,1966,"3+ DTP doses, U.S. Immunization Survey, ages 1 to 4, parent recall",74.5,,,,USIS,,
national,dtap,US,1967,"3+ DTP doses, U.S. Immunization Survey, ages 1 to 4, parent recall",77.9,,,,USIS,,
national,dtap,US,1968,"3+ DTP doses, U.S. Immunization Survey, ages 1 to 4, parent recall",76.5,,,,USIS,,
national,dtap,US,1969,"3+ DTP doses, U.S. Immunization Survey, ages 1 to 4, parent recall",77.4,,,,USIS,,
national,dtap,US,1970,"3+ DTP doses, U.S. Immunization Survey, ages 1 to 4, parent recall",76.1,,,,USIS,,
national,dtap,US,1971,"3+ DTP doses, U.S. Immunization Survey, ages 1 to 4, parent recall",78.7,,,,USIS,,
national,dtap,US,1972,"3+ DTP doses, U.S. Immunization Survey, ages 1 to 4, parent recall",75.6,,,,USIS,,
national,dtap,US,1973,"3+ DTP doses, U.S. Immunization Survey, ages 1 to 4, parent recall",72.6,,,,USIS,,
national,dtap,US,1974,"3+ DTP doses, U.S. Immunization Survey, ages 1 to 4, parent recall",73.9,,,,USIS,,
national,dtap,US,1975,"3+ DTP doses, U.S. Immunization Survey, ages 1 to 4, parent recall",75.2,,,,USIS,,
national,dtap,US,1976,"3+ DTP doses, U.S. Immunization Survey, ages 1 to 4, parent recall",71.4,,,,USIS,,
national,dtap,US,1977,"3+ DTP doses, U.S. Immunization Survey, ages 1 to 4, parent recall",69.5,,,,USIS,,
national,dtap,US,1978,"3+ DTP doses, U.S. Immunization Survey, ages 1 to 4, parent recall",68.0,,,,USIS,,
national,dtap,US,1979,"3+ DTP doses, U.S. Immunization Survey, ages 1 to 4, parent recall",65.4,,,,USIS,,
national,dtap,US,1980,"3+ DTP doses, U.S. Immunization Survey, ages 1 to 4, parent recall",66.3,,,,USIS,,
national,dtap,US,1981,"3+ DTP doses, U.S. Immunization Survey, ages 1 to 4, parent recall",67.5,,,,USIS,,
national,dtap,US,1982,"3+ DTP doses, U.S. Immunization Survey, ages 1 to 4, parent recall",66.3,,,,USIS,,
national,dtap,US,1983,"3+ DTP doses, U.S. Immunization Survey, ages 1 to 4, parent recall",65.7,,,,USIS,,
national,dtap,US,1984,"3+ DTP doses, U.S. Immunization Survey, ages 1 to 4, parent recall",65.7,,,,USIS,,
national,dtap,US,1985,"3+ DTP doses, U.S. Immunization Survey, ages 1 to 4, parent recall",64.9,,,,USIS,,
national,dtap,US,1991,"3+ DTP doses, National Health Interview Survey, toddlers",68.8,,,,NHIS,,"age group as labeled by Simpson et al.; Health, United States prints the same 1992 and 1993 figures for children 19-35 months, so the label may be loose"
national,dtap,US,1992,"3+ DTP doses, National Health Interview Survey, toddlers",83.0,,,,NHIS,,
national,dtap,US,1993,"3+ DTP doses, National Health Interview Survey, toddlers",88.2,,,,NHIS,,
national,dtap,US,1994,"3+ DTP doses, National Health Interview Survey, toddlers",89.5,,,,NHIS,,
national,mmr,US,1964,"measles vaccine, U.S. Immunization Survey, ages 1 to 4, parent recall",24.0,,,,USIS,,
national,mmr,US,1965,"measles vaccine, U.S. Immunization Survey, ages 1 to 4, parent recall",33.2,,,,USIS,,
national,mmr,US,1966,"measles vaccine, U.S. Immunization Survey, ages 1 to 4, parent recall",45.4,,,,USIS,,
national,mmr,US,1967,"measles vaccine, U.S. Immunization Survey, ages 1 to 4, parent recall",56.4,,,,USIS,,
national,mmr,US,1968,"measles vaccine, U.S. Immunization Survey, ages 1 to 4, parent recall",58.8,,,,USIS,,
national,mmr,US,1969,"measles vaccine, U.S. Immunization Survey, ages 1 to 4, parent recall",61.4,,,,USIS,,
national,mmr,US,1970,"measles vaccine, U.S. Immunization Survey, ages 1 to 4, parent recall",57.2,,,,USIS,,
national,mmr,US,1971,"measles vaccine, U.S. Immunization Survey, ages 1 to 4, parent recall",61.0,,,,USIS,,
national,mmr,US,1972,"measles vaccine, U.S. Immunization Survey, ages 1 to 4, parent recall",62.2,,,,USIS,,
national,mmr,US,1973,"measles vaccine, U.S. Immunization Survey, ages 1 to 4, parent recall",61.2,,,,USIS,,
national,mmr,US,1974,"measles vaccine, U.S. Immunization Survey, ages 1 to 4, parent recall",64.5,,,,USIS,,
national,mmr,US,1975,"measles vaccine, U.S. Immunization Survey, ages 1 to 4, parent recall",65.5,,,,USIS,,
national,mmr,US,1976,"measles vaccine, U.S. Immunization Survey, ages 1 to 4, parent recall",65.9,,,,USIS,,
national,mmr,US,1977,"measles vaccine, U.S. Immunization Survey, ages 1 to 4, parent recall",63.1,,,,USIS,,
national,mmr,US,1978,"measles vaccine, U.S. Immunization Survey, ages 1 to 4, parent recall",62.8,,,,USIS,,
national,mmr,US,1979,"measles vaccine, U.S. Immunization Survey, ages 1 to 4, parent recall",62.7,,,,USIS,,
national,mmr,US,1980,"measles vaccine, U.S. Immunization Survey, ages 1 to 4, parent recall",63.7,,,,USIS,,
national,mmr,US,1981,"measles vaccine, U.S. Immunization Survey, ages 1 to 4, parent recall",63.8,,,,USIS,,
national,mmr,US,1982,"measles vaccine, U.S. Immunization Survey, ages 1 to 4, parent recall",64.0,,,,USIS,,
national,mmr,US,1983,"measles vaccine, U.S. Immunization Survey, ages 1 to 4, parent recall",64.9,,,,USIS,,
national,mmr,US,1984,"measles vaccine, U.S. Immunization Survey, ages 1 to 4, parent recall",62.8,,,,USIS,,
national,mmr,US,1985,"measles vaccine, U.S. Immunization Survey, ages 1 to 4, parent recall",60.8,,,,USIS,,
national,mmr,US,1991,"measles vaccine, National Health Interview Survey, toddlers",82.0,,,,NHIS,,"age group as labeled by Simpson et al.; Health, United States prints the same 1992 and 1993 figures for children 19-35 months, so the label may be loose"
national,mmr,US,1992,"measles-containing vaccine, National Health Interview Survey, toddlers",82.5,,,,NHIS,,
national,mmr,US,1993,"measles-containing vaccine, National Health Interview Survey, toddlers",84.1,,,,NHIS,,
national,mmr,US,1994,"measles-containing vaccine, National Health Interview Survey, toddlers",90.3,,,,NHIS,,
national,polio,US,1959,"3+ polio doses, U.S. Immunization Survey, ages 1 to 4, parent recall",65.0,,,,USIS,,printed as a whole number in the source
national,polio,US,1960,"3+ polio doses, U.S. Immunization Survey, ages 1 to 4, parent recall",72.2,,,,USIS,,
national,polio,US,1961,"3+ polio doses, U.S. Immunization Survey, ages 1 to 4, parent recall",74.3,,,,USIS,,
national,polio,US,1962,"3+ polio doses, U.S. Immunization Survey, ages 1 to 4, parent recall",78.4,,,,USIS,,
national,polio,US,1963,"3+ polio doses, U.S. Immunization Survey, ages 1 to 4, parent recall",84.1,,,,USIS,,
national,polio,US,1964,"3+ polio doses, U.S. Immunization Survey, ages 1 to 4, parent recall",87.6,,,,USIS,,
national,polio,US,1965,"3+ polio doses, U.S. Immunization Survey, ages 1 to 4, parent recall",73.9,,,,USIS,,
national,polio,US,1966,"3+ polio doses, U.S. Immunization Survey, ages 1 to 4, parent recall",70.2,,,,USIS,,
national,polio,US,1967,"3+ polio doses, U.S. Immunization Survey, ages 1 to 4, parent recall",70.9,,,,USIS,,
national,polio,US,1968,"3+ polio doses, U.S. Immunization Survey, ages 1 to 4, parent recall",68.3,,,,USIS,,
national,polio,US,1969,"3+ polio doses, U.S. Immunization Survey, ages 1 to 4, parent recall",67.7,,,,USIS,,
national,polio,US,1970,"3+ polio doses, U.S. Immunization Survey, ages 1 to 4, parent recall",65.9,,,,USIS,,"Health, United States 1986, Table 34 prints 77.5 for this cell; Health, United States 1978, Table 36 prints the value used here"
national,polio,US,1971,"3+ polio doses, U.S. Immunization Survey, ages 1 to 4, parent recall",67.3,,,,USIS,,
national,polio,US,1972,"3+ polio doses, U.S. Immunization Survey, ages 1 to 4, parent recall",62.9,,,,USIS,,
national,polio,US,1973,"3+ polio doses, U.S. Immunization Survey, ages 1 to 4, parent recall",60.4,,,,USIS,,
national,polio,US,1974,"3+ polio doses, U.S. Immunization Survey, ages 1 to 4, parent recall",63.1,,,,USIS,,
national,polio,US,1975,"3+ polio doses, U.S. Immunization Survey, ages 1 to 4, parent recall",64.8,,,,USIS,,
national,polio,US,1976,"3+ polio doses, U.S. Immunization Survey, ages 1 to 4, parent recall",61.6,,,,USIS,,
national,polio,US,1977,"3+ polio doses, U.S. Immunization Survey, ages 1 to 4, parent recall",60.1,,,,USIS,,
national,polio,US,1978,"3+ polio doses, U.S. Immunization Survey, ages 1 to 4, parent recall",61.4,,,,USIS,,
national,polio,US,1979,"3+ polio doses, U.S. Immunization Survey, ages 1 to 4, parent recall",59.1,,,,USIS,,
national,polio,US,1980,"3+ polio doses, U.S. Immunization Survey, ages 1 to 4, parent recall",58.8,,,,USIS,,
national,polio,US,1981,"3+ polio doses, U.S. Immunization Survey, ages 1 to 4, parent recall",60.0,,,,USIS,,
national,polio,US,1982,"3+ polio doses, U.S. Immunization Survey, ages 1 to 4, parent recall",58.0,,,,USIS,,
national,polio,US,1983,"3+ polio doses, U.S. Immunization Survey, ages 1 to 4, parent recall",57.0,,,,USIS,,
national,polio,US,1984,"3+ polio doses, U.S. Immunization Survey, ages 1 to 4, parent recall",54.8,,,,USIS,,
national,polio,US,1985,"3+ polio doses, U.S. Immunization Survey, ages 1 to 4, parent recall",55.3,,,,USIS,,
national,polio,US,1991,"3+ polio doses, National Health Interview Survey, toddlers",53.2,,,,NHIS,,"age group as labeled by Simpson et al.; Health, United States prints the same 1992 and 1993 figures for children 19-35 months, so the label may be loose"
national,polio,US,1992,"3+ polio doses, National Health Interview Survey, toddlers",72.4,,,,NHIS,,
national,polio,US,1993,"3+ polio doses, National Health Interview Survey, toddlers",78.9,,,,NHIS,,
national,polio,US,1994,"3+ polio doses, National Health Interview Survey, toddlers",79.2,,,,NHIS,,
survey,dtap,AK,1995,"1995 survey, ages 19 to 35 months",77.6,70.7,84.5,,survey,,
survey,dtap,AK,1996,"1996 survey, ages 19 to 35 months",78.3,72.4,84.2,,survey,,
survey,dtap,AK,1997,"1997 survey, ages 19 to 35 months",81.0,75.9,86.1,,survey,,
survey,dtap,AK,1998,"1998 survey, ages 19 to 35 months",85.2,81.0,89.4,,survey,,
survey,dtap,AK,1999,"1999 survey, ages 19 to 35 months",83.5,78.9,88.1,,survey,,
survey,dtap,AK,2000,"2000 survey, ages 19 to 35 months",80.6,75.6,85.6,,survey,,
survey,dtap,AK,2001,"2001 survey, ages 19 to 35 months",77.0,71.6,82.4,,survey,,
survey,dtap,AK,2002,"2002 survey, ages 19 to 35 months",82.3,77.0,87.6,,survey,,
survey,dtap,AK,2003,"2003 survey, ages 19 to 35 months",83.9,79.1,88.7,,survey,,
survey,dtap,AK,2004,"2004 survey, ages 19 to 35 months",79.9,73.5,86.3,,survey,,
survey,dtap,AK,2005,"2005 survey, ages 19 to 35 months",84.6,79.0,90.2,,survey,,
survey,dtap,AK,2006,"2006 survey, ages 19 to 35 months",77.1,70.7,83.5,,survey,,
survey,dtap,AK,2007,"2007 survey, ages 19 to 35 months",81.7,76.1,87.3,,survey,,
survey,dtap,AK,2008,"2008 survey, ages 19 to 35 months",79.2,73.2,85.2,,survey,,
survey,dtap,AK,2009,"2009 survey, ages 19 to 35 months",74.4,67.6,81.2,,survey,,
survey,dtap,AK,2010,"2010 survey, ages 19 to 35 months",79.1,73.6,84.6,,survey,,
survey,dtap,AK,2011,"2011 survey, ages 19 to 35 months",77.4,71.0,83.8,,survey,,
survey,dtap,AK,2012,"2012 survey, ages 19 to 35 months",79.4,73.6,85.2,,survey,,
survey,dtap,AK,2013,"2013 survey, ages 19 to 35 months",75.5,69.4,81.6,,survey,,
survey,dtap,AK,2014,"2014 survey, ages 19 to 35 months",78.7,72.4,85.0,,survey,,
survey,dtap,AK,2015,"2015 survey, ages 19 to 35 months",79.7,74.5,84.9,,survey,,
survey,dtap,AK,2016,"2016 survey, ages 19 to 35 months",79.0,73.5,84.5,,survey,,
survey,dtap,AK,2017,"2017 survey, ages 19 to 35 months",75.1,69.1,81.1,,survey,,
survey,dtap,AL,1995,"1995 survey, ages 19 to 35 months",78.9,72.3,85.5,,survey,,
survey,dtap,AL,1996,"1996 survey, ages 19 to 35 months",78.2,73.3,83.1,,survey,,
survey,dtap,AL,1997,"1997 survey, ages 19 to 35 months",89.9,86.7,93.1,,survey,,
survey,dtap,AL,1998,"1998 survey, ages 19 to 35 months",87.7,83.9,91.5,,survey,,
survey,dtap,AL,1999,"1999 survey, ages 19 to 35 months",83.9,79.8,88.0,,survey,,
survey,dtap,AL,2000,"2000 survey, ages 19 to 35 months",84.2,80.1,88.3,,survey,,
survey,dtap,AL,2001,"2001 survey, ages 19 to 35 months",86.8,83.1,90.5,,survey,,
survey,dtap,AL,2002,"2002 survey, ages 19 to 35 months",86.5,82.2,90.8,,survey,,
survey,dtap,AL,2003,"2003 survey, ages 19 to 35 months",85.5,80.8,90.2,,survey,,
survey,dtap,AL,2004,"2004 survey, ages 19 to 35 months",85.8,80.2,91.4,,survey,,
survey,dtap,AL,2005,"2005 survey, ages 19 to 35 months",89.6,85.5,93.7,,survey,,
survey,dtap,AL,2006,"2006 survey, ages 19 to 35 months",86.0,79.8,92.2,,survey,,
survey,dtap,AL,2007,"2007 survey, ages 19 to 35 months",85.4,80.2,90.6,,survey,,
survey,dtap,AL,2008,"2008 survey, ages 19 to 35 months",83.1,77.3,88.9,,survey,,
survey,dtap,AL,2009,"2009 survey, ages 19 to 35 months",85.3,79.5,91.1,,survey,,
survey,dtap,AL,2010,"2010 survey, ages 19 to 35 months",89.8,86.3,93.3,,survey,,
survey,dtap,AL,2011,"2011 survey, ages 19 to 35 months",87.5,82.8,92.2,,survey,,
survey,dtap,AL,2012,"2012 survey, ages 19 to 35 months",84.8,78.9,90.7,,survey,,
survey,dtap,AL,2013,"2013 survey, ages 19 to 35 months",84.0,76.7,91.3,,survey,,
survey,dtap,AL,2014,"2014 survey, ages 19 to 35 months",84.1,76.7,91.5,,survey,,
survey,dtap,AL,2015,"2015 survey, ages 19 to 35 months",82.2,75.8,88.6,,survey,,
survey,dtap,AL,2016,"2016 survey, ages 19 to 35 months",83.1,76.6,89.6,,survey,,
survey,dtap,AL,2017,"2017 survey, ages 19 to 35 months",81.4,75.3,87.5,,survey,,
survey,dtap,AR,1995,"1995 survey, ages 19 to 35 months",77.2,70.7,83.7,,survey,,
survey,dtap,AR,1996,"1996 survey, ages 19 to 35 months",75.0,68.2,81.8,,survey,,
survey,dtap,AR,1997,"1997 survey, ages 19 to 35 months",83.2,78.8,87.6,,survey,,
survey,dtap,AR,1998,"1998 survey, ages 19 to 35 months",75.8,70.6,81.0,,survey,,
survey,dtap,AR,1999,"1999 survey, ages 19 to 35 months",79.9,74.2,85.6,,survey,,
survey,dtap,AR,2000,"2000 survey, ages 19 to 35 months",74.7,69.3,80.1,,survey,,
survey,dtap,AR,2001,"2001 survey, ages 19 to 35 months",77.2,72.7,81.7,,survey,,
survey,dtap,AR,2002,"2002 survey, ages 19 to 35 months",76.4,70.6,82.2,,survey,,
survey,dtap,AR,2003,"2003 survey, ages 19 to 35 months",81.9,76.3,87.5,,survey,,
survey,dtap,AR,2004,"2004 survey, ages 19 to 35 months",85.8,80.0,91.6,,survey,,
survey,dtap,AR,2005,"2005 survey, ages 19 to 35 months",73.8,65.1,82.5,,survey,,
survey,dtap,AR,2006,"2006 survey, ages 19 to 35 months",77.9,69.1,86.7,,survey,,
survey,dtap,AR,2007,"2007 survey, ages 19 to 35 months",78.8,73.0,84.6,,survey,,
survey,dtap,AR,2008,"2008 survey, ages 19 to 35 months",81.4,75.7,87.1,,survey,,
survey,dtap,AR,2009,"2009 survey, ages 19 to 35 months",73.1,66.5,79.7,,survey,,
survey,dtap,AR,2010,"2010 survey, ages 19 to 35 months",82.6,77.5,87.7,,survey,,
survey,dtap,AR,2011,"2011 survey, ages 19 to 35 months",84.5,79.0,90.0,,survey,,
survey,dtap,AR,2012,"2012 survey, ages 19 to 35 months",79.8,73.4,86.2,,survey,,
survey,dtap,AR,2013,"2013 survey, ages 19 to 35 months",74.3,66.0,82.6,,survey,,
survey,dtap,AR,2014,"2014 survey, ages 19 to 35 months",80.0,73.2,86.8,,survey,,
survey,dtap,AR,2015,"2015 survey, ages 19 to 35 months",76.4,69.5,83.3,,survey,,
survey,dtap,AR,2016,"2016 survey, ages 19 to 35 months",80.3,73.8,86.8,,survey,,
survey,dtap,AR,2017,"2017 survey, ages 19 to 35 months",80.0,73.6,86.4,,survey,,
survey,dtap,AZ,1995,"1995 survey, ages 19 to 35 months",74.5,68.7,80.3,,survey,,
survey,dtap,AZ,1996,"1996 survey, ages 19 to 35 months",74.0,69.5,78.5,,survey,,
survey,dtap,AZ,1997,"1997 survey, ages 19 to 35 months",77.6,73.5,81.7,,survey,,
survey,dtap,AZ,1998,"1998 survey, ages 19 to 35 months",80.5,76.4,84.6,,survey,,
survey,dtap,AZ,1999,"1999 survey, ages 19 to 35 months",76.5,72.0,81.0,,survey,,
survey,dtap,AZ,2000,"2000 survey, ages 19 to 35 months",79.0,75.0,83.0,,survey,,
survey,dtap,AZ,2001,"2001 survey, ages 19 to 35 months",77.9,74.0,81.8,,survey,,
survey,dtap,AZ,2002,"2002 survey, ages 19 to 35 months",74.8,70.4,79.2,,survey,,
survey,dtap,AZ,2003,"2003 survey, ages 19 to 35 months",81.7,78.0,85.4,,survey,,
survey,dtap,AZ,2004,"2004 survey, ages 19 to 35 months",83.6,79.8,87.4,,survey,,
survey,dtap,AZ,2005,"2005 survey, ages 19 to 35 months",83.1,78.6,87.6,,survey,,
survey,dtap,AZ,2006,"2006 survey, ages 19 to 35 months",80.2,75.9,84.5,,survey,,
survey,dtap,AZ,2007,"2007 survey, ages 19 to 35 months",85.4,79.7,91.1,,survey,,
survey,dtap,AZ,2008,"2008 survey, ages 19 to 35 months",84.6,79.0,90.2,,survey,,
survey,dtap,AZ,2009,"2009 survey, ages 19 to 35 months",83.7,78.9,88.5,,survey,,
survey,dtap,AZ,2010,"2010 survey, ages 19 to 35 months",83.7,78.5,88.9,,survey,,
survey,dtap,AZ,2011,"2011 survey, ages 19 to 35 months",86.0,80.0,92.0,,survey,,
survey,dtap,AZ,2012,"2012 survey, ages 19 to 35 months",82.7,76.9,88.5,,survey,,
survey,dtap,AZ,2013,"2013 survey, ages 19 to 35 months",76.6,70.0,83.2,,survey,,
survey,dtap,AZ,2014,"2014 survey, ages 19 to 35 months",81.4,75.0,87.8,,survey,,
survey,dtap,AZ,2015,"2015 survey, ages 19 to 35 months",83.7,77.9,89.5,,survey,,
survey,dtap,AZ,2016,"2016 survey, ages 19 to 35 months",78.3,71.1,85.5,,survey,,
survey,dtap,AZ,2017,"2017 survey, ages 19 to 35 months",82.2,76.6,87.8,,survey,,
survey,dtap,CA,1995,"1995 survey, ages 19 to 35 months",76.8,72.0,81.6,,survey,,
survey,dtap,CA,1996,"1996 survey, ages 19 to 35 months",78.6,75.0,82.2,,survey,,
survey,dtap,CA,1997,"1997 survey, ages 19 to 35 months",79.0,75.4,82.6,,survey,,
survey,dtap,CA,1998,"1998 survey, ages 19 to 35 months",81.6,78.2,85.0,,survey,,
survey,dtap,CA,1999,"1999 survey, ages 19 to 35 months",81.3,78.0,84.6,,survey,,
survey,dtap,CA,2000,"2000 survey, ages 19 to 35 months",82.5,79.5,85.5,,survey,,
survey,dtap,CA,2001,"2001 survey, ages 19 to 35 months",79.8,76.4,83.2,,survey,,
survey,dtap,CA,2002,"2002 survey, ages 19 to 35 months",81.4,77.9,84.9,,survey,,
survey,dtap,CA,2003,"2003 survey, ages 19 to 35 months",84.0,80.8,87.2,,survey,,
survey,dtap,CA,2004,"2004 survey, ages 19 to 35 months",85.3,82.1,88.5,,survey,,
survey,dtap,CA,2005,"2005 survey, ages 19 to 35 months",83.5,79.5,87.5,,survey,,
survey,dtap,CA,2006,"2006 survey, ages 19 to 35 months",85.0,81.2,88.8,,survey,,
survey,dtap,CA,2007,"2007 survey, ages 19 to 35 months",84.9,80.9,88.9,,survey,,
survey,dtap,CA,2008,"2008 survey, ages 19 to 35 months",86.8,83.3,90.3,,survey,,
survey,dtap,CA,2009,"2009 survey, ages 19 to 35 months",83.4,78.7,88.1,,survey,,
survey,dtap,CA,2010,"2010 survey, ages 19 to 35 months",79.7,74.2,85.2,,survey,,
survey,dtap,CA,2011,"2011 survey, ages 19 to 35 months",87.7,83.8,91.6,,survey,,
survey,dtap,CA,2012,"2012 survey, ages 19 to 35 months",81.6,75.0,88.2,,survey,,
survey,dtap,CA,2013,"2013 survey, ages 19 to 35 months",83.1,76.7,89.5,,survey,,
survey,dtap,CA,2014,"2014 survey, ages 19 to 35 months",87.3,82.0,92.6,,survey,,
survey,dtap,CA,2015,"2015 survey, ages 19 to 35 months",85.2,79.5,90.9,,survey,,
survey,dtap,CA,2016,"2016 survey, ages 19 to 35 months",79.3,72.1,86.5,,survey,,
survey,dtap,CA,2017,"2017 survey, ages 19 to 35 months",83.9,77.3,90.5,,survey,,
survey,dtap,CO,1995,"1995 survey, ages 19 to 35 months",79.1,72.3,85.9,,survey,,
survey,dtap,CO,1996,"1996 survey, ages 19 to 35 months",84.5,79.8,89.2,,survey,,
survey,dtap,CO,1997,"1997 survey, ages 19 to 35 months",80.4,75.4,85.4,,survey,,
survey,dtap,CO,1998,"1998 survey, ages 19 to 35 months",83.7,78.9,88.5,,survey,,
survey,dtap,CO,1999,"1999 survey, ages 19 to 35 months",80.8,75.9,85.7,,survey,,
survey,dtap,CO,2000,"2000 survey, ages 19 to 35 months",80.0,75.2,84.8,,survey,,
survey,dtap,CO,2001,"2001 survey, ages 19 to 35 months",81.7,77.5,85.9,,survey,,
survey,dtap,CO,2002,"2002 survey, ages 19 to 35 months",66.2,59.7,72.7,,survey,,
survey,dtap,CO,2003,"2003 survey, ages 19 to 35 months",73.1,66.8,79.4,,survey,,
survey,dtap,CO,2004,"2004 survey, ages 19 to 35 months",82.3,76.6,88.0,,survey,,
survey,dtap,CO,2005,"2005 survey, ages 19 to 35 months",87.7,83.8,91.6,,survey,,
survey,dtap,CO,2006,"2006 survey, ages 19 to 35 months",84.7,77.9,91.5,,survey,,
survey,dtap,CO,2007,"2007 survey, ages 19 to 35 months",82.1,75.1,89.1,,survey,,
survey,dtap,CO,2008,"2008 survey, ages 19 to 35 months",86.5,80.4,92.6,,survey,,
survey,dtap,CO,2009,"2009 survey, ages 19 to 35 months",81.8,75.1,88.5,,survey,,
survey,dtap,CO,2010,"2010 survey, ages 19 to 35 months",86.0,81.6,90.4,,survey,,
survey,dtap,CO,2011,"2011 survey, ages 19 to 35 months",81.0,73.3,88.7,,survey,,
survey,dtap,CO,2012,"2012 survey, ages 19 to 35 months",82.8,76.1,89.5,,survey,,
survey,dtap,CO,2013,"2013 survey, ages 19 to 35 months",81.2,75.2,87.2,,survey,,
survey,dtap,CO,2014,"2014 survey, ages 19 to 35 months",85.4,80.5,90.3,,survey,,
survey,dtap,CO,2015,"2015 survey, ages 19 to 35 months",86.1,81.1,91.1,,survey,,
survey,dtap,CO,2016,"2016 survey, ages 19 to 35 months",84.3,77.7,90.9,,survey,,
survey,dtap,CO,2017,"2017 survey, ages 19 to 35 months",79.9,73.5,86.3,,survey,,
survey,dtap,CT,1995,"1995 survey, ages 19 to 35 months",89.8,85.1,94.5,,survey,,
survey,dtap,CT,1996,"1996 survey, ages 19 to 35 months",90.2,86.0,94.4,,survey,,
survey,dtap,CT,1997,"1997 survey, ages 19 to 35 months",92.0,88.9,95.1,,survey,,
survey,dtap,CT,1998,"1998 survey, ages 19 to 35 months",95.0,92.5,97.5,,survey,,
survey,dtap,CT,1999,"1999 survey, ages 19 to 35 months",93.0,89.7,96.3,,survey,,
survey,dtap,CT,2000,"2000 survey, ages 19 to 35 months",90.5,87.0,94.0,,survey,,
survey,dtap,CT,2001,"2001 survey, ages 19 to 35 months",89.9,85.7,94.1,,survey,,
survey,dtap,CT,2002,"2002 survey, ages 19 to 35 months",87.1,82.4,91.8,,survey,,
survey,dtap,CT,2003,"2003 survey, ages 19 to 35 months",95.5,92.9,98.1,,survey,,
survey,dtap,CT,2004,"2004 survey, ages 19 to 35 months",92.2,87.3,97.1,,survey,,
survey,dtap,CT,2005,"2005 survey, ages 19 to 35 months",89.6,84.7,94.5,,survey,,
survey,dtap,CT,2006,"2006 survey, ages 19 to 35 months",91.4,87.3,95.5,,survey,,
survey,dtap,CT,2007,"2007 survey, ages 19 to 35 months",91.1,86.7,95.5,,survey,,
survey,dtap,CT,2008,"2008 survey, ages 19 to 35 months",88.2,83.7,92.7,,survey,,
survey,dtap,CT,2009,"2009 survey, ages 19 to 35 months",87.6,81.6,93.6,,survey,,
survey,dtap,CT,2010,"2010 survey, ages 19 to 35 months",90.9,86.7,95.1,,survey,,
survey,dtap,CT,2011,"2011 survey, ages 19 to 35 months",88.8,85.2,92.4,,survey,,
survey,dtap,CT,2012,"2012 survey, ages 19 to 35 months",91.3,87.5,95.1,,survey,,
survey,dtap,CT,2013,"2013 survey, ages 19 to 35 months",88.0,82.1,93.9,,survey,,
survey,dtap,CT,2014,"2014 survey, ages 19 to 35 months",86.0,80.0,92.0,,survey,,
survey,dtap,CT,2015,"2015 survey, ages 19 to 35 months",90.8,86.3,95.3,,survey,,
survey,dtap,CT,2016,"2016 survey, ages 19 to 35 months",86.2,80.7,91.7,,survey,,
survey,dtap,CT,2017,"2017 survey, ages 19 to 35 months",86.8,81.0,92.6,,survey,,
survey,dtap,DC,1995,"1995 survey, ages 19 to 35 months",80.7,74.1,87.3,,survey,,
survey,dtap,DC,1996,"1996 survey, ages 19 to 35 months",80.3,73.5,87.1,,survey,,
survey,dtap,DC,1997,"1997 survey, ages 19 to 35 months",78.3,71.7,84.9,,survey,,
survey,dtap,DC,1998,"1998 survey, ages 19 to 35 months",76.8,70.9,82.7,,survey,,
survey,dtap,DC,1999,"1999 survey, ages 19 to 35 months",83.5,78.5,88.5,,survey,,
survey,dtap,DC,2000,"2000 survey, ages 19 to 35 months",77.5,71.6,83.4,,survey,,
survey,dtap,DC,2001,"2001 survey, ages 19 to 35 months",80.4,75.2,85.6,,survey,,
survey,dtap,DC,2002,"2002 survey, ages 19 to 35 months",77.9,70.7,85.1,,survey,,
survey,dtap,DC,2003,"2003 survey, ages 19 to 35 months",84.4,78.5,90.3,,survey,,
survey,dtap,DC,2004,"2004 survey, ages 19 to 35 months",89.6,84.9,94.3,,survey,,
survey,dtap,DC,2005,"2005 survey, ages 19 to 35 months",85.3,80.0,90.6,,survey,,
survey,dtap,DC,2006,"2006 survey, ages 19 to 35 months",85.3,80.4,90.2,,survey,,
survey,dtap,DC,2007,"2007 survey, ages 19 to 35 months",85.1,79.5,90.7,,survey,,
survey,dtap,DC,2008,"2008 survey, ages 19 to 35 months",84.6,79.1,90.1,,survey,,
survey,dtap,DC,2009,"2009 survey, ages 19 to 35 months",83.9,78.5,89.3,,survey,,
survey,dtap,DC,2010,"2010 survey, ages 19 to 35 months",87.6,82.5,92.7,,survey,,
survey,dtap,DC,2011,"2011 survey, ages 19 to 35 months",87.4,82.8,92.0,,survey,,
survey,dtap,DC,2012,"2012 survey, ages 19 to 35 months",90.7,86.7,94.7,,survey,,
survey,dtap,DC,2013,"2013 survey, ages 19 to 35 months",86.2,80.4,92.0,,survey,,
survey,dtap,DC,2014,"2014 survey, ages 19 to 35 months",80.6,74.0,87.2,,survey,,
survey,dtap,DC,2015,"2015 survey, ages 19 to 35 months",86.1,81.1,91.1,,survey,,
survey,dtap,DC,2016,"2016 survey, ages 19 to 35 months",81.0,74.8,87.2,,survey,,
survey,dtap,DC,2017,"2017 survey, ages 19 to 35 months",85.3,79.3,91.3,,survey,,
survey,dtap,DE,1995,"1995 survey, ages 19 to 35 months",76.0,68.5,83.5,,survey,,
survey,dtap,DE,1996,"1996 survey, ages 19 to 35 months",85.1,80.2,90.0,,survey,,
survey,dtap,DE,1997,"1997 survey, ages 19 to 35 months",85.1,80.2,90.0,,survey,,
survey,dtap,DE,1998,"1998 survey, ages 19 to 35 months",85.5,81.0,90.0,,survey,,
survey,dtap,DE,1999,"1999 survey, ages 19 to 35 months",83.6,79.0,88.2,,survey,,
survey,dtap,DE,2000,"2000 survey, ages 19 to 35 months",81.7,76.8,86.6,,survey,,
survey,dtap,DE,2001,"2001 survey, ages 19 to 35 months",86.9,82.7,91.1,,survey,,
survey,dtap,DE,2002,"2002 survey, ages 19 to 35 months",88.4,84.2,92.6,,survey,,
survey,dtap,DE,2003,"2003 survey, ages 19 to 35 months",84.0,78.0,90.0,,survey,,
survey,dtap,DE,2004,"2004 survey, ages 19 to 35 months",87.4,81.9,92.9,,survey,,
survey,dtap,DE,2005,"2005 survey, ages 19 to 35 months",88.3,82.1,94.5,,survey,,
survey,dtap,DE,2006,"2006 survey, ages 19 to 35 months",89.4,84.1,94.7,,survey,,
survey,dtap,DE,2007,"2007 survey, ages 19 to 35 months",86.9,82.4,91.4,,survey,,
survey,dtap,DE,2008,"2008 survey, ages 19 to 35 months",84.3,78.3,90.3,,survey,,
survey,dtap,DE,2009,"2009 survey, ages 19 to 35 months",86.8,81.6,92.0,,survey,,
survey,dtap,DE,2010,"2010 survey, ages 19 to 35 months",88.3,84.4,92.2,,survey,,
survey,dtap,DE,2011,"2011 survey, ages 19 to 35 months",83.7,77.7,89.7,,survey,,
survey,dtap,DE,2012,"2012 survey, ages 19 to 35 months",90.9,86.6,95.2,,survey,,
survey,dtap,DE,2013,"2013 survey, ages 19 to 35 months",87.9,82.9,92.9,,survey,,
survey,dtap,DE,2014,"2014 survey, ages 19 to 35 months",85.4,79.4,91.4,,survey,,
survey,dtap,DE,2015,"2015 survey, ages 19 to 35 months",89.9,85.4,94.4,,survey,,
survey,dtap,DE,2016,"2016 survey, ages 19 to 35 months",88.2,83.3,93.1,,survey,,
survey,dtap,DE,2017,"2017 survey, ages 19 to 35 months",88.9,84.4,93.4,,survey,,
survey,dtap,FL,1995,"1995 survey, ages 19 to 35 months",77.2,71.5,82.9,,survey,,
survey,dtap,FL,1996,"1996 survey, ages 19 to 35 months",81.2,76.8,85.6,,survey,,
survey,dtap,FL,1997,"1997 survey, ages 19 to 35 months",80.0,75.7,84.3,,survey,,
survey,dtap,FL,1998,"1998 survey, ages 19 to 35 months",84.7,81.0,88.4,,survey,,
survey,dtap,FL,1999,"1999 survey, ages 19 to 35 months",86.0,82.4,89.6,,survey,,
survey,dtap,FL,2000,"2000 survey, ages 19 to 35 months",79.1,74.8,83.4,,survey,,
survey,dtap,FL,2001,"2001 survey, ages 19 to 35 months",84.2,80.5,87.9,,survey,,
survey,dtap,FL,2002,"2002 survey, ages 19 to 35 months",80.6,76.3,84.9,,survey,,
survey,dtap,FL,2003,"2003 survey, ages 19 to 35 months",87.6,84.1,91.1,,survey,,
survey,dtap,FL,2004,"2004 survey, ages 19 to 35 months",91.4,88.7,94.1,,survey,,
survey,dtap,FL,2005,"2005 survey, ages 19 to 35 months",82.6,77.0,88.2,,survey,,
survey,dtap,FL,2006,"2006 survey, ages 19 to 35 months",84.6,80.5,88.7,,survey,,
survey,dtap,FL,2007,"2007 survey, ages 19 to 35 months",85.0,79.8,90.2,,survey,,
survey,dtap,FL,2008,"2008 survey, ages 19 to 35 months",88.5,84.5,92.5,,survey,,
survey,dtap,FL,2009,"2009 survey, ages 19 to 35 months",90.3,86.3,94.3,,survey,,
survey,dtap,FL,2010,"2010 survey, ages 19 to 35 months",92.2,88.1,96.3,,survey,,
survey,dtap,FL,2011,"2011 survey, ages 19 to 35 months",84.6,79.3,89.9,,survey,,
survey,dtap,FL,2012,"2012 survey, ages 19 to 35 months",83.3,76.8,89.8,,survey,,
survey,dtap,FL,2013,"2013 survey, ages 19 to 35 months",80.3,72.6,88.0,,survey,,
survey,dtap,FL,2014,"2014 survey, ages 19 to 35 months",86.2,80.1,92.3,,survey,,
survey,dtap,FL,2015,"2015 survey, ages 19 to 35 months",86.0,80.8,91.2,,survey,,
survey,dtap,FL,2016,"2016 survey, ages 19 to 35 months",84.8,78.6,91.0,,survey,,
survey,dtap,FL,2017,"2017 survey, ages 19 to 35 months",85.3,79.9,90.7,,survey,,
survey,dtap,GA,1995,"1995 survey, ages 19 to 35 months",82.5,76.8,88.2,,survey,,
survey,dtap,GA,1996,"1996 survey, ages 19 to 35 months",85.8,81.8,89.8,,survey,,
survey,dtap,GA,1997,"1997 survey, ages 19 to 35 months",84.0,80.0,88.0,,survey,,
survey,dtap,GA,1998,"1998 survey, ages 19 to 35 months",84.1,80.3,87.9,,survey,,
survey,dtap,GA,1999,"1999 survey, ages 19 to 35 months",85.4,81.3,89.5,,survey,,
survey,dtap,GA,2000,"2000 survey, ages 19 to 35 months",84.4,80.4,88.4,,survey,,
survey,dtap,GA,2001,"2001 survey, ages 19 to 35 months",84.2,80.3,88.1,,survey,,
survey,dtap,GA,2002,"2002 survey, ages 19 to 35 months",86.2,82.5,89.9,,survey,,
survey,dtap,GA,2003,"2003 survey, ages 19 to 35 months",79.8,73.4,86.2,,survey,,
survey,dtap,GA,2004,"2004 survey, ages 19 to 35 months",88.2,83.1,93.3,,survey,,
survey,dtap,GA,2005,"2005 survey, ages 19 to 35 months",88.1,84.2,92.0,,survey,,
survey,dtap,GA,2006,"2006 survey, ages 19 to 35 months",88.4,84.5,92.3,,survey,,
survey,dtap,GA,2007,"2007 survey, ages 19 to 35 months",85.5,80.3,90.7,,survey,,
survey,dtap,GA,2008,"2008 survey, ages 19 to 35 months",79.0,72.3,85.7,,survey,,
survey,dtap,GA,2009,"2009 survey, ages 19 to 35 months",82.8,77.3,88.3,,survey,,
survey,dtap,GA,2010,"2010 survey, ages 19 to 35 months",86.2,81.4,91.0,,survey,,
survey,dtap,GA,2011,"2011 survey, ages 19 to 35 months",87.5,83.1,91.9,,survey,,
survey,dtap,GA,2012,"2012 survey, ages 19 to 35 months",86.7,81.5,91.9,,survey,,
survey,dtap,GA,2013,"2013 survey, ages 19 to 35 months",83.5,75.6,91.4,,survey,,
survey,dtap,GA,2014,"2014 survey, ages 19 to 35 months",85.7,79.5,91.9,,survey,,
survey,dtap,GA,2015,"2015 survey, ages 19 to 35 months",82.3,76.3,88.3,,survey,,
survey,dtap,GA,2016,"2016 survey, ages 19 to 35 months",90.0,86.1,93.9,,survey,,
survey,dtap,GA,2017,"2017 survey, ages 19 to 35 months",80.1,73.8,86.4,,survey,,
survey,dtap,HI,1995,"1995 survey, ages 19 to 35 months",84.0,78.0,90.0,,survey,,
survey,dtap,HI,1996,"1996 survey, ages 19 to 35 months",82.7,77.2,88.2,,survey,,
survey,dtap,HI,1997,"1997 survey, ages 19 to 35 months",82.1,76.4,87.8,,survey,,
survey,dtap,HI,1998,"1998 survey, ages 19 to 35 months",84.2,79.3,89.1,,survey,,
survey,dtap,HI,1999,"1999 survey, ages 19 to 35 months",86.6,82.4,90.8,,survey,,
survey,dtap,HI,2000,"2000 survey, ages 19 to 35 months",80.4,74.8,86.0,,survey,,
survey,dtap,HI,2001,"2001 survey, ages 19 to 35 months",77.2,70.7,83.7,,survey,,
survey,dtap,HI,2002,"2002 survey, ages 19 to 35 months",83.0,77.7,88.3,,survey,,
survey,dtap,HI,2003,"2003 survey, ages 19 to 35 months",86.1,81.7,90.5,,survey,,
survey,dtap,HI,2004,"2004 survey, ages 19 to 35 months",85.6,81.1,90.1,,survey,,
survey,dtap,HI,2005,"2005 survey, ages 19 to 35 months",84.5,78.5,90.5,,survey,,
survey,dtap,HI,2006,"2006 survey, ages 19 to 35 months",84.5,78.9,90.1,,survey,,
survey,dtap,HI,2007,"2007 survey, ages 19 to 35 months",90.6,86.8,94.4,,survey,,
survey,dtap,HI,2008,"2008 survey, ages 19 to 35 months",81.5,74.9,88.1,,survey,,
survey,dtap,HI,2009,"2009 survey, ages 19 to 35 months",80.0,73.9,86.1,,survey,,
survey,dtap,HI,2010,"2010 survey, ages 19 to 35 months",85.9,81.4,90.4,,survey,,
survey,dtap,HI,2011,"2011 survey, ages 19 to 35 months",90.6,86.5,94.7,,survey,,
survey,dtap,HI,2012,"2012 survey, ages 19 to 35 months",87.9,83.3,92.5,,survey,,
survey,dtap,HI,2013,"2013 survey, ages 19 to 35 months",83.7,77.6,89.8,,survey,,
survey,dtap,HI,2014,"2014 survey, ages 19 to 35 months",82.4,76.5,88.3,,survey,,
survey,dtap,HI,2015,"2015 survey, ages 19 to 35 months",83.2,77.8,88.6,,survey,,
survey,dtap,HI,2016,"2016 survey, ages 19 to 35 months",85.0,80.1,89.9,,survey,,
survey,dtap,HI,2017,"2017 survey, ages 19 to 35 months",82.3,76.8,87.8,,survey,,
survey,dtap,IA,1995,"1995 survey, ages 19 to 35 months",84.8,80.0,89.6,,survey,,
survey,dtap,IA,1996,"1996 survey, ages 19 to 35 months",84.5,79.7,89.3,,survey,,
survey,dtap,IA,1997,"1997 survey, ages 19 to 35 months",84.5,80.3,88.7,,survey,,
survey,dtap,IA,1998,"1998 survey, ages 19 to 35 months",86.0,82.0,90.0,,survey,,
survey,dtap,IA,1999,"1999 survey, ages 19 to 35 months",86.1,81.9,90.3,,survey,,
survey,dtap,IA,2000,"2000 survey, ages 19 to 35 months",87.3,83.0,91.6,,survey,,
survey,dtap,IA,2001,"2001 survey, ages 19 to 35 months",84.0,79.4,88.6,,survey,,
survey,dtap,IA,2002,"2002 survey, ages 19 to 35 months",83.3,78.2,88.4,,survey,,
survey,dtap,IA,2003,"2003 survey, ages 19 to 35 months",85.4,80.5,90.3,,survey,,
survey,dtap,IA,2004,"2004 survey, ages 19 to 35 months",88.6,82.8,94.4,,survey,,
survey,dtap,IA,2005,"2005 survey, ages 19 to 35 months",87.2,81.8,92.6,,survey,,
survey,dtap,IA,2006,"2006 survey, ages 19 to 35 months",88.3,83.4,93.2,,survey,,
survey,dtap,IA,2007,"2007 survey, ages 19 to 35 months",83.0,77.1,88.9,,survey,,
survey,dtap,IA,2008,"2008 survey, ages 19 to 35 months",84.2,78.9,89.5,,survey,,
survey,dtap,IA,2009,"2009 survey, ages 19 to 35 months",88.9,84.1,93.7,,survey,,
survey,dtap,IA,2010,"2010 survey, ages 19 to 35 months",84.6,79.3,89.9,,survey,,
survey,dtap,IA,2011,"2011 survey, ages 19 to 35 months",85.7,80.2,91.2,,survey,,
survey,dtap,IA,2012,"2012 survey, ages 19 to 35 months",88.2,83.8,92.6,,survey,,
survey,dtap,IA,2013,"2013 survey, ages 19 to 35 months",89.6,85.2,94.0,,survey,,
survey,dtap,IA,2014,"2014 survey, ages 19 to 35 months",87.4,81.7,93.1,,survey,,
survey,dtap,IA,2015,"2015 survey, ages 19 to 35 months",88.9,84.9,92.9,,survey,,
survey,dtap,IA,2016,"2016 survey, ages 19 to 35 months",85.5,81.0,90.0,,survey,,
survey,dtap,IA,2017,"2017 survey, ages 19 to 35 months",83.9,78.2,89.6,,survey,,
survey,dtap,ID,1995,"1995 survey, ages 19 to 35 months",68.3,61.5,75.1,,survey,,
survey,dtap,ID,1996,"1996 survey, ages 19 to 35 months",70.0,64.4,75.6,,survey,,
survey,dtap,ID,1997,"1997 survey, ages 19 to 35 months",74.0,68.7,79.3,,survey,,
survey,dtap,ID,1998,"1998 survey, ages 19 to 35 months",78.8,73.9,83.7,,survey,,
survey,dtap,ID,1999,"1999 survey, ages 19 to 35 months",75.0,69.8,80.2,,survey,,
survey,dtap,ID,2000,"2000 survey, ages 19 to 35 months",77.5,72.6,82.4,,survey,,
survey,dtap,ID,2001,"2001 survey, ages 19 to 35 months",76.4,71.3,81.5,,survey,,
survey,dtap,ID,2002,"2002 survey, ages 19 to 35 months",78.5,73.0,84.0,,survey,,
survey,dtap,ID,2003,"2003 survey, ages 19 to 35 months",85.8,80.8,90.8,,survey,,
survey,dtap,ID,2004,"2004 survey, ages 19 to 35 months",85.3,80.3,90.3,,survey,,
survey,dtap,ID,2005,"2005 survey, ages 19 to 35 months",83.1,78.0,88.2,,survey,,
survey,dtap,ID,2006,"2006 survey, ages 19 to 35 months",82.4,76.6,88.2,,survey,,
survey,dtap,ID,2007,"2007 survey, ages 19 to 35 months",77.2,70.9,83.5,,survey,,
survey,dtap,ID,2008,"2008 survey, ages 19 to 35 months",77.6,71.7,83.5,,survey,,
survey,dtap,ID,2009,"2009 survey, ages 19 to 35 months",84.0,78.5,89.5,,survey,,
survey,dtap,ID,2010,"2010 survey, ages 19 to 35 months",77.9,72.2,83.6,,survey,,
survey,dtap,ID,2011,"2011 survey, ages 19 to 35 months",79.0,72.4,85.6,,survey,,
survey,dtap,ID,2012,"2012 survey, ages 19 to 35 months",76.6,69.9,83.3,,survey,,
survey,dtap,ID,2013,"2013 survey, ages 19 to 35 months",84.2,78.9,89.5,,survey,,
survey,dtap,ID,2014,"2014 survey, ages 19 to 35 months",77.7,70.5,84.9,,survey,,
survey,dtap,ID,2015,"2015 survey, ages 19 to 35 months",81.0,75.1,86.9,,survey,,
survey,dtap,ID,2016,"2016 survey, ages 19 to 35 months",83.9,78.2,89.6,,survey,,
survey,dtap,ID,2017,"2017 survey, ages 19 to 35 months",82.3,75.9,88.7,,survey,,
survey,dtap,IL,1995,"1995 survey, ages 19 to 35 months",81.6,76.5,86.7,,survey,,
survey,dtap,IL,1996,"1996 survey, ages 19 to 35 months",78.6,74.3,82.9,,survey,,
survey,dtap,IL,1997,"1997 survey, ages 19 to 35 months",80.3,76.0,84.6,,survey,,
survey,dtap,IL,1998,"1998 survey, ages 19 to 35 months",82.2,77.9,86.5,,survey,,
survey,dtap,IL,1999,"1999 survey, ages 19 to 35 months",82.0,78.1,85.9,,survey,,
survey,dtap,IL,2000,"2000 survey, ages 19 to 35 months",80.8,76.6,85.0,,survey,,
survey,dtap,IL,2001,"2001 survey, ages 19 to 35 months",81.2,77.4,85.0,,survey,,
survey,dtap,IL,2002,"2002 survey, ages 19 to 35 months",84.4,80.4,88.4,,survey,,
survey,dtap,IL,2003,"2003 survey, ages 19 to 35 months",87.1,83.5,90.7,,survey,,
survey,dtap,IL,2004,"2004 survey, ages 19 to 35 months",88.5,85.0,92.0,,survey,,
survey,dtap,IL,2005,"2005 survey, ages 19 to 35 months",88.7,84.1,93.3,,survey,,
survey,dtap,IL,2006,"2006 survey, ages 19 to 35 months",84.1,78.5,89.7,,survey,,
survey,dtap,IL,2007,"2007 survey, ages 19 to 35 months",81.6,77.4,85.8,,survey,,
survey,dtap,IL,2008,"2008 survey, ages 19 to 35 months",82.2,78.0,86.4,,survey,,
survey,dtap,IL,2009,"2009 survey, ages 19 to 35 months",84.0,79.6,88.4,,survey,,
survey,dtap,IL,2010,"2010 survey, ages 19 to 35 months",85.3,81.2,89.4,,survey,,
survey,dtap,IL,2011,"2011 survey, ages 19 to 35 months",84.0,79.4,88.6,,survey,,
survey,dtap,IL,2012,"2012 survey, ages 19 to 35 months",85.3,81.7,88.9,,survey,,
survey,dtap,IL,2013,"2013 survey, ages 19 to 35 months",82.7,78.2,87.2,,survey,,
survey,dtap,IL,2014,"2014 survey, ages 19 to 35 months",87.8,83.9,91.7,,survey,,
survey,dtap,IL,2015,"2015 survey, ages 19 to 35 months",85.0,81.2,88.8,,survey,,
survey,dtap,IL,2016,"2016 survey, ages 19 to 35 months",85.3,81.4,89.2,,survey,,
survey,dtap,IL,2017,"2017 survey, ages 19 to 35 months",84.4,80.3,88.5,,survey,,
survey,dtap,IN,1995,"1995 survey, ages 19 to 35 months",76.2,70.5,81.9,,survey,,
survey,dtap,IN,1996,"1996 survey, ages 19 to 35 months",77.4,72.7,82.1,,survey,,
survey,dtap,IN,1997,"1997 survey, ages 19 to 35 months",77.3,72.8,81.8,,survey,,
survey,dtap,IN,1998,"1998 survey, ages 19 to 35 months",81.2,76.6,85.8,,survey,,
survey,dtap,IN,1999,"1999 survey, ages 19 to 35 months",77.5,72.6,82.4,,survey,,
survey,dtap,IN,2000,"2000 survey, ages 19 to 35 months",82.0,77.7,86.3,,survey,,
survey,dtap,IN,2001,"2001 survey, ages 19 to 35 months",78.4,73.9,82.9,,survey,,
survey,dtap,IN,2002,"2002 survey, ages 19 to 35 months",81.7,77.4,86.0,,survey,,
survey,dtap,IN,2003,"2003 survey, ages 19 to 35 months",83.2,77.6,88.8,,survey,,
survey,dtap,IN,2004,"2004 survey, ages 19 to 35 months",83.0,78.1,87.9,,survey,,
survey,dtap,IN,2005,"2005 survey, ages 19 to 35 months",82.5,75.0,90.0,,survey,,
survey,dtap,IN,2006,"2006 survey, ages 19 to 35 months",84.5,79.6,89.4,,survey,,
survey,dtap,IN,2007,"2007 survey, ages 19 to 35 months",80.3,75.9,84.7,,survey,,
survey,dtap,IN,2008,"2008 survey, ages 19 to 35 months",85.3,80.6,90.0,,survey,,
survey,dtap,IN,2009,"2009 survey, ages 19 to 35 months",79.8,74.1,85.5,,survey,,
survey,dtap,IN,2010,"2010 survey, ages 19 to 35 months",81.6,76.4,86.8,,survey,,
survey,dtap,IN,2011,"2011 survey, ages 19 to 35 months",82.2,76.7,87.7,,survey,,
survey,dtap,IN,2012,"2012 survey, ages 19 to 35 months",76.8,70.3,83.3,,survey,,
survey,dtap,IN,2013,"2013 survey, ages 19 to 35 months",82.1,76.8,87.4,,survey,,
survey,dtap,IN,2014,"2014 survey, ages 19 to 35 months",82.8,77.1,88.5,,survey,,
survey,dtap,IN,2015,"2015 survey, ages 19 to 35 months",85.3,79.6,91.0,,survey,,
survey,dtap,IN,2016,"2016 survey, ages 19 to 35 months",83.1,77.6,88.6,,survey,,
survey,dtap,IN,2017,"2017 survey, ages 19 to 35 months",82.1,76.1,88.1,,survey,,
survey,dtap,KS,1995,"1995 survey, ages 19 to 35 months",72.4,65.4,79.4,,survey,,
survey,dtap,KS,1996,"1996 survey, ages 19 to 35 months",77.4,71.6,83.2,,survey,,
survey,dtap,KS,1997,"1997 survey, ages 19 to 35 months",86.5,82.2,90.8,,survey,,
survey,dtap,KS,1998,"1998 survey, ages 19 to 35 months",85.1,80.3,89.9,,survey,,
survey,dtap,KS,1999,"1999 survey, ages 19 to 35 months",82.9,78.3,87.5,,survey,,
survey,dtap,KS,2000,"2000 survey, ages 19 to 35 months",79.5,74.5,84.5,,survey,,
survey,dtap,KS,2001,"2001 survey, ages 19 to 35 months",82.5,76.9,88.1,,survey,,
survey,dtap,KS,2002,"2002 survey, ages 19 to 35 months",76.2,69.7,82.7,,survey,,
survey,dtap,KS,2003,"2003 survey, ages 19 to 35 months",81.3,75.6,87.0,,survey,,
survey,dtap,KS,2004,"2004 survey, ages 19 to 35 months",82.6,76.1,89.1,,survey,,
survey,dtap,KS,2005,"2005 survey, ages 19 to 35 months",88.5,84.1,92.9,,survey,,
survey,dtap,KS,2006,"2006 survey, ages 19 to 35 months",87.0,83.0,91.0,,survey,,
survey,dtap,KS,2007,"2007 survey, ages 19 to 35 months",87.0,82.1,91.9,,survey,,
survey,dtap,KS,2008,"2008 survey, ages 19 to 35 months",85.7,80.5,90.9,,survey,,
survey,dtap,KS,2009,"2009 survey, ages 19 to 35 months",87.2,81.3,93.1,,survey,,
survey,dtap,KS,2010,"2010 survey, ages 19 to 35 months",86.6,81.5,91.7,,survey,,
survey,dtap,KS,2011,"2011 survey, ages 19 to 35 months",87.6,82.5,92.7,,survey,,
survey,dtap,KS,2012,"2012 survey, ages 19 to 35 months",79.0,73.0,85.0,,survey,,
survey,dtap,KS,2013,"2013 survey, ages 19 to 35 months",81.6,75.5,87.7,,survey,,
survey,dtap,KS,2014,"2014 survey, ages 19 to 35 months",85.3,79.1,91.5,,survey,,
survey,dtap,KS,2015,"2015 survey, ages 19 to 35 months",86.8,82.1,91.5,,survey,,
survey,dtap,KS,2016,"2016 survey, ages 19 to 35 months",84.9,79.2,90.6,,survey,,
survey,dtap,KS,2017,"2017 survey, ages 19 to 35 months",78.5,71.0,86.0,,survey,,
survey,dtap,KY,1995,"1995 survey, ages 19 to 35 months",84.4,78.6,90.2,,survey,,
survey,dtap,KY,1996,"1996 survey, ages 19 to 35 months",81.8,76.4,87.2,,survey,,
survey,dtap,KY,1997,"1997 survey, ages 19 to 35 months",82.7,77.7,87.7,,survey,,
survey,dtap,KY,1998,"1998 survey, ages 19 to 35 months",86.5,82.2,90.8,,survey,,
survey,dtap,KY,1999,"1999 survey, ages 19 to 35 months",92.5,89.2,95.8,,survey,,
survey,dtap,KY,2000,"2000 survey, ages 19 to 35 months",84.5,79.9,89.1,,survey,,
survey,dtap,KY,2001,"2001 survey, ages 19 to 35 months",81.6,77.0,86.2,,survey,,
survey,dtap,KY,2002,"2002 survey, ages 19 to 35 months",76.3,70.1,82.5,,survey,,
survey,dtap,KY,2003,"2003 survey, ages 19 to 35 months",85.8,80.3,91.3,,survey,,
survey,dtap,KY,2004,"2004 survey, ages 19 to 35 months",86.4,80.8,92.0,,survey,,
survey,dtap,KY,2005,"2005 survey, ages 19 to 35 months",85.7,79.5,91.9,,survey,,
survey,dtap,KY,2006,"2006 survey, ages 19 to 35 months",87.6,83.1,92.1,,survey,,
survey,dtap,KY,2007,"2007 survey, ages 19 to 35 months",85.2,79.4,91.0,,survey,,
survey,dtap,KY,2008,"2008 survey, ages 19 to 35 months",86.0,81.1,90.9,,survey,,
survey,dtap,KY,2009,"2009 survey, ages 19 to 35 months",84.7,80.2,89.2,,survey,,
survey,dtap,KY,2010,"2010 survey, ages 19 to 35 months",83.1,77.6,88.6,,survey,,
survey,dtap,KY,2011,"2011 survey, ages 19 to 35 months",87.2,81.6,92.8,,survey,,
survey,dtap,KY,2012,"2012 survey, ages 19 to 35 months",83.0,77.6,88.4,,survey,,
survey,dtap,KY,2013,"2013 survey, ages 19 to 35 months",84.1,77.7,90.5,,survey,,
survey,dtap,KY,2014,"2014 survey, ages 19 to 35 months",83.2,76.7,89.7,,survey,,
survey,dtap,KY,2015,"2015 survey, ages 19 to 35 months",87.0,82.2,91.8,,survey,,
survey,dtap,KY,2016,"2016 survey, ages 19 to 35 months",84.9,79.4,90.4,,survey,,
survey,dtap,KY,2017,"2017 survey, ages 19 to 35 months",84.6,78.9,90.3,,survey,,
survey,dtap,LA,1995,"1995 survey, ages 19 to 35 months",80.1,74.4,85.8,,survey,,
survey,dtap,LA,1996,"1996 survey, ages 19 to 35 months",83.3,78.8,87.8,,survey,,
survey,dtap,LA,1997,"1997 survey, ages 19 to 35 months",81.5,77.0,86.0,,survey,,
survey,dtap,LA,1998,"1998 survey, ages 19 to 35 months",82.0,77.3,86.7,,survey,,
survey,dtap,LA,1999,"1999 survey, ages 19 to 35 months",80.2,75.7,84.7,,survey,,
survey,dtap,LA,2000,"2000 survey, ages 19 to 35 months",79.3,74.7,83.9,,survey,,
survey,dtap,LA,2001,"2001 survey, ages 19 to 35 months",74.1,68.8,79.4,,survey,,
survey,dtap,LA,2002,"2002 survey, ages 19 to 35 months",74.2,68.8,79.6,,survey,,
survey,dtap,LA,2003,"2003 survey, ages 19 to 35 months",76.6,71.4,81.8,,survey,,
survey,dtap,LA,2004,"2004 survey, ages 19 to 35 months",77.9,72.3,83.5,,survey,,
survey,dtap,LA,2005,"2005 survey, ages 19 to 35 months",80.5,76.4,84.6,,survey,,
survey,dtap,LA,2006,"2006 survey, ages 19 to 35 months",76.6,69.9,83.3,,survey,,
survey,dtap,LA,2007,"2007 survey, ages 19 to 35 months",80.1,74.2,86.0,,survey,,
survey,dtap,LA,2008,"2008 survey, ages 19 to 35 months",87.7,83.7,91.7,,survey,,
survey,dtap,LA,2009,"2009 survey, ages 19 to 35 months",84.1,78.4,89.8,,survey,,
survey,dtap,LA,2010,"2010 survey, ages 19 to 35 months",79.9,73.6,86.2,,survey,,
survey,dtap,LA,2011,"2011 survey, ages 19 to 35 months",84.2,79.1,89.3,,survey,,
survey,dtap,LA,2012,"2012 survey, ages 19 to 35 months",77.8,71.2,84.4,,survey,,
survey,dtap,LA,2013,"2013 survey, ages 19 to 35 months",78.5,72.1,84.9,,survey,,
survey,dtap,LA,2014,"2014 survey, ages 19 to 35 months",83.3,77.7,88.9,,survey,,
survey,dtap,LA,2015,"2015 survey, ages 19 to 35 months",84.4,78.7,90.1,,survey,,
survey,dtap,LA,2016,"2016 survey, ages 19 to 35 months",81.3,75.2,87.4,,survey,,
survey,dtap,LA,2017,"2017 survey, ages 19 to 35 months",80.7,74.3,87.1,,survey,,
survey,dtap,MA,1995,"1995 survey, ages 19 to 35 months",84.2,79.6,88.8,,survey,,
survey,dtap,MA,1996,"1996 survey, ages 19 to 35 months",89.6,85.8,93.4,,survey,,
survey,dtap,MA,1997,"1997 survey, ages 19 to 35 months",93.7,91.1,96.3,,survey,,
survey,dtap,MA,1998,"1998 survey, ages 19 to 35 months",91.1,87.7,94.5,,survey,,
survey,dtap,MA,1999,"1999 survey, ages 19 to 35 months",90.7,87.2,94.2,,survey,,
survey,dtap,MA,2000,"2000 survey, ages 19 to 35 months",87.7,84.0,91.4,,survey,,
survey,dtap,MA,2001,"2001 survey, ages 19 to 35 months",85.7,81.8,89.6,,survey,,
survey,dtap,MA,2002,"2002 survey, ages 19 to 35 months",92.3,89.3,95.3,,survey,,
survey,dtap,MA,2003,"2003 survey, ages 19 to 35 months",94.6,91.9,97.3,,survey,,
survey,dtap,MA,2004,"2004 survey, ages 19 to 35 months",93.2,90.1,96.3,,survey,,
survey,dtap,MA,2005,"2005 survey, ages 19 to 35 months",97.0,94.7,99.3,,survey,,
survey,dtap,MA,2006,"2006 survey, ages 19 to 35 months",92.6,89.1,96.1,,survey,,
survey,dtap,MA,2007,"2007 survey, ages 19 to 35 months",90.0,85.0,95.0,,survey,,
survey,dtap,MA,2008,"2008 survey, ages 19 to 35 months",87.2,82.2,92.2,,survey,,
survey,dtap,MA,2009,"2009 survey, ages 19 to 35 months",88.9,84.4,93.4,,survey,,
survey,dtap,MA,2010,"2010 survey, ages 19 to 35 months",91.0,86.7,95.3,,survey,,
survey,dtap,MA,2011,"2011 survey, ages 19 to 35 months",88.4,82.2,94.6,,survey,,
survey,dtap,MA,2012,"2012 survey, ages 19 to 35 months",88.2,83.7,92.7,,survey,,
survey,dtap,MA,2013,"2013 survey, ages 19 to 35 months",93.3,89.3,97.3,,survey,,
survey,dtap,MA,2014,"2014 survey, ages 19 to 35 months",89.8,84.8,94.8,,survey,,
survey,dtap,MA,2015,"2015 survey, ages 19 to 35 months",87.2,82.1,92.3,,survey,,
survey,dtap,MA,2016,"2016 survey, ages 19 to 35 months",94.0,90.4,97.6,,survey,,
survey,dtap,MA,2017,"2017 survey, ages 19 to 35 months",92.6,87.9,97.3,,survey,,
survey,dtap,MD,1995,"1995 survey, ages 19 to 35 months",82.6,76.9,88.3,,survey,,
survey,dtap,MD,1996,"1996 survey, ages 19 to 35 months",84.8,80.1,89.5,,survey,,
survey,dtap,MD,1997,"1997 survey, ages 19 to 35 months",87.6,83.7,91.5,,survey,,
survey,dtap,MD,1998,"1998 survey, ages 19 to 35 months",84.1,79.8,88.4,,survey,,
survey,dtap,MD,1999,"1999 survey, ages 19 to 35 months",85.0,81.1,88.9,,survey,,
survey,dtap,MD,2000,"2000 survey, ages 19 to 35 months",84.3,80.2,88.4,,survey,,
survey,dtap,MD,2001,"2001 survey, ages 19 to 35 months",83.3,79.5,87.1,,survey,,
survey,dtap,MD,2002,"2002 survey, ages 19 to 35 months",84.6,79.6,89.6,,survey,,
survey,dtap,MD,2003,"2003 survey, ages 19 to 35 months",86.0,80.8,91.2,,survey,,
survey,dtap,MD,2004,"2004 survey, ages 19 to 35 months",86.5,81.7,91.3,,survey,,
survey,dtap,MD,2005,"2005 survey, ages 19 to 35 months",89.8,85.4,94.2,,survey,,
survey,dtap,MD,2006,"2006 survey, ages 19 to 35 months",87.0,82.7,91.3,,survey,,
survey,dtap,MD,2007,"2007 survey, ages 19 to 35 months",94.8,92.4,97.2,,survey,,
survey,dtap,MD,2008,"2008 survey, ages 19 to 35 months",89.1,85.0,93.2,,survey,,
survey,dtap,MD,2009,"2009 survey, ages 19 to 35 months",89.0,84.2,93.8,,survey,,
survey,dtap,MD,2010,"2010 survey, ages 19 to 35 months",84.2,78.4,90.0,,survey,,
survey,dtap,MD,2011,"2011 survey, ages 19 to 35 months",89.5,85.7,93.3,,survey,,
survey,dtap,MD,2012,"2012 survey, ages 19 to 35 months",83.2,77.0,89.4,,survey,,
survey,dtap,MD,2013,"2013 survey, ages 19 to 35 months",87.4,80.9,93.9,,survey,,
survey,dtap,MD,2014,"2014 survey, ages 19 to 35 months",85.4,79.0,91.8,,survey,,
survey,dtap,MD,2015,"2015 survey, ages 19 to 35 months",87.6,83.1,92.1,,survey,,
survey,dtap,MD,2016,"2016 survey, ages 19 to 35 months",85.7,80.4,91.0,,survey,,
survey,dtap,MD,2017,"2017 survey, ages 19 to 35 months",82.4,74.8,90.0,,survey,,
survey,dtap,ME,1995,"1995 survey, ages 19 to 35 months",90.0,85.5,94.5,,survey,,
survey,dtap,ME,1996,"1996 survey, ages 19 to 35 months",92.1,88.9,95.3,,survey,,
survey,dtap,ME,1997,"1997 survey, ages 19 to 35 months",91.6,88.3,94.9,,survey,,
survey,dtap,ME,1998,"1998 survey, ages 19 to 35 months",91.4,87.9,94.9,,survey,,
survey,dtap,ME,1999,"1999 survey, ages 19 to 35 months",86.9,82.4,91.4,,survey,,
survey,dtap,ME,2000,"2000 survey, ages 19 to 35 months",88.3,84.5,92.1,,survey,,
survey,dtap,ME,2001,"2001 survey, ages 19 to 35 months",90.4,87.0,93.8,,survey,,
survey,dtap,ME,2002,"2002 survey, ages 19 to 35 months",87.3,82.8,91.8,,survey,,
survey,dtap,ME,2003,"2003 survey, ages 19 to 35 months",88.8,84.4,93.2,,survey,,
survey,dtap,ME,2004,"2004 survey, ages 19 to 35 months",88.8,84.6,93.0,,survey,,
survey,dtap,ME,2005,"2005 survey, ages 19 to 35 months",91.4,86.9,95.9,,survey,,
survey,dtap,ME,2006,"2006 survey, ages 19 to 35 months",88.2,82.9,93.5,,survey,,
survey,dtap,ME,2007,"2007 survey, ages 19 to 35 months",86.7,81.3,92.1,,survey,,
survey,dtap,ME,2008,"2008 survey, ages 19 to 35 months",90.3,86.6,94.0,,survey,,
survey,dtap,ME,2009,"2009 survey, ages 19 to 35 months",87.2,82.3,92.1,,survey,,
survey,dtap,ME,2010,"2010 survey, ages 19 to 35 months",86.6,81.0,92.2,,survey,,
survey,dtap,ME,2011,"2011 survey, ages 19 to 35 months",88.9,84.4,93.4,,survey,,
survey,dtap,ME,2012,"2012 survey, ages 19 to 35 months",87.9,82.8,93.0,,survey,,
survey,dtap,ME,2013,"2013 survey, ages 19 to 35 months",87.9,82.2,93.6,,survey,,
survey,dtap,ME,2014,"2014 survey, ages 19 to 35 months",93.1,89.6,96.6,,survey,,
survey,dtap,ME,2015,"2015 survey, ages 19 to 35 months",92.0,87.0,97.0,,survey,,
survey,dtap,ME,2016,"2016 survey, ages 19 to 35 months",87.0,82.4,91.6,,survey,,
survey,dtap,ME,2017,"2017 survey, ages 19 to 35 months",90.3,86.4,94.2,,survey,,
survey,dtap,MI,1995,"1995 survey, ages 19 to 35 months",72.4,66.2,78.6,,survey,,
survey,dtap,MI,1996,"1996 survey, ages 19 to 35 months",78.9,74.4,83.4,,survey,,
survey,dtap,MI,1997,"1997 survey, ages 19 to 35 months",79.9,75.6,84.2,,survey,,
survey,dtap,MI,1998,"1998 survey, ages 19 to 35 months",82.7,78.4,87.0,,survey,,
survey,dtap,MI,1999,"1999 survey, ages 19 to 35 months",78.9,74.3,83.5,,survey,,
survey,dtap,MI,2000,"2000 survey, ages 19 to 35 months",82.3,78.2,86.4,,survey,,
survey,dtap,MI,2001,"2001 survey, ages 19 to 35 months",77.7,73.0,82.4,,survey,,
survey,dtap,MI,2002,"2002 survey, ages 19 to 35 months",87.4,83.7,91.1,,survey,,
survey,dtap,MI,2003,"2003 survey, ages 19 to 35 months",84.0,79.3,88.7,,survey,,
survey,dtap,MI,2004,"2004 survey, ages 19 to 35 months",86.1,81.8,90.4,,survey,,
survey,dtap,MI,2005,"2005 survey, ages 19 to 35 months",87.0,82.6,91.4,,survey,,
survey,dtap,MI,2006,"2006 survey, ages 19 to 35 months",85.0,80.6,89.4,,survey,,
survey,dtap,MI,2007,"2007 survey, ages 19 to 35 months",84.3,78.2,90.4,,survey,,
survey,dtap,MI,2008,"2008 survey, ages 19 to 35 months",86.4,81.1,91.7,,survey,,
survey,dtap,MI,2009,"2009 survey, ages 19 to 35 months",91.3,87.7,94.9,,survey,,
survey,dtap,MI,2010,"2010 survey, ages 19 to 35 months",90.9,86.8,95.0,,survey,,
survey,dtap,MI,2011,"2011 survey, ages 19 to 35 months",81.7,75.0,88.4,,survey,,
survey,dtap,MI,2012,"2012 survey, ages 19 to 35 months",81.5,74.8,88.2,,survey,,
survey,dtap,MI,2013,"2013 survey, ages 19 to 35 months",79.6,73.0,86.2,,survey,,
survey,dtap,MI,2014,"2014 survey, ages 19 to 35 months",77.7,69.6,85.8,,survey,,
survey,dtap,MI,2015,"2015 survey, ages 19 to 35 months",84.9,79.4,90.4,,survey,,
survey,dtap,MI,2016,"2016 survey, ages 19 to 35 months",81.5,74.7,88.3,,survey,,
survey,dtap,MI,2017,"2017 survey, ages 19 to 35 months",81.3,75.5,87.1,,survey,,
survey,dtap,MN,1995,"1995 survey, ages 19 to 35 months",80.0,73.9,86.1,,survey,,
survey,dtap,MN,1996,"1996 survey, ages 19 to 35 months",90.0,86.1,93.9,,survey,,
survey,dtap,MN,1997,"1997 survey, ages 19 to 35 months",83.0,77.7,88.3,,survey,,
survey,dtap,MN,1998,"1998 survey, ages 19 to 35 months",88.5,84.5,92.5,,survey,,
survey,dtap,MN,1999,"1999 survey, ages 19 to 35 months",90.6,86.5,94.7,,survey,,
survey,dtap,MN,2000,"2000 survey, ages 19 to 35 months",91.6,87.8,95.4,,survey,,
survey,dtap,MN,2001,"2001 survey, ages 19 to 35 months",86.3,81.9,90.7,,survey,,
survey,dtap,MN,2002,"2002 survey, ages 19 to 35 months",85.1,79.9,90.3,,survey,,
survey,dtap,MN,2003,"2003 survey, ages 19 to 35 months",87.9,83.1,92.7,,survey,,
survey,dtap,MN,2004,"2004 survey, ages 19 to 35 months",88.7,82.8,94.6,,survey,,
survey,dtap,MN,2005,"2005 survey, ages 19 to 35 months",89.3,84.4,94.2,,survey,,
survey,dtap,MN,2006,"2006 survey, ages 19 to 35 months",87.4,82.4,92.4,,survey,,
survey,dtap,MN,2007,"2007 survey, ages 19 to 35 months",88.9,84.2,93.6,,survey,,
survey,dtap,MN,2008,"2008 survey, ages 19 to 35 months",87.3,83.1,91.5,,survey,,
survey,dtap,MN,2009,"2009 survey, ages 19 to 35 months",84.7,79.7,89.7,,survey,,
survey,dtap,MN,2010,"2010 survey, ages 19 to 35 months",87.8,82.6,93.0,,survey,,
survey,dtap,MN,2011,"2011 survey, ages 19 to 35 months",86.7,80.6,92.8,,survey,,
survey,dtap,MN,2012,"2012 survey, ages 19 to 35 months",84.2,78.6,89.8,,survey,,
survey,dtap,MN,2013,"2013 survey, ages 19 to 35 months",90.5,85.5,95.5,,survey,,
survey,dtap,MN,2014,"2014 survey, ages 19 to 35 months",87.1,80.9,93.3,,survey,,
survey,dtap,MN,2015,"2015 survey, ages 19 to 35 months",85.4,80.4,90.4,,survey,,
survey,dtap,MN,2016,"2016 survey, ages 19 to 35 months",87.1,82.0,92.2,,survey,,
survey,dtap,MN,2017,"2017 survey, ages 19 to 35 months",83.3,76.9,89.7,,survey,,
survey,dtap,MO,1995,"1995 survey, ages 19 to 35 months",79.3,73.2,85.4,,survey,,
survey,dtap,MO,1996,"1996 survey, ages 19 to 35 months",77.9,71.8,84.0,,survey,,
survey,dtap,MO,1997,"1997 survey, ages 19 to 35 months",83.0,78.1,87.9,,survey,,
survey,dtap,MO,1998,"1998 survey, ages 19 to 35 months",87.8,83.0,92.6,,survey,,
survey,dtap,MO,1999,"1999 survey, ages 19 to 35 months",81.5,76.8,86.2,,survey,,
survey,dtap,MO,2000,"2000 survey, ages 19 to 35 months",82.3,77.3,87.3,,survey,,
survey,dtap,MO,2001,"2001 survey, ages 19 to 35 months",83.8,78.9,88.7,,survey,,
survey,dtap,MO,2002,"2002 survey, ages 19 to 35 months",81.2,75.2,87.2,,survey,,
survey,dtap,MO,2003,"2003 survey, ages 19 to 35 months",87.4,82.9,91.9,,survey,,
survey,dtap,MO,2004,"2004 survey, ages 19 to 35 months",87.1,81.5,92.7,,survey,,
survey,dtap,MO,2005,"2005 survey, ages 19 to 35 months",85.3,81.2,89.4,,survey,,
survey,dtap,MO,2006,"2006 survey, ages 19 to 35 months",87.0,81.6,92.4,,survey,,
survey,dtap,MO,2007,"2007 survey, ages 19 to 35 months",80.6,74.1,87.1,,survey,,
survey,dtap,MO,2008,"2008 survey, ages 19 to 35 months",82.0,76.8,87.2,,survey,,
survey,dtap,MO,2009,"2009 survey, ages 19 to 35 months",78.4,72.2,84.6,,survey,,
survey,dtap,MO,2010,"2010 survey, ages 19 to 35 months",80.3,75.1,85.5,,survey,,
survey,dtap,MO,2011,"2011 survey, ages 19 to 35 months",80.8,75.5,86.1,,survey,,
survey,dtap,MO,2012,"2012 survey, ages 19 to 35 months",81.9,74.9,88.9,,survey,,
survey,dtap,MO,2013,"2013 survey, ages 19 to 35 months",82.1,75.5,88.7,,survey,,
survey,dtap,MO,2014,"2014 survey, ages 19 to 35 months",79.2,71.9,86.5,,survey,,
survey,dtap,MO,2015,"2015 survey, ages 19 to 35 months",82.6,76.3,88.9,,survey,,
survey,dtap,MO,2016,"2016 survey, ages 19 to 35 months",81.9,75.3,88.5,,survey,,
survey,dtap,MO,2017,"2017 survey, ages 19 to 35 months",77.0,70.1,83.9,,survey,,
survey,dtap,MS,1995,"1995 survey, ages 19 to 35 months",84.2,78.0,90.4,,survey,,
survey,dtap,MS,1996,"1996 survey, ages 19 to 35 months",85.0,80.4,89.6,,survey,,
survey,dtap,MS,1997,"1997 survey, ages 19 to 35 months",83.5,78.0,89.0,,survey,,
survey,dtap,MS,1998,"1998 survey, ages 19 to 35 months",85.2,80.6,89.8,,survey,,
survey,dtap,MS,1999,"1999 survey, ages 19 to 35 months",83.9,78.7,89.1,,survey,,
survey,dtap,MS,2000,"2000 survey, ages 19 to 35 months",87.0,82.9,91.1,,survey,,
survey,dtap,MS,2001,"2001 survey, ages 19 to 35 months",87.5,83.1,91.9,,survey,,
survey,dtap,MS,2002,"2002 survey, ages 19 to 35 months",79.9,73.9,85.9,,survey,,
survey,dtap,MS,2003,"2003 survey, ages 19 to 35 months",86.5,81.0,92.0,,survey,,
survey,dtap,MS,2004,"2004 survey, ages 19 to 35 months",87.3,81.9,92.7,,survey,,
survey,dtap,MS,2005,"2005 survey, ages 19 to 35 months",86.2,81.3,91.1,,survey,,
survey,dtap,MS,2006,"2006 survey, ages 19 to 35 months",79.9,73.4,86.4,,survey,,
survey,dtap,MS,2007,"2007 survey, ages 19 to 35 months",81.0,74.2,87.8,,survey,,
survey,dtap,MS,2008,"2008 survey, ages 19 to 35 months",82.4,77.2,87.6,,survey,,
survey,dtap,MS,2009,"2009 survey, ages 19 to 35 months",84.7,80.3,89.1,,survey,,
survey,dtap,MS,2010,"2010 survey, ages 19 to 35 months",85.4,81.0,89.8,,survey,,
survey,dtap,MS,2011,"2011 survey, ages 19 to 35 months",80.8,74.4,87.2,,survey,,
survey,dtap,MS,2012,"2012 survey, ages 19 to 35 months",83.6,77.2,90.0,,survey,,
survey,dtap,MS,2013,"2013 survey, ages 19 to 35 months",87.4,82.0,92.8,,survey,,
survey,dtap,MS,2014,"2014 survey, ages 19 to 35 months",83.3,75.7,90.9,,survey,,
survey,dtap,MS,2015,"2015 survey, ages 19 to 35 months",79.6,72.6,86.6,,survey,,
survey,dtap,MS,2016,"2016 survey, ages 19 to 35 months",80.3,74.2,86.4,,survey,,
survey,dtap,MS,2017,"2017 survey, ages 19 to 35 months",82.9,77.1,88.7,,survey,,
survey,dtap,MT,1995,"1995 survey, ages 19 to 35 months",73.8,67.5,80.1,,survey,,
survey,dtap,MT,1996,"1996 survey, ages 19 to 35 months",79.1,74.1,84.1,,survey,,
survey,dtap,MT,1997,"1997 survey, ages 19 to 35 months",80.4,75.7,85.1,,survey,,
survey,dtap,MT,1998,"1998 survey, ages 19 to 35 months",86.6,82.7,90.5,,survey,,
survey,dtap,MT,1999,"1999 survey, ages 19 to 35 months",88.1,84.1,92.1,,survey,,
survey,dtap,MT,2000,"2000 survey, ages 19 to 35 months",81.2,76.2,86.2,,survey,,
survey,dtap,MT,2001,"2001 survey, ages 19 to 35 months",85.5,81.2,89.8,,survey,,
survey,dtap,MT,2002,"2002 survey, ages 19 to 35 months",72.9,66.3,79.5,,survey,,
survey,dtap,MT,2003,"2003 survey, ages 19 to 35 months",87.6,83.3,91.9,,survey,,
survey,dtap,MT,2004,"2004 survey, ages 19 to 35 months",83.6,78.4,88.8,,survey,,
survey,dtap,MT,2005,"2005 survey, ages 19 to 35 months",85.6,80.3,90.9,,survey,,
survey,dtap,MT,2006,"2006 survey, ages 19 to 35 months",76.1,69.8,82.4,,survey,,
survey,dtap,MT,2007,"2007 survey, ages 19 to 35 months",79.1,73.3,84.9,,survey,,
survey,dtap,MT,2008,"2008 survey, ages 19 to 35 months",74.4,68.2,80.6,,survey,,
survey,dtap,MT,2009,"2009 survey, ages 19 to 35 months",76.0,69.5,82.5,,survey,,
survey,dtap,MT,2010,"2010 survey, ages 19 to 35 months",76.6,70.4,82.8,,survey,,
survey,dtap,MT,2011,"2011 survey, ages 19 to 35 months",76.8,68.9,84.7,,survey,,
survey,dtap,MT,2012,"2012 survey, ages 19 to 35 months",86.6,82.2,91.0,,survey,,
survey,dtap,MT,2013,"2013 survey, ages 19 to 35 months",79.0,72.6,85.4,,survey,,
survey,dtap,MT,2014,"2014 survey, ages 19 to 35 months",83.1,76.1,90.1,,survey,,
survey,dtap,MT,2015,"2015 survey, ages 19 to 35 months",78.6,72.1,85.1,,survey,,
survey,dtap,MT,2016,"2016 survey, ages 19 to 35 months",76.2,69.4,83.0,,survey,,
survey,dtap,MT,2017,"2017 survey, ages 19 to 35 months",80.1,73.4,86.8,,survey,,
survey,dtap,NC,1995,"1995 survey, ages 19 to 35 months",83.0,77.2,88.8,,survey,,
survey,dtap,NC,1996,"1996 survey, ages 19 to 35 months",81.0,75.2,86.8,,survey,,
survey,dtap,NC,1997,"1997 survey, ages 19 to 35 months",84.4,79.6,89.2,,survey,,
survey,dtap,NC,1998,"1998 survey, ages 19 to 35 months",87.1,82.8,91.4,,survey,,
survey,dtap,NC,1999,"1999 survey, ages 19 to 35 months",84.4,79.6,89.2,,survey,,
survey,dtap,NC,2000,"2000 survey, ages 19 to 35 months",91.0,87.6,94.4,,survey,,
survey,dtap,NC,2001,"2001 survey, ages 19 to 35 months",86.9,82.5,91.3,,survey,,
survey,dtap,NC,2002,"2002 survey, ages 19 to 35 months",88.2,83.4,93.0,,survey,,
survey,dtap,NC,2003,"2003 survey, ages 19 to 35 months",90.0,85.9,94.1,,survey,,
survey,dtap,NC,2004,"2004 survey, ages 19 to 35 months",84.7,78.8,90.6,,survey,,
survey,dtap,NC,2005,"2005 survey, ages 19 to 35 months",91.3,87.0,95.6,,survey,,
survey,dtap,NC,2006,"2006 survey, ages 19 to 35 months",89.1,84.4,93.8,,survey,,
survey,dtap,NC,2007,"2007 survey, ages 19 to 35 months",85.8,80.8,90.8,,survey,,
survey,dtap,NC,2008,"2008 survey, ages 19 to 35 months",84.1,78.4,89.8,,survey,,
survey,dtap,NC,2009,"2009 survey, ages 19 to 35 months",85.9,80.4,91.4,,survey,,
survey,dtap,NC,2010,"2010 survey, ages 19 to 35 months",87.5,83.3,91.7,,survey,,
survey,dtap,NC,2011,"2011 survey, ages 19 to 35 months",81.3,73.8,88.8,,survey,,
survey,dtap,NC,2012,"2012 survey, ages 19 to 35 months",85.9,80.5,91.3,,survey,,
survey,dtap,NC,2013,"2013 survey, ages 19 to 35 months",87.5,82.2,92.8,,survey,,
survey,dtap,NC,2014,"2014 survey, ages 19 to 35 months",86.9,81.0,92.8,,survey,,
survey,dtap,NC,2015,"2015 survey, ages 19 to 35 months",83.9,78.1,89.7,,survey,,
survey,dtap,NC,2016,"2016 survey, ages 19 to 35 months",86.0,80.0,92.0,,survey,,
survey,dtap,NC,2017,"2017 survey, ages 19 to 35 months",86.7,81.3,92.1,,survey,,
survey,dtap,ND,1995,"1995 survey, ages 19 to 35 months",81.5,75.6,87.4,,survey,,
survey,dtap,ND,1996,"1996 survey, ages 19 to 35 months",86.1,81.8,90.4,,survey,,
survey,dtap,ND,1997,"1997 survey, ages 19 to 35 months",87.2,83.1,91.3,,survey,,
survey,dtap,ND,1998,"1998 survey, ages 19 to 35 months",83.3,78.6,88.0,,survey,,
survey,dtap,ND,1999,"1999 survey, ages 19 to 35 months",88.4,84.4,92.4,,survey,,
survey,dtap,ND,2000,"2000 survey, ages 19 to 35 months",86.0,81.8,90.2,,survey,,
survey,dtap,ND,2001,"2001 survey, ages 19 to 35 months",86.0,81.8,90.2,,survey,,
survey,dtap,ND,2002,"2002 survey, ages 19 to 35 months",81.4,74.8,88.0,,survey,,
survey,dtap,ND,2003,"2003 survey, ages 19 to 35 months",86.2,81.1,91.3,,survey,,
survey,dtap,ND,2004,"2004 survey, ages 19 to 35 months",85.7,81.1,90.3,,survey,,
survey,dtap,ND,2005,"2005 survey, ages 19 to 35 months",87.8,83.4,92.2,,survey,,
survey,dtap,ND,2006,"2006 survey, ages 19 to 35 months",86.9,82.4,91.4,,survey,,
survey,dtap,ND,2007,"2007 survey, ages 19 to 35 months",85.5,80.6,90.4,,survey,,
survey,dtap,ND,2008,"2008 survey, ages 19 to 35 months",81.0,75.5,86.5,,survey,,
survey,dtap,ND,2009,"2009 survey, ages 19 to 35 months",85.4,80.1,90.7,,survey,,
survey,dtap,ND,2010,"2010 survey, ages 19 to 35 months",85.3,80.5,90.1,,survey,,
survey,dtap,ND,2011,"2011 survey, ages 19 to 35 months",89.7,84.9,94.5,,survey,,
survey,dtap,ND,2012,"2012 survey, ages 19 to 35 months",85.1,78.9,91.3,,survey,,
survey,dtap,ND,2013,"2013 survey, ages 19 to 35 months",78.6,72.7,84.5,,survey,,
survey,dtap,ND,2014,"2014 survey, ages 19 to 35 months",81.8,75.6,88.0,,survey,,
survey,dtap,ND,2015,"2015 survey, ages 19 to 35 months",85.7,80.6,90.8,,survey,,
survey,dtap,ND,2016,"2016 survey, ages 19 to 35 months",82.4,76.1,88.7,,survey,,
survey,dtap,ND,2017,"2017 survey, ages 19 to 35 months",86.1,80.8,91.4,,survey,,
survey,dtap,NE,1995,"1995 survey, ages 19 to 35 months",74.8,68.2,81.4,,survey,,
survey,dtap,NE,1996,"1996 survey, ages 19 to 35 months",83.1,78.6,87.6,,survey,,
survey,dtap,NE,1997,"1997 survey, ages 19 to 35 months",78.7,73.8,83.6,,survey,,
survey,dtap,NE,1998,"1998 survey, ages 19 to 35 months",83.7,79.3,88.1,,survey,,
survey,dtap,NE,1999,"1999 survey, ages 19 to 35 months",86.8,82.6,91.0,,survey,,
survey,dtap,NE,2000,"2000 survey, ages 19 to 35 months",82.5,77.8,87.2,,survey,,
survey,dtap,NE,2001,"2001 survey, ages 19 to 35 months",85.4,81.2,89.6,,survey,,
survey,dtap,NE,2002,"2002 survey, ages 19 to 35 months",82.4,77.1,87.7,,survey,,
survey,dtap,NE,2003,"2003 survey, ages 19 to 35 months",85.0,79.6,90.4,,survey,,
survey,dtap,NE,2004,"2004 survey, ages 19 to 35 months",84.4,79.2,89.6,,survey,,
survey,dtap,NE,2005,"2005 survey, ages 19 to 35 months",91.7,87.8,95.6,,survey,,
survey,dtap,NE,2006,"2006 survey, ages 19 to 35 months",84.2,78.4,90.0,,survey,,
survey,dtap,NE,2007,"2007 survey, ages 19 to 35 months",87.8,82.5,93.1,,survey,,
survey,dtap,NE,2008,"2008 survey, ages 19 to 35 months",84.9,80.4,89.4,,survey,,
survey,dtap,NE,2009,"2009 survey, ages 19 to 35 months",81.8,76.4,87.2,,survey,,
survey,dtap,NE,2010,"2010 survey, ages 19 to 35 months",90.1,86.0,94.2,,survey,,
survey,dtap,NE,2011,"2011 survey, ages 19 to 35 months",92.3,88.4,96.2,,survey,,
survey,dtap,NE,2012,"2012 survey, ages 19 to 35 months",84.5,79.3,89.7,,survey,,
survey,dtap,NE,2013,"2013 survey, ages 19 to 35 months",88.3,83.6,93.0,,survey,,
survey,dtap,NE,2014,"2014 survey, ages 19 to 35 months",87.3,81.9,92.7,,survey,,
survey,dtap,NE,2015,"2015 survey, ages 19 to 35 months",86.9,81.9,91.9,,survey,,
survey,dtap,NE,2016,"2016 survey, ages 19 to 35 months",89.4,84.3,94.5,,survey,,
survey,dtap,NE,2017,"2017 survey, ages 19 to 35 months",86.4,81.5,91.3,,survey,,
survey,dtap,NH,1995,"1995 survey, ages 19 to 35 months",91.3,87.4,95.2,,survey,,
survey,dtap,NH,1996,"1996 survey, ages 19 to 35 months",86.7,82.6,90.8,,survey,,
survey,dtap,NH,1997,"1997 survey, ages 19 to 35 months",90.5,86.7,94.3,,survey,,
survey,dtap,NH,1998,"1998 survey, ages 19 to 35 months",91.4,88.0,94.8,,survey,,
survey,dtap,NH,1999,"1999 survey, ages 19 to 35 months",91.2,87.4,95.0,,survey,,
survey,dtap,NH,2000,"2000 survey, ages 19 to 35 months",87.6,83.7,91.5,,survey,,
survey,dtap,NH,2001,"2001 survey, ages 19 to 35 months",88.8,85.1,92.5,,survey,,
survey,dtap,NH,2002,"2002 survey, ages 19 to 35 months",93.5,90.7,96.3,,survey,,
survey,dtap,NH,2003,"2003 survey, ages 19 to 35 months",91.4,87.8,95.0,,survey,,
survey,dtap,NH,2004,"2004 survey, ages 19 to 35 months",91.4,87.1,95.7,,survey,,
survey,dtap,NH,2005,"2005 survey, ages 19 to 35 months",87.8,83.0,92.6,,survey,,
survey,dtap,NH,2006,"2006 survey, ages 19 to 35 months",87.5,82.8,92.2,,survey,,
survey,dtap,NH,2007,"2007 survey, ages 19 to 35 months",94.4,90.9,97.9,,survey,,
survey,dtap,NH,2008,"2008 survey, ages 19 to 35 months",90.0,85.9,94.1,,survey,,
survey,dtap,NH,2009,"2009 survey, ages 19 to 35 months",87.5,82.9,92.1,,survey,,
survey,dtap,NH,2010,"2010 survey, ages 19 to 35 months",92.0,86.9,97.1,,survey,,
survey,dtap,NH,2011,"2011 survey, ages 19 to 35 months",84.6,78.8,90.4,,survey,,
survey,dtap,NH,2012,"2012 survey, ages 19 to 35 months",88.7,84.0,93.4,,survey,,
survey,dtap,NH,2013,"2013 survey, ages 19 to 35 months",91.3,87.4,95.2,,survey,,
survey,dtap,NH,2014,"2014 survey, ages 19 to 35 months",91.3,87.1,95.5,,survey,,
survey,dtap,NH,2015,"2015 survey, ages 19 to 35 months",88.4,83.0,93.8,,survey,,
survey,dtap,NH,2016,"2016 survey, ages 19 to 35 months",92.5,88.7,96.3,,survey,,
survey,dtap,NH,2017,"2017 survey, ages 19 to 35 months",89.8,85.4,94.2,,survey,,
survey,dtap,NJ,1995,"1995 survey, ages 19 to 35 months",76.0,67.6,84.4,,survey,,
survey,dtap,NJ,1996,"1996 survey, ages 19 to 35 months",82.9,77.7,88.1,,survey,,
survey,dtap,NJ,1997,"1997 survey, ages 19 to 35 months",81.9,76.8,87.0,,survey,,
survey,dtap,NJ,1998,"1998 survey, ages 19 to 35 months",85.8,80.1,91.5,,survey,,
survey,dtap,NJ,1999,"1999 survey, ages 19 to 35 months",83.9,79.1,88.7,,survey,,
survey,dtap,NJ,2000,"2000 survey, ages 19 to 35 months",82.1,77.5,86.7,,survey,,
survey,dtap,NJ,2001,"2001 survey, ages 19 to 35 months",81.3,76.6,86.0,,survey,,
survey,dtap,NJ,2002,"2002 survey, ages 19 to 35 months",84.9,80.3,89.5,,survey,,
survey,dtap,NJ,2003,"2003 survey, ages 19 to 35 months",81.5,76.0,87.0,,survey,,
survey,dtap,NJ,2004,"2004 survey, ages 19 to 35 months",86.2,81.2,91.2,,survey,,
survey,dtap,NJ,2005,"2005 survey, ages 19 to 35 months",84.4,79.2,89.6,,survey,,
survey,dtap,NJ,2006,"2006 survey, ages 19 to 35 months",85.4,80.1,90.7,,survey,,
survey,dtap,NJ,2007,"2007 survey, ages 19 to 35 months",85.3,79.4,91.2,,survey,,
survey,dtap,NJ,2008,"2008 survey, ages 19 to 35 months",80.6,74.8,86.4,,survey,,
survey,dtap,NJ,2009,"2009 survey, ages 19 to 35 months",82.1,76.2,88.0,,survey,,
survey,dtap,NJ,2010,"2010 survey, ages 19 to 35 months",80.2,74.3,86.1,,survey,,
survey,dtap,NJ,2011,"2011 survey, ages 19 to 35 months",86.7,82.6,90.8,,survey,,
survey,dtap,NJ,2012,"2012 survey, ages 19 to 35 months",84.7,79.6,89.8,,survey,,
survey,dtap,NJ,2013,"2013 survey, ages 19 to 35 months",86.4,81.1,91.7,,survey,,
survey,dtap,NJ,2014,"2014 survey, ages 19 to 35 months",85.4,80.0,90.8,,survey,,
survey,dtap,NJ,2015,"2015 survey, ages 19 to 35 months",89.8,85.0,94.6,,survey,,
survey,dtap,NJ,2016,"2016 survey, ages 19 to 35 months",87.0,82.0,92.0,,survey,,
survey,dtap,NJ,2017,"2017 survey, ages 19 to 35 months",82.8,77.6,88.0,,survey,,
survey,dtap,NM,1995,"1995 survey, ages 19 to 35 months",76.7,68.5,84.9,,survey,,
survey,dtap,NM,1996,"1996 survey, ages 19 to 35 months",82.0,76.8,87.2,,survey,,
survey,dtap,NM,1997,"1997 survey, ages 19 to 35 months",79.9,74.3,85.5,,survey,,
survey,dtap,NM,1998,"1998 survey, ages 19 to 35 months",77.3,71.3,83.3,,survey,,
survey,dtap,NM,1999,"1999 survey, ages 19 to 35 months",82.3,77.3,87.3,,survey,,
survey,dtap,NM,2000,"2000 survey, ages 19 to 35 months",77.1,71.7,82.5,,survey,,
survey,dtap,NM,2001,"2001 survey, ages 19 to 35 months",76.1,71.3,80.9,,survey,,
survey,dtap,NM,2002,"2002 survey, ages 19 to 35 months",70.2,63.7,76.7,,survey,,
survey,dtap,NM,2003,"2003 survey, ages 19 to 35 months",81.6,75.6,87.6,,survey,,
survey,dtap,NM,2004,"2004 survey, ages 19 to 35 months",87.2,82.5,91.9,,survey,,
survey,dtap,NM,2005,"2005 survey, ages 19 to 35 months",82.2,76.0,88.4,,survey,,
survey,dtap,NM,2006,"2006 survey, ages 19 to 35 months",79.2,74.2,84.2,,survey,,
survey,dtap,NM,2007,"2007 survey, ages 19 to 35 months",81.6,74.6,88.6,,survey,,
survey,dtap,NM,2008,"2008 survey, ages 19 to 35 months",85.2,79.7,90.7,,survey,,
survey,dtap,NM,2009,"2009 survey, ages 19 to 35 months",80.6,74.8,86.4,,survey,,
survey,dtap,NM,2010,"2010 survey, ages 19 to 35 months",78.3,72.8,83.8,,survey,,
survey,dtap,NM,2011,"2011 survey, ages 19 to 35 months",86.7,82.0,91.4,,survey,,
survey,dtap,NM,2012,"2012 survey, ages 19 to 35 months",87.0,82.1,91.9,,survey,,
survey,dtap,NM,2013,"2013 survey, ages 19 to 35 months",79.8,73.4,86.2,,survey,,
survey,dtap,NM,2014,"2014 survey, ages 19 to 35 months",87.5,82.4,92.6,,survey,,
survey,dtap,NM,2015,"2015 survey, ages 19 to 35 months",84.8,78.8,90.8,,survey,,
survey,dtap,NM,2016,"2016 survey, ages 19 to 35 months",83.8,78.7,88.9,,survey,,
survey,dtap,NM,2017,"2017 survey, ages 19 to 35 months",88.1,83.3,92.9,,survey,,
survey,dtap,NV,1995,"1995 survey, ages 19 to 35 months",72.0,65.2,78.8,,survey,,
survey,dtap,NV,1996,"1996 survey, ages 19 to 35 months",70.7,64.0,77.4,,survey,,
survey,dtap,NV,1997,"1997 survey, ages 19 to 35 months",76.7,71.2,82.2,,survey,,
survey,dtap,NV,1998,"1998 survey, ages 19 to 35 months",79.1,73.4,84.8,,survey,,
survey,dtap,NV,1999,"1999 survey, ages 19 to 35 months",76.9,71.8,82.0,,survey,,
survey,dtap,NV,2000,"2000 survey, ages 19 to 35 months",79.1,74.3,83.9,,survey,,
survey,dtap,NV,2001,"2001 survey, ages 19 to 35 months",75.8,70.2,81.4,,survey,,
survey,dtap,NV,2002,"2002 survey, ages 19 to 35 months",79.0,73.1,84.9,,survey,,
survey,dtap,NV,2003,"2003 survey, ages 19 to 35 months",81.3,76.0,86.6,,survey,,
survey,dtap,NV,2004,"2004 survey, ages 19 to 35 months",72.8,66.7,78.9,,survey,,
survey,dtap,NV,2005,"2005 survey, ages 19 to 35 months",73.5,67.6,79.4,,survey,,
survey,dtap,NV,2006,"2006 survey, ages 19 to 35 months",73.8,67.1,80.5,,survey,,
survey,dtap,NV,2007,"2007 survey, ages 19 to 35 months",71.4,64.1,78.7,,survey,,
survey,dtap,NV,2008,"2008 survey, ages 19 to 35 months",76.0,70.0,82.0,,survey,,
survey,dtap,NV,2009,"2009 survey, ages 19 to 35 months",75.5,69.7,81.3,,survey,,
survey,dtap,NV,2010,"2010 survey, ages 19 to 35 months",76.9,70.6,83.2,,survey,,
survey,dtap,NV,2011,"2011 survey, ages 19 to 35 months",75.2,67.2,83.2,,survey,,
survey,dtap,NV,2012,"2012 survey, ages 19 to 35 months",81.0,75.5,86.5,,survey,,
survey,dtap,NV,2013,"2013 survey, ages 19 to 35 months",81.1,76.1,86.1,,survey,,
survey,dtap,NV,2014,"2014 survey, ages 19 to 35 months",81.0,75.2,86.8,,survey,,
survey,dtap,NV,2015,"2015 survey, ages 19 to 35 months",84.7,79.0,90.4,,survey,,
survey,dtap,NV,2016,"2016 survey, ages 19 to 35 months",82.0,75.6,88.4,,survey,,
survey,dtap,NV,2017,"2017 survey, ages 19 to 35 months",82.0,76.4,87.6,,survey,,
survey,dtap,NY,1995,"1995 survey, ages 19 to 35 months",80.6,75.5,85.7,,survey,,
survey,dtap,NY,1996,"1996 survey, ages 19 to 35 months",87.3,84.1,90.5,,survey,,
survey,dtap,NY,1997,"1997 survey, ages 19 to 35 months",82.6,78.6,86.6,,survey,,
survey,dtap,NY,1998,"1998 survey, ages 19 to 35 months",89.2,86.1,92.3,,survey,,
survey,dtap,NY,1999,"1999 survey, ages 19 to 35 months",87.2,84.2,90.2,,survey,,
survey,dtap,NY,2000,"2000 survey, ages 19 to 35 months",82.5,79.1,85.9,,survey,,
survey,dtap,NY,2001,"2001 survey, ages 19 to 35 months",87.4,84.3,90.5,,survey,,
survey,dtap,NY,2002,"2002 survey, ages 19 to 35 months",85.4,81.6,89.2,,survey,,
survey,dtap,NY,2003,"2003 survey, ages 19 to 35 months",87.7,84.5,90.9,,survey,,
survey,dtap,NY,2004,"2004 survey, ages 19 to 35 months",86.5,82.3,90.7,,survey,,
survey,dtap,NY,2005,"2005 survey, ages 19 to 35 months",89.0,85.4,92.6,,survey,,
survey,dtap,NY,2006,"2006 survey, ages 19 to 35 months",87.3,83.7,90.9,,survey,,
survey,dtap,NY,2007,"2007 survey, ages 19 to 35 months",88.9,86.0,91.8,,survey,,
survey,dtap,NY,2008,"2008 survey, ages 19 to 35 months",84.4,81.0,87.8,,survey,,
survey,dtap,NY,2009,"2009 survey, ages 19 to 35 months",84.0,80.0,88.0,,survey,,
survey,dtap,NY,2010,"2010 survey, ages 19 to 35 months",80.0,75.1,84.9,,survey,,
survey,dtap,NY,2011,"2011 survey, ages 19 to 35 months",82.6,78.7,86.5,,survey,,
survey,dtap,NY,2012,"2012 survey, ages 19 to 35 months",83.8,80.3,87.3,,survey,,
survey,dtap,NY,2013,"2013 survey, ages 19 to 35 months",86.6,82.8,90.4,,survey,,
survey,dtap,NY,2014,"2014 survey, ages 19 to 35 months",85.4,81.4,89.4,,survey,,
survey,dtap,NY,2015,"2015 survey, ages 19 to 35 months",87.4,84.1,90.7,,survey,,
survey,dtap,NY,2016,"2016 survey, ages 19 to 35 months",85.8,82.5,89.1,,survey,,
survey,dtap,NY,2017,"2017 survey, ages 19 to 35 months",83.3,79.6,87.0,,survey,,
survey,dtap,OH,1995,"1995 survey, ages 19 to 35 months",75.1,70.0,80.2,,survey,,
survey,dtap,OH,1996,"1996 survey, ages 19 to 35 months",81.6,77.8,85.4,,survey,,
survey,dtap,OH,1997,"1997 survey, ages 19 to 35 months",79.6,75.5,83.7,,survey,,
survey,dtap,OH,1998,"1998 survey, ages 19 to 35 months",81.7,77.8,85.6,,survey,,
survey,dtap,OH,1999,"1999 survey, ages 19 to 35 months",82.2,78.4,86.0,,survey,,
survey,dtap,OH,2000,"2000 survey, ages 19 to 35 months",78.0,73.3,82.7,,survey,,
survey,dtap,OH,2001,"2001 survey, ages 19 to 35 months",78.5,74.6,82.4,,survey,,
survey,dtap,OH,2002,"2002 survey, ages 19 to 35 months",81.7,77.5,85.9,,survey,,
survey,dtap,OH,2003,"2003 survey, ages 19 to 35 months",85.2,81.1,89.3,,survey,,
survey,dtap,OH,2004,"2004 survey, ages 19 to 35 months",85.8,81.0,90.6,,survey,,
survey,dtap,OH,2005,"2005 survey, ages 19 to 35 months",87.9,83.9,91.9,,survey,,
survey,dtap,OH,2006,"2006 survey, ages 19 to 35 months",84.7,80.0,89.4,,survey,,
survey,dtap,OH,2007,"2007 survey, ages 19 to 35 months",86.6,81.7,91.5,,survey,,
survey,dtap,OH,2008,"2008 survey, ages 19 to 35 months",86.1,80.2,92.0,,survey,,
survey,dtap,OH,2009,"2009 survey, ages 19 to 35 months",83.3,78.3,88.3,,survey,,
survey,dtap,OH,2010,"2010 survey, ages 19 to 35 months",84.3,78.4,90.2,,survey,,
survey,dtap,OH,2011,"2011 survey, ages 19 to 35 months",85.2,77.9,92.5,,survey,,
survey,dtap,OH,2012,"2012 survey, ages 19 to 35 months",83.3,77.3,89.3,,survey,,
survey,dtap,OH,2013,"2013 survey, ages 19 to 35 months",75.8,68.8,82.8,,survey,,
survey,dtap,OH,2014,"2014 survey, ages 19 to 35 months",85.1,79.1,91.1,,survey,,
survey,dtap,OH,2015,"2015 survey, ages 19 to 35 months",80.9,74.1,87.7,,survey,,
survey,dtap,OH,2016,"2016 survey, ages 19 to 35 months",78.6,71.7,85.5,,survey,,
survey,dtap,OH,2017,"2017 survey, ages 19 to 35 months",81.1,75.6,86.6,,survey,,
survey,dtap,OK,1995,"1995 survey, ages 19 to 35 months",78.0,71.3,84.7,,survey,,
survey,dtap,OK,1996,"1996 survey, ages 19 to 35 months",77.1,70.5,83.7,,survey,,
survey,dtap,OK,1997,"1997 survey, ages 19 to 35 months",75.8,69.8,81.8,,survey,,
survey,dtap,OK,1998,"1998 survey, ages 19 to 35 months",79.7,73.7,85.7,,survey,,
survey,dtap,OK,1999,"1999 survey, ages 19 to 35 months",79.4,74.1,84.7,,survey,,
survey,dtap,OK,2000,"2000 survey, ages 19 to 35 months",75.0,69.4,80.6,,survey,,
survey,dtap,OK,2001,"2001 survey, ages 19 to 35 months",80.1,75.0,85.2,,survey,,
survey,dtap,OK,2002,"2002 survey, ages 19 to 35 months",71.3,64.3,78.3,,survey,,
survey,dtap,OK,2003,"2003 survey, ages 19 to 35 months",74.2,67.1,81.3,,survey,,
survey,dtap,OK,2004,"2004 survey, ages 19 to 35 months",75.2,68.8,81.6,,survey,,
survey,dtap,OK,2005,"2005 survey, ages 19 to 35 months",79.7,74.0,85.4,,survey,,
survey,dtap,OK,2006,"2006 survey, ages 19 to 35 months",86.3,81.6,91.0,,survey,,
survey,dtap,OK,2007,"2007 survey, ages 19 to 35 months",82.7,76.7,88.7,,survey,,
survey,dtap,OK,2008,"2008 survey, ages 19 to 35 months",78.7,72.1,85.3,,survey,,
survey,dtap,OK,2009,"2009 survey, ages 19 to 35 months",83.7,78.5,88.9,,survey,,
survey,dtap,OK,2010,"2010 survey, ages 19 to 35 months",77.6,71.5,83.7,,survey,,
survey,dtap,OK,2011,"2011 survey, ages 19 to 35 months",84.1,78.8,89.4,,survey,,
survey,dtap,OK,2012,"2012 survey, ages 19 to 35 months",79.1,73.1,85.1,,survey,,
survey,dtap,OK,2013,"2013 survey, ages 19 to 35 months",79.2,73.8,84.6,,survey,,
survey,dtap,OK,2014,"2014 survey, ages 19 to 35 months",80.4,73.2,87.6,,survey,,
survey,dtap,OK,2015,"2015 survey, ages 19 to 35 months",85.7,79.4,92.0,,survey,,
survey,dtap,OK,2016,"2016 survey, ages 19 to 35 months",80.6,74.1,87.1,,survey,,
survey,dtap,OK,2017,"2017 survey, ages 19 to 35 months",78.5,71.9,85.1,,survey,,
survey,dtap,OR,1995,"1995 survey, ages 19 to 35 months",75.0,68.8,81.2,,survey,,
survey,dtap,OR,1996,"1996 survey, ages 19 to 35 months",74.9,69.5,80.3,,survey,,
survey,dtap,OR,1997,"1997 survey, ages 19 to 35 months",78.5,73.3,83.7,,survey,,
survey,dtap,OR,1998,"1998 survey, ages 19 to 35 months",79.2,74.1,84.3,,survey,,
survey,dtap,OR,1999,"1999 survey, ages 19 to 35 months",79.3,73.7,84.9,,survey,,
survey,dtap,OR,2000,"2000 survey, ages 19 to 35 months",84.3,79.8,88.8,,survey,,
survey,dtap,OR,2001,"2001 survey, ages 19 to 35 months",78.2,72.8,83.6,,survey,,
survey,dtap,OR,2002,"2002 survey, ages 19 to 35 months",78.7,73.4,84.0,,survey,,
survey,dtap,OR,2003,"2003 survey, ages 19 to 35 months",83.3,77.9,88.7,,survey,,
survey,dtap,OR,2004,"2004 survey, ages 19 to 35 months",84.8,80.1,89.5,,survey,,
survey,dtap,OR,2005,"2005 survey, ages 19 to 35 months",78.7,72.2,85.2,,survey,,
survey,dtap,OR,2006,"2006 survey, ages 19 to 35 months",83.0,77.7,88.3,,survey,,
survey,dtap,OR,2007,"2007 survey, ages 19 to 35 months",77.8,70.5,85.1,,survey,,
survey,dtap,OR,2008,"2008 survey, ages 19 to 35 months",79.7,73.2,86.2,,survey,,
survey,dtap,OR,2009,"2009 survey, ages 19 to 35 months",82.1,76.6,87.6,,survey,,
survey,dtap,OR,2010,"2010 survey, ages 19 to 35 months",83.7,78.7,88.7,,survey,,
survey,dtap,OR,2011,"2011 survey, ages 19 to 35 months",76.6,68.8,84.4,,survey,,
survey,dtap,OR,2012,"2012 survey, ages 19 to 35 months",81.2,75.4,87.0,,survey,,
survey,dtap,OR,2013,"2013 survey, ages 19 to 35 months",83.8,78.6,89.0,,survey,,
survey,dtap,OR,2014,"2014 survey, ages 19 to 35 months",80.7,73.9,87.5,,survey,,
survey,dtap,OR,2015,"2015 survey, ages 19 to 35 months",85.8,80.1,91.5,,survey,,
survey,dtap,OR,2016,"2016 survey, ages 19 to 35 months",79.3,73.7,84.9,,survey,,
survey,dtap,OR,2017,"2017 survey, ages 19 to 35 months",79.7,73.5,85.9,,survey,,
survey,dtap,PA,1995,"1995 survey, ages 19 to 35 months",82.6,77.9,87.3,,survey,,
survey,dtap,PA,1996,"1996 survey, ages 19 to 35 months",82.3,78.0,86.6,,survey,,
survey,dtap,PA,1997,"1997 survey, ages 19 to 35 months",84.2,80.3,88.1,,survey,,
survey,dtap,PA,1998,"1998 survey, ages 19 to 35 months",87.4,84.0,90.8,,survey,,
survey,dtap,PA,1999,"1999 survey, ages 19 to 35 months",90.0,86.7,93.3,,survey,,
survey,dtap,PA,2000,"2000 survey, ages 19 to 35 months",85.0,81.2,88.8,,survey,,
survey,dtap,PA,2001,"2001 survey, ages 19 to 35 months",87.1,83.6,90.6,,survey,,
survey,dtap,PA,2002,"2002 survey, ages 19 to 35 months",83.0,78.2,87.8,,survey,,
survey,dtap,PA,2003,"2003 survey, ages 19 to 35 months",90.8,87.2,94.4,,survey,,
survey,dtap,PA,2004,"2004 survey, ages 19 to 35 months",89.5,86.0,93.0,,survey,,
survey,dtap,PA,2005,"2005 survey, ages 19 to 35 months",87.8,82.9,92.7,,survey,,
survey,dtap,PA,2006,"2006 survey, ages 19 to 35 months",87.9,84.2,91.6,,survey,,
survey,dtap,PA,2007,"2007 survey, ages 19 to 35 months",86.4,82.8,90.0,,survey,,
survey,dtap,PA,2008,"2008 survey, ages 19 to 35 months",88.1,84.2,92.0,,survey,,
survey,dtap,PA,2009,"2009 survey, ages 19 to 35 months",80.9,75.7,86.1,,survey,,
survey,dtap,PA,2010,"2010 survey, ages 19 to 35 months",87.1,83.3,90.9,,survey,,
survey,dtap,PA,2011,"2011 survey, ages 19 to 35 months",85.8,82.0,89.6,,survey,,
survey,dtap,PA,2012,"2012 survey, ages 19 to 35 months",80.1,74.8,85.4,,survey,,
survey,dtap,PA,2013,"2013 survey, ages 19 to 35 months",88.7,84.8,92.6,,survey,,
survey,dtap,PA,2014,"2014 survey, ages 19 to 35 months",87.0,82.8,91.2,,survey,,
survey,dtap,PA,2015,"2015 survey, ages 19 to 35 months",88.7,84.9,92.5,,survey,,
survey,dtap,PA,2016,"2016 survey, ages 19 to 35 months",84.7,79.8,89.6,,survey,,
survey,dtap,PA,2017,"2017 survey, ages 19 to 35 months",83.1,77.2,89.0,,survey,,
survey,dtap,RI,1995,"1995 survey, ages 19 to 35 months",88.7,84.1,93.3,,survey,,
survey,dtap,RI,1996,"1996 survey, ages 19 to 35 months",88.9,84.9,92.9,,survey,,
survey,dtap,RI,1997,"1997 survey, ages 19 to 35 months",90.6,87.2,94.0,,survey,,
survey,dtap,RI,1998,"1998 survey, ages 19 to 35 months",90.1,86.5,93.7,,survey,,
survey,dtap,RI,1999,"1999 survey, ages 19 to 35 months",93.8,90.5,97.1,,survey,,
survey,dtap,RI,2000,"2000 survey, ages 19 to 35 months",87.9,84.2,91.6,,survey,,
survey,dtap,RI,2001,"2001 survey, ages 19 to 35 months",89.9,86.6,93.2,,survey,,
survey,dtap,RI,2002,"2002 survey, ages 19 to 35 months",92.9,89.2,96.6,,survey,,
survey,dtap,RI,2003,"2003 survey, ages 19 to 35 months",95.4,92.1,98.7,,survey,,
survey,dtap,RI,2004,"2004 survey, ages 19 to 35 months",94.7,92.0,97.4,,survey,,
survey,dtap,RI,2005,"2005 survey, ages 19 to 35 months",87.9,83.5,92.3,,survey,,
survey,dtap,RI,2006,"2006 survey, ages 19 to 35 months",86.6,82.0,91.2,,survey,,
survey,dtap,RI,2007,"2007 survey, ages 19 to 35 months",84.9,78.8,91.0,,survey,,
survey,dtap,RI,2008,"2008 survey, ages 19 to 35 months",88.4,83.7,93.1,,survey,,
survey,dtap,RI,2009,"2009 survey, ages 19 to 35 months",82.3,75.9,88.7,,survey,,
survey,dtap,RI,2010,"2010 survey, ages 19 to 35 months",85.8,80.1,91.5,,survey,,
survey,dtap,RI,2011,"2011 survey, ages 19 to 35 months",84.5,79.1,89.9,,survey,,
survey,dtap,RI,2012,"2012 survey, ages 19 to 35 months",89.0,84.1,93.9,,survey,,
survey,dtap,RI,2013,"2013 survey, ages 19 to 35 months",91.6,86.7,96.5,,survey,,
survey,dtap,RI,2014,"2014 survey, ages 19 to 35 months",88.8,83.3,94.3,,survey,,
survey,dtap,RI,2015,"2015 survey, ages 19 to 35 months",90.5,86.4,94.6,,survey,,
survey,dtap,RI,2016,"2016 survey, ages 19 to 35 months",88.7,84.0,93.4,,survey,,
survey,dtap,RI,2017,"2017 survey, ages 19 to 35 months",89.2,85.0,93.4,,survey,,
survey,dtap,SC,1995,"1995 survey, ages 19 to 35 months",78.4,71.4,85.4,,survey,,
survey,dtap,SC,1996,"1996 survey, ages 19 to 35 months",87.9,82.9,92.9,,survey,,
survey,dtap,SC,1997,"1997 survey, ages 19 to 35 months",83.5,78.9,88.1,,survey,,
survey,dtap,SC,1998,"1998 survey, ages 19 to 35 months",90.4,86.6,94.2,,survey,,
survey,dtap,SC,1999,"1999 survey, ages 19 to 35 months",83.7,79.2,88.2,,survey,,
survey,dtap,SC,2000,"2000 survey, ages 19 to 35 months",82.7,77.9,87.5,,survey,,
survey,dtap,SC,2001,"2001 survey, ages 19 to 35 months",82.7,77.7,87.7,,survey,,
survey,dtap,SC,2002,"2002 survey, ages 19 to 35 months",82.2,76.1,88.3,,survey,,
survey,dtap,SC,2003,"2003 survey, ages 19 to 35 months",86.3,81.3,91.3,,survey,,
survey,dtap,SC,2004,"2004 survey, ages 19 to 35 months",83.7,77.4,90.0,,survey,,
survey,dtap,SC,2005,"2005 survey, ages 19 to 35 months",82.6,76.4,88.8,,survey,,
survey,dtap,SC,2006,"2006 survey, ages 19 to 35 months",85.9,81.2,90.6,,survey,,
survey,dtap,SC,2007,"2007 survey, ages 19 to 35 months",84.2,79.7,88.7,,survey,,
survey,dtap,SC,2008,"2008 survey, ages 19 to 35 months",84.7,79.6,89.8,,survey,,
survey,dtap,SC,2009,"2009 survey, ages 19 to 35 months",81.7,76.2,87.2,,survey,,
survey,dtap,SC,2010,"2010 survey, ages 19 to 35 months",86.6,82.3,90.9,,survey,,
survey,dtap,SC,2011,"2011 survey, ages 19 to 35 months",79.5,73.4,85.6,,survey,,
survey,dtap,SC,2012,"2012 survey, ages 19 to 35 months",80.9,74.9,86.9,,survey,,
survey,dtap,SC,2013,"2013 survey, ages 19 to 35 months",77.3,69.8,84.8,,survey,,
survey,dtap,SC,2014,"2014 survey, ages 19 to 35 months",85.1,78.8,91.4,,survey,,
survey,dtap,SC,2015,"2015 survey, ages 19 to 35 months",77.5,70.5,84.5,,survey,,
survey,dtap,SC,2016,"2016 survey, ages 19 to 35 months",84.9,79.8,90.0,,survey,,
survey,dtap,SC,2017,"2017 survey, ages 19 to 35 months",81.4,74.7,88.1,,survey,,
survey,dtap,SD,1995,"1995 survey, ages 19 to 35 months",80.9,75.4,86.4,,survey,,
survey,dtap,SD,1996,"1996 survey, ages 19 to 35 months",84.6,79.6,89.6,,survey,,
survey,dtap,SD,1997,"1997 survey, ages 19 to 35 months",80.1,74.9,85.3,,survey,,
survey,dtap,SD,1998,"1998 survey, ages 19 to 35 months",78.6,73.5,83.7,,survey,,
survey,dtap,SD,1999,"1999 survey, ages 19 to 35 months",86.5,82.4,90.6,,survey,,
survey,dtap,SD,2000,"2000 survey, ages 19 to 35 months",80.6,75.7,85.5,,survey,,
survey,dtap,SD,2001,"2001 survey, ages 19 to 35 months",83.2,78.3,88.1,,survey,,
survey,dtap,SD,2002,"2002 survey, ages 19 to 35 months",84.3,78.3,90.3,,survey,,
survey,dtap,SD,2003,"2003 survey, ages 19 to 35 months",86.4,81.2,91.6,,survey,,
survey,dtap,SD,2004,"2004 survey, ages 19 to 35 months",90.3,85.6,95.0,,survey,,
survey,dtap,SD,2005,"2005 survey, ages 19 to 35 months",89.7,85.5,93.9,,survey,,
survey,dtap,SD,2006,"2006 survey, ages 19 to 35 months",85.5,80.2,90.8,,survey,,
survey,dtap,SD,2007,"2007 survey, ages 19 to 35 months",88.7,84.2,93.2,,survey,,
survey,dtap,SD,2008,"2008 survey, ages 19 to 35 months",84.3,79.2,89.4,,survey,,
survey,dtap,SD,2009,"2009 survey, ages 19 to 35 months",82.4,76.8,88.0,,survey,,
survey,dtap,SD,2010,"2010 survey, ages 19 to 35 months",80.1,74.5,85.7,,survey,,
survey,dtap,SD,2011,"2011 survey, ages 19 to 35 months",75.8,66.1,85.5,,survey,,
survey,dtap,SD,2012,"2012 survey, ages 19 to 35 months",79.2,73.7,84.7,,survey,,
survey,dtap,SD,2013,"2013 survey, ages 19 to 35 months",86.5,80.7,92.3,,survey,,
survey,dtap,SD,2014,"2014 survey, ages 19 to 35 months",87.8,81.3,94.3,,survey,,
survey,dtap,SD,2015,"2015 survey, ages 19 to 35 months",83.1,77.1,89.1,,survey,,
survey,dtap,SD,2016,"2016 survey, ages 19 to 35 months",80.3,74.3,86.3,,survey,,
survey,dtap,SD,2017,"2017 survey, ages 19 to 35 months",81.8,75.8,87.8,,survey,,
survey,dtap,TN,1995,"1995 survey, ages 19 to 35 months",76.5,72.0,81.0,,survey,,
survey,dtap,TN,1996,"1996 survey, ages 19 to 35 months",83.4,80.0,86.8,,survey,,
survey,dtap,TN,1997,"1997 survey, ages 19 to 35 months",84.0,80.5,87.5,,survey,,
survey,dtap,TN,1998,"1998 survey, ages 19 to 35 months",84.6,81.3,87.9,,survey,,
survey,dtap,TN,1999,"1999 survey, ages 19 to 35 months",82.4,78.7,86.1,,survey,,
survey,dtap,TN,2000,"2000 survey, ages 19 to 35 months",85.3,81.9,88.7,,survey,,
survey,dtap,TN,2001,"2001 survey, ages 19 to 35 months",86.3,83.2,89.4,,survey,,
survey,dtap,TN,2002,"2002 survey, ages 19 to 35 months",83.0,79.2,86.8,,survey,,
survey,dtap,TN,2003,"2003 survey, ages 19 to 35 months",83.5,79.5,87.5,,survey,,
survey,dtap,TN,2004,"2004 survey, ages 19 to 35 months",86.8,83.3,90.3,,survey,,
survey,dtap,TN,2005,"2005 survey, ages 19 to 35 months",85.7,81.8,89.6,,survey,,
survey,dtap,TN,2006,"2006 survey, ages 19 to 35 months",85.5,80.7,90.3,,survey,,
survey,dtap,TN,2007,"2007 survey, ages 19 to 35 months",84.8,78.8,90.8,,survey,,
survey,dtap,TN,2008,"2008 survey, ages 19 to 35 months",87.7,83.2,92.2,,survey,,
survey,dtap,TN,2009,"2009 survey, ages 19 to 35 months",89.0,85.2,92.8,,survey,,
survey,dtap,TN,2010,"2010 survey, ages 19 to 35 months",89.3,85.1,93.5,,survey,,
survey,dtap,TN,2011,"2011 survey, ages 19 to 35 months",81.9,76.1,87.7,,survey,,
survey,dtap,TN,2012,"2012 survey, ages 19 to 35 months",82.0,76.0,88.0,,survey,,
survey,dtap,TN,2013,"2013 survey, ages 19 to 35 months",81.1,75.1,87.1,,survey,,
survey,dtap,TN,2014,"2014 survey, ages 19 to 35 months",80.7,73.5,87.9,,survey,,
survey,dtap,TN,2015,"2015 survey, ages 19 to 35 months",81.2,74.7,87.7,,survey,,
survey,dtap,TN,2016,"2016 survey, ages 19 to 35 months",81.4,75.3,87.5,,survey,,
survey,dtap,TN,2017,"2017 survey, ages 19 to 35 months",88.5,83.9,93.1,,survey,,
survey,dtap,TX,1995,"1995 survey, ages 19 to 35 months",74.2,69.4,79.0,,survey,,
survey,dtap,TX,1996,"1996 survey, ages 19 to 35 months",76.9,73.1,80.7,,survey,,
survey,dtap,TX,1997,"1997 survey, ages 19 to 35 months",77.5,74.0,81.0,,survey,,
survey,dtap,TX,1998,"1998 survey, ages 19 to 35 months",78.3,74.7,81.9,,survey,,
survey,dtap,TX,1999,"1999 survey, ages 19 to 35 months",77.5,74.0,81.0,,survey,,
survey,dtap,TX,2000,"2000 survey, ages 19 to 35 months",72.8,69.0,76.6,,survey,,
survey,dtap,TX,2001,"2001 survey, ages 19 to 35 months",78.6,75.1,82.1,,survey,,
survey,dtap,TX,2002,"2002 survey, ages 19 to 35 months",74.6,69.6,79.6,,survey,,
survey,dtap,TX,2003,"2003 survey, ages 19 to 35 months",80.6,76.9,84.3,,survey,,
survey,dtap,TX,2004,"2004 survey, ages 19 to 35 months",78.2,74.4,82.0,,survey,,
survey,dtap,TX,2005,"2005 survey, ages 19 to 35 months",83.7,80.3,87.1,,survey,,
survey,dtap,TX,2006,"2006 survey, ages 19 to 35 months",81.5,78.2,84.8,,survey,,
survey,dtap,TX,2007,"2007 survey, ages 19 to 35 months",82.1,78.6,85.6,,survey,,
survey,dtap,TX,2008,"2008 survey, ages 19 to 35 months",83.0,78.5,87.5,,survey,,
survey,dtap,TX,2009,"2009 survey, ages 19 to 35 months",82.1,77.9,86.3,,survey,,
survey,dtap,TX,2010,"2010 survey, ages 19 to 35 months",83.9,80.6,87.2,,survey,,
survey,dtap,TX,2011,"2011 survey, ages 19 to 35 months",82.7,79.0,86.4,,survey,,
survey,dtap,TX,2012,"2012 survey, ages 19 to 35 months",77.4,73.8,81.0,,survey,,
survey,dtap,TX,2013,"2013 survey, ages 19 to 35 months",81.5,77.0,86.0,,survey,,
survey,dtap,TX,2014,"2014 survey, ages 19 to 35 months",78.2,73.3,83.1,,survey,,
survey,dtap,TX,2015,"2015 survey, ages 19 to 35 months",82.1,78.5,85.7,,survey,,
survey,dtap,TX,2016,"2016 survey, ages 19 to 35 months",81.3,77.9,84.7,,survey,,
survey,dtap,TX,2017,"2017 survey, ages 19 to 35 months",81.2,78.3,84.1,,survey,,
survey,dtap,US,1995,"1995 survey, ages 19 to 35 months",78.4,77.2,79.6,,survey,,
survey,dtap,US,1996,"1996 survey, ages 19 to 35 months",81.1,80.2,82.0,,survey,,
survey,dtap,US,1997,"1997 survey, ages 19 to 35 months",81.5,80.6,82.4,,survey,,
survey,dtap,US,1998,"1998 survey, ages 19 to 35 months",83.9,83.1,84.7,,survey,,
survey,dtap,US,1999,"1999 survey, ages 19 to 35 months",83.3,82.5,84.1,,survey,,
survey,dtap,US,2000,"2000 survey, ages 19 to 35 months",81.7,80.9,82.5,,survey,,
survey,dtap,US,2001,"2001 survey, ages 19 to 35 months",82.1,81.3,82.9,,survey,,
survey,dtap,US,2002,"2002 survey, ages 19 to 35 months",81.6,80.7,82.5,,survey,,
survey,dtap,US,2003,"2003 survey, ages 19 to 35 months",84.8,84.0,85.6,,survey,,
survey,dtap,US,2004,"2004 survey, ages 19 to 35 months",85.5,84.7,86.3,,survey,,
survey,dtap,US,2005,"2005 survey, ages 19 to 35 months",85.7,84.8,86.6,,survey,,
survey,dtap,US,2006,"2006 survey, ages 19 to 35 months",85.2,84.3,86.1,,survey,,
survey,dtap,US,2007,"2007 survey, ages 19 to 35 months",84.5,83.6,85.4,,survey,,
survey,dtap,US,2008,"2008 survey, ages 19 to 35 months",84.6,83.6,85.6,,survey,,
survey,dtap,US,2009,"2009 survey, ages 19 to 35 months",83.9,82.9,84.9,,survey,,row mark ¥
survey,dtap,US,2010,"2010 survey, ages 19 to 35 months",84.4,83.4,85.4,,survey,,
survey,dtap,US,2011,"2011 survey, ages 19 to 35 months",84.6,83.6,85.6,,survey,,
survey,dtap,US,2012,"2012 survey, ages 19 to 35 months",82.5,81.3,83.7,,survey,,
survey,dtap,US,2013,"2013 survey, ages 19 to 35 months",83.1,81.8,84.4,,survey,,
survey,dtap,US,2014,"2014 survey, ages 19 to 35 months",84.2,83.0,85.4,,survey,,
survey,dtap,US,2015,"2015 survey, ages 19 to 35 months",84.6,83.5,85.7,,survey,,
survey,dtap,US,2016,"2016 survey, ages 19 to 35 months",83.4,82.1,84.7,,survey,,
survey,dtap,US,2017,"2017 survey, ages 19 to 35 months",83.2,82.0,84.4,,survey,,
survey,dtap,UT,1995,"1995 survey, ages 19 to 35 months",69.4,63.1,75.7,,survey,,
survey,dtap,UT,1996,"1996 survey, ages 19 to 35 months",70.1,63.9,76.3,,survey,,
survey,dtap,UT,1997,"1997 survey, ages 19 to 35 months",73.7,68.3,79.1,,survey,,
survey,dtap,UT,1998,"1998 survey, ages 19 to 35 months",79.2,73.8,84.6,,survey,,
survey,dtap,UT,1999,"1999 survey, ages 19 to 35 months",83.5,78.6,88.4,,survey,,
survey,dtap,UT,2000,"2000 survey, ages 19 to 35 months",81.0,76.1,85.9,,survey,,
survey,dtap,UT,2001,"2001 survey, ages 19 to 35 months",79.4,74.2,84.6,,survey,,
survey,dtap,UT,2002,"2002 survey, ages 19 to 35 months",82.6,77.3,87.9,,survey,,
survey,dtap,UT,2003,"2003 survey, ages 19 to 35 months",82.4,76.8,88.0,,survey,,
survey,dtap,UT,2004,"2004 survey, ages 19 to 35 months",77.6,72.0,83.2,,survey,,
survey,dtap,UT,2005,"2005 survey, ages 19 to 35 months",80.9,73.2,88.6,,survey,,
survey,dtap,UT,2006,"2006 survey, ages 19 to 35 months",84.4,78.7,90.1,,survey,,
survey,dtap,UT,2007,"2007 survey, ages 19 to 35 months",82.2,76.9,87.5,,survey,,
survey,dtap,UT,2008,"2008 survey, ages 19 to 35 months",83.1,76.2,90.0,,survey,,
survey,dtap,UT,2009,"2009 survey, ages 19 to 35 months",85.5,80.4,90.6,,survey,,
survey,dtap,UT,2010,"2010 survey, ages 19 to 35 months",79.5,73.8,85.2,,survey,,
survey,dtap,UT,2011,"2011 survey, ages 19 to 35 months",82.0,76.4,87.6,,survey,,
survey,dtap,UT,2012,"2012 survey, ages 19 to 35 months",80.5,73.9,87.1,,survey,,
survey,dtap,UT,2013,"2013 survey, ages 19 to 35 months",90.3,86.2,94.4,,survey,,
survey,dtap,UT,2014,"2014 survey, ages 19 to 35 months",81.9,75.4,88.4,,survey,,
survey,dtap,UT,2015,"2015 survey, ages 19 to 35 months",82.0,76.2,87.8,,survey,,
survey,dtap,UT,2016,"2016 survey, ages 19 to 35 months",79.7,73.2,86.2,,survey,,
survey,dtap,UT,2017,"2017 survey, ages 19 to 35 months",80.6,74.8,86.4,,survey,,
survey,dtap,VA,1995,"1995 survey, ages 19 to 35 months",75.6,68.7,82.5,,survey,,
survey,dtap,VA,1996,"1996 survey, ages 19 to 35 months",81.4,76.3,86.5,,survey,,
survey,dtap,VA,1997,"1997 survey, ages 19 to 35 months",76.2,70.9,81.5,,survey,,
survey,dtap,VA,1998,"1998 survey, ages 19 to 35 months",86.4,81.9,90.9,,survey,,
survey,dtap,VA,1999,"1999 survey, ages 19 to 35 months",87.1,82.6,91.6,,survey,,
survey,dtap,VA,2000,"2000 survey, ages 19 to 35 months",78.3,72.6,84.0,,survey,,
survey,dtap,VA,2001,"2001 survey, ages 19 to 35 months",83.3,77.6,89.0,,survey,,
survey,dtap,VA,2002,"2002 survey, ages 19 to 35 months",81.3,75.8,86.8,,survey,,
survey,dtap,VA,2003,"2003 survey, ages 19 to 35 months",90.1,85.6,94.6,,survey,,
survey,dtap,VA,2004,"2004 survey, ages 19 to 35 months",88.2,83.4,93.0,,survey,,
survey,dtap,VA,2005,"2005 survey, ages 19 to 35 months",86.7,81.0,92.4,,survey,,
survey,dtap,VA,2006,"2006 survey, ages 19 to 35 months",86.2,81.4,91.0,,survey,,
survey,dtap,VA,2007,"2007 survey, ages 19 to 35 months",84.1,79.3,88.9,,survey,,
survey,dtap,VA,2008,"2008 survey, ages 19 to 35 months",80.3,72.6,88.0,,survey,,
survey,dtap,VA,2009,"2009 survey, ages 19 to 35 months",79.2,71.7,86.7,,survey,,
survey,dtap,VA,2010,"2010 survey, ages 19 to 35 months",88.3,83.8,92.8,,survey,,
survey,dtap,VA,2011,"2011 survey, ages 19 to 35 months",84.4,78.4,90.4,,survey,,
survey,dtap,VA,2012,"2012 survey, ages 19 to 35 months",82.7,76.1,89.3,,survey,,
survey,dtap,VA,2013,"2013 survey, ages 19 to 35 months",78.8,69.5,88.1,,survey,,
survey,dtap,VA,2014,"2014 survey, ages 19 to 35 months",87.2,80.5,93.9,,survey,,
survey,dtap,VA,2015,"2015 survey, ages 19 to 35 months",80.6,73.6,87.6,,survey,,
survey,dtap,VA,2016,"2016 survey, ages 19 to 35 months",85.8,79.5,92.1,,survey,,
survey,dtap,VA,2017,"2017 survey, ages 19 to 35 months",92.8,88.7,96.9,,survey,,
survey,dtap,VT,1995,"1995 survey, ages 19 to 35 months",89.9,85.4,94.4,,survey,,
survey,dtap,VT,1996,"1996 survey, ages 19 to 35 months",90.1,86.0,94.2,,survey,,
survey,dtap,VT,1997,"1997 survey, ages 19 to 35 months",93.1,90.2,96.0,,survey,,
survey,dtap,VT,1998,"1998 survey, ages 19 to 35 months",91.8,88.3,95.3,,survey,,
survey,dtap,VT,1999,"1999 survey, ages 19 to 35 months",94.8,92.1,97.5,,survey,,
survey,dtap,VT,2000,"2000 survey, ages 19 to 35 months",87.9,84.0,91.8,,survey,,
survey,dtap,VT,2001,"2001 survey, ages 19 to 35 months",91.7,88.4,95.0,,survey,,
survey,dtap,VT,2002,"2002 survey, ages 19 to 35 months",91.0,87.5,94.5,,survey,,
survey,dtap,VT,2003,"2003 survey, ages 19 to 35 months",93.3,90.4,96.2,,survey,,
survey,dtap,VT,2004,"2004 survey, ages 19 to 35 months",91.5,87.7,95.3,,survey,,
survey,dtap,VT,2005,"2005 survey, ages 19 to 35 months",86.2,80.5,91.9,,survey,,
survey,dtap,VT,2006,"2006 survey, ages 19 to 35 months",88.7,83.9,93.5,,survey,,
survey,dtap,VT,2007,"2007 survey, ages 19 to 35 months",81.9,74.4,89.4,,survey,,
survey,dtap,VT,2008,"2008 survey, ages 19 to 35 months",79.8,73.9,85.7,,survey,,
survey,dtap,VT,2009,"2009 survey, ages 19 to 35 months",83.2,78.8,87.6,,survey,,
survey,dtap,VT,2010,"2010 survey, ages 19 to 35 months",86.0,81.2,90.8,,survey,,
survey,dtap,VT,2011,"2011 survey, ages 19 to 35 months",88.2,83.5,92.9,,survey,,
survey,dtap,VT,2012,"2012 survey, ages 19 to 35 months",86.0,81.0,91.0,,survey,,
survey,dtap,VT,2013,"2013 survey, ages 19 to 35 months",85.8,80.7,90.9,,survey,,
survey,dtap,VT,2014,"2014 survey, ages 19 to 35 months",86.1,80.7,91.5,,survey,,
survey,dtap,VT,2015,"2015 survey, ages 19 to 35 months",89.2,85.0,93.4,,survey,,
survey,dtap,VT,2016,"2016 survey, ages 19 to 35 months",87.3,82.8,91.8,,survey,,
survey,dtap,VT,2017,"2017 survey, ages 19 to 35 months",85.5,80.5,90.5,,survey,,
survey,dtap,WA,1995,"1995 survey, ages 19 to 35 months",81.5,76.8,86.2,,survey,,
survey,dtap,WA,1996,"1996 survey, ages 19 to 35 months",81.1,76.8,85.4,,survey,,
survey,dtap,WA,1997,"1997 survey, ages 19 to 35 months",83.6,80.0,87.2,,survey,,
survey,dtap,WA,1998,"1998 survey, ages 19 to 35 months",84.4,80.9,87.9,,survey,,
survey,dtap,WA,1999,"1999 survey, ages 19 to 35 months",80.9,77.2,84.6,,survey,,
survey,dtap,WA,2000,"2000 survey, ages 19 to 35 months",82.6,79.0,86.2,,survey,,
survey,dtap,WA,2001,"2001 survey, ages 19 to 35 months",79.9,75.9,83.9,,survey,,
survey,dtap,WA,2002,"2002 survey, ages 19 to 35 months",77.4,72.8,82.0,,survey,,
survey,dtap,WA,2003,"2003 survey, ages 19 to 35 months",83.7,79.6,87.8,,survey,,
survey,dtap,WA,2004,"2004 survey, ages 19 to 35 months",85.0,80.9,89.1,,survey,,
survey,dtap,WA,2005,"2005 survey, ages 19 to 35 months",85.1,80.5,89.7,,survey,,
survey,dtap,WA,2006,"2006 survey, ages 19 to 35 months",86.6,83.1,90.1,,survey,,
survey,dtap,WA,2007,"2007 survey, ages 19 to 35 months",80.9,75.5,86.3,,survey,,
survey,dtap,WA,2008,"2008 survey, ages 19 to 35 months",82.7,77.7,87.7,,survey,,
survey,dtap,WA,2009,"2009 survey, ages 19 to 35 months",82.2,77.9,86.5,,survey,,
survey,dtap,WA,2010,"2010 survey, ages 19 to 35 months",81.9,77.0,86.8,,survey,,
survey,dtap,WA,2011,"2011 survey, ages 19 to 35 months",85.5,80.2,90.8,,survey,,
survey,dtap,WA,2012,"2012 survey, ages 19 to 35 months",84.0,78.5,89.5,,survey,,
survey,dtap,WA,2013,"2013 survey, ages 19 to 35 months",79.8,72.8,86.8,,survey,,
survey,dtap,WA,2014,"2014 survey, ages 19 to 35 months",81.6,74.9,88.3,,survey,,
survey,dtap,WA,2015,"2015 survey, ages 19 to 35 months",87.3,82.6,92.0,,survey,,
survey,dtap,WA,2016,"2016 survey, ages 19 to 35 months",85.8,81.0,90.6,,survey,,
survey,dtap,WA,2017,"2017 survey, ages 19 to 35 months",81.0,74.8,87.2,,survey,,
survey,dtap,WI,1995,"1995 survey, ages 19 to 35 months",78.6,74.1,83.1,,survey,,
survey,dtap,WI,1996,"1996 survey, ages 19 to 35 months",82.5,78.8,86.2,,survey,,
survey,dtap,WI,1997,"1997 survey, ages 19 to 35 months",85.2,81.9,88.5,,survey,,
survey,dtap,WI,1998,"1998 survey, ages 19 to 35 months",84.4,80.8,88.0,,survey,,
survey,dtap,WI,1999,"1999 survey, ages 19 to 35 months",87.6,84.5,90.7,,survey,,
survey,dtap,WI,2000,"2000 survey, ages 19 to 35 months",85.1,81.6,88.6,,survey,,
survey,dtap,WI,2001,"2001 survey, ages 19 to 35 months",87.2,84.1,90.3,,survey,,
survey,dtap,WI,2002,"2002 survey, ages 19 to 35 months",86.2,82.2,90.2,,survey,,
survey,dtap,WI,2003,"2003 survey, ages 19 to 35 months",86.8,82.8,90.8,,survey,,
survey,dtap,WI,2004,"2004 survey, ages 19 to 35 months",88.2,84.2,92.2,,survey,,
survey,dtap,WI,2005,"2005 survey, ages 19 to 35 months",86.6,82.2,91.0,,survey,,
survey,dtap,WI,2006,"2006 survey, ages 19 to 35 months",92.1,89.2,95.0,,survey,,
survey,dtap,WI,2007,"2007 survey, ages 19 to 35 months",82.0,75.9,88.1,,survey,,
survey,dtap,WI,2008,"2008 survey, ages 19 to 35 months",88.2,82.5,93.9,,survey,,
survey,dtap,WI,2009,"2009 survey, ages 19 to 35 months",88.8,84.6,93.0,,survey,,
survey,dtap,WI,2010,"2010 survey, ages 19 to 35 months",88.8,84.1,93.5,,survey,,
survey,dtap,WI,2011,"2011 survey, ages 19 to 35 months",88.4,83.0,93.8,,survey,,
survey,dtap,WI,2012,"2012 survey, ages 19 to 35 months",87.8,82.5,93.1,,survey,,
survey,dtap,WI,2013,"2013 survey, ages 19 to 35 months",84.0,77.9,90.1,,survey,,
survey,dtap,WI,2014,"2014 survey, ages 19 to 35 months",84.4,78.6,90.2,,survey,,
survey,dtap,WI,2015,"2015 survey, ages 19 to 35 months",85.2,79.5,90.9,,survey,,
survey,dtap,WI,2016,"2016 survey, ages 19 to 35 months",86.2,80.3,92.1,,survey,,
survey,dtap,WI,2017,"2017 survey, ages 19 to 35 months",81.1,74.6,87.6,,survey,,
survey,dtap,WV,1995,"1995 survey, ages 19 to 35 months",77.8,71.8,83.8,,survey,,
survey,dtap,WV,1996,"1996 survey, ages 19 to 35 months",75.2,69.2,81.2,,survey,,
survey,dtap,WV,1997,"1997 survey, ages 19 to 35 months",87.4,83.3,91.5,,survey,,
survey,dtap,WV,1998,"1998 survey, ages 19 to 35 months",88.1,84.3,91.9,,survey,,
survey,dtap,WV,1999,"1999 survey, ages 19 to 35 months",85.8,81.4,90.2,,survey,,
survey,dtap,WV,2000,"2000 survey, ages 19 to 35 months",80.5,75.1,85.9,,survey,,
survey,dtap,WV,2001,"2001 survey, ages 19 to 35 months",88.2,84.2,92.2,,survey,,
survey,dtap,WV,2002,"2002 survey, ages 19 to 35 months",82.9,77.0,88.8,,survey,,
survey,dtap,WV,2003,"2003 survey, ages 19 to 35 months",79.3,72.3,86.3,,survey,,
survey,dtap,WV,2004,"2004 survey, ages 19 to 35 months",88.1,82.7,93.5,,survey,,
survey,dtap,WV,2005,"2005 survey, ages 19 to 35 months",82.6,77.1,88.1,,survey,,
survey,dtap,WV,2006,"2006 survey, ages 19 to 35 months",83.2,77.3,89.1,,survey,,
survey,dtap,WV,2007,"2007 survey, ages 19 to 35 months",84.5,79.6,89.4,,survey,,
survey,dtap,WV,2008,"2008 survey, ages 19 to 35 months",84.8,79.3,90.3,,survey,,
survey,dtap,WV,2009,"2009 survey, ages 19 to 35 months",78.8,71.8,85.8,,survey,,
survey,dtap,WV,2010,"2010 survey, ages 19 to 35 months",83.1,78.3,87.9,,survey,,
survey,dtap,WV,2011,"2011 survey, ages 19 to 35 months",78.4,73.3,83.5,,survey,,
survey,dtap,WV,2012,"2012 survey, ages 19 to 35 months",79.1,72.3,85.9,,survey,,
survey,dtap,WV,2013,"2013 survey, ages 19 to 35 months",83.4,77.2,89.6,,survey,,
survey,dtap,WV,2014,"2014 survey, ages 19 to 35 months",77.2,70.0,84.4,,survey,,
survey,dtap,WV,2015,"2015 survey, ages 19 to 35 months",78.6,71.8,85.4,,survey,,
survey,dtap,WV,2016,"2016 survey, ages 19 to 35 months",80.0,74.0,86.0,,survey,,
survey,dtap,WV,2017,"2017 survey, ages 19 to 35 months",85.3,80.6,90.0,,survey,,
survey,dtap,WY,1995,"1995 survey, ages 19 to 35 months",79.7,73.7,85.7,,survey,,
survey,dtap,WY,1996,"1996 survey, ages 19 to 35 months",82.0,76.9,87.1,,survey,,
survey,dtap,WY,1997,"1997 survey, ages 19 to 35 months",79.9,75.1,84.7,,survey,,
survey,dtap,WY,1998,"1998 survey, ages 19 to 35 months",84.5,80.1,88.9,,survey,,
survey,dtap,WY,1999,"1999 survey, ages 19 to 35 months",86.3,81.7,90.9,,survey,,
survey,dtap,WY,2000,"2000 survey, ages 19 to 35 months",82.5,78.1,86.9,,survey,,
survey,dtap,WY,2001,"2001 survey, ages 19 to 35 months",83.7,78.8,88.6,,survey,,
survey,dtap,WY,2002,"2002 survey, ages 19 to 35 months",78.4,72.4,84.4,,survey,,
survey,dtap,WY,2003,"2003 survey, ages 19 to 35 months",81.0,75.8,86.2,,survey,,
survey,dtap,WY,2004,"2004 survey, ages 19 to 35 months",86.2,81.9,90.5,,survey,,
survey,dtap,WY,2005,"2005 survey, ages 19 to 35 months",83.1,77.4,88.8,,survey,,
survey,dtap,WY,2006,"2006 survey, ages 19 to 35 months",77.4,71.6,83.2,,survey,,
survey,dtap,WY,2007,"2007 survey, ages 19 to 35 months",78.7,72.6,84.8,,survey,,
survey,dtap,WY,2008,"2008 survey, ages 19 to 35 months",73.7,67.8,79.6,,survey,,
survey,dtap,WY,2009,"2009 survey, ages 19 to 35 months",81.3,75.9,86.7,,survey,,
survey,dtap,WY,2010,"2010 survey, ages 19 to 35 months",82.0,76.2,87.8,,survey,,
survey,dtap,WY,2011,"2011 survey, ages 19 to 35 months",75.5,66.0,85.0,,survey,,
survey,dtap,WY,2012,"2012 survey, ages 19 to 35 months",79.4,73.4,85.4,,survey,,
survey,dtap,WY,2013,"2013 survey, ages 19 to 35 months",80.9,74.3,87.5,,survey,,
survey,dtap,WY,2014,"2014 survey, ages 19 to 35 months",72.8,64.1,81.5,,survey,,
survey,dtap,WY,2015,"2015 survey, ages 19 to 35 months",83.2,77.1,89.3,,survey,,
survey,dtap,WY,2016,"2016 survey, ages 19 to 35 months",76.8,70.7,82.9,,survey,,
survey,dtap,WY,2017,"2017 survey, ages 19 to 35 months",77.6,71.6,83.6,,survey,,
survey,hepa,AK,2008,"2008 survey, ages 19 to 35 months",48.7,41.3,56.1,,survey,,
survey,hepa,AK,2009,"2009 survey, ages 19 to 35 months",45.9,37.7,54.1,,survey,,
survey,hepa,AK,2010,"2010 survey, ages 19 to 35 months",44.7,37.9,51.5,,survey,,
survey,hepa,AK,2011,"2011 survey, ages 19 to 35 months",48.9,41.3,56.5,,survey,,
survey,hepa,AK,2012,"2012 survey, ages 19 to 35 months",50.1,43.2,57.0,,survey,,
survey,hepa,AK,2013,"2013 survey, ages 19 to 35 months",52.5,45.3,59.7,,survey,,
survey,hepa,AK,2014,"2014 survey, ages 19 to 35 months",55.0,47.6,62.4,,survey,,
survey,hepa,AK,2015,"2015 survey, ages 19 to 35 months",56.5,50.0,63.0,,survey,,
survey,hepa,AK,2017,"2017 survey, ages 19 to 35 months",53.6,46.5,60.5,,survey,,
survey,hepa,AL,2008,"2008 survey, ages 19 to 35 months",33.9,27.9,39.9,,survey,,
survey,hepa,AL,2009,"2009 survey, ages 19 to 35 months",43.6,35.6,51.6,,survey,,
survey,hepa,AL,2010,"2010 survey, ages 19 to 35 months",50.5,44.3,56.7,,survey,,
survey,hepa,AL,2011,"2011 survey, ages 19 to 35 months",53.7,47.2,60.2,,survey,,
survey,hepa,AL,2012,"2012 survey, ages 19 to 35 months",49.2,41.8,56.6,,survey,,
survey,hepa,AL,2013,"2013 survey, ages 19 to 35 months",59.2,50.3,68.1,,survey,,
survey,hepa,AL,2014,"2014 survey, ages 19 to 35 months",62.3,53.1,71.5,,survey,,
survey,hepa,AL,2015,"2015 survey, ages 19 to 35 months",57.6,50.0,65.2,,survey,,
survey,hepa,AL,2017,"2017 survey, ages 19 to 35 months",61.1,53.7,68.0,,survey,,
survey,hepa,AR,2008,"2008 survey, ages 19 to 35 months",22.4,16.8,28.0,,survey,,
survey,hepa,AR,2009,"2009 survey, ages 19 to 35 months",25.1,19.4,30.8,,survey,,
survey,hepa,AR,2010,"2010 survey, ages 19 to 35 months",34.2,27.8,40.6,,survey,,
survey,hepa,AR,2011,"2011 survey, ages 19 to 35 months",33.2,26.0,40.4,,survey,,
survey,hepa,AR,2012,"2012 survey, ages 19 to 35 months",40.1,32.6,47.6,,survey,,
survey,hepa,AR,2013,"2013 survey, ages 19 to 35 months",35.8,27.9,43.7,,survey,,
survey,hepa,AR,2014,"2014 survey, ages 19 to 35 months",43.3,34.6,52.0,,survey,,
survey,hepa,AR,2015,"2015 survey, ages 19 to 35 months",54.2,46.2,62.2,,survey,,
survey,hepa,AR,2017,"2017 survey, ages 19 to 35 months",58.9,51.2,66.1,,survey,,
survey,hepa,AZ,2008,"2008 survey, ages 19 to 35 months",48.1,41.1,55.1,,survey,,
survey,hepa,AZ,2009,"2009 survey, ages 19 to 35 months",51.9,45.1,58.7,,survey,,
survey,hepa,AZ,2010,"2010 survey, ages 19 to 35 months",51.0,44.3,57.7,,survey,,
survey,hepa,AZ,2011,"2011 survey, ages 19 to 35 months",51.2,42.1,60.3,,survey,,
survey,hepa,AZ,2012,"2012 survey, ages 19 to 35 months",55.2,48.3,62.1,,survey,,
survey,hepa,AZ,2013,"2013 survey, ages 19 to 35 months",55.4,47.3,63.5,,survey,,
survey,hepa,AZ,2014,"2014 survey, ages 19 to 35 months",54.3,46.2,62.4,,survey,,
survey,hepa,AZ,2015,"2015 survey, ages 19 to 35 months",58.6,51.2,66.0,,survey,,
survey,hepa,AZ,2017,"2017 survey, ages 19 to 35 months",62.9,55.5,69.7,,survey,,
survey,hepa,CA,2008,"2008 survey, ages 19 to 35 months",48.2,43.1,53.3,,survey,,
survey,hepa,CA,2009,"2009 survey, ages 19 to 35 months",51.5,45.2,57.8,,survey,,
survey,hepa,CA,2010,"2010 survey, ages 19 to 35 months",53.4,46.7,60.1,,survey,,
survey,hepa,CA,2011,"2011 survey, ages 19 to 35 months",59.6,53.2,66.0,,survey,,
survey,hepa,CA,2012,"2012 survey, ages 19 to 35 months",54.6,46.8,62.4,,survey,,
survey,hepa,CA,2013,"2013 survey, ages 19 to 35 months",56.8,48.4,65.2,,survey,,
survey,hepa,CA,2014,"2014 survey, ages 19 to 35 months",62.5,54.3,70.7,,survey,,
survey,hepa,CA,2015,"2015 survey, ages 19 to 35 months",60.8,53.0,68.6,,survey,,
survey,hepa,CA,2017,"2017 survey, ages 19 to 35 months",65.0,55.9,73.2,,survey,,
survey,hepa,CO,2008,"2008 survey, ages 19 to 35 months",42.4,33.4,51.4,,survey,,
survey,hepa,CO,2009,"2009 survey, ages 19 to 35 months",38.9,30.4,47.4,,survey,,
survey,hepa,CO,2010,"2010 survey, ages 19 to 35 months",42.0,35.3,48.7,,survey,,
survey,hepa,CO,2011,"2011 survey, ages 19 to 35 months",46.8,38.3,55.3,,survey,,
survey,hepa,CO,2012,"2012 survey, ages 19 to 35 months",56.2,47.6,64.8,,survey,,
survey,hepa,CO,2013,"2013 survey, ages 19 to 35 months",47.6,40.2,55.0,,survey,,
survey,hepa,CO,2014,"2014 survey, ages 19 to 35 months",52.7,45.7,59.7,,survey,,
survey,hepa,CO,2015,"2015 survey, ages 19 to 35 months",59.7,52.4,67.0,,survey,,
survey,hepa,CO,2017,"2017 survey, ages 19 to 35 months",57.0,49.3,64.4,,survey,,
survey,hepa,CT,2008,"2008 survey, ages 19 to 35 months",38.8,31.2,46.4,,survey,,
survey,hepa,CT,2009,"2009 survey, ages 19 to 35 months",46.9,37.1,56.7,,survey,,
survey,hepa,CT,2010,"2010 survey, ages 19 to 35 months",48.5,40.8,56.2,,survey,,
survey,hepa,CT,2011,"2011 survey, ages 19 to 35 months",53.9,47.1,60.7,,survey,,
survey,hepa,CT,2012,"2012 survey, ages 19 to 35 months",65.5,59.2,71.8,,survey,,
survey,hepa,CT,2013,"2013 survey, ages 19 to 35 months",72.1,64.6,79.6,,survey,,
survey,hepa,CT,2014,"2014 survey, ages 19 to 35 months",69.0,61.2,76.8,,survey,,
survey,hepa,CT,2015,"2015 survey, ages 19 to 35 months",72.0,64.7,79.3,,survey,,
survey,hepa,CT,2017,"2017 survey, ages 19 to 35 months",73.0,65.9,79.1,,survey,,
survey,hepa,DC,2008,"2008 survey, ages 19 to 35 months",43.4,36.1,50.7,,survey,,
survey,hepa,DC,2009,"2009 survey, ages 19 to 35 months",54.1,46.9,61.3,,survey,,
survey,hepa,DC,2010,"2010 survey, ages 19 to 35 months",55.8,47.7,63.9,,survey,,
survey,hepa,DC,2011,"2011 survey, ages 19 to 35 months",55.8,48.5,63.1,,survey,,
survey,hepa,DC,2012,"2012 survey, ages 19 to 35 months",62.3,55.7,68.9,,survey,,
survey,hepa,DC,2013,"2013 survey, ages 19 to 35 months",66.2,57.8,74.6,,survey,,
survey,hepa,DC,2014,"2014 survey, ages 19 to 35 months",63.2,55.6,70.8,,survey,,
survey,hepa,DC,2015,"2015 survey, ages 19 to 35 months",67.9,61.4,74.4,,survey,,
survey,hepa,DC,2017,"2017 survey, ages 19 to 35 months",72.9,65.1,79.6,,survey,,
survey,hepa,DE,2008,"2008 survey, ages 19 to 35 months",44.6,37.5,51.7,,survey,,
survey,hepa,DE,2009,"2009 survey, ages 19 to 35 months",52.3,45.0,59.6,,survey,,
survey,hepa,DE,2010,"2010 survey, ages 19 to 35 months",62.0,56.0,68.0,,survey,,
survey,hepa,DE,2011,"2011 survey, ages 19 to 35 months",54.5,47.2,61.8,,survey,,
survey,hepa,DE,2012,"2012 survey, ages 19 to 35 months",65.7,58.6,72.8,,survey,,
survey,hepa,DE,2013,"2013 survey, ages 19 to 35 months",64.2,57.2,71.2,,survey,,
survey,hepa,DE,2014,"2014 survey, ages 19 to 35 months",67.2,60.2,74.2,,survey,,
survey,hepa,DE,2015,"2015 survey, ages 19 to 35 months",67.6,60.3,74.9,,survey,,
survey,hepa,DE,2017,"2017 survey, ages 19 to 35 months",69.6,62.3,76.0,,survey,,
survey,hepa,FL,2008,"2008 survey, ages 19 to 35 months",40.6,34.2,47.0,,survey,,
survey,hepa,FL,2009,"2009 survey, ages 19 to 35 months",44.6,38.0,51.2,,survey,,
survey,hepa,FL,2010,"2010 survey, ages 19 to 35 months",49.6,41.7,57.5,,survey,,
survey,hepa,FL,2011,"2011 survey, ages 19 to 35 months",45.4,38.5,52.3,,survey,,
survey,hepa,FL,2012,"2012 survey, ages 19 to 35 months",51.9,43.8,60.0,,survey,,
survey,hepa,FL,2013,"2013 survey, ages 19 to 35 months",48.7,40.7,56.7,,survey,,
survey,hepa,FL,2014,"2014 survey, ages 19 to 35 months",54.9,45.8,64.0,,survey,,
survey,hepa,FL,2015,"2015 survey, ages 19 to 35 months",54.6,47.1,62.1,,survey,,
survey,hepa,FL,2017,"2017 survey, ages 19 to 35 months",53.6,45.3,61.6,,survey,,
survey,hepa,GA,2008,"2008 survey, ages 19 to 35 months",42.7,35.6,49.8,,survey,,
survey,hepa,GA,2009,"2009 survey, ages 19 to 35 months",58.1,51.0,65.2,,survey,,
survey,hepa,GA,2010,"2010 survey, ages 19 to 35 months",64.4,57.7,71.1,,survey,,
survey,hepa,GA,2011,"2011 survey, ages 19 to 35 months",65.3,58.8,71.8,,survey,,
survey,hepa,GA,2012,"2012 survey, ages 19 to 35 months",65.9,58.3,73.5,,survey,,
survey,hepa,GA,2013,"2013 survey, ages 19 to 35 months",58.0,47.9,68.1,,survey,,
survey,hepa,GA,2014,"2014 survey, ages 19 to 35 months",58.3,49.7,66.9,,survey,,
survey,hepa,GA,2015,"2015 survey, ages 19 to 35 months",62.0,54.4,69.6,,survey,,
survey,hepa,GA,2017,"2017 survey, ages 19 to 35 months",64.3,56.9,71.2,,survey,,
survey,hepa,HI,2008,"2008 survey, ages 19 to 35 months",43.6,36.2,51.0,,survey,,
survey,hepa,HI,2009,"2009 survey, ages 19 to 35 months",47.1,39.4,54.8,,survey,,
survey,hepa,HI,2010,"2010 survey, ages 19 to 35 months",44.9,38.5,51.3,,survey,,
survey,hepa,HI,2011,"2011 survey, ages 19 to 35 months",51.9,43.6,60.2,,survey,,
survey,hepa,HI,2012,"2012 survey, ages 19 to 35 months",58.1,51.0,65.2,,survey,,
survey,hepa,HI,2013,"2013 survey, ages 19 to 35 months",54.2,46.2,62.2,,survey,,
survey,hepa,HI,2014,"2014 survey, ages 19 to 35 months",55.4,47.9,62.9,,survey,,
survey,hepa,HI,2015,"2015 survey, ages 19 to 35 months",51.4,44.4,58.4,,survey,,
survey,hepa,HI,2017,"2017 survey, ages 19 to 35 months",56.2,48.8,63.3,,survey,,
survey,hepa,IA,2008,"2008 survey, ages 19 to 35 months",38.6,32.0,45.2,,survey,,
survey,hepa,IA,2009,"2009 survey, ages 19 to 35 months",47.8,40.8,54.8,,survey,,"typo in source cell, reads '47.8±7 .0'"
survey,hepa,IA,2010,"2010 survey, ages 19 to 35 months",55.8,48.6,63.0,,survey,,
survey,hepa,IA,2011,"2011 survey, ages 19 to 35 months",48.8,41.5,56.1,,survey,,
survey,hepa,IA,2012,"2012 survey, ages 19 to 35 months",59.3,52.1,66.5,,survey,,
survey,hepa,IA,2013,"2013 survey, ages 19 to 35 months",57.5,48.9,66.1,,survey,,
survey,hepa,IA,2014,"2014 survey, ages 19 to 35 months",58.3,49.6,67.0,,survey,,
survey,hepa,IA,2015,"2015 survey, ages 19 to 35 months",64.7,58.2,71.2,,survey,,
survey,hepa,IA,2017,"2017 survey, ages 19 to 35 months",64.4,56.9,71.2,,survey,,
survey,hepa,ID,2008,"2008 survey, ages 19 to 35 months",38.6,32.1,45.1,,survey,,
survey,hepa,ID,2009,"2009 survey, ages 19 to 35 months",37.3,29.8,44.8,,survey,,
survey,hepa,ID,2010,"2010 survey, ages 19 to 35 months",44.2,37.4,51.0,,survey,,
survey,hepa,ID,2011,"2011 survey, ages 19 to 35 months",45.2,36.6,53.8,,survey,,
survey,hepa,ID,2012,"2012 survey, ages 19 to 35 months",52.8,44.2,61.4,,survey,,
survey,hepa,ID,2013,"2013 survey, ages 19 to 35 months",60.7,53.4,68.0,,survey,,
survey,hepa,ID,2014,"2014 survey, ages 19 to 35 months",59.4,51.2,67.6,,survey,,
survey,hepa,ID,2015,"2015 survey, ages 19 to 35 months",58.8,51.5,66.1,,survey,,
survey,hepa,ID,2017,"2017 survey, ages 19 to 35 months",66.0,58.0,73.2,,survey,,
survey,hepa,IL,2008,"2008 survey, ages 19 to 35 months",26.2,22.1,30.3,,survey,,
survey,hepa,IL,2009,"2009 survey, ages 19 to 35 months",38.0,32.5,43.5,,survey,,
survey,hepa,IL,2010,"2010 survey, ages 19 to 35 months",45.2,39.7,50.7,,survey,,
survey,hepa,IL,2011,"2011 survey, ages 19 to 35 months",42.8,37.3,48.3,,survey,,
survey,hepa,IL,2012,"2012 survey, ages 19 to 35 months",48.2,42.8,53.6,,survey,,
survey,hepa,IL,2013,"2013 survey, ages 19 to 35 months",48.4,42.9,53.9,,survey,,
survey,hepa,IL,2014,"2014 survey, ages 19 to 35 months",62.3,56.6,68.0,,survey,,
survey,hepa,IL,2015,"2015 survey, ages 19 to 35 months",57.9,53.0,62.8,,survey,,
survey,hepa,IL,2017,"2017 survey, ages 19 to 35 months",60.0,54.6,65.1,,survey,,
survey,hepa,IN,2008,"2008 survey, ages 19 to 35 months",42.1,34.5,49.7,,survey,,
survey,hepa,IN,2009,"2009 survey, ages 19 to 35 months",46.1,39.6,52.6,,survey,,
survey,hepa,IN,2010,"2010 survey, ages 19 to 35 months",46.9,40.4,53.4,,survey,,
survey,hepa,IN,2011,"2011 survey, ages 19 to 35 months",50.5,43.8,57.2,,survey,,
survey,hepa,IN,2012,"2012 survey, ages 19 to 35 months",48.0,40.5,55.5,,survey,,
survey,hepa,IN,2013,"2013 survey, ages 19 to 35 months",61.0,54.1,67.9,,survey,,
survey,hepa,IN,2014,"2014 survey, ages 19 to 35 months",53.8,46.5,61.1,,survey,,
survey,hepa,IN,2015,"2015 survey, ages 19 to 35 months",65.3,57.9,72.7,,survey,,mark §§
survey,hepa,IN,2017,"2017 survey, ages 19 to 35 months",63.9,56.0,71.2,,survey,,
survey,hepa,KS,2008,"2008 survey, ages 19 to 35 months",37.4,30.2,44.6,,survey,,
survey,hepa,KS,2009,"2009 survey, ages 19 to 35 months",43.8,35.3,52.3,,survey,,
survey,hepa,KS,2010,"2010 survey, ages 19 to 35 months",49.7,42.3,57.1,,survey,,
survey,hepa,KS,2011,"2011 survey, ages 19 to 35 months",60.8,52.6,69.0,,survey,,
survey,hepa,KS,2012,"2012 survey, ages 19 to 35 months",58.5,51.6,65.4,,survey,,
survey,hepa,KS,2013,"2013 survey, ages 19 to 35 months",60.2,52.6,67.8,,survey,,
survey,hepa,KS,2014,"2014 survey, ages 19 to 35 months",63.0,55.0,71.0,,survey,,
survey,hepa,KS,2015,"2015 survey, ages 19 to 35 months",67.9,61.1,74.7,,survey,,
survey,hepa,KS,2017,"2017 survey, ages 19 to 35 months",63.2,54.3,71.2,,survey,,
survey,hepa,KY,2008,"2008 survey, ages 19 to 35 months",33.9,27.5,40.3,,survey,,
survey,hepa,KY,2009,"2009 survey, ages 19 to 35 months",37.9,32.2,43.6,,survey,,
survey,hepa,KY,2010,"2010 survey, ages 19 to 35 months",45.6,39.2,52.0,,survey,,
survey,hepa,KY,2011,"2011 survey, ages 19 to 35 months",48.5,39.9,57.1,,survey,,
survey,hepa,KY,2012,"2012 survey, ages 19 to 35 months",48.4,41.4,55.4,,survey,,
survey,hepa,KY,2013,"2013 survey, ages 19 to 35 months",41.4,32.8,50.0,,survey,,
survey,hepa,KY,2014,"2014 survey, ages 19 to 35 months",47.9,38.9,56.9,,survey,,
survey,hepa,KY,2015,"2015 survey, ages 19 to 35 months",48.3,41.0,55.6,,survey,,
survey,hepa,KY,2017,"2017 survey, ages 19 to 35 months",58.6,50.8,66.0,,survey,,
survey,hepa,LA,2008,"2008 survey, ages 19 to 35 months",46.6,40.0,53.2,,survey,,
survey,hepa,LA,2009,"2009 survey, ages 19 to 35 months",52.2,44.8,59.6,,survey,,
survey,hepa,LA,2010,"2010 survey, ages 19 to 35 months",51.4,43.7,59.1,,survey,,
survey,hepa,LA,2011,"2011 survey, ages 19 to 35 months",55.5,48.5,62.5,,survey,,
survey,hepa,LA,2012,"2012 survey, ages 19 to 35 months",46.9,39.6,54.2,,survey,,
survey,hepa,LA,2013,"2013 survey, ages 19 to 35 months",50.4,42.7,58.1,,survey,,
survey,hepa,LA,2014,"2014 survey, ages 19 to 35 months",52.4,44.5,60.3,,survey,,
survey,hepa,LA,2015,"2015 survey, ages 19 to 35 months",59.0,51.0,67.0,,survey,,
survey,hepa,LA,2017,"2017 survey, ages 19 to 35 months",53.2,45.3,61.0,,survey,,
survey,hepa,MA,2008,"2008 survey, ages 19 to 35 months",39.6,32.1,47.1,,survey,,
survey,hepa,MA,2009,"2009 survey, ages 19 to 35 months",47.1,40.0,54.2,,survey,,
survey,hepa,MA,2010,"2010 survey, ages 19 to 35 months",51.1,43.8,58.4,,survey,,
survey,hepa,MA,2011,"2011 survey, ages 19 to 35 months",55.5,47.6,63.4,,survey,,
survey,hepa,MA,2012,"2012 survey, ages 19 to 35 months",57.5,50.6,64.4,,survey,,
survey,hepa,MA,2013,"2013 survey, ages 19 to 35 months",62.7,54.7,70.7,,survey,,
survey,hepa,MA,2014,"2014 survey, ages 19 to 35 months",64.3,56.5,72.1,,survey,,
survey,hepa,MA,2015,"2015 survey, ages 19 to 35 months",65.7,58.8,72.6,,survey,,
survey,hepa,MA,2017,"2017 survey, ages 19 to 35 months",56.9,48.2,65.3,,survey,,
survey,hepa,MD,2008,"2008 survey, ages 19 to 35 months",46.2,40.0,52.4,,survey,,
survey,hepa,MD,2009,"2009 survey, ages 19 to 35 months",44.9,36.8,53.0,,survey,,
survey,hepa,MD,2010,"2010 survey, ages 19 to 35 months",46.0,38.6,53.4,,survey,,
survey,hepa,MD,2011,"2011 survey, ages 19 to 35 months",55.5,49.4,61.6,,survey,,
survey,hepa,MD,2012,"2012 survey, ages 19 to 35 months",53.1,45.8,60.4,,survey,,
survey,hepa,MD,2013,"2013 survey, ages 19 to 35 months",55.6,46.4,64.8,,survey,,
survey,hepa,MD,2014,"2014 survey, ages 19 to 35 months",60.9,52.4,69.4,,survey,,
survey,hepa,MD,2015,"2015 survey, ages 19 to 35 months",63.0,55.8,70.2,,survey,,
survey,hepa,MD,2017,"2017 survey, ages 19 to 35 months",59.3,50.1,67.9,,survey,,
survey,hepa,ME,2008,"2008 survey, ages 19 to 35 months",16.8,11.9,21.7,,survey,,
survey,hepa,ME,2009,"2009 survey, ages 19 to 35 months",19.3,14.1,24.5,,survey,,
survey,hepa,ME,2010,"2010 survey, ages 19 to 35 months",27.2,20.6,33.8,,survey,,
survey,hepa,ME,2011,"2011 survey, ages 19 to 35 months",40.5,33.8,47.2,,survey,,
survey,hepa,ME,2012,"2012 survey, ages 19 to 35 months",52.5,45.1,59.9,,survey,,
survey,hepa,ME,2013,"2013 survey, ages 19 to 35 months",57.4,49.7,65.1,,survey,,
survey,hepa,ME,2014,"2014 survey, ages 19 to 35 months",62.1,54.6,69.6,,survey,,
survey,hepa,ME,2015,"2015 survey, ages 19 to 35 months",53.8,45.5,62.1,,survey,,
survey,hepa,ME,2017,"2017 survey, ages 19 to 35 months",61.0,54.0,67.5,,survey,,
survey,hepa,MI,2008,"2008 survey, ages 19 to 35 months",29.1,23.1,35.1,,survey,,
survey,hepa,MI,2009,"2009 survey, ages 19 to 35 months",43.2,35.8,50.6,,survey,,
survey,hepa,MI,2010,"2010 survey, ages 19 to 35 months",45.0,37.8,52.2,,survey,,
survey,hepa,MI,2011,"2011 survey, ages 19 to 35 months",53.5,45.7,61.3,,survey,,
survey,hepa,MI,2012,"2012 survey, ages 19 to 35 months",40.9,33.5,48.3,,survey,,
survey,hepa,MI,2013,"2013 survey, ages 19 to 35 months",51.2,43.3,59.1,,survey,,
survey,hepa,MI,2014,"2014 survey, ages 19 to 35 months",51.4,42.8,60.0,,survey,,
survey,hepa,MI,2015,"2015 survey, ages 19 to 35 months",64.1,56.9,71.3,,survey,,mark §§
survey,hepa,MI,2017,"2017 survey, ages 19 to 35 months",61.4,53.5,68.8,,survey,,
survey,hepa,MN,2008,"2008 survey, ages 19 to 35 months",35.4,29.5,41.3,,survey,,
survey,hepa,MN,2009,"2009 survey, ages 19 to 35 months",49.4,42.8,56.0,,survey,,
survey,hepa,MN,2010,"2010 survey, ages 19 to 35 months",49.3,41.9,56.7,,survey,,
survey,hepa,MN,2011,"2011 survey, ages 19 to 35 months",52.6,44.6,60.6,,survey,,
survey,hepa,MN,2012,"2012 survey, ages 19 to 35 months",55.4,47.7,63.1,,survey,,
survey,hepa,MN,2013,"2013 survey, ages 19 to 35 months",54.3,45.2,63.4,,survey,,
survey,hepa,MN,2014,"2014 survey, ages 19 to 35 months",56.4,46.6,66.2,,survey,,
survey,hepa,MN,2015,"2015 survey, ages 19 to 35 months",65.4,58.8,72.0,,survey,,
survey,hepa,MN,2017,"2017 survey, ages 19 to 35 months",56.1,47.6,64.2,,survey,,
survey,hepa,MO,2008,"2008 survey, ages 19 to 35 months",36.7,30.3,43.1,,survey,,
survey,hepa,MO,2009,"2009 survey, ages 19 to 35 months",33.6,27.1,40.1,,survey,,
survey,hepa,MO,2010,"2010 survey, ages 19 to 35 months",44.4,37.9,50.9,,survey,,
survey,hepa,MO,2011,"2011 survey, ages 19 to 35 months",46.5,40.3,52.7,,survey,,
survey,hepa,MO,2012,"2012 survey, ages 19 to 35 months",56.3,48.4,64.2,,survey,,
survey,hepa,MO,2013,"2013 survey, ages 19 to 35 months",45.9,37.4,54.4,,survey,,
survey,hepa,MO,2014,"2014 survey, ages 19 to 35 months",39.5,31.0,48.0,,survey,,
survey,hepa,MO,2015,"2015 survey, ages 19 to 35 months",57.2,49.3,65.1,,survey,,mark §§
survey,hepa,MO,2017,"2017 survey, ages 19 to 35 months",43.9,36.5,51.7,,survey,,
survey,hepa,MS,2008,"2008 survey, ages 19 to 35 months",27.3,21.9,32.7,,survey,,
survey,hepa,MS,2009,"2009 survey, ages 19 to 35 months",41.3,34.7,47.9,,survey,,
survey,hepa,MS,2010,"2010 survey, ages 19 to 35 months",40.7,34.4,47.0,,survey,,
survey,hepa,MS,2011,"2011 survey, ages 19 to 35 months",42.6,34.8,50.4,,survey,,
survey,hepa,MS,2012,"2012 survey, ages 19 to 35 months",39.7,31.5,47.9,,survey,,
survey,hepa,MS,2013,"2013 survey, ages 19 to 35 months",39.1,30.3,47.9,,survey,,
survey,hepa,MS,2014,"2014 survey, ages 19 to 35 months",38.3,29.2,47.4,,survey,,
survey,hepa,MS,2015,"2015 survey, ages 19 to 35 months",41.2,33.1,49.3,,survey,,
survey,hepa,MS,2017,"2017 survey, ages 19 to 35 months",49.8,42.1,57.5,,survey,,
survey,hepa,MT,2008,"2008 survey, ages 19 to 35 months",23.2,17.6,28.8,,survey,,
survey,hepa,MT,2009,"2009 survey, ages 19 to 35 months",31.1,24.1,38.1,,survey,,
survey,hepa,MT,2010,"2010 survey, ages 19 to 35 months",35.5,28.9,42.1,,survey,,
survey,hepa,MT,2011,"2011 survey, ages 19 to 35 months",43.9,34.8,53.0,,survey,,
survey,hepa,MT,2012,"2012 survey, ages 19 to 35 months",50.5,43.2,57.8,,survey,,
survey,hepa,MT,2013,"2013 survey, ages 19 to 35 months",46.4,37.9,54.9,,survey,,
survey,hepa,MT,2014,"2014 survey, ages 19 to 35 months",49.2,40.3,58.1,,survey,,
survey,hepa,MT,2015,"2015 survey, ages 19 to 35 months",43.9,36.6,51.2,,survey,,
survey,hepa,MT,2017,"2017 survey, ages 19 to 35 months",52.8,44.5,61.0,,survey,,
survey,hepa,NC,2008,"2008 survey, ages 19 to 35 months",35.7,29.6,41.8,,survey,,
survey,hepa,NC,2009,"2009 survey, ages 19 to 35 months",47.5,39.8,55.2,,survey,,
survey,hepa,NC,2010,"2010 survey, ages 19 to 35 months",48.1,41.6,54.6,,survey,,
survey,hepa,NC,2011,"2011 survey, ages 19 to 35 months",40.8,33.2,48.4,,survey,,
survey,hepa,NC,2012,"2012 survey, ages 19 to 35 months",48.5,41.2,55.8,,survey,,
survey,hepa,NC,2013,"2013 survey, ages 19 to 35 months",51.6,43.9,59.3,,survey,,
survey,hepa,NC,2014,"2014 survey, ages 19 to 35 months",58.2,49.5,66.9,,survey,,
survey,hepa,NC,2015,"2015 survey, ages 19 to 35 months",56.2,48.7,63.7,,survey,,
survey,hepa,NC,2017,"2017 survey, ages 19 to 35 months",56.1,48.8,63.2,,survey,,
survey,hepa,ND,2008,"2008 survey, ages 19 to 35 months",45.3,38.8,51.8,,survey,,
survey,hepa,ND,2009,"2009 survey, ages 19 to 35 months",63.2,56.2,70.2,,survey,,
survey,hepa,ND,2010,"2010 survey, ages 19 to 35 months",61.1,54.6,67.6,,survey,,
survey,hepa,ND,2011,"2011 survey, ages 19 to 35 months",63.0,54.0,72.0,,survey,,
survey,hepa,ND,2012,"2012 survey, ages 19 to 35 months",59.8,52.3,67.3,,survey,,
survey,hepa,ND,2013,"2013 survey, ages 19 to 35 months",59.5,52.7,66.3,,survey,,
survey,hepa,ND,2014,"2014 survey, ages 19 to 35 months",61.1,54.0,68.2,,survey,,
survey,hepa,ND,2015,"2015 survey, ages 19 to 35 months",66.3,59.4,73.2,,survey,,
survey,hepa,ND,2017,"2017 survey, ages 19 to 35 months",73.3,66.3,79.3,,survey,,
survey,hepa,NE,2008,"2008 survey, ages 19 to 35 months",52.2,45.7,58.7,,survey,,
survey,hepa,NE,2009,"2009 survey, ages 19 to 35 months",52.7,45.4,60.0,,survey,,
survey,hepa,NE,2010,"2010 survey, ages 19 to 35 months",60.3,53.2,67.4,,survey,,
survey,hepa,NE,2011,"2011 survey, ages 19 to 35 months",69.2,61.9,76.5,,survey,,
survey,hepa,NE,2012,"2012 survey, ages 19 to 35 months",60.6,53.6,67.6,,survey,,
survey,hepa,NE,2013,"2013 survey, ages 19 to 35 months",69.5,63.0,76.0,,survey,,
survey,hepa,NE,2014,"2014 survey, ages 19 to 35 months",67.9,60.0,75.8,,survey,,
survey,hepa,NE,2015,"2015 survey, ages 19 to 35 months",72.8,66.3,79.3,,survey,,
survey,hepa,NE,2017,"2017 survey, ages 19 to 35 months",68.3,61.2,74.6,,survey,,
survey,hepa,NH,2008,"2008 survey, ages 19 to 35 months",41.0,34.4,47.6,,survey,,
survey,hepa,NH,2009,"2009 survey, ages 19 to 35 months",49.7,42.3,57.1,,survey,,
survey,hepa,NH,2010,"2010 survey, ages 19 to 35 months",59.7,51.5,67.9,,survey,,
survey,hepa,NH,2011,"2011 survey, ages 19 to 35 months",54.6,46.9,62.3,,survey,,
survey,hepa,NH,2012,"2012 survey, ages 19 to 35 months",57.0,50.0,64.0,,survey,,
survey,hepa,NH,2013,"2013 survey, ages 19 to 35 months",53.3,45.6,61.0,,survey,,
survey,hepa,NH,2014,"2014 survey, ages 19 to 35 months",56.8,49.4,64.2,,survey,,
survey,hepa,NH,2015,"2015 survey, ages 19 to 35 months",60.2,52.5,67.9,,survey,,
survey,hepa,NH,2017,"2017 survey, ages 19 to 35 months",64.9,57.7,71.5,,survey,,
survey,hepa,NJ,2008,"2008 survey, ages 19 to 35 months",29.3,23.4,35.2,,survey,,
survey,hepa,NJ,2009,"2009 survey, ages 19 to 35 months",34.5,28.5,40.5,,survey,,
survey,hepa,NJ,2010,"2010 survey, ages 19 to 35 months",40.8,33.9,47.7,,survey,,
survey,hepa,NJ,2011,"2011 survey, ages 19 to 35 months",42.8,36.7,48.9,,survey,,
survey,hepa,NJ,2012,"2012 survey, ages 19 to 35 months",45.9,39.0,52.8,,survey,,
survey,hepa,NJ,2013,"2013 survey, ages 19 to 35 months",51.2,43.8,58.6,,survey,,
survey,hepa,NJ,2014,"2014 survey, ages 19 to 35 months",50.9,43.3,58.5,,survey,,
survey,hepa,NJ,2015,"2015 survey, ages 19 to 35 months",58.3,50.9,65.7,,survey,,
survey,hepa,NJ,2017,"2017 survey, ages 19 to 35 months",49.5,43.0,55.9,,survey,,
survey,hepa,NM,2008,"2008 survey, ages 19 to 35 months",36.2,29.0,43.4,,survey,,
survey,hepa,NM,2009,"2009 survey, ages 19 to 35 months",40.8,34.3,47.3,,survey,,
survey,hepa,NM,2010,"2010 survey, ages 19 to 35 months",51.1,44.5,57.7,,survey,,
survey,hepa,NM,2011,"2011 survey, ages 19 to 35 months",50.0,42.3,57.7,,survey,,
survey,hepa,NM,2012,"2012 survey, ages 19 to 35 months",51.9,44.3,59.5,,survey,,
survey,hepa,NM,2013,"2013 survey, ages 19 to 35 months",49.3,41.8,56.8,,survey,,
survey,hepa,NM,2014,"2014 survey, ages 19 to 35 months",53.8,45.4,62.2,,survey,,
survey,hepa,NM,2015,"2015 survey, ages 19 to 35 months",62.7,54.8,70.6,,survey,,
survey,hepa,NM,2017,"2017 survey, ages 19 to 35 months",67.3,59.6,74.2,,survey,,
survey,hepa,NV,2008,"2008 survey, ages 19 to 35 months",45.9,38.9,52.9,,survey,,
survey,hepa,NV,2009,"2009 survey, ages 19 to 35 months",49.1,42.3,55.9,,survey,,
survey,hepa,NV,2010,"2010 survey, ages 19 to 35 months",54.8,47.5,62.1,,survey,,
survey,hepa,NV,2011,"2011 survey, ages 19 to 35 months",52.8,43.9,61.7,,survey,,
survey,hepa,NV,2012,"2012 survey, ages 19 to 35 months",52.2,45.2,59.2,,survey,,
survey,hepa,NV,2013,"2013 survey, ages 19 to 35 months",61.1,54.7,67.5,,survey,,
survey,hepa,NV,2014,"2014 survey, ages 19 to 35 months",57.9,50.8,65.0,,survey,,
survey,hepa,NV,2015,"2015 survey, ages 19 to 35 months",61.9,54.4,69.4,,survey,,
survey,hepa,NV,2017,"2017 survey, ages 19 to 35 months",66.4,58.8,73.4,,survey,,
survey,hepa,NY,2008,"2008 survey, ages 19 to 35 months",32.9,28.3,37.5,,survey,,
survey,hepa,NY,2009,"2009 survey, ages 19 to 35 months",34.6,29.4,39.8,,survey,,
survey,hepa,NY,2010,"2010 survey, ages 19 to 35 months",37.7,32.3,43.1,,survey,,
survey,hepa,NY,2011,"2011 survey, ages 19 to 35 months",41.9,36.8,47.0,,survey,,
survey,hepa,NY,2012,"2012 survey, ages 19 to 35 months",45.9,41.2,50.6,,survey,,
survey,hepa,NY,2013,"2013 survey, ages 19 to 35 months",48.4,42.9,53.9,,survey,,
survey,hepa,NY,2014,"2014 survey, ages 19 to 35 months",54.0,48.3,59.7,,survey,,
survey,hepa,NY,2015,"2015 survey, ages 19 to 35 months",51.2,46.2,56.2,,survey,,
survey,hepa,NY,2017,"2017 survey, ages 19 to 35 months",56.2,51.1,61.1,,survey,,
survey,hepa,OH,2008,"2008 survey, ages 19 to 35 months",36.1,29.4,42.8,,survey,,
survey,hepa,OH,2009,"2009 survey, ages 19 to 35 months",46.7,39.3,54.1,,survey,,
survey,hepa,OH,2010,"2010 survey, ages 19 to 35 months",46.2,38.1,54.3,,survey,,
survey,hepa,OH,2011,"2011 survey, ages 19 to 35 months",44.7,36.5,52.9,,survey,,
survey,hepa,OH,2012,"2012 survey, ages 19 to 35 months",53.8,46.8,60.8,,survey,,
survey,hepa,OH,2013,"2013 survey, ages 19 to 35 months",49.2,41.6,56.8,,survey,,
survey,hepa,OH,2014,"2014 survey, ages 19 to 35 months",60.3,52.3,68.3,,survey,,
survey,hepa,OH,2015,"2015 survey, ages 19 to 35 months",53.1,44.9,61.3,,survey,,
survey,hepa,OH,2017,"2017 survey, ages 19 to 35 months",51.0,43.8,58.1,,survey,,
survey,hepa,OK,2008,"2008 survey, ages 19 to 35 months",49.6,42.5,56.7,,survey,,
survey,hepa,OK,2009,"2009 survey, ages 19 to 35 months",59.0,52.5,65.5,,survey,,
survey,hepa,OK,2010,"2010 survey, ages 19 to 35 months",56.6,49.8,63.4,,survey,,
survey,hepa,OK,2011,"2011 survey, ages 19 to 35 months",62.6,55.4,69.8,,survey,,
survey,hepa,OK,2012,"2012 survey, ages 19 to 35 months",56.1,48.7,63.5,,survey,,
survey,hepa,OK,2013,"2013 survey, ages 19 to 35 months",51.8,45.3,58.3,,survey,,
survey,hepa,OK,2014,"2014 survey, ages 19 to 35 months",58.5,50.1,66.9,,survey,,
survey,hepa,OK,2015,"2015 survey, ages 19 to 35 months",71.6,64.2,79.0,,survey,,mark §§
survey,hepa,OK,2017,"2017 survey, ages 19 to 35 months",62.7,54.8,69.9,,survey,,
survey,hepa,OR,2008,"2008 survey, ages 19 to 35 months",40.2,32.6,47.8,,survey,,
survey,hepa,OR,2009,"2009 survey, ages 19 to 35 months",49.5,42.9,56.1,,survey,,
survey,hepa,OR,2010,"2010 survey, ages 19 to 35 months",55.6,48.8,62.4,,survey,,
survey,hepa,OR,2011,"2011 survey, ages 19 to 35 months",56.6,48.6,64.6,,survey,,
survey,hepa,OR,2012,"2012 survey, ages 19 to 35 months",57.6,50.6,64.6,,survey,,
survey,hepa,OR,2013,"2013 survey, ages 19 to 35 months",55.9,49.2,62.6,,survey,,
survey,hepa,OR,2014,"2014 survey, ages 19 to 35 months",56.4,47.9,64.9,,survey,,
survey,hepa,OR,2015,"2015 survey, ages 19 to 35 months",61.8,53.8,69.8,,survey,,
survey,hepa,OR,2017,"2017 survey, ages 19 to 35 months",59.3,51.7,66.5,,survey,,
survey,hepa,PA,2008,"2008 survey, ages 19 to 35 months",51.7,46.0,57.4,,survey,,
survey,hepa,PA,2009,"2009 survey, ages 19 to 35 months",52.0,45.9,58.1,,survey,,
survey,hepa,PA,2010,"2010 survey, ages 19 to 35 months",54.8,49.2,60.4,,survey,,
survey,hepa,PA,2011,"2011 survey, ages 19 to 35 months",59.2,53.9,64.5,,survey,,
survey,hepa,PA,2012,"2012 survey, ages 19 to 35 months",58.5,52.4,64.6,,survey,,
survey,hepa,PA,2013,"2013 survey, ages 19 to 35 months",58.3,52.5,64.1,,survey,,
survey,hepa,PA,2014,"2014 survey, ages 19 to 35 months",61.9,55.8,68.0,,survey,,
survey,hepa,PA,2015,"2015 survey, ages 19 to 35 months",64.6,58.3,70.9,,survey,,
survey,hepa,PA,2017,"2017 survey, ages 19 to 35 months",57.8,50.6,64.8,,survey,,
survey,hepa,RI,2008,"2008 survey, ages 19 to 35 months",57.4,49.6,65.2,,survey,,
survey,hepa,RI,2009,"2009 survey, ages 19 to 35 months",55.5,47.7,63.3,,survey,,
survey,hepa,RI,2010,"2010 survey, ages 19 to 35 months",54.2,46.1,62.3,,survey,,
survey,hepa,RI,2011,"2011 survey, ages 19 to 35 months",49.3,42.4,56.2,,survey,,
survey,hepa,RI,2012,"2012 survey, ages 19 to 35 months",57.3,50.4,64.2,,survey,,
survey,hepa,RI,2013,"2013 survey, ages 19 to 35 months",60.9,52.7,69.1,,survey,,
survey,hepa,RI,2014,"2014 survey, ages 19 to 35 months",63.9,55.8,72.0,,survey,,
survey,hepa,RI,2015,"2015 survey, ages 19 to 35 months",65.1,58.2,72.0,,survey,,
survey,hepa,RI,2017,"2017 survey, ages 19 to 35 months",69.0,62.1,75.1,,survey,,
survey,hepa,SC,2008,"2008 survey, ages 19 to 35 months",37.4,31.0,43.8,,survey,,
survey,hepa,SC,2009,"2009 survey, ages 19 to 35 months",43.9,37.1,50.7,,survey,,
survey,hepa,SC,2010,"2010 survey, ages 19 to 35 months",47.4,40.8,54.0,,survey,,
survey,hepa,SC,2011,"2011 survey, ages 19 to 35 months",42.6,35.1,50.1,,survey,,
survey,hepa,SC,2012,"2012 survey, ages 19 to 35 months",48.5,41.2,55.8,,survey,,
survey,hepa,SC,2013,"2013 survey, ages 19 to 35 months",52.5,43.7,61.3,,survey,,
survey,hepa,SC,2014,"2014 survey, ages 19 to 35 months",56.8,47.7,65.9,,survey,,
survey,hepa,SC,2015,"2015 survey, ages 19 to 35 months",54.5,46.9,62.1,,survey,,
survey,hepa,SC,2017,"2017 survey, ages 19 to 35 months",58.3,49.9,66.2,,survey,,
survey,hepa,SD,2008,"2008 survey, ages 19 to 35 months",27.5,21.8,33.2,,survey,,
survey,hepa,SD,2009,"2009 survey, ages 19 to 35 months",43.0,35.8,50.2,,survey,,
survey,hepa,SD,2010,"2010 survey, ages 19 to 35 months",33.1,26.5,39.7,,survey,,
survey,hepa,SD,2011,"2011 survey, ages 19 to 35 months",29.3,21.4,37.2,,survey,,
survey,hepa,SD,2012,"2012 survey, ages 19 to 35 months",45.3,38.5,52.1,,survey,,
survey,hepa,SD,2013,"2013 survey, ages 19 to 35 months",55.4,47.1,63.7,,survey,,
survey,hepa,SD,2014,"2014 survey, ages 19 to 35 months",50.0,40.2,59.8,,survey,,
survey,hepa,SD,2015,"2015 survey, ages 19 to 35 months",53.0,45.2,60.8,,survey,,
survey,hepa,SD,2017,"2017 survey, ages 19 to 35 months",62.3,54.7,69.4,,survey,,
survey,hepa,TN,2008,"2008 survey, ages 19 to 35 months",47.9,40.9,54.9,,survey,,
survey,hepa,TN,2009,"2009 survey, ages 19 to 35 months",47.3,40.6,54.0,,survey,,
survey,hepa,TN,2010,"2010 survey, ages 19 to 35 months",59.9,53.2,66.6,,survey,,
survey,hepa,TN,2011,"2011 survey, ages 19 to 35 months",55.7,48.5,62.9,,survey,,
survey,hepa,TN,2012,"2012 survey, ages 19 to 35 months",55.4,47.7,63.1,,survey,,
survey,hepa,TN,2013,"2013 survey, ages 19 to 35 months",52.6,45.5,59.7,,survey,,
survey,hepa,TN,2014,"2014 survey, ages 19 to 35 months",59.3,51.4,67.2,,survey,,
survey,hepa,TN,2015,"2015 survey, ages 19 to 35 months",59.5,51.5,67.5,,survey,,
survey,hepa,TN,2017,"2017 survey, ages 19 to 35 months",67.2,59.5,74.1,,survey,,
survey,hepa,TX,2008,"2008 survey, ages 19 to 35 months",49.1,43.5,54.7,,survey,,
survey,hepa,TX,2009,"2009 survey, ages 19 to 35 months",55.0,49.5,60.5,,survey,,
survey,hepa,TX,2010,"2010 survey, ages 19 to 35 months",54.9,50.5,59.3,,survey,,
survey,hepa,TX,2011,"2011 survey, ages 19 to 35 months",60.2,55.6,64.8,,survey,,
survey,hepa,TX,2012,"2012 survey, ages 19 to 35 months",57.4,53.4,61.4,,survey,,
survey,hepa,TX,2013,"2013 survey, ages 19 to 35 months",64.2,58.9,69.5,,survey,,
survey,hepa,TX,2014,"2014 survey, ages 19 to 35 months",61.2,56.1,66.3,,survey,,
survey,hepa,TX,2015,"2015 survey, ages 19 to 35 months",64.6,60.3,68.9,,survey,,
survey,hepa,TX,2017,"2017 survey, ages 19 to 35 months",62.7,59.0,66.3,,survey,,
survey,hepa,US,2008,"2008 survey, ages 19 to 35 months",40.4,39.2,41.6,,survey,,
survey,hepa,US,2009,"2009 survey, ages 19 to 35 months",46.6,45.2,48.0,,survey,,row mark ¥
survey,hepa,US,2010,"2010 survey, ages 19 to 35 months",49.7,48.3,51.1,,survey,,
survey,hepa,US,2011,"2011 survey, ages 19 to 35 months",52.2,50.8,53.6,,survey,,
survey,hepa,US,2012,"2012 survey, ages 19 to 35 months",53.0,51.5,54.5,,survey,,
survey,hepa,US,2013,"2013 survey, ages 19 to 35 months",54.7,53.1,56.3,,survey,,
survey,hepa,US,2014,"2014 survey, ages 19 to 35 months",57.5,55.9,59.1,,survey,,
survey,hepa,US,2015,"2015 survey, ages 19 to 35 months",59.6,58.1,61.1,,survey,,
survey,hepa,US,2016,"2016 survey, ages 19 to 35 months",60.6,59.1,62.2,,survey,,"national figure only, no state table with this vaccine was obtained for this year"
survey,hepa,US,2017,"2017 survey, ages 19 to 35 months",59.7,58.2,61.3,,survey,,
survey,hepa,UT,2008,"2008 survey, ages 19 to 35 months",41.6,33.4,49.8,,survey,,
survey,hepa,UT,2009,"2009 survey, ages 19 to 35 months",51.3,44.1,58.5,,survey,,
survey,hepa,UT,2010,"2010 survey, ages 19 to 35 months",49.6,42.6,56.6,,survey,,
survey,hepa,UT,2011,"2011 survey, ages 19 to 35 months",55.6,48.3,62.9,,survey,,
survey,hepa,UT,2012,"2012 survey, ages 19 to 35 months",57.1,49.4,64.8,,survey,,
survey,hepa,UT,2013,"2013 survey, ages 19 to 35 months",67.6,60.8,74.4,,survey,,
survey,hepa,UT,2014,"2014 survey, ages 19 to 35 months",58.3,50.1,66.5,,survey,,
survey,hepa,UT,2015,"2015 survey, ages 19 to 35 months",59.8,52.2,67.4,,survey,,
survey,hepa,UT,2017,"2017 survey, ages 19 to 35 months",59.6,52.2,66.5,,survey,,
survey,hepa,VA,2008,"2008 survey, ages 19 to 35 months",34.3,26.3,42.3,,survey,,
survey,hepa,VA,2009,"2009 survey, ages 19 to 35 months",37.8,30.3,45.3,,survey,,
survey,hepa,VA,2010,"2010 survey, ages 19 to 35 months",50.0,43.2,56.8,,survey,,
survey,hepa,VA,2011,"2011 survey, ages 19 to 35 months",52.3,44.4,60.2,,survey,,
survey,hepa,VA,2012,"2012 survey, ages 19 to 35 months",50.0,41.7,58.3,,survey,,
survey,hepa,VA,2013,"2013 survey, ages 19 to 35 months",48.0,37.2,58.8,,survey,,
survey,hepa,VA,2014,"2014 survey, ages 19 to 35 months",55.2,45.6,64.8,,survey,,
survey,hepa,VA,2015,"2015 survey, ages 19 to 35 months",54.1,45.8,62.4,,survey,,
survey,hepa,VA,2017,"2017 survey, ages 19 to 35 months",58.4,49.1,67.2,,survey,,
survey,hepa,VT,2008,"2008 survey, ages 19 to 35 months",32.8,26.1,39.5,,survey,,
survey,hepa,VT,2009,"2009 survey, ages 19 to 35 months",43.4,37.2,49.6,,survey,,
survey,hepa,VT,2010,"2010 survey, ages 19 to 35 months",38.0,31.2,44.8,,survey,,
survey,hepa,VT,2011,"2011 survey, ages 19 to 35 months",44.4,37.3,51.5,,survey,,
survey,hepa,VT,2012,"2012 survey, ages 19 to 35 months",37.4,31.0,43.8,,survey,,
survey,hepa,VT,2013,"2013 survey, ages 19 to 35 months",48.5,41.7,55.3,,survey,,
survey,hepa,VT,2014,"2014 survey, ages 19 to 35 months",52.8,45.3,60.3,,survey,,
survey,hepa,VT,2015,"2015 survey, ages 19 to 35 months",57.1,50.4,63.8,,survey,,
survey,hepa,VT,2017,"2017 survey, ages 19 to 35 months",58.1,50.9,65.0,,survey,,
survey,hepa,WA,2008,"2008 survey, ages 19 to 35 months",36.0,30.2,41.8,,survey,,
survey,hepa,WA,2009,"2009 survey, ages 19 to 35 months",52.3,46.4,58.2,,survey,,
survey,hepa,WA,2010,"2010 survey, ages 19 to 35 months",44.9,38.9,50.9,,survey,,
survey,hepa,WA,2011,"2011 survey, ages 19 to 35 months",51.4,44.0,58.8,,survey,,
survey,hepa,WA,2012,"2012 survey, ages 19 to 35 months",51.0,43.6,58.4,,survey,,
survey,hepa,WA,2013,"2013 survey, ages 19 to 35 months",55.7,47.3,64.1,,survey,,
survey,hepa,WA,2014,"2014 survey, ages 19 to 35 months",49.7,41.2,58.2,,survey,,
survey,hepa,WA,2015,"2015 survey, ages 19 to 35 months",57.5,50.5,64.5,,survey,,
survey,hepa,WA,2017,"2017 survey, ages 19 to 35 months",60.8,52.8,68.3,,survey,,
survey,hepa,WI,2008,"2008 survey, ages 19 to 35 months",37.2,30.1,44.3,,survey,,
survey,hepa,WI,2009,"2009 survey, ages 19 to 35 months",52.5,45.9,59.1,,survey,,
survey,hepa,WI,2010,"2010 survey, ages 19 to 35 months",52.1,45.1,59.1,,survey,,
survey,hepa,WI,2011,"2011 survey, ages 19 to 35 months",48.5,40.8,56.2,,survey,,
survey,hepa,WI,2012,"2012 survey, ages 19 to 35 months",55.6,48.2,63.0,,survey,,
survey,hepa,WI,2013,"2013 survey, ages 19 to 35 months",63.2,55.7,70.7,,survey,,
survey,hepa,WI,2014,"2014 survey, ages 19 to 35 months",66.0,58.1,73.9,,survey,,
survey,hepa,WI,2015,"2015 survey, ages 19 to 35 months",58.6,51.1,66.1,,survey,,
survey,hepa,WI,2017,"2017 survey, ages 19 to 35 months",56.6,48.7,64.1,,survey,,
survey,hepa,WV,2008,"2008 survey, ages 19 to 35 months",34.8,28.6,41.0,,survey,,
survey,hepa,WV,2009,"2009 survey, ages 19 to 35 months",51.7,43.6,59.8,,survey,,
survey,hepa,WV,2010,"2010 survey, ages 19 to 35 months",54.0,47.5,60.5,,survey,,
survey,hepa,WV,2011,"2011 survey, ages 19 to 35 months",56.0,49.8,62.2,,survey,,
survey,hepa,WV,2012,"2012 survey, ages 19 to 35 months",54.9,47.0,62.8,,survey,,
survey,hepa,WV,2013,"2013 survey, ages 19 to 35 months",57.5,49.1,65.9,,survey,,
survey,hepa,WV,2014,"2014 survey, ages 19 to 35 months",50.9,43.0,58.8,,survey,,
survey,hepa,WV,2015,"2015 survey, ages 19 to 35 months",65.7,58.0,73.4,,survey,,mark §§
survey,hepa,WV,2017,"2017 survey, ages 19 to 35 months",70.3,63.8,76.0,,survey,,mark ††
survey,hepa,WY,2008,"2008 survey, ages 19 to 35 months",28.2,22.2,34.2,,survey,,
survey,hepa,WY,2009,"2009 survey, ages 19 to 35 months",32.2,25.9,38.5,,survey,,
survey,hepa,WY,2010,"2010 survey, ages 19 to 35 months",33.5,26.7,40.3,,survey,,
survey,hepa,WY,2011,"2011 survey, ages 19 to 35 months",45.3,36.4,54.2,,survey,,
survey,hepa,WY,2012,"2012 survey, ages 19 to 35 months",32.3,25.5,39.1,,survey,,
survey,hepa,WY,2013,"2013 survey, ages 19 to 35 months",33.6,26.0,41.2,,survey,,
survey,hepa,WY,2014,"2014 survey, ages 19 to 35 months",32.7,24.2,41.2,,survey,,
survey,hepa,WY,2015,"2015 survey, ages 19 to 35 months",45.8,38.0,53.6,,survey,,mark §§
survey,hepa,WY,2017,"2017 survey, ages 19 to 35 months",46.4,39.4,53.5,,survey,,
survey,mmr,AK,1995,"1995 survey, ages 19 to 35 months",89.9,85.0,94.8,,survey,,
survey,mmr,AK,1996,"1996 survey, ages 19 to 35 months",84.5,79.5,89.5,,survey,,
survey,mmr,AK,1997,"1997 survey, ages 19 to 35 months",87.4,83.1,91.7,,survey,,
survey,mmr,AK,1998,"1998 survey, ages 19 to 35 months",91.1,87.7,94.5,,survey,,
survey,mmr,AK,1999,"1999 survey, ages 19 to 35 months",90.7,86.8,94.6,,survey,,
survey,mmr,AK,2000,"2000 survey, ages 19 to 35 months",88.8,85.0,92.6,,survey,,
survey,mmr,AK,2001,"2001 survey, ages 19 to 35 months",87.8,83.7,91.9,,survey,,
survey,mmr,AK,2002,"2002 survey, ages 19 to 35 months",88.7,84.2,93.2,,survey,,
survey,mmr,AK,2003,"2003 survey, ages 19 to 35 months",90.7,86.8,94.6,,survey,,
survey,mmr,AK,2004,"2004 survey, ages 19 to 35 months",89.7,84.9,94.5,,survey,,
survey,mmr,AK,2005,"2005 survey, ages 19 to 35 months",90.8,86.3,95.3,,survey,,
survey,mmr,AK,2006,"2006 survey, ages 19 to 35 months",85.7,80.6,90.8,,survey,,
survey,mmr,AK,2007,"2007 survey, ages 19 to 35 months",89.7,85.6,93.8,,survey,,
survey,mmr,AK,2008,"2008 survey, ages 19 to 35 months",88.4,83.4,93.4,,survey,,
survey,mmr,AK,2009,"2009 survey, ages 19 to 35 months",85.2,79.4,91.0,,survey,,
survey,mmr,AK,2010,"2010 survey, ages 19 to 35 months",88.4,84.5,92.3,,survey,,
survey,mmr,AK,2011,"2011 survey, ages 19 to 35 months",90.8,86.9,94.7,,survey,,
survey,mmr,AK,2012,"2012 survey, ages 19 to 35 months",86.2,81.1,91.3,,survey,,
survey,mmr,AK,2013,"2013 survey, ages 19 to 35 months",90.5,86.9,94.1,,survey,,
survey,mmr,AK,2014,"2014 survey, ages 19 to 35 months",90.2,85.9,94.5,,survey,,
survey,mmr,AK,2015,"2015 survey, ages 19 to 35 months",89.7,85.7,93.7,,survey,,
survey,mmr,AK,2016,"2016 survey, ages 19 to 35 months",85.6,80.8,90.4,,survey,,
survey,mmr,AK,2017,"2017 survey, ages 19 to 35 months",89.3,85.3,93.3,,survey,,
survey,mmr,AL,1995,"1995 survey, ages 19 to 35 months",88.8,84.2,93.4,,survey,,
survey,mmr,AL,1996,"1996 survey, ages 19 to 35 months",90.6,87.0,94.2,,survey,,
survey,mmr,AL,1997,"1997 survey, ages 19 to 35 months",93.8,91.3,96.3,,survey,,
survey,mmr,AL,1998,"1998 survey, ages 19 to 35 months",95.0,92.8,97.2,,survey,,
survey,mmr,AL,1999,"1999 survey, ages 19 to 35 months",90.1,86.7,93.5,,survey,,
survey,mmr,AL,2000,"2000 survey, ages 19 to 35 months",87.8,84.1,91.5,,survey,,
survey,mmr,AL,2001,"2001 survey, ages 19 to 35 months",94.0,91.5,96.5,,survey,,
survey,mmr,AL,2002,"2002 survey, ages 19 to 35 months",91.6,88.0,95.2,,survey,,
survey,mmr,AL,2003,"2003 survey, ages 19 to 35 months",91.2,87.5,94.9,,survey,,
survey,mmr,AL,2004,"2004 survey, ages 19 to 35 months",91.8,87.3,96.3,,survey,,
survey,mmr,AL,2005,"2005 survey, ages 19 to 35 months",94.1,91.1,97.1,,survey,,
survey,mmr,AL,2006,"2006 survey, ages 19 to 35 months",94.0,90.0,98.0,,survey,,
survey,mmr,AL,2007,"2007 survey, ages 19 to 35 months",95.0,92.2,97.8,,survey,,
survey,mmr,AL,2008,"2008 survey, ages 19 to 35 months",93.6,89.8,97.4,,survey,,
survey,mmr,AL,2009,"2009 survey, ages 19 to 35 months",95.4,92.5,98.3,,survey,,
survey,mmr,AL,2010,"2010 survey, ages 19 to 35 months",95.4,93.1,97.7,,survey,,
survey,mmr,AL,2011,"2011 survey, ages 19 to 35 months",94.0,91.1,96.9,,survey,,
survey,mmr,AL,2012,"2012 survey, ages 19 to 35 months",93.1,89.6,96.6,,survey,,
survey,mmr,AL,2013,"2013 survey, ages 19 to 35 months",89.7,83.9,95.5,,survey,,
survey,mmr,AL,2014,"2014 survey, ages 19 to 35 months",92.0,86.4,97.6,,survey,,
survey,mmr,AL,2015,"2015 survey, ages 19 to 35 months",95.2,91.7,98.7,,survey,,
survey,mmr,AL,2016,"2016 survey, ages 19 to 35 months",91.1,86.3,95.9,,survey,,
survey,mmr,AL,2017,"2017 survey, ages 19 to 35 months",92.3,88.5,96.1,,survey,,
survey,mmr,AR,1995,"1995 survey, ages 19 to 35 months",90.4,85.9,94.9,,survey,,
survey,mmr,AR,1996,"1996 survey, ages 19 to 35 months",85.5,79.7,91.3,,survey,,
survey,mmr,AR,1997,"1997 survey, ages 19 to 35 months",92.3,89.2,95.4,,survey,,
survey,mmr,AR,1998,"1998 survey, ages 19 to 35 months",87.9,83.9,91.9,,survey,,
survey,mmr,AR,1999,"1999 survey, ages 19 to 35 months",86.9,82.0,91.8,,survey,,
survey,mmr,AR,2000,"2000 survey, ages 19 to 35 months",88.4,84.5,92.3,,survey,,
survey,mmr,AR,2001,"2001 survey, ages 19 to 35 months",90.3,87.1,93.5,,survey,,
survey,mmr,AR,2002,"2002 survey, ages 19 to 35 months",92.8,89.5,96.1,,survey,,
survey,mmr,AR,2003,"2003 survey, ages 19 to 35 months",90.6,85.9,95.3,,survey,,
survey,mmr,AR,2004,"2004 survey, ages 19 to 35 months",94.6,91.6,97.6,,survey,,
survey,mmr,AR,2005,"2005 survey, ages 19 to 35 months",89.0,82.6,95.4,,survey,,
survey,mmr,AR,2006,"2006 survey, ages 19 to 35 months",85.8,79.0,92.6,,survey,,
survey,mmr,AR,2007,"2007 survey, ages 19 to 35 months",92.5,89.4,95.6,,survey,,
survey,mmr,AR,2008,"2008 survey, ages 19 to 35 months",92.2,88.1,96.3,,survey,,
survey,mmr,AR,2009,"2009 survey, ages 19 to 35 months",81.8,75.8,87.8,,survey,,
survey,mmr,AR,2010,"2010 survey, ages 19 to 35 months",90.5,86.3,94.7,,survey,,
survey,mmr,AR,2011,"2011 survey, ages 19 to 35 months",93.7,90.5,96.9,,survey,,
survey,mmr,AR,2012,"2012 survey, ages 19 to 35 months",92.3,88.3,96.3,,survey,,
survey,mmr,AR,2013,"2013 survey, ages 19 to 35 months",88.3,82.4,94.2,,survey,,
survey,mmr,AR,2014,"2014 survey, ages 19 to 35 months",89.1,83.7,94.5,,survey,,
survey,mmr,AR,2015,"2015 survey, ages 19 to 35 months",90.2,85.2,95.2,,survey,,
survey,mmr,AR,2016,"2016 survey, ages 19 to 35 months",92.1,87.7,96.5,,survey,,
survey,mmr,AR,2017,"2017 survey, ages 19 to 35 months",92.6,88.7,96.5,,survey,,
survey,mmr,AZ,1995,"1995 survey, ages 19 to 35 months",82.3,77.2,87.4,,survey,,
survey,mmr,AZ,1996,"1996 survey, ages 19 to 35 months",84.8,80.9,88.7,,survey,,
survey,mmr,AZ,1997,"1997 survey, ages 19 to 35 months",88.0,84.9,91.1,,survey,,
survey,mmr,AZ,1998,"1998 survey, ages 19 to 35 months",88.0,84.6,91.4,,survey,,
survey,mmr,AZ,1999,"1999 survey, ages 19 to 35 months",87.4,83.9,90.9,,survey,,
survey,mmr,AZ,2000,"2000 survey, ages 19 to 35 months",87.7,84.6,90.8,,survey,,
survey,mmr,AZ,2001,"2001 survey, ages 19 to 35 months",88.7,85.8,91.6,,survey,,
survey,mmr,AZ,2002,"2002 survey, ages 19 to 35 months",88.9,85.8,92.0,,survey,,
survey,mmr,AZ,2003,"2003 survey, ages 19 to 35 months",91.5,88.8,94.2,,survey,,
survey,mmr,AZ,2004,"2004 survey, ages 19 to 35 months",92.9,90.4,95.4,,survey,,
survey,mmr,AZ,2005,"2005 survey, ages 19 to 35 months",88.8,85.2,92.4,,survey,,
survey,mmr,AZ,2006,"2006 survey, ages 19 to 35 months",87.7,84.2,91.2,,survey,,
survey,mmr,AZ,2007,"2007 survey, ages 19 to 35 months",89.0,84.2,93.8,,survey,,
survey,mmr,AZ,2008,"2008 survey, ages 19 to 35 months",92.2,87.8,96.6,,survey,,
survey,mmr,AZ,2009,"2009 survey, ages 19 to 35 months",90.8,87.2,94.4,,survey,,
survey,mmr,AZ,2010,"2010 survey, ages 19 to 35 months",87.7,82.8,92.6,,survey,,
survey,mmr,AZ,2011,"2011 survey, ages 19 to 35 months",86.7,80.0,93.4,,survey,,
survey,mmr,AZ,2012,"2012 survey, ages 19 to 35 months",88.3,83.4,93.2,,survey,,
survey,mmr,AZ,2013,"2013 survey, ages 19 to 35 months",91.4,87.7,95.1,,survey,,
survey,mmr,AZ,2014,"2014 survey, ages 19 to 35 months",84.1,77.8,90.4,,survey,,
survey,mmr,AZ,2015,"2015 survey, ages 19 to 35 months",90.6,86.5,94.7,,survey,,
survey,mmr,AZ,2016,"2016 survey, ages 19 to 35 months",87.7,82.0,93.4,,survey,,
survey,mmr,AZ,2017,"2017 survey, ages 19 to 35 months",91.7,87.8,95.6,,survey,,
survey,mmr,CA,1995,"1995 survey, ages 19 to 35 months",90.3,86.7,93.9,,survey,,
survey,mmr,CA,1996,"1996 survey, ages 19 to 35 months",90.7,88.1,93.3,,survey,,
survey,mmr,CA,1997,"1997 survey, ages 19 to 35 months",88.8,85.9,91.7,,survey,,
survey,mmr,CA,1998,"1998 survey, ages 19 to 35 months",91.2,88.6,93.8,,survey,,
survey,mmr,CA,1999,"1999 survey, ages 19 to 35 months",92.8,90.5,95.1,,survey,,
survey,mmr,CA,2000,"2000 survey, ages 19 to 35 months",90.8,88.3,93.3,,survey,,
survey,mmr,CA,2001,"2001 survey, ages 19 to 35 months",91.3,88.9,93.7,,survey,,
survey,mmr,CA,2002,"2002 survey, ages 19 to 35 months",90.4,87.5,93.3,,survey,,
survey,mmr,CA,2003,"2003 survey, ages 19 to 35 months",92.8,90.3,95.3,,survey,,
survey,mmr,CA,2004,"2004 survey, ages 19 to 35 months",93.1,91.0,95.2,,survey,,
survey,mmr,CA,2005,"2005 survey, ages 19 to 35 months",91.6,89.0,94.2,,survey,,
survey,mmr,CA,2006,"2006 survey, ages 19 to 35 months",92.8,90.1,95.5,,survey,,
survey,mmr,CA,2007,"2007 survey, ages 19 to 35 months",94.6,92.2,97.0,,survey,,
survey,mmr,CA,2008,"2008 survey, ages 19 to 35 months",92.7,89.9,95.5,,survey,,
survey,mmr,CA,2009,"2009 survey, ages 19 to 35 months",89.8,86.1,93.5,,survey,,
survey,mmr,CA,2010,"2010 survey, ages 19 to 35 months",91.4,87.9,94.9,,survey,,
survey,mmr,CA,2011,"2011 survey, ages 19 to 35 months",91.0,87.3,94.7,,survey,,
survey,mmr,CA,2012,"2012 survey, ages 19 to 35 months",91.5,87.2,95.8,,survey,,
survey,mmr,CA,2013,"2013 survey, ages 19 to 35 months",90.7,85.4,96.0,,survey,,
survey,mmr,CA,2014,"2014 survey, ages 19 to 35 months",90.5,85.8,95.2,,survey,,
survey,mmr,CA,2015,"2015 survey, ages 19 to 35 months",92.8,88.9,96.7,,survey,,
survey,mmr,CA,2016,"2016 survey, ages 19 to 35 months",89.3,83.9,94.7,,survey,,
survey,mmr,CA,2017,"2017 survey, ages 19 to 35 months",92.9,88.2,97.6,,survey,,
survey,mmr,CO,1995,"1995 survey, ages 19 to 35 months",88.6,83.2,94.0,,survey,,
survey,mmr,CO,1996,"1996 survey, ages 19 to 35 months",89.4,85.3,93.5,,survey,,
survey,mmr,CO,1997,"1997 survey, ages 19 to 35 months",94.1,90.9,97.3,,survey,,
survey,mmr,CO,1998,"1998 survey, ages 19 to 35 months",92.9,89.8,96.0,,survey,,
survey,mmr,CO,1999,"1999 survey, ages 19 to 35 months",90.4,86.5,94.3,,survey,,
survey,mmr,CO,2000,"2000 survey, ages 19 to 35 months",87.2,83.1,91.3,,survey,,
survey,mmr,CO,2001,"2001 survey, ages 19 to 35 months",92.1,89.2,95.0,,survey,,
survey,mmr,CO,2002,"2002 survey, ages 19 to 35 months",90.7,86.7,94.7,,survey,,
survey,mmr,CO,2003,"2003 survey, ages 19 to 35 months",85.6,80.5,90.7,,survey,,
survey,mmr,CO,2004,"2004 survey, ages 19 to 35 months",90.8,87.0,94.6,,survey,,
survey,mmr,CO,2005,"2005 survey, ages 19 to 35 months",93.2,90.4,96.0,,survey,,
survey,mmr,CO,2006,"2006 survey, ages 19 to 35 months",88.3,82.3,94.3,,survey,,
survey,mmr,CO,2007,"2007 survey, ages 19 to 35 months",91.2,86.7,95.7,,survey,,
survey,mmr,CO,2008,"2008 survey, ages 19 to 35 months",92.3,86.9,97.7,,survey,,
survey,mmr,CO,2009,"2009 survey, ages 19 to 35 months",83.6,76.6,90.6,,survey,,
survey,mmr,CO,2010,"2010 survey, ages 19 to 35 months",89.3,85.6,93.0,,survey,,
survey,mmr,CO,2011,"2011 survey, ages 19 to 35 months",88.4,83.0,93.8,,survey,,
survey,mmr,CO,2012,"2012 survey, ages 19 to 35 months",91.5,87.0,96.0,,survey,,
survey,mmr,CO,2013,"2013 survey, ages 19 to 35 months",86.0,80.5,91.5,,survey,,
survey,mmr,CO,2014,"2014 survey, ages 19 to 35 months",87.4,82.0,92.8,,survey,,
survey,mmr,CO,2015,"2015 survey, ages 19 to 35 months",93.6,90.0,97.2,,survey,,
survey,mmr,CO,2016,"2016 survey, ages 19 to 35 months",88.9,83.7,94.1,,survey,,
survey,mmr,CO,2017,"2017 survey, ages 19 to 35 months",87.2,82.4,92.0,,survey,,
survey,mmr,CT,1995,"1995 survey, ages 19 to 35 months",94.3,90.9,97.7,,survey,,
survey,mmr,CT,1996,"1996 survey, ages 19 to 35 months",96.7,94.1,99.3,,survey,,
survey,mmr,CT,1997,"1997 survey, ages 19 to 35 months",93.7,90.9,96.5,,survey,,
survey,mmr,CT,1998,"1998 survey, ages 19 to 35 months",96.6,94.5,98.7,,survey,,
survey,mmr,CT,1999,"1999 survey, ages 19 to 35 months",95.4,92.7,98.1,,survey,,
survey,mmr,CT,2000,"2000 survey, ages 19 to 35 months",95.9,93.4,98.4,,survey,,
survey,mmr,CT,2001,"2001 survey, ages 19 to 35 months",93.9,90.6,97.2,,survey,,
survey,mmr,CT,2002,"2002 survey, ages 19 to 35 months",95.3,92.6,98.0,,survey,,
survey,mmr,CT,2003,"2003 survey, ages 19 to 35 months",98.4,97.0,99.8,,survey,,
survey,mmr,CT,2004,"2004 survey, ages 19 to 35 months",95.0,91.3,98.7,,survey,,
survey,mmr,CT,2005,"2005 survey, ages 19 to 35 months",95.2,92.1,98.3,,survey,,
survey,mmr,CT,2006,"2006 survey, ages 19 to 35 months",96.5,94.5,98.5,,survey,,
survey,mmr,CT,2007,"2007 survey, ages 19 to 35 months",95.3,92.5,98.1,,survey,,
survey,mmr,CT,2008,"2008 survey, ages 19 to 35 months",95.3,92.2,98.4,,survey,,
survey,mmr,CT,2009,"2009 survey, ages 19 to 35 months",93.7,90.4,97.0,,survey,,
survey,mmr,CT,2010,"2010 survey, ages 19 to 35 months",97.8,96.3,99.3,,survey,,
survey,mmr,CT,2011,"2011 survey, ages 19 to 35 months",95.0,92.4,97.6,,survey,,
survey,mmr,CT,2012,"2012 survey, ages 19 to 35 months",94.8,91.9,97.7,,survey,,
survey,mmr,CT,2013,"2013 survey, ages 19 to 35 months",91.4,86.0,96.8,,survey,,
survey,mmr,CT,2014,"2014 survey, ages 19 to 35 months",93.2,88.6,97.8,,survey,,
survey,mmr,CT,2015,"2015 survey, ages 19 to 35 months",97.5,95.1,99.9,,survey,,
survey,mmr,CT,2016,"2016 survey, ages 19 to 35 months",94.5,91.0,98.0,,survey,,
survey,mmr,CT,2017,"2017 survey, ages 19 to 35 months",94.6,91.1,98.1,,survey,,
survey,mmr,DC,1995,"1995 survey, ages 19 to 35 months",88.9,83.9,93.9,,survey,,
survey,mmr,DC,1996,"1996 survey, ages 19 to 35 months",92.9,89.2,96.6,,survey,,
survey,mmr,DC,1997,"1997 survey, ages 19 to 35 months",89.7,85.3,94.1,,survey,,
survey,mmr,DC,1998,"1998 survey, ages 19 to 35 months",92.7,89.3,96.1,,survey,,
survey,mmr,DC,1999,"1999 survey, ages 19 to 35 months",91.2,87.5,94.9,,survey,,
survey,mmr,DC,2000,"2000 survey, ages 19 to 35 months",86.2,81.0,91.4,,survey,,
survey,mmr,DC,2001,"2001 survey, ages 19 to 35 months",91.9,88.2,95.6,,survey,,
survey,mmr,DC,2002,"2002 survey, ages 19 to 35 months",91.2,86.3,96.1,,survey,,
survey,mmr,DC,2003,"2003 survey, ages 19 to 35 months",92.8,88.7,96.9,,survey,,
survey,mmr,DC,2004,"2004 survey, ages 19 to 35 months",94.6,91.4,97.8,,survey,,
survey,mmr,DC,2005,"2005 survey, ages 19 to 35 months",91.6,87.6,95.6,,survey,,
survey,mmr,DC,2006,"2006 survey, ages 19 to 35 months",92.2,88.8,95.6,,survey,,
survey,mmr,DC,2007,"2007 survey, ages 19 to 35 months",95.2,91.9,98.5,,survey,,
survey,mmr,DC,2008,"2008 survey, ages 19 to 35 months",89.7,85.3,94.1,,survey,,
survey,mmr,DC,2009,"2009 survey, ages 19 to 35 months",91.2,86.7,95.7,,survey,,
survey,mmr,DC,2010,"2010 survey, ages 19 to 35 months",94.7,91.0,98.4,,survey,,
survey,mmr,DC,2011,"2011 survey, ages 19 to 35 months",93.5,90.5,96.5,,survey,,
survey,mmr,DC,2012,"2012 survey, ages 19 to 35 months",93.0,89.3,96.7,,survey,,
survey,mmr,DC,2013,"2013 survey, ages 19 to 35 months",96.2,93.1,99.3,,survey,,
survey,mmr,DC,2014,"2014 survey, ages 19 to 35 months",90.9,86.1,95.7,,survey,,
survey,mmr,DC,2015,"2015 survey, ages 19 to 35 months",92.4,88.6,96.2,,survey,,
survey,mmr,DC,2016,"2016 survey, ages 19 to 35 months",93.7,90.0,97.4,,survey,,
survey,mmr,DC,2017,"2017 survey, ages 19 to 35 months",94.1,89.8,98.4,,survey,,
survey,mmr,DE,1995,"1995 survey, ages 19 to 35 months",84.8,78.1,91.5,,survey,,
survey,mmr,DE,1996,"1996 survey, ages 19 to 35 months",90.4,86.6,94.2,,survey,,
survey,mmr,DE,1997,"1997 survey, ages 19 to 35 months",91.1,87.4,94.8,,survey,,
survey,mmr,DE,1998,"1998 survey, ages 19 to 35 months",94.1,91.0,97.2,,survey,,
survey,mmr,DE,1999,"1999 survey, ages 19 to 35 months",94.2,91.3,97.1,,survey,,
survey,mmr,DE,2000,"2000 survey, ages 19 to 35 months",90.2,86.4,94.0,,survey,,
survey,mmr,DE,2001,"2001 survey, ages 19 to 35 months",93.6,90.6,96.6,,survey,,
survey,mmr,DE,2002,"2002 survey, ages 19 to 35 months",95.2,92.5,97.9,,survey,,
survey,mmr,DE,2003,"2003 survey, ages 19 to 35 months",93.0,88.8,97.2,,survey,,
survey,mmr,DE,2004,"2004 survey, ages 19 to 35 months",94.5,90.6,98.4,,survey,,
survey,mmr,DE,2005,"2005 survey, ages 19 to 35 months",95.2,91.6,98.8,,survey,,
survey,mmr,DE,2006,"2006 survey, ages 19 to 35 months",96.4,93.8,99.0,,survey,,
survey,mmr,DE,2007,"2007 survey, ages 19 to 35 months",94.8,91.5,98.1,,survey,,
survey,mmr,DE,2008,"2008 survey, ages 19 to 35 months",93.1,88.6,97.6,,survey,,
survey,mmr,DE,2009,"2009 survey, ages 19 to 35 months",90.2,86.0,94.4,,survey,,
survey,mmr,DE,2010,"2010 survey, ages 19 to 35 months",94.0,91.0,97.0,,survey,,
survey,mmr,DE,2011,"2011 survey, ages 19 to 35 months",90.6,85.5,95.7,,survey,,
survey,mmr,DE,2012,"2012 survey, ages 19 to 35 months",94.4,91.0,97.8,,survey,,
survey,mmr,DE,2013,"2013 survey, ages 19 to 35 months",94.8,91.4,98.2,,survey,,
survey,mmr,DE,2014,"2014 survey, ages 19 to 35 months",90.8,86.0,95.6,,survey,,
survey,mmr,DE,2015,"2015 survey, ages 19 to 35 months",97.2,94.6,99.8,,survey,,
survey,mmr,DE,2016,"2016 survey, ages 19 to 35 months",93.8,90.4,97.2,,survey,,
survey,mmr,DE,2017,"2017 survey, ages 19 to 35 months",92.9,89.1,96.7,,survey,,
survey,mmr,FL,1995,"1995 survey, ages 19 to 35 months",90.4,86.9,93.9,,survey,,
survey,mmr,FL,1996,"1996 survey, ages 19 to 35 months",89.6,86.1,93.1,,survey,,
survey,mmr,FL,1997,"1997 survey, ages 19 to 35 months",90.1,86.9,93.3,,survey,,
survey,mmr,FL,1998,"1998 survey, ages 19 to 35 months",92.0,89.1,94.9,,survey,,
survey,mmr,FL,1999,"1999 survey, ages 19 to 35 months",91.7,88.7,94.7,,survey,,
survey,mmr,FL,2000,"2000 survey, ages 19 to 35 months",89.1,86.0,92.2,,survey,,
survey,mmr,FL,2001,"2001 survey, ages 19 to 35 months",91.4,88.5,94.3,,survey,,
survey,mmr,FL,2002,"2002 survey, ages 19 to 35 months",91.1,87.9,94.3,,survey,,
survey,mmr,FL,2003,"2003 survey, ages 19 to 35 months",95.2,92.9,97.5,,survey,,
survey,mmr,FL,2004,"2004 survey, ages 19 to 35 months",95.4,93.4,97.4,,survey,,
survey,mmr,FL,2005,"2005 survey, ages 19 to 35 months",92.0,88.0,96.0,,survey,,
survey,mmr,FL,2006,"2006 survey, ages 19 to 35 months",91.2,87.9,94.5,,survey,,
survey,mmr,FL,2007,"2007 survey, ages 19 to 35 months",92.3,88.2,96.4,,survey,,
survey,mmr,FL,2008,"2008 survey, ages 19 to 35 months",91.7,88.2,95.2,,survey,,
survey,mmr,FL,2009,"2009 survey, ages 19 to 35 months",91.2,87.4,95.0,,survey,,
survey,mmr,FL,2010,"2010 survey, ages 19 to 35 months",94.1,91.1,97.1,,survey,,
survey,mmr,FL,2011,"2011 survey, ages 19 to 35 months",90.8,86.7,94.9,,survey,,
survey,mmr,FL,2012,"2012 survey, ages 19 to 35 months",91.0,86.2,95.8,,survey,,
survey,mmr,FL,2013,"2013 survey, ages 19 to 35 months",93.4,89.4,97.4,,survey,,
survey,mmr,FL,2014,"2014 survey, ages 19 to 35 months",91.2,86.4,96.0,,survey,,
survey,mmr,FL,2015,"2015 survey, ages 19 to 35 months",90.4,85.4,95.4,,survey,,
survey,mmr,FL,2016,"2016 survey, ages 19 to 35 months",91.1,86.8,95.4,,survey,,
survey,mmr,FL,2017,"2017 survey, ages 19 to 35 months",91.9,87.6,96.2,,survey,,
survey,mmr,GA,1995,"1995 survey, ages 19 to 35 months",91.8,87.3,96.3,,survey,,
survey,mmr,GA,1996,"1996 survey, ages 19 to 35 months",91.9,88.9,94.9,,survey,,
survey,mmr,GA,1997,"1997 survey, ages 19 to 35 months",91.2,88.1,94.3,,survey,,
survey,mmr,GA,1998,"1998 survey, ages 19 to 35 months",91.7,88.8,94.6,,survey,,
survey,mmr,GA,1999,"1999 survey, ages 19 to 35 months",91.5,88.2,94.8,,survey,,
survey,mmr,GA,2000,"2000 survey, ages 19 to 35 months",91.1,87.9,94.3,,survey,,
survey,mmr,GA,2001,"2001 survey, ages 19 to 35 months",90.1,86.8,93.4,,survey,,
survey,mmr,GA,2002,"2002 survey, ages 19 to 35 months",93.0,90.0,96.0,,survey,,
survey,mmr,GA,2003,"2003 survey, ages 19 to 35 months",90.7,87.2,94.2,,survey,,
survey,mmr,GA,2004,"2004 survey, ages 19 to 35 months",91.9,87.6,96.2,,survey,,
survey,mmr,GA,2005,"2005 survey, ages 19 to 35 months",92.9,89.3,96.5,,survey,,
survey,mmr,GA,2006,"2006 survey, ages 19 to 35 months",91.0,87.3,94.7,,survey,,
survey,mmr,GA,2007,"2007 survey, ages 19 to 35 months",91.4,87.2,95.6,,survey,,
survey,mmr,GA,2008,"2008 survey, ages 19 to 35 months",92.7,89.0,96.4,,survey,,
survey,mmr,GA,2009,"2009 survey, ages 19 to 35 months",91.3,87.1,95.5,,survey,,
survey,mmr,GA,2010,"2010 survey, ages 19 to 35 months",91.5,87.5,95.5,,survey,,
survey,mmr,GA,2011,"2011 survey, ages 19 to 35 months",94.1,91.3,96.9,,survey,,
survey,mmr,GA,2012,"2012 survey, ages 19 to 35 months",91.9,87.7,96.1,,survey,,
survey,mmr,GA,2013,"2013 survey, ages 19 to 35 months",93.9,89.8,98.0,,survey,,
survey,mmr,GA,2014,"2014 survey, ages 19 to 35 months",94.2,90.3,98.1,,survey,,
survey,mmr,GA,2015,"2015 survey, ages 19 to 35 months",90.5,85.8,95.2,,survey,,
survey,mmr,GA,2016,"2016 survey, ages 19 to 35 months",93.2,90.0,96.4,,survey,,
survey,mmr,GA,2017,"2017 survey, ages 19 to 35 months",90.7,86.2,95.2,,survey,,
survey,mmr,HI,1995,"1995 survey, ages 19 to 35 months",94.4,91.2,97.6,,survey,,
survey,mmr,HI,1996,"1996 survey, ages 19 to 35 months",92.9,88.9,96.9,,survey,,
survey,mmr,HI,1997,"1997 survey, ages 19 to 35 months",90.4,85.7,95.1,,survey,,
survey,mmr,HI,1998,"1998 survey, ages 19 to 35 months",94.4,91.4,97.4,,survey,,
survey,mmr,HI,1999,"1999 survey, ages 19 to 35 months",94.1,91.2,97.0,,survey,,
survey,mmr,HI,2000,"2000 survey, ages 19 to 35 months",93.7,90.2,97.2,,survey,,
survey,mmr,HI,2001,"2001 survey, ages 19 to 35 months",90.6,87.0,94.2,,survey,,
survey,mmr,HI,2002,"2002 survey, ages 19 to 35 months",96.4,93.9,98.9,,survey,,
survey,mmr,HI,2003,"2003 survey, ages 19 to 35 months",93.6,90.4,96.8,,survey,,
survey,mmr,HI,2004,"2004 survey, ages 19 to 35 months",94.7,91.8,97.6,,survey,,
survey,mmr,HI,2005,"2005 survey, ages 19 to 35 months",89.7,84.9,94.5,,survey,,
survey,mmr,HI,2006,"2006 survey, ages 19 to 35 months",89.9,85.3,94.5,,survey,,
survey,mmr,HI,2007,"2007 survey, ages 19 to 35 months",93.8,90.1,97.5,,survey,,
survey,mmr,HI,2008,"2008 survey, ages 19 to 35 months",94.8,91.9,97.7,,survey,,
survey,mmr,HI,2009,"2009 survey, ages 19 to 35 months",86.7,81.4,92.0,,survey,,
survey,mmr,HI,2010,"2010 survey, ages 19 to 35 months",93.2,89.9,96.5,,survey,,
survey,mmr,HI,2011,"2011 survey, ages 19 to 35 months",94.2,90.7,97.7,,survey,,
survey,mmr,HI,2012,"2012 survey, ages 19 to 35 months",95.0,92.3,97.7,,survey,,
survey,mmr,HI,2013,"2013 survey, ages 19 to 35 months",92.8,89.0,96.6,,survey,,
survey,mmr,HI,2014,"2014 survey, ages 19 to 35 months",92.5,88.8,96.2,,survey,,
survey,mmr,HI,2015,"2015 survey, ages 19 to 35 months",94.7,91.4,98.0,,survey,,
survey,mmr,HI,2016,"2016 survey, ages 19 to 35 months",91.8,88.2,95.4,,survey,,
survey,mmr,HI,2017,"2017 survey, ages 19 to 35 months",90.5,86.2,94.8,,survey,,
survey,mmr,IA,1995,"1995 survey, ages 19 to 35 months",91.2,87.6,94.8,,survey,,
survey,mmr,IA,1996,"1996 survey, ages 19 to 35 months",92.4,89.0,95.8,,survey,,
survey,mmr,IA,1997,"1997 survey, ages 19 to 35 months",89.8,86.4,93.2,,survey,,
survey,mmr,IA,1998,"1998 survey, ages 19 to 35 months",92.1,88.8,95.4,,survey,,
survey,mmr,IA,1999,"1999 survey, ages 19 to 35 months",91.1,87.6,94.6,,survey,,
survey,mmr,IA,2000,"2000 survey, ages 19 to 35 months",92.7,89.3,96.1,,survey,,
survey,mmr,IA,2001,"2001 survey, ages 19 to 35 months",89.2,85.4,93.0,,survey,,
survey,mmr,IA,2002,"2002 survey, ages 19 to 35 months",92.3,88.8,95.8,,survey,,
survey,mmr,IA,2003,"2003 survey, ages 19 to 35 months",91.1,87.4,94.8,,survey,,
survey,mmr,IA,2004,"2004 survey, ages 19 to 35 months",92.9,87.5,98.3,,survey,,
survey,mmr,IA,2005,"2005 survey, ages 19 to 35 months",91.7,87.5,95.9,,survey,,
survey,mmr,IA,2006,"2006 survey, ages 19 to 35 months",90.3,85.5,95.1,,survey,,
survey,mmr,IA,2007,"2007 survey, ages 19 to 35 months",93.0,89.2,96.8,,survey,,
survey,mmr,IA,2008,"2008 survey, ages 19 to 35 months",91.4,87.0,95.8,,survey,,
survey,mmr,IA,2009,"2009 survey, ages 19 to 35 months",93.2,89.4,97.0,,survey,,
survey,mmr,IA,2010,"2010 survey, ages 19 to 35 months",93.8,90.1,97.5,,survey,,
survey,mmr,IA,2011,"2011 survey, ages 19 to 35 months",86.7,81.1,92.3,,survey,,
survey,mmr,IA,2012,"2012 survey, ages 19 to 35 months",93.3,89.9,96.7,,survey,,
survey,mmr,IA,2013,"2013 survey, ages 19 to 35 months",94.5,90.6,98.4,,survey,,
survey,mmr,IA,2014,"2014 survey, ages 19 to 35 months",91.1,85.9,96.3,,survey,,
survey,mmr,IA,2015,"2015 survey, ages 19 to 35 months",95.5,93.1,97.9,,survey,,
survey,mmr,IA,2016,"2016 survey, ages 19 to 35 months",96.2,94.0,98.4,,survey,,
survey,mmr,IA,2017,"2017 survey, ages 19 to 35 months",91.5,87.1,95.9,,survey,,
survey,mmr,ID,1995,"1995 survey, ages 19 to 35 months",87.5,82.8,92.2,,survey,,
survey,mmr,ID,1996,"1996 survey, ages 19 to 35 months",83.4,78.6,88.2,,survey,,
survey,mmr,ID,1997,"1997 survey, ages 19 to 35 months",88.0,84.0,92.0,,survey,,
survey,mmr,ID,1998,"1998 survey, ages 19 to 35 months",89.7,86.1,93.3,,survey,,
survey,mmr,ID,1999,"1999 survey, ages 19 to 35 months",86.1,82.0,90.2,,survey,,
survey,mmr,ID,2000,"2000 survey, ages 19 to 35 months",88.0,84.3,91.7,,survey,,
survey,mmr,ID,2001,"2001 survey, ages 19 to 35 months",88.6,84.8,92.4,,survey,,
survey,mmr,ID,2002,"2002 survey, ages 19 to 35 months",86.9,82.3,91.5,,survey,,
survey,mmr,ID,2003,"2003 survey, ages 19 to 35 months",92.9,89.2,96.6,,survey,,
survey,mmr,ID,2004,"2004 survey, ages 19 to 35 months",91.7,87.8,95.6,,survey,,
survey,mmr,ID,2005,"2005 survey, ages 19 to 35 months",86.5,81.5,91.5,,survey,,
survey,mmr,ID,2006,"2006 survey, ages 19 to 35 months",88.0,83.2,92.8,,survey,,
survey,mmr,ID,2007,"2007 survey, ages 19 to 35 months",86.1,80.9,91.3,,survey,,
survey,mmr,ID,2008,"2008 survey, ages 19 to 35 months",86.1,80.7,91.5,,survey,,
survey,mmr,ID,2009,"2009 survey, ages 19 to 35 months",88.1,83.3,92.9,,survey,,
survey,mmr,ID,2010,"2010 survey, ages 19 to 35 months",87.2,82.2,92.2,,survey,,
survey,mmr,ID,2011,"2011 survey, ages 19 to 35 months",89.5,84.7,94.3,,survey,,
survey,mmr,ID,2012,"2012 survey, ages 19 to 35 months",93.3,89.7,96.9,,survey,,
survey,mmr,ID,2013,"2013 survey, ages 19 to 35 months",91.1,86.8,95.4,,survey,,
survey,mmr,ID,2014,"2014 survey, ages 19 to 35 months",89.7,84.6,94.8,,survey,,
survey,mmr,ID,2015,"2015 survey, ages 19 to 35 months",91.2,87.2,95.2,,survey,,
survey,mmr,ID,2016,"2016 survey, ages 19 to 35 months",88.6,83.7,93.5,,survey,,
survey,mmr,ID,2017,"2017 survey, ages 19 to 35 months",92.2,87.8,96.6,,survey,,
survey,mmr,IL,1995,"1995 survey, ages 19 to 35 months",90.3,86.6,94.0,,survey,,
survey,mmr,IL,1996,"1996 survey, ages 19 to 35 months",89.5,86.4,92.6,,survey,,
survey,mmr,IL,1997,"1997 survey, ages 19 to 35 months",89.0,85.5,92.5,,survey,,
survey,mmr,IL,1998,"1998 survey, ages 19 to 35 months",91.2,87.9,94.5,,survey,,
survey,mmr,IL,1999,"1999 survey, ages 19 to 35 months",91.4,88.6,94.2,,survey,,
survey,mmr,IL,2000,"2000 survey, ages 19 to 35 months",91.5,88.8,94.2,,survey,,
survey,mmr,IL,2001,"2001 survey, ages 19 to 35 months",89.0,85.9,92.1,,survey,,
survey,mmr,IL,2002,"2002 survey, ages 19 to 35 months",94.4,92.2,96.6,,survey,,
survey,mmr,IL,2003,"2003 survey, ages 19 to 35 months",93.6,90.8,96.4,,survey,,
survey,mmr,IL,2004,"2004 survey, ages 19 to 35 months",95.0,92.6,97.4,,survey,,
survey,mmr,IL,2005,"2005 survey, ages 19 to 35 months",93.0,90.0,96.0,,survey,,
survey,mmr,IL,2006,"2006 survey, ages 19 to 35 months",89.2,84.1,94.3,,survey,,
survey,mmr,IL,2007,"2007 survey, ages 19 to 35 months",93.1,90.4,95.8,,survey,,
survey,mmr,IL,2008,"2008 survey, ages 19 to 35 months",91.0,88.3,93.7,,survey,,
survey,mmr,IL,2009,"2009 survey, ages 19 to 35 months",88.2,84.3,92.1,,survey,,
survey,mmr,IL,2010,"2010 survey, ages 19 to 35 months",90.5,87.3,93.7,,survey,,
survey,mmr,IL,2011,"2011 survey, ages 19 to 35 months",90.8,87.5,94.1,,survey,,
survey,mmr,IL,2012,"2012 survey, ages 19 to 35 months",91.6,88.9,94.3,,survey,,
survey,mmr,IL,2013,"2013 survey, ages 19 to 35 months",91.4,88.3,94.5,,survey,,
survey,mmr,IL,2014,"2014 survey, ages 19 to 35 months",93.2,90.4,96.0,,survey,,
survey,mmr,IL,2015,"2015 survey, ages 19 to 35 months",91.6,88.8,94.4,,survey,,
survey,mmr,IL,2016,"2016 survey, ages 19 to 35 months",94.4,91.8,97.0,,survey,,
survey,mmr,IL,2017,"2017 survey, ages 19 to 35 months",91.9,89.0,94.8,,survey,,
survey,mmr,IN,1995,"1995 survey, ages 19 to 35 months",88.4,84.2,92.6,,survey,,
survey,mmr,IN,1996,"1996 survey, ages 19 to 35 months",85.5,81.5,89.5,,survey,,
survey,mmr,IN,1997,"1997 survey, ages 19 to 35 months",88.5,85.1,91.9,,survey,,
survey,mmr,IN,1998,"1998 survey, ages 19 to 35 months",92.9,90.1,95.7,,survey,,
survey,mmr,IN,1999,"1999 survey, ages 19 to 35 months",89.1,85.3,92.9,,survey,,
survey,mmr,IN,2000,"2000 survey, ages 19 to 35 months",87.7,84.0,91.4,,survey,,
survey,mmr,IN,2001,"2001 survey, ages 19 to 35 months",91.1,88.1,94.1,,survey,,
survey,mmr,IN,2002,"2002 survey, ages 19 to 35 months",91.1,87.9,94.3,,survey,,
survey,mmr,IN,2003,"2003 survey, ages 19 to 35 months",92.5,88.3,96.7,,survey,,
survey,mmr,IN,2004,"2004 survey, ages 19 to 35 months",91.5,87.6,95.4,,survey,,
survey,mmr,IN,2005,"2005 survey, ages 19 to 35 months",91.2,85.6,96.8,,survey,,
survey,mmr,IN,2006,"2006 survey, ages 19 to 35 months",89.6,85.3,93.9,,survey,,
survey,mmr,IN,2007,"2007 survey, ages 19 to 35 months",90.4,87.1,93.7,,survey,,
survey,mmr,IN,2008,"2008 survey, ages 19 to 35 months",88.0,83.2,92.8,,survey,,
survey,mmr,IN,2009,"2009 survey, ages 19 to 35 months",86.6,82.0,91.2,,survey,,
survey,mmr,IN,2010,"2010 survey, ages 19 to 35 months",92.3,88.8,95.8,,survey,,
survey,mmr,IN,2011,"2011 survey, ages 19 to 35 months",90.6,86.7,94.5,,survey,,
survey,mmr,IN,2012,"2012 survey, ages 19 to 35 months",90.0,85.5,94.5,,survey,,
survey,mmr,IN,2013,"2013 survey, ages 19 to 35 months",92.0,88.4,95.6,,survey,,
survey,mmr,IN,2014,"2014 survey, ages 19 to 35 months",91.5,87.0,96.0,,survey,,
survey,mmr,IN,2015,"2015 survey, ages 19 to 35 months",92.0,87.6,96.4,,survey,,
survey,mmr,IN,2016,"2016 survey, ages 19 to 35 months",93.0,89.6,96.4,,survey,,
survey,mmr,IN,2017,"2017 survey, ages 19 to 35 months",87.0,81.8,92.2,,survey,,
survey,mmr,KS,1995,"1995 survey, ages 19 to 35 months",86.4,80.6,92.2,,survey,,
survey,mmr,KS,1996,"1996 survey, ages 19 to 35 months",86.8,82.0,91.6,,survey,,
survey,mmr,KS,1997,"1997 survey, ages 19 to 35 months",93.7,90.4,97.0,,survey,,
survey,mmr,KS,1998,"1998 survey, ages 19 to 35 months",90.8,86.8,94.8,,survey,,
survey,mmr,KS,1999,"1999 survey, ages 19 to 35 months",89.9,86.1,93.7,,survey,,
survey,mmr,KS,2000,"2000 survey, ages 19 to 35 months",87.1,82.9,91.3,,survey,,
survey,mmr,KS,2001,"2001 survey, ages 19 to 35 months",90.4,85.6,95.2,,survey,,
survey,mmr,KS,2002,"2002 survey, ages 19 to 35 months",93.9,91.1,96.7,,survey,,
survey,mmr,KS,2003,"2003 survey, ages 19 to 35 months",89.4,84.8,94.0,,survey,,
survey,mmr,KS,2004,"2004 survey, ages 19 to 35 months",92.3,88.0,96.6,,survey,,
survey,mmr,KS,2005,"2005 survey, ages 19 to 35 months",92.7,89.3,96.1,,survey,,
survey,mmr,KS,2006,"2006 survey, ages 19 to 35 months",92.7,89.5,95.9,,survey,,
survey,mmr,KS,2007,"2007 survey, ages 19 to 35 months",93.1,89.6,96.6,,survey,,
survey,mmr,KS,2008,"2008 survey, ages 19 to 35 months",91.9,88.3,95.5,,survey,,
survey,mmr,KS,2009,"2009 survey, ages 19 to 35 months",92.5,87.9,97.1,,survey,,
survey,mmr,KS,2010,"2010 survey, ages 19 to 35 months",90.0,85.4,94.6,,survey,,
survey,mmr,KS,2011,"2011 survey, ages 19 to 35 months",91.0,86.6,95.4,,survey,,
survey,mmr,KS,2012,"2012 survey, ages 19 to 35 months",88.5,83.9,93.1,,survey,,
survey,mmr,KS,2013,"2013 survey, ages 19 to 35 months",89.4,84.7,94.1,,survey,,
survey,mmr,KS,2014,"2014 survey, ages 19 to 35 months",93.4,89.4,97.4,,survey,,
survey,mmr,KS,2015,"2015 survey, ages 19 to 35 months",92.3,88.2,96.4,,survey,,
survey,mmr,KS,2016,"2016 survey, ages 19 to 35 months",92.3,88.2,96.4,,survey,,
survey,mmr,KS,2017,"2017 survey, ages 19 to 35 months",89.8,84.3,95.3,,survey,,
survey,mmr,KY,1995,"1995 survey, ages 19 to 35 months",88.4,82.8,94.0,,survey,,
survey,mmr,KY,1996,"1996 survey, ages 19 to 35 months",91.6,87.6,95.6,,survey,,
survey,mmr,KY,1997,"1997 survey, ages 19 to 35 months",89.5,85.4,93.6,,survey,,
survey,mmr,KY,1998,"1998 survey, ages 19 to 35 months",91.6,88.1,95.1,,survey,,
survey,mmr,KY,1999,"1999 survey, ages 19 to 35 months",93.7,90.6,96.8,,survey,,
survey,mmr,KY,2000,"2000 survey, ages 19 to 35 months",88.6,84.5,92.7,,survey,,
survey,mmr,KY,2001,"2001 survey, ages 19 to 35 months",91.6,88.3,94.9,,survey,,
survey,mmr,KY,2002,"2002 survey, ages 19 to 35 months",88.0,83.0,93.0,,survey,,
survey,mmr,KY,2003,"2003 survey, ages 19 to 35 months",95.5,92.7,98.3,,survey,,
survey,mmr,KY,2004,"2004 survey, ages 19 to 35 months",91.0,85.4,96.6,,survey,,
survey,mmr,KY,2005,"2005 survey, ages 19 to 35 months",90.2,84.7,95.7,,survey,,
survey,mmr,KY,2006,"2006 survey, ages 19 to 35 months",92.5,88.9,96.1,,survey,,
survey,mmr,KY,2007,"2007 survey, ages 19 to 35 months",90.8,86.2,95.4,,survey,,
survey,mmr,KY,2008,"2008 survey, ages 19 to 35 months",90.2,85.8,94.6,,survey,,
survey,mmr,KY,2009,"2009 survey, ages 19 to 35 months",88.9,85.1,92.7,,survey,,
survey,mmr,KY,2010,"2010 survey, ages 19 to 35 months",89.5,85.4,93.6,,survey,,
survey,mmr,KY,2011,"2011 survey, ages 19 to 35 months",91.4,86.5,96.3,,survey,,
survey,mmr,KY,2012,"2012 survey, ages 19 to 35 months",89.2,84.8,93.6,,survey,,
survey,mmr,KY,2013,"2013 survey, ages 19 to 35 months",89.5,84.4,94.6,,survey,,
survey,mmr,KY,2014,"2014 survey, ages 19 to 35 months",88.6,83.1,94.1,,survey,,
survey,mmr,KY,2015,"2015 survey, ages 19 to 35 months",91.6,87.5,95.7,,survey,,
survey,mmr,KY,2016,"2016 survey, ages 19 to 35 months",92.5,88.8,96.2,,survey,,
survey,mmr,KY,2017,"2017 survey, ages 19 to 35 months",92.7,88.4,97.0,,survey,,
survey,mmr,LA,1995,"1995 survey, ages 19 to 35 months",87.5,82.7,92.3,,survey,,
survey,mmr,LA,1996,"1996 survey, ages 19 to 35 months",88.0,83.8,92.2,,survey,,
survey,mmr,LA,1997,"1997 survey, ages 19 to 35 months",88.1,84.4,91.8,,survey,,
survey,mmr,LA,1998,"1998 survey, ages 19 to 35 months",88.3,84.2,92.4,,survey,,
survey,mmr,LA,1999,"1999 survey, ages 19 to 35 months",89.8,86.3,93.3,,survey,,
survey,mmr,LA,2000,"2000 survey, ages 19 to 35 months",87.7,84.1,91.3,,survey,,
survey,mmr,LA,2001,"2001 survey, ages 19 to 35 months",84.7,80.5,88.9,,survey,,
survey,mmr,LA,2002,"2002 survey, ages 19 to 35 months",87.4,83.5,91.3,,survey,,
survey,mmr,LA,2003,"2003 survey, ages 19 to 35 months",88.4,84.3,92.5,,survey,,
survey,mmr,LA,2004,"2004 survey, ages 19 to 35 months",88.7,84.8,92.6,,survey,,
survey,mmr,LA,2005,"2005 survey, ages 19 to 35 months",89.2,86.2,92.2,,survey,,
survey,mmr,LA,2006,"2006 survey, ages 19 to 35 months",88.9,84.6,93.2,,survey,,
survey,mmr,LA,2007,"2007 survey, ages 19 to 35 months",92.9,89.5,96.3,,survey,,
survey,mmr,LA,2008,"2008 survey, ages 19 to 35 months",94.2,91.7,96.7,,survey,,
survey,mmr,LA,2009,"2009 survey, ages 19 to 35 months",94.4,91.4,97.4,,survey,,
survey,mmr,LA,2010,"2010 survey, ages 19 to 35 months",89.7,85.2,94.2,,survey,,
survey,mmr,LA,2011,"2011 survey, ages 19 to 35 months",92.6,89.0,96.2,,survey,,
survey,mmr,LA,2012,"2012 survey, ages 19 to 35 months",90.5,86.5,94.5,,survey,,
survey,mmr,LA,2013,"2013 survey, ages 19 to 35 months",88.1,83.0,93.2,,survey,,
survey,mmr,LA,2014,"2014 survey, ages 19 to 35 months",91.8,87.7,95.9,,survey,,
survey,mmr,LA,2015,"2015 survey, ages 19 to 35 months",92.6,88.3,96.9,,survey,,
survey,mmr,LA,2016,"2016 survey, ages 19 to 35 months",91.2,87.1,95.3,,survey,,
survey,mmr,LA,2017,"2017 survey, ages 19 to 35 months",91.3,86.8,95.8,,survey,,
survey,mmr,MA,1995,"1995 survey, ages 19 to 35 months",93.9,90.8,97.0,,survey,,
survey,mmr,MA,1996,"1996 survey, ages 19 to 35 months",97.2,95.4,99.0,,survey,,
survey,mmr,MA,1997,"1997 survey, ages 19 to 35 months",95.6,93.2,98.0,,survey,,
survey,mmr,MA,1998,"1998 survey, ages 19 to 35 months",96.0,94.0,98.0,,survey,,
survey,mmr,MA,1999,"1999 survey, ages 19 to 35 months",94.0,91.1,96.9,,survey,,
survey,mmr,MA,2000,"2000 survey, ages 19 to 35 months",96.1,94.1,98.1,,survey,,
survey,mmr,MA,2001,"2001 survey, ages 19 to 35 months",92.8,90.0,95.6,,survey,,
survey,mmr,MA,2002,"2002 survey, ages 19 to 35 months",95.5,93.0,98.0,,survey,,
survey,mmr,MA,2003,"2003 survey, ages 19 to 35 months",97.7,96.2,99.2,,survey,,
survey,mmr,MA,2004,"2004 survey, ages 19 to 35 months",96.0,93.6,98.4,,survey,,
survey,mmr,MA,2005,"2005 survey, ages 19 to 35 months",97.0,94.8,99.2,,survey,,
survey,mmr,MA,2006,"2006 survey, ages 19 to 35 months",96.6,94.2,99.0,,survey,,
survey,mmr,MA,2007,"2007 survey, ages 19 to 35 months",93.3,88.7,97.9,,survey,,
survey,mmr,MA,2008,"2008 survey, ages 19 to 35 months",94.4,90.2,98.6,,survey,,
survey,mmr,MA,2009,"2009 survey, ages 19 to 35 months",93.7,90.5,96.9,,survey,,
survey,mmr,MA,2010,"2010 survey, ages 19 to 35 months",92.3,88.0,96.6,,survey,,
survey,mmr,MA,2011,"2011 survey, ages 19 to 35 months",93.1,88.3,97.9,,survey,,
survey,mmr,MA,2012,"2012 survey, ages 19 to 35 months",93.7,90.3,97.1,,survey,,
survey,mmr,MA,2013,"2013 survey, ages 19 to 35 months",95.8,92.2,99.4,,survey,,
survey,mmr,MA,2014,"2014 survey, ages 19 to 35 months",94.7,91.5,97.9,,survey,,
survey,mmr,MA,2015,"2015 survey, ages 19 to 35 months",91.8,87.8,95.8,,survey,,
survey,mmr,MA,2016,"2016 survey, ages 19 to 35 months",98.6,97.2,100.0,,survey,,
survey,mmr,MA,2017,"2017 survey, ages 19 to 35 months",98.3,96.4,100.0,,survey,,
survey,mmr,MD,1995,"1995 survey, ages 19 to 35 months",92.1,87.8,96.4,,survey,,
survey,mmr,MD,1996,"1996 survey, ages 19 to 35 months",91.7,88.1,95.3,,survey,,
survey,mmr,MD,1997,"1997 survey, ages 19 to 35 months",95.3,92.7,97.9,,survey,,
survey,mmr,MD,1998,"1998 survey, ages 19 to 35 months",89.1,85.2,93.0,,survey,,
survey,mmr,MD,1999,"1999 survey, ages 19 to 35 months",95.8,93.8,97.8,,survey,,
survey,mmr,MD,2000,"2000 survey, ages 19 to 35 months",90.9,87.4,94.4,,survey,,
survey,mmr,MD,2001,"2001 survey, ages 19 to 35 months",92.9,90.4,95.4,,survey,,
survey,mmr,MD,2002,"2002 survey, ages 19 to 35 months",95.4,92.2,98.6,,survey,,
survey,mmr,MD,2003,"2003 survey, ages 19 to 35 months",93.7,89.7,97.7,,survey,,
survey,mmr,MD,2004,"2004 survey, ages 19 to 35 months",94.8,91.5,98.1,,survey,,
survey,mmr,MD,2005,"2005 survey, ages 19 to 35 months",93.6,90.2,97.0,,survey,,
survey,mmr,MD,2006,"2006 survey, ages 19 to 35 months",96.3,93.5,99.1,,survey,,
survey,mmr,MD,2007,"2007 survey, ages 19 to 35 months",97.1,95.1,99.1,,survey,,
survey,mmr,MD,2008,"2008 survey, ages 19 to 35 months",94.5,92.1,96.9,,survey,,
survey,mmr,MD,2009,"2009 survey, ages 19 to 35 months",89.7,84.5,94.9,,survey,,
survey,mmr,MD,2010,"2010 survey, ages 19 to 35 months",90.5,85.7,95.3,,survey,,
survey,mmr,MD,2011,"2011 survey, ages 19 to 35 months",95.2,92.6,97.8,,survey,,
survey,mmr,MD,2012,"2012 survey, ages 19 to 35 months",92.5,87.7,97.3,,survey,,
survey,mmr,MD,2013,"2013 survey, ages 19 to 35 months",95.3,90.9,99.7,,survey,,
survey,mmr,MD,2014,"2014 survey, ages 19 to 35 months",94.9,91.6,98.2,,survey,,
survey,mmr,MD,2015,"2015 survey, ages 19 to 35 months",95.4,92.9,97.9,,survey,,
survey,mmr,MD,2016,"2016 survey, ages 19 to 35 months",93.2,89.8,96.6,,survey,,
survey,mmr,MD,2017,"2017 survey, ages 19 to 35 months",92.4,87.0,97.8,,survey,,
survey,mmr,ME,1995,"1995 survey, ages 19 to 35 months",99.0,97.6,100.0,,survey,,
survey,mmr,ME,1996,"1996 survey, ages 19 to 35 months",95.3,92.9,97.7,,survey,,
survey,mmr,ME,1997,"1997 survey, ages 19 to 35 months",95.3,92.9,97.7,,survey,,
survey,mmr,ME,1998,"1998 survey, ages 19 to 35 months",93.6,90.5,96.7,,survey,,
survey,mmr,ME,1999,"1999 survey, ages 19 to 35 months",92.0,88.6,95.4,,survey,,
survey,mmr,ME,2000,"2000 survey, ages 19 to 35 months",94.0,91.3,96.7,,survey,,
survey,mmr,ME,2001,"2001 survey, ages 19 to 35 months",94.2,91.5,96.9,,survey,,
survey,mmr,ME,2002,"2002 survey, ages 19 to 35 months",92.3,88.8,95.8,,survey,,
survey,mmr,ME,2003,"2003 survey, ages 19 to 35 months",94.1,90.8,97.4,,survey,,
survey,mmr,ME,2004,"2004 survey, ages 19 to 35 months",91.7,87.9,95.5,,survey,,
survey,mmr,ME,2005,"2005 survey, ages 19 to 35 months",92.2,88.0,96.4,,survey,,
survey,mmr,ME,2006,"2006 survey, ages 19 to 35 months",92.2,87.8,96.6,,survey,,
survey,mmr,ME,2007,"2007 survey, ages 19 to 35 months",90.2,85.4,95.0,,survey,,
survey,mmr,ME,2008,"2008 survey, ages 19 to 35 months",91.8,88.2,95.4,,survey,,
survey,mmr,ME,2009,"2009 survey, ages 19 to 35 months",91.4,87.5,95.3,,survey,,
survey,mmr,ME,2010,"2010 survey, ages 19 to 35 months",90.9,86.4,95.4,,survey,,
survey,mmr,ME,2011,"2011 survey, ages 19 to 35 months",90.3,86.3,94.3,,survey,,
survey,mmr,ME,2012,"2012 survey, ages 19 to 35 months",91.2,87.0,95.4,,survey,,
survey,mmr,ME,2013,"2013 survey, ages 19 to 35 months",91.0,86.5,95.5,,survey,,
survey,mmr,ME,2014,"2014 survey, ages 19 to 35 months",97.2,95.2,99.2,,survey,,
survey,mmr,ME,2015,"2015 survey, ages 19 to 35 months",96.0,92.9,99.1,,survey,,
survey,mmr,ME,2016,"2016 survey, ages 19 to 35 months",91.6,88.1,95.1,,survey,,
survey,mmr,ME,2017,"2017 survey, ages 19 to 35 months",93.7,90.6,96.8,,survey,,
survey,mmr,MI,1995,"1995 survey, ages 19 to 35 months",86.2,81.1,91.3,,survey,,
survey,mmr,MI,1996,"1996 survey, ages 19 to 35 months",89.7,86.3,93.1,,survey,,
survey,mmr,MI,1997,"1997 survey, ages 19 to 35 months",89.2,85.8,92.6,,survey,,
survey,mmr,MI,1998,"1998 survey, ages 19 to 35 months",90.4,87.0,93.8,,survey,,
survey,mmr,MI,1999,"1999 survey, ages 19 to 35 months",89.8,86.3,93.3,,survey,,
survey,mmr,MI,2000,"2000 survey, ages 19 to 35 months",88.9,85.3,92.5,,survey,,
survey,mmr,MI,2001,"2001 survey, ages 19 to 35 months",88.6,84.8,92.4,,survey,,
survey,mmr,MI,2002,"2002 survey, ages 19 to 35 months",93.3,90.4,96.2,,survey,,
survey,mmr,MI,2003,"2003 survey, ages 19 to 35 months",92.5,88.8,96.2,,survey,,
survey,mmr,MI,2004,"2004 survey, ages 19 to 35 months",91.8,88.1,95.5,,survey,,
survey,mmr,MI,2005,"2005 survey, ages 19 to 35 months",93.7,90.9,96.5,,survey,,
survey,mmr,MI,2006,"2006 survey, ages 19 to 35 months",92.2,88.8,95.6,,survey,,
survey,mmr,MI,2007,"2007 survey, ages 19 to 35 months",89.5,84.2,94.8,,survey,,
survey,mmr,MI,2008,"2008 survey, ages 19 to 35 months",88.1,83.6,92.6,,survey,,
survey,mmr,MI,2009,"2009 survey, ages 19 to 35 months",90.9,85.8,96.0,,survey,,
survey,mmr,MI,2010,"2010 survey, ages 19 to 35 months",91.1,87.3,94.9,,survey,,
survey,mmr,MI,2011,"2011 survey, ages 19 to 35 months",87.6,81.4,93.8,,survey,,
survey,mmr,MI,2012,"2012 survey, ages 19 to 35 months",91.4,87.0,95.8,,survey,,
survey,mmr,MI,2013,"2013 survey, ages 19 to 35 months",89.2,84.1,94.3,,survey,,
survey,mmr,MI,2014,"2014 survey, ages 19 to 35 months",87.4,80.9,93.9,,survey,,
survey,mmr,MI,2015,"2015 survey, ages 19 to 35 months",90.6,86.1,95.1,,survey,,
survey,mmr,MI,2016,"2016 survey, ages 19 to 35 months",86.4,79.9,92.9,,survey,,
survey,mmr,MI,2017,"2017 survey, ages 19 to 35 months",92.2,88.2,96.2,,survey,,
survey,mmr,MN,1995,"1995 survey, ages 19 to 35 months",91.6,87.7,95.5,,survey,,
survey,mmr,MN,1996,"1996 survey, ages 19 to 35 months",95.7,93.0,98.4,,survey,,
survey,mmr,MN,1997,"1997 survey, ages 19 to 35 months",91.7,87.6,95.8,,survey,,
survey,mmr,MN,1998,"1998 survey, ages 19 to 35 months",92.4,89.1,95.7,,survey,,
survey,mmr,MN,1999,"1999 survey, ages 19 to 35 months",95.7,93.2,98.2,,survey,,
survey,mmr,MN,2000,"2000 survey, ages 19 to 35 months",92.5,89.1,95.9,,survey,,
survey,mmr,MN,2001,"2001 survey, ages 19 to 35 months",90.8,87.1,94.5,,survey,,
survey,mmr,MN,2002,"2002 survey, ages 19 to 35 months",92.2,88.3,96.1,,survey,,
survey,mmr,MN,2003,"2003 survey, ages 19 to 35 months",92.6,88.8,96.4,,survey,,
survey,mmr,MN,2004,"2004 survey, ages 19 to 35 months",91.7,87.0,96.4,,survey,,
survey,mmr,MN,2005,"2005 survey, ages 19 to 35 months",91.4,86.6,96.2,,survey,,
survey,mmr,MN,2006,"2006 survey, ages 19 to 35 months",92.3,88.3,96.3,,survey,,
survey,mmr,MN,2007,"2007 survey, ages 19 to 35 months",94.9,92.1,97.7,,survey,,
survey,mmr,MN,2008,"2008 survey, ages 19 to 35 months",91.8,88.3,95.3,,survey,,
survey,mmr,MN,2009,"2009 survey, ages 19 to 35 months",93.6,90.6,96.6,,survey,,
survey,mmr,MN,2010,"2010 survey, ages 19 to 35 months",92.7,88.7,96.7,,survey,,
survey,mmr,MN,2011,"2011 survey, ages 19 to 35 months",96.0,92.6,99.4,,survey,,
survey,mmr,MN,2012,"2012 survey, ages 19 to 35 months",90.1,84.5,95.7,,survey,,
survey,mmr,MN,2013,"2013 survey, ages 19 to 35 months",90.8,85.3,96.3,,survey,,
survey,mmr,MN,2014,"2014 survey, ages 19 to 35 months",94.3,90.1,98.5,,survey,,
survey,mmr,MN,2015,"2015 survey, ages 19 to 35 months",92.6,89.0,96.2,,survey,,
survey,mmr,MN,2016,"2016 survey, ages 19 to 35 months",92.0,87.3,96.7,,survey,,
survey,mmr,MN,2017,"2017 survey, ages 19 to 35 months",94.3,91.0,97.6,,survey,,
survey,mmr,MO,1995,"1995 survey, ages 19 to 35 months",91.5,87.2,95.8,,survey,,
survey,mmr,MO,1996,"1996 survey, ages 19 to 35 months",87.2,82.3,92.1,,survey,,
survey,mmr,MO,1997,"1997 survey, ages 19 to 35 months",90.1,86.2,94.0,,survey,,
survey,mmr,MO,1998,"1998 survey, ages 19 to 35 months",92.8,89.3,96.3,,survey,,
survey,mmr,MO,1999,"1999 survey, ages 19 to 35 months",88.1,84.1,92.1,,survey,,
survey,mmr,MO,2000,"2000 survey, ages 19 to 35 months",92.9,89.7,96.1,,survey,,
survey,mmr,MO,2001,"2001 survey, ages 19 to 35 months",90.0,86.1,93.9,,survey,,
survey,mmr,MO,2002,"2002 survey, ages 19 to 35 months",94.8,91.6,98.0,,survey,,
survey,mmr,MO,2003,"2003 survey, ages 19 to 35 months",94.5,91.5,97.5,,survey,,
survey,mmr,MO,2004,"2004 survey, ages 19 to 35 months",93.8,90.4,97.2,,survey,,
survey,mmr,MO,2005,"2005 survey, ages 19 to 35 months",90.3,87.0,93.6,,survey,,
survey,mmr,MO,2006,"2006 survey, ages 19 to 35 months",95.7,91.8,99.6,,survey,,
survey,mmr,MO,2007,"2007 survey, ages 19 to 35 months",89.0,83.8,94.2,,survey,,
survey,mmr,MO,2008,"2008 survey, ages 19 to 35 months",91.7,87.6,95.8,,survey,,
survey,mmr,MO,2009,"2009 survey, ages 19 to 35 months",88.8,83.8,93.8,,survey,,
survey,mmr,MO,2010,"2010 survey, ages 19 to 35 months",90.4,86.5,94.3,,survey,,
survey,mmr,MO,2011,"2011 survey, ages 19 to 35 months",88.2,84.2,92.2,,survey,,
survey,mmr,MO,2012,"2012 survey, ages 19 to 35 months",92.7,88.6,96.8,,survey,,
survey,mmr,MO,2013,"2013 survey, ages 19 to 35 months",89.8,84.5,95.1,,survey,,
survey,mmr,MO,2014,"2014 survey, ages 19 to 35 months",90.3,85.6,95.0,,survey,,
survey,mmr,MO,2015,"2015 survey, ages 19 to 35 months",91.6,87.3,95.9,,survey,,
survey,mmr,MO,2016,"2016 survey, ages 19 to 35 months",92.9,88.9,96.9,,survey,,
survey,mmr,MO,2017,"2017 survey, ages 19 to 35 months",85.8,79.8,91.8,,survey,,
survey,mmr,MS,1995,"1995 survey, ages 19 to 35 months",89.4,83.9,94.9,,survey,,
survey,mmr,MS,1996,"1996 survey, ages 19 to 35 months",93.1,90.1,96.1,,survey,,
survey,mmr,MS,1997,"1997 survey, ages 19 to 35 months",90.7,86.7,94.7,,survey,,
survey,mmr,MS,1998,"1998 survey, ages 19 to 35 months",93.0,89.8,96.2,,survey,,
survey,mmr,MS,1999,"1999 survey, ages 19 to 35 months",92.3,88.6,96.0,,survey,,
survey,mmr,MS,2000,"2000 survey, ages 19 to 35 months",90.3,86.6,94.0,,survey,,
survey,mmr,MS,2001,"2001 survey, ages 19 to 35 months",93.3,90.0,96.6,,survey,,
survey,mmr,MS,2002,"2002 survey, ages 19 to 35 months",91.1,87.1,95.1,,survey,,
survey,mmr,MS,2003,"2003 survey, ages 19 to 35 months",94.7,91.6,97.8,,survey,,
survey,mmr,MS,2004,"2004 survey, ages 19 to 35 months",94.4,90.6,98.2,,survey,,
survey,mmr,MS,2005,"2005 survey, ages 19 to 35 months",91.0,86.7,95.3,,survey,,
survey,mmr,MS,2006,"2006 survey, ages 19 to 35 months",88.5,83.7,93.3,,survey,,
survey,mmr,MS,2007,"2007 survey, ages 19 to 35 months",87.2,81.4,93.0,,survey,,
survey,mmr,MS,2008,"2008 survey, ages 19 to 35 months",89.3,85.1,93.5,,survey,,
survey,mmr,MS,2009,"2009 survey, ages 19 to 35 months",91.6,88.3,94.9,,survey,,
survey,mmr,MS,2010,"2010 survey, ages 19 to 35 months",93.8,91.1,96.5,,survey,,
survey,mmr,MS,2011,"2011 survey, ages 19 to 35 months",89.6,84.7,94.5,,survey,,
survey,mmr,MS,2012,"2012 survey, ages 19 to 35 months",93.4,89.1,97.7,,survey,,
survey,mmr,MS,2013,"2013 survey, ages 19 to 35 months",95.2,92.2,98.2,,survey,,
survey,mmr,MS,2014,"2014 survey, ages 19 to 35 months",95.0,90.7,99.3,,survey,,
survey,mmr,MS,2015,"2015 survey, ages 19 to 35 months",89.8,84.5,95.1,,survey,,
survey,mmr,MS,2016,"2016 survey, ages 19 to 35 months",90.8,86.4,95.2,,survey,,
survey,mmr,MS,2017,"2017 survey, ages 19 to 35 months",91.8,87.7,95.9,,survey,,
survey,mmr,MT,1995,"1995 survey, ages 19 to 35 months",88.1,83.5,92.7,,survey,,
survey,mmr,MT,1996,"1996 survey, ages 19 to 35 months",87.6,83.5,91.7,,survey,,
survey,mmr,MT,1997,"1997 survey, ages 19 to 35 months",87.0,82.9,91.1,,survey,,
survey,mmr,MT,1998,"1998 survey, ages 19 to 35 months",91.4,88.2,94.6,,survey,,
survey,mmr,MT,1999,"1999 survey, ages 19 to 35 months",93.1,90.1,96.1,,survey,,
survey,mmr,MT,2000,"2000 survey, ages 19 to 35 months",89.9,86.0,93.8,,survey,,
survey,mmr,MT,2001,"2001 survey, ages 19 to 35 months",94.7,92.0,97.4,,survey,,
survey,mmr,MT,2002,"2002 survey, ages 19 to 35 months",85.3,80.5,90.1,,survey,,
survey,mmr,MT,2003,"2003 survey, ages 19 to 35 months",90.7,86.9,94.5,,survey,,
survey,mmr,MT,2004,"2004 survey, ages 19 to 35 months",91.2,87.3,95.1,,survey,,
survey,mmr,MT,2005,"2005 survey, ages 19 to 35 months",93.6,89.8,97.4,,survey,,
survey,mmr,MT,2006,"2006 survey, ages 19 to 35 months",87.3,81.8,92.8,,survey,,
survey,mmr,MT,2007,"2007 survey, ages 19 to 35 months",89.6,85.6,93.6,,survey,,
survey,mmr,MT,2008,"2008 survey, ages 19 to 35 months",85.9,80.8,91.0,,survey,,
survey,mmr,MT,2009,"2009 survey, ages 19 to 35 months",87.2,82.2,92.2,,survey,,
survey,mmr,MT,2010,"2010 survey, ages 19 to 35 months",85.1,79.5,90.7,,survey,,
survey,mmr,MT,2011,"2011 survey, ages 19 to 35 months",87.8,82.6,93.0,,survey,,
survey,mmr,MT,2012,"2012 survey, ages 19 to 35 months",91.5,87.5,95.5,,survey,,
survey,mmr,MT,2013,"2013 survey, ages 19 to 35 months",87.3,82.1,92.5,,survey,,
survey,mmr,MT,2014,"2014 survey, ages 19 to 35 months",93.4,89.0,97.8,,survey,,
survey,mmr,MT,2015,"2015 survey, ages 19 to 35 months",91.7,88.0,95.4,,survey,,
survey,mmr,MT,2016,"2016 survey, ages 19 to 35 months",86.0,80.9,91.1,,survey,,
survey,mmr,MT,2017,"2017 survey, ages 19 to 35 months",92.3,88.2,96.4,,survey,,
survey,mmr,NC,1995,"1995 survey, ages 19 to 35 months",91.8,87.8,95.8,,survey,,
survey,mmr,NC,1996,"1996 survey, ages 19 to 35 months",89.7,85.1,94.3,,survey,,
survey,mmr,NC,1997,"1997 survey, ages 19 to 35 months",94.4,91.7,97.1,,survey,,
survey,mmr,NC,1998,"1998 survey, ages 19 to 35 months",95.6,93.1,98.1,,survey,,
survey,mmr,NC,1999,"1999 survey, ages 19 to 35 months",92.5,89.2,95.8,,survey,,
survey,mmr,NC,2000,"2000 survey, ages 19 to 35 months",94.8,92.2,97.4,,survey,,
survey,mmr,NC,2001,"2001 survey, ages 19 to 35 months",96.4,94.1,98.7,,survey,,
survey,mmr,NC,2002,"2002 survey, ages 19 to 35 months",94.9,91.8,98.0,,survey,,
survey,mmr,NC,2003,"2003 survey, ages 19 to 35 months",95.7,92.8,98.6,,survey,,
survey,mmr,NC,2004,"2004 survey, ages 19 to 35 months",95.6,92.1,99.1,,survey,,
survey,mmr,NC,2005,"2005 survey, ages 19 to 35 months",94.4,90.7,98.1,,survey,,
survey,mmr,NC,2006,"2006 survey, ages 19 to 35 months",97.6,95.6,99.6,,survey,,
survey,mmr,NC,2007,"2007 survey, ages 19 to 35 months",96.9,94.9,98.9,,survey,,
survey,mmr,NC,2008,"2008 survey, ages 19 to 35 months",92.2,88.6,95.8,,survey,,
survey,mmr,NC,2009,"2009 survey, ages 19 to 35 months",92.9,88.9,96.9,,survey,,
survey,mmr,NC,2010,"2010 survey, ages 19 to 35 months",94.5,91.6,97.4,,survey,,
survey,mmr,NC,2011,"2011 survey, ages 19 to 35 months",92.3,87.2,97.4,,survey,,
survey,mmr,NC,2012,"2012 survey, ages 19 to 35 months",89.0,84.1,93.9,,survey,,
survey,mmr,NC,2013,"2013 survey, ages 19 to 35 months",96.0,92.7,99.3,,survey,,
survey,mmr,NC,2014,"2014 survey, ages 19 to 35 months",94.3,90.2,98.4,,survey,,
survey,mmr,NC,2015,"2015 survey, ages 19 to 35 months",94.3,91.0,97.6,,survey,,
survey,mmr,NC,2016,"2016 survey, ages 19 to 35 months",93.3,89.1,97.5,,survey,,
survey,mmr,NC,2017,"2017 survey, ages 19 to 35 months",92.2,88.3,96.1,,survey,,
survey,mmr,ND,1995,"1995 survey, ages 19 to 35 months",90.5,86.0,95.0,,survey,,
survey,mmr,ND,1996,"1996 survey, ages 19 to 35 months",89.4,85.5,93.3,,survey,,
survey,mmr,ND,1997,"1997 survey, ages 19 to 35 months",90.6,87.2,94.0,,survey,,
survey,mmr,ND,1998,"1998 survey, ages 19 to 35 months",87.6,83.4,91.8,,survey,,
survey,mmr,ND,1999,"1999 survey, ages 19 to 35 months",90.8,87.3,94.3,,survey,,
survey,mmr,ND,2000,"2000 survey, ages 19 to 35 months",91.6,88.2,95.0,,survey,,
survey,mmr,ND,2001,"2001 survey, ages 19 to 35 months",92.5,89.4,95.6,,survey,,
survey,mmr,ND,2002,"2002 survey, ages 19 to 35 months",90.7,85.0,96.4,,survey,,
survey,mmr,ND,2003,"2003 survey, ages 19 to 35 months",90.9,86.9,94.9,,survey,,
survey,mmr,ND,2004,"2004 survey, ages 19 to 35 months",92.6,89.3,95.9,,survey,,
survey,mmr,ND,2005,"2005 survey, ages 19 to 35 months",92.3,88.4,96.2,,survey,,
survey,mmr,ND,2006,"2006 survey, ages 19 to 35 months",91.7,87.9,95.5,,survey,,
survey,mmr,ND,2007,"2007 survey, ages 19 to 35 months",95.2,92.3,98.1,,survey,,
survey,mmr,ND,2008,"2008 survey, ages 19 to 35 months",90.6,86.7,94.5,,survey,,
survey,mmr,ND,2009,"2009 survey, ages 19 to 35 months",94.4,91.2,97.6,,survey,,
survey,mmr,ND,2010,"2010 survey, ages 19 to 35 months",92.6,89.1,96.1,,survey,,
survey,mmr,ND,2011,"2011 survey, ages 19 to 35 months",95.8,92.8,98.8,,survey,,
survey,mmr,ND,2012,"2012 survey, ages 19 to 35 months",90.6,85.2,96.0,,survey,,
survey,mmr,ND,2013,"2013 survey, ages 19 to 35 months",91.4,87.6,95.2,,survey,,
survey,mmr,ND,2014,"2014 survey, ages 19 to 35 months",94.9,91.6,98.2,,survey,,
survey,mmr,ND,2015,"2015 survey, ages 19 to 35 months",92.8,89.0,96.6,,survey,,
survey,mmr,ND,2016,"2016 survey, ages 19 to 35 months",89.2,84.0,94.4,,survey,,
survey,mmr,ND,2017,"2017 survey, ages 19 to 35 months",95.7,93.0,98.4,,survey,,
survey,mmr,NE,1995,"1995 survey, ages 19 to 35 months",89.6,84.6,94.6,,survey,,
survey,mmr,NE,1996,"1996 survey, ages 19 to 35 months",91.2,87.5,94.9,,survey,,
survey,mmr,NE,1997,"1997 survey, ages 19 to 35 months",89.4,85.6,93.2,,survey,,
survey,mmr,NE,1998,"1998 survey, ages 19 to 35 months",90.2,86.7,93.7,,survey,,
survey,mmr,NE,1999,"1999 survey, ages 19 to 35 months",91.8,88.4,95.2,,survey,,
survey,mmr,NE,2000,"2000 survey, ages 19 to 35 months",91.5,88.1,94.9,,survey,,
survey,mmr,NE,2001,"2001 survey, ages 19 to 35 months",90.9,87.5,94.3,,survey,,
survey,mmr,NE,2002,"2002 survey, ages 19 to 35 months",93.2,89.5,96.9,,survey,,
survey,mmr,NE,2003,"2003 survey, ages 19 to 35 months",91.0,86.5,95.5,,survey,,
survey,mmr,NE,2004,"2004 survey, ages 19 to 35 months",92.7,89.2,96.2,,survey,,
survey,mmr,NE,2005,"2005 survey, ages 19 to 35 months",94.8,91.9,97.7,,survey,,
survey,mmr,NE,2006,"2006 survey, ages 19 to 35 months",91.4,87.0,95.8,,survey,,
survey,mmr,NE,2007,"2007 survey, ages 19 to 35 months",94.0,90.3,97.7,,survey,,
survey,mmr,NE,2008,"2008 survey, ages 19 to 35 months",91.9,88.6,95.2,,survey,,
survey,mmr,NE,2009,"2009 survey, ages 19 to 35 months",93.6,90.5,96.7,,survey,,
survey,mmr,NE,2010,"2010 survey, ages 19 to 35 months",94.2,90.9,97.5,,survey,,
survey,mmr,NE,2011,"2011 survey, ages 19 to 35 months",95.3,91.8,98.8,,survey,,
survey,mmr,NE,2012,"2012 survey, ages 19 to 35 months",89.0,84.6,93.4,,survey,,
survey,mmr,NE,2013,"2013 survey, ages 19 to 35 months",92.5,88.4,96.6,,survey,,
survey,mmr,NE,2014,"2014 survey, ages 19 to 35 months",96.0,93.1,98.9,,survey,,
survey,mmr,NE,2015,"2015 survey, ages 19 to 35 months",95.6,92.6,98.6,,survey,,
survey,mmr,NE,2016,"2016 survey, ages 19 to 35 months",93.7,89.2,98.2,,survey,,
survey,mmr,NE,2017,"2017 survey, ages 19 to 35 months",93.7,90.2,97.2,,survey,,
survey,mmr,NH,1995,"1995 survey, ages 19 to 35 months",95.7,93.0,98.4,,survey,,
survey,mmr,NH,1996,"1996 survey, ages 19 to 35 months",94.0,91.2,96.8,,survey,,
survey,mmr,NH,1997,"1997 survey, ages 19 to 35 months",95.5,92.9,98.1,,survey,,
survey,mmr,NH,1998,"1998 survey, ages 19 to 35 months",94.8,92.1,97.5,,survey,,
survey,mmr,NH,1999,"1999 survey, ages 19 to 35 months",93.3,90.0,96.6,,survey,,
survey,mmr,NH,2000,"2000 survey, ages 19 to 35 months",94.9,92.3,97.5,,survey,,
survey,mmr,NH,2001,"2001 survey, ages 19 to 35 months",94.3,91.7,96.9,,survey,,
survey,mmr,NH,2002,"2002 survey, ages 19 to 35 months",93.9,90.3,97.5,,survey,,
survey,mmr,NH,2003,"2003 survey, ages 19 to 35 months",94.6,91.6,97.6,,survey,,
survey,mmr,NH,2004,"2004 survey, ages 19 to 35 months",93.5,89.4,97.6,,survey,,
survey,mmr,NH,2005,"2005 survey, ages 19 to 35 months",88.3,83.4,93.2,,survey,,
survey,mmr,NH,2006,"2006 survey, ages 19 to 35 months",92.9,89.4,96.4,,survey,,
survey,mmr,NH,2007,"2007 survey, ages 19 to 35 months",96.6,94.0,99.2,,survey,,
survey,mmr,NH,2008,"2008 survey, ages 19 to 35 months",94.8,91.8,97.8,,survey,,
survey,mmr,NH,2009,"2009 survey, ages 19 to 35 months",92.0,88.2,95.8,,survey,,
survey,mmr,NH,2010,"2010 survey, ages 19 to 35 months",95.8,92.8,98.8,,survey,,
survey,mmr,NH,2011,"2011 survey, ages 19 to 35 months",92.0,87.9,96.1,,survey,,
survey,mmr,NH,2012,"2012 survey, ages 19 to 35 months",93.7,90.3,97.1,,survey,,
survey,mmr,NH,2013,"2013 survey, ages 19 to 35 months",96.3,93.7,98.9,,survey,,
survey,mmr,NH,2014,"2014 survey, ages 19 to 35 months",93.1,89.3,96.9,,survey,,
survey,mmr,NH,2015,"2015 survey, ages 19 to 35 months",93.4,89.5,97.3,,survey,,
survey,mmr,NH,2016,"2016 survey, ages 19 to 35 months",95.9,93.1,98.7,,survey,,
survey,mmr,NH,2017,"2017 survey, ages 19 to 35 months",94.1,90.6,97.6,,survey,,
survey,mmr,NJ,1995,"1995 survey, ages 19 to 35 months",90.8,84.6,97.0,,survey,,
survey,mmr,NJ,1996,"1996 survey, ages 19 to 35 months",90.9,86.6,95.2,,survey,,
survey,mmr,NJ,1997,"1997 survey, ages 19 to 35 months",93.6,90.6,96.6,,survey,,
survey,mmr,NJ,1998,"1998 survey, ages 19 to 35 months",96.1,94.0,98.2,,survey,,
survey,mmr,NJ,1999,"1999 survey, ages 19 to 35 months",94.1,90.9,97.3,,survey,,
survey,mmr,NJ,2000,"2000 survey, ages 19 to 35 months",88.5,84.5,92.5,,survey,,
survey,mmr,NJ,2001,"2001 survey, ages 19 to 35 months",91.1,87.4,94.8,,survey,,
survey,mmr,NJ,2002,"2002 survey, ages 19 to 35 months",92.8,89.5,96.1,,survey,,
survey,mmr,NJ,2003,"2003 survey, ages 19 to 35 months",93.5,90.5,96.5,,survey,,
survey,mmr,NJ,2004,"2004 survey, ages 19 to 35 months",94.6,91.5,97.7,,survey,,
survey,mmr,NJ,2005,"2005 survey, ages 19 to 35 months",85.3,80.2,90.4,,survey,,
survey,mmr,NJ,2006,"2006 survey, ages 19 to 35 months",91.2,87.4,95.0,,survey,,
survey,mmr,NJ,2007,"2007 survey, ages 19 to 35 months",91.2,85.7,96.7,,survey,,
survey,mmr,NJ,2008,"2008 survey, ages 19 to 35 months",89.9,85.5,94.3,,survey,,
survey,mmr,NJ,2009,"2009 survey, ages 19 to 35 months",86.9,82.6,91.2,,survey,,
survey,mmr,NJ,2010,"2010 survey, ages 19 to 35 months",86.1,80.4,91.8,,survey,,
survey,mmr,NJ,2011,"2011 survey, ages 19 to 35 months",91.3,87.8,94.8,,survey,,
survey,mmr,NJ,2012,"2012 survey, ages 19 to 35 months",94.8,92.1,97.5,,survey,,
survey,mmr,NJ,2013,"2013 survey, ages 19 to 35 months",95.6,92.3,98.9,,survey,,
survey,mmr,NJ,2014,"2014 survey, ages 19 to 35 months",93.3,89.5,97.1,,survey,,
survey,mmr,NJ,2015,"2015 survey, ages 19 to 35 months",92.8,88.4,97.2,,survey,,
survey,mmr,NJ,2016,"2016 survey, ages 19 to 35 months",92.4,88.4,96.4,,survey,,
survey,mmr,NJ,2017,"2017 survey, ages 19 to 35 months",89.0,84.8,93.2,,survey,,
survey,mmr,NM,1995,"1995 survey, ages 19 to 35 months",87.0,80.8,93.2,,survey,,
survey,mmr,NM,1996,"1996 survey, ages 19 to 35 months",89.6,85.6,93.6,,survey,,
survey,mmr,NM,1997,"1997 survey, ages 19 to 35 months",84.5,79.2,89.8,,survey,,
survey,mmr,NM,1998,"1998 survey, ages 19 to 35 months",85.5,80.4,90.6,,survey,,
survey,mmr,NM,1999,"1999 survey, ages 19 to 35 months",87.5,82.6,92.4,,survey,,
survey,mmr,NM,2000,"2000 survey, ages 19 to 35 months",83.0,78.1,87.9,,survey,,
survey,mmr,NM,2001,"2001 survey, ages 19 to 35 months",87.7,83.9,91.5,,survey,,
survey,mmr,NM,2002,"2002 survey, ages 19 to 35 months",92.5,88.9,96.1,,survey,,
survey,mmr,NM,2003,"2003 survey, ages 19 to 35 months",93.9,90.6,97.2,,survey,,
survey,mmr,NM,2004,"2004 survey, ages 19 to 35 months",89.9,85.4,94.4,,survey,,
survey,mmr,NM,2005,"2005 survey, ages 19 to 35 months",91.2,86.5,95.9,,survey,,
survey,mmr,NM,2006,"2006 survey, ages 19 to 35 months",89.1,85.1,93.1,,survey,,
survey,mmr,NM,2007,"2007 survey, ages 19 to 35 months",90.6,87.0,94.2,,survey,,
survey,mmr,NM,2008,"2008 survey, ages 19 to 35 months",90.6,86.2,95.0,,survey,,
survey,mmr,NM,2009,"2009 survey, ages 19 to 35 months",89.1,85.0,93.2,,survey,,
survey,mmr,NM,2010,"2010 survey, ages 19 to 35 months",88.8,85.0,92.6,,survey,,
survey,mmr,NM,2011,"2011 survey, ages 19 to 35 months",93.1,89.5,96.7,,survey,,
survey,mmr,NM,2012,"2012 survey, ages 19 to 35 months",88.8,84.4,93.2,,survey,,
survey,mmr,NM,2013,"2013 survey, ages 19 to 35 months",89.1,84.5,93.7,,survey,,
survey,mmr,NM,2014,"2014 survey, ages 19 to 35 months",94.6,91.6,97.6,,survey,,
survey,mmr,NM,2015,"2015 survey, ages 19 to 35 months",89.7,84.4,95.0,,survey,,
survey,mmr,NM,2016,"2016 survey, ages 19 to 35 months",91.2,87.3,95.1,,survey,,
survey,mmr,NM,2017,"2017 survey, ages 19 to 35 months",89.3,84.3,94.3,,survey,,
survey,mmr,NV,1995,"1995 survey, ages 19 to 35 months",85.8,80.7,90.9,,survey,,
survey,mmr,NV,1996,"1996 survey, ages 19 to 35 months",82.0,75.9,88.1,,survey,,
survey,mmr,NV,1997,"1997 survey, ages 19 to 35 months",87.9,83.7,92.1,,survey,,
survey,mmr,NV,1998,"1998 survey, ages 19 to 35 months",91.6,87.3,95.9,,survey,,
survey,mmr,NV,1999,"1999 survey, ages 19 to 35 months",88.7,84.7,92.7,,survey,,
survey,mmr,NV,2000,"2000 survey, ages 19 to 35 months",88.0,84.2,91.8,,survey,,
survey,mmr,NV,2001,"2001 survey, ages 19 to 35 months",86.0,81.2,90.8,,survey,,
survey,mmr,NV,2002,"2002 survey, ages 19 to 35 months",89.4,84.8,94.0,,survey,,
survey,mmr,NV,2003,"2003 survey, ages 19 to 35 months",89.2,85.0,93.4,,survey,,
survey,mmr,NV,2004,"2004 survey, ages 19 to 35 months",87.4,83.3,91.5,,survey,,
survey,mmr,NV,2005,"2005 survey, ages 19 to 35 months",85.7,81.1,90.3,,survey,,
survey,mmr,NV,2006,"2006 survey, ages 19 to 35 months",85.1,79.7,90.5,,survey,,
survey,mmr,NV,2007,"2007 survey, ages 19 to 35 months",86.3,81.4,91.2,,survey,,
survey,mmr,NV,2008,"2008 survey, ages 19 to 35 months",88.0,83.6,92.4,,survey,,
survey,mmr,NV,2009,"2009 survey, ages 19 to 35 months",86.3,81.7,90.9,,survey,,
survey,mmr,NV,2010,"2010 survey, ages 19 to 35 months",87.0,81.8,92.2,,survey,,
survey,mmr,NV,2011,"2011 survey, ages 19 to 35 months",90.5,85.9,95.1,,survey,,
survey,mmr,NV,2012,"2012 survey, ages 19 to 35 months",89.8,85.7,93.9,,survey,,
survey,mmr,NV,2013,"2013 survey, ages 19 to 35 months",90.4,86.9,93.9,,survey,,
survey,mmr,NV,2014,"2014 survey, ages 19 to 35 months",90.4,86.2,94.6,,survey,,
survey,mmr,NV,2015,"2015 survey, ages 19 to 35 months",93.7,90.0,97.4,,survey,,
survey,mmr,NV,2016,"2016 survey, ages 19 to 35 months",90.5,85.6,95.4,,survey,,
survey,mmr,NV,2017,"2017 survey, ages 19 to 35 months",92.4,88.6,96.2,,survey,,
survey,mmr,NY,1995,"1995 survey, ages 19 to 35 months",91.2,87.6,94.8,,survey,,
survey,mmr,NY,1996,"1996 survey, ages 19 to 35 months",95.1,93.1,97.1,,survey,,
survey,mmr,NY,1997,"1997 survey, ages 19 to 35 months",92.5,89.6,95.4,,survey,,
survey,mmr,NY,1998,"1998 survey, ages 19 to 35 months",95.1,92.9,97.3,,survey,,
survey,mmr,NY,1999,"1999 survey, ages 19 to 35 months",94.9,93.0,96.8,,survey,,
survey,mmr,NY,2000,"2000 survey, ages 19 to 35 months",94.1,92.1,96.1,,survey,,
survey,mmr,NY,2001,"2001 survey, ages 19 to 35 months",92.5,90.1,94.9,,survey,,
survey,mmr,NY,2002,"2002 survey, ages 19 to 35 months",94.4,92.0,96.8,,survey,,
survey,mmr,NY,2003,"2003 survey, ages 19 to 35 months",95.1,93.0,97.2,,survey,,
survey,mmr,NY,2004,"2004 survey, ages 19 to 35 months",95.5,93.4,97.6,,survey,,
survey,mmr,NY,2005,"2005 survey, ages 19 to 35 months",92.9,89.9,95.9,,survey,,
survey,mmr,NY,2006,"2006 survey, ages 19 to 35 months",95.9,93.9,97.9,,survey,,
survey,mmr,NY,2007,"2007 survey, ages 19 to 35 months",93.6,91.5,95.7,,survey,,
survey,mmr,NY,2008,"2008 survey, ages 19 to 35 months",92.2,89.8,94.6,,survey,,
survey,mmr,NY,2009,"2009 survey, ages 19 to 35 months",90.3,87.1,93.5,,survey,,
survey,mmr,NY,2010,"2010 survey, ages 19 to 35 months",89.3,85.7,92.9,,survey,,
survey,mmr,NY,2011,"2011 survey, ages 19 to 35 months",91.0,88.2,93.8,,survey,,
survey,mmr,NY,2012,"2012 survey, ages 19 to 35 months",90.2,87.3,93.1,,survey,,
survey,mmr,NY,2013,"2013 survey, ages 19 to 35 months",95.5,93.2,97.8,,survey,,
survey,mmr,NY,2014,"2014 survey, ages 19 to 35 months",93.1,90.2,96.0,,survey,,
survey,mmr,NY,2015,"2015 survey, ages 19 to 35 months",92.5,89.9,95.1,,survey,,
survey,mmr,NY,2016,"2016 survey, ages 19 to 35 months",94.2,91.9,96.5,,survey,,
survey,mmr,NY,2017,"2017 survey, ages 19 to 35 months",92.5,90.2,94.8,,survey,,
survey,mmr,OH,1995,"1995 survey, ages 19 to 35 months",88.8,85.0,92.6,,survey,,
survey,mmr,OH,1996,"1996 survey, ages 19 to 35 months",93.2,90.7,95.7,,survey,,
survey,mmr,OH,1997,"1997 survey, ages 19 to 35 months",89.2,86.1,92.3,,survey,,
survey,mmr,OH,1998,"1998 survey, ages 19 to 35 months",91.4,88.5,94.3,,survey,,
survey,mmr,OH,1999,"1999 survey, ages 19 to 35 months",90.3,87.3,93.3,,survey,,
survey,mmr,OH,2000,"2000 survey, ages 19 to 35 months",89.1,85.8,92.4,,survey,,
survey,mmr,OH,2001,"2001 survey, ages 19 to 35 months",91.8,89.2,94.4,,survey,,
survey,mmr,OH,2002,"2002 survey, ages 19 to 35 months",91.3,88.2,94.4,,survey,,
survey,mmr,OH,2003,"2003 survey, ages 19 to 35 months",95.6,93.3,97.9,,survey,,
survey,mmr,OH,2004,"2004 survey, ages 19 to 35 months",93.1,90.0,96.2,,survey,,
survey,mmr,OH,2005,"2005 survey, ages 19 to 35 months",93.1,90.1,96.1,,survey,,
survey,mmr,OH,2006,"2006 survey, ages 19 to 35 months",93.5,90.4,96.6,,survey,,
survey,mmr,OH,2007,"2007 survey, ages 19 to 35 months",90.7,87.0,94.4,,survey,,
survey,mmr,OH,2008,"2008 survey, ages 19 to 35 months",93.9,90.8,97.0,,survey,,
survey,mmr,OH,2009,"2009 survey, ages 19 to 35 months",89.4,85.2,93.6,,survey,,
survey,mmr,OH,2010,"2010 survey, ages 19 to 35 months",93.6,90.1,97.1,,survey,,
survey,mmr,OH,2011,"2011 survey, ages 19 to 35 months",93.3,89.1,97.5,,survey,,
survey,mmr,OH,2012,"2012 survey, ages 19 to 35 months",90.3,85.4,95.2,,survey,,
survey,mmr,OH,2013,"2013 survey, ages 19 to 35 months",86.0,80.8,91.2,,survey,,
survey,mmr,OH,2014,"2014 survey, ages 19 to 35 months",95.6,92.7,98.5,,survey,,
survey,mmr,OH,2015,"2015 survey, ages 19 to 35 months",88.1,82.5,93.7,,survey,,
survey,mmr,OH,2016,"2016 survey, ages 19 to 35 months",87.4,81.6,93.2,,survey,,
survey,mmr,OH,2017,"2017 survey, ages 19 to 35 months",88.3,83.8,92.8,,survey,,
survey,mmr,OK,1995,"1995 survey, ages 19 to 35 months",86.7,80.9,92.5,,survey,,
survey,mmr,OK,1996,"1996 survey, ages 19 to 35 months",88.4,83.5,93.3,,survey,,
survey,mmr,OK,1997,"1997 survey, ages 19 to 35 months",87.1,82.3,91.9,,survey,,
survey,mmr,OK,1998,"1998 survey, ages 19 to 35 months",94.1,90.6,97.6,,survey,,
survey,mmr,OK,1999,"1999 survey, ages 19 to 35 months",88.8,84.5,93.1,,survey,,
survey,mmr,OK,2000,"2000 survey, ages 19 to 35 months",89.6,85.3,93.9,,survey,,
survey,mmr,OK,2001,"2001 survey, ages 19 to 35 months",93.8,90.9,96.7,,survey,,
survey,mmr,OK,2002,"2002 survey, ages 19 to 35 months",86.4,81.1,91.7,,survey,,
survey,mmr,OK,2003,"2003 survey, ages 19 to 35 months",88.0,81.9,94.1,,survey,,
survey,mmr,OK,2004,"2004 survey, ages 19 to 35 months",90.6,86.2,95.0,,survey,,
survey,mmr,OK,2005,"2005 survey, ages 19 to 35 months",89.8,85.7,93.9,,survey,,
survey,mmr,OK,2006,"2006 survey, ages 19 to 35 months",94.1,91.0,97.2,,survey,,
survey,mmr,OK,2007,"2007 survey, ages 19 to 35 months",89.9,84.9,94.9,,survey,,
survey,mmr,OK,2008,"2008 survey, ages 19 to 35 months",92.3,88.1,96.5,,survey,,
survey,mmr,OK,2009,"2009 survey, ages 19 to 35 months",94.2,91.5,96.9,,survey,,
survey,mmr,OK,2010,"2010 survey, ages 19 to 35 months",91.0,86.0,96.0,,survey,,
survey,mmr,OK,2011,"2011 survey, ages 19 to 35 months",94.0,90.7,97.3,,survey,,
survey,mmr,OK,2012,"2012 survey, ages 19 to 35 months",90.0,85.2,94.8,,survey,,
survey,mmr,OK,2013,"2013 survey, ages 19 to 35 months",89.8,86.0,93.6,,survey,,
survey,mmr,OK,2014,"2014 survey, ages 19 to 35 months",92.0,86.6,97.4,,survey,,
survey,mmr,OK,2015,"2015 survey, ages 19 to 35 months",92.6,87.5,97.7,,survey,,
survey,mmr,OK,2016,"2016 survey, ages 19 to 35 months",89.7,84.9,94.5,,survey,,
survey,mmr,OK,2017,"2017 survey, ages 19 to 35 months",91.7,87.8,95.6,,survey,,
survey,mmr,OR,1995,"1995 survey, ages 19 to 35 months",88.0,83.4,92.6,,survey,,
survey,mmr,OR,1996,"1996 survey, ages 19 to 35 months",86.2,81.9,90.5,,survey,,
survey,mmr,OR,1997,"1997 survey, ages 19 to 35 months",88.4,84.0,92.8,,survey,,
survey,mmr,OR,1998,"1998 survey, ages 19 to 35 months",89.8,86.2,93.4,,survey,,
survey,mmr,OR,1999,"1999 survey, ages 19 to 35 months",86.1,81.3,90.9,,survey,,
survey,mmr,OR,2000,"2000 survey, ages 19 to 35 months",91.1,87.7,94.5,,survey,,
survey,mmr,OR,2001,"2001 survey, ages 19 to 35 months",89.4,85.4,93.4,,survey,,
survey,mmr,OR,2002,"2002 survey, ages 19 to 35 months",86.6,82.2,91.0,,survey,,
survey,mmr,OR,2003,"2003 survey, ages 19 to 35 months",92.4,88.8,96.0,,survey,,
survey,mmr,OR,2004,"2004 survey, ages 19 to 35 months",93.7,90.6,96.8,,survey,,
survey,mmr,OR,2005,"2005 survey, ages 19 to 35 months",82.7,77.1,88.3,,survey,,
survey,mmr,OR,2006,"2006 survey, ages 19 to 35 months",88.7,84.2,93.2,,survey,,
survey,mmr,OR,2007,"2007 survey, ages 19 to 35 months",88.9,83.6,94.2,,survey,,
survey,mmr,OR,2008,"2008 survey, ages 19 to 35 months",92.0,88.2,95.8,,survey,,
survey,mmr,OR,2009,"2009 survey, ages 19 to 35 months",88.1,83.8,92.4,,survey,,
survey,mmr,OR,2010,"2010 survey, ages 19 to 35 months",92.8,89.5,96.1,,survey,,
survey,mmr,OR,2011,"2011 survey, ages 19 to 35 months",90.6,86.4,94.8,,survey,,
survey,mmr,OR,2012,"2012 survey, ages 19 to 35 months",87.3,82.6,92.0,,survey,,
survey,mmr,OR,2013,"2013 survey, ages 19 to 35 months",89.4,85.0,93.8,,survey,,
survey,mmr,OR,2014,"2014 survey, ages 19 to 35 months",85.1,79.1,91.1,,survey,,
survey,mmr,OR,2015,"2015 survey, ages 19 to 35 months",94.1,90.4,97.8,,survey,,
survey,mmr,OR,2016,"2016 survey, ages 19 to 35 months",86.7,81.7,91.7,,survey,,
survey,mmr,OR,2017,"2017 survey, ages 19 to 35 months",90.3,86.1,94.5,,survey,,
survey,mmr,PA,1995,"1995 survey, ages 19 to 35 months",92.2,88.8,95.6,,survey,,
survey,mmr,PA,1996,"1996 survey, ages 19 to 35 months",91.4,88.3,94.5,,survey,,
survey,mmr,PA,1997,"1997 survey, ages 19 to 35 months",92.1,89.3,94.9,,survey,,
survey,mmr,PA,1998,"1998 survey, ages 19 to 35 months",94.4,92.0,96.8,,survey,,
survey,mmr,PA,1999,"1999 survey, ages 19 to 35 months",94.3,91.6,97.0,,survey,,
survey,mmr,PA,2000,"2000 survey, ages 19 to 35 months",92.0,88.8,95.2,,survey,,
survey,mmr,PA,2001,"2001 survey, ages 19 to 35 months",95.5,93.5,97.5,,survey,,
survey,mmr,PA,2002,"2002 survey, ages 19 to 35 months",92.2,88.2,96.2,,survey,,
survey,mmr,PA,2003,"2003 survey, ages 19 to 35 months",94.1,90.7,97.5,,survey,,
survey,mmr,PA,2004,"2004 survey, ages 19 to 35 months",95.0,92.4,97.6,,survey,,
survey,mmr,PA,2005,"2005 survey, ages 19 to 35 months",93.6,89.5,97.7,,survey,,
survey,mmr,PA,2006,"2006 survey, ages 19 to 35 months",94.0,91.1,96.9,,survey,,
survey,mmr,PA,2007,"2007 survey, ages 19 to 35 months",93.8,91.3,96.3,,survey,,
survey,mmr,PA,2008,"2008 survey, ages 19 to 35 months",92.2,89.2,95.2,,survey,,
survey,mmr,PA,2009,"2009 survey, ages 19 to 35 months",89.3,84.9,93.7,,survey,,
survey,mmr,PA,2010,"2010 survey, ages 19 to 35 months",92.3,89.4,95.2,,survey,,
survey,mmr,PA,2011,"2011 survey, ages 19 to 35 months",92.8,90.1,95.5,,survey,,
survey,mmr,PA,2012,"2012 survey, ages 19 to 35 months",87.0,82.4,91.6,,survey,,
survey,mmr,PA,2013,"2013 survey, ages 19 to 35 months",93.3,90.1,96.5,,survey,,
survey,mmr,PA,2014,"2014 survey, ages 19 to 35 months",92.0,88.7,95.3,,survey,,
survey,mmr,PA,2015,"2015 survey, ages 19 to 35 months",90.9,87.2,94.6,,survey,,
survey,mmr,PA,2016,"2016 survey, ages 19 to 35 months",93.0,89.5,96.5,,survey,,
survey,mmr,PA,2017,"2017 survey, ages 19 to 35 months",91.7,87.1,96.3,,survey,,
survey,mmr,RI,1995,"1995 survey, ages 19 to 35 months",95.4,92.1,98.7,,survey,,
survey,mmr,RI,1996,"1996 survey, ages 19 to 35 months",96.1,93.7,98.5,,survey,,
survey,mmr,RI,1997,"1997 survey, ages 19 to 35 months",95.8,93.5,98.1,,survey,,
survey,mmr,RI,1998,"1998 survey, ages 19 to 35 months",96.5,94.3,98.7,,survey,,
survey,mmr,RI,1999,"1999 survey, ages 19 to 35 months",95.8,92.9,98.7,,survey,,
survey,mmr,RI,2000,"2000 survey, ages 19 to 35 months",93.1,90.1,96.1,,survey,,
survey,mmr,RI,2001,"2001 survey, ages 19 to 35 months",94.8,92.2,97.4,,survey,,
survey,mmr,RI,2002,"2002 survey, ages 19 to 35 months",96.0,93.3,98.7,,survey,,
survey,mmr,RI,2003,"2003 survey, ages 19 to 35 months",93.6,89.9,97.3,,survey,,
survey,mmr,RI,2004,"2004 survey, ages 19 to 35 months",95.6,92.8,98.4,,survey,,
survey,mmr,RI,2005,"2005 survey, ages 19 to 35 months",95.2,92.7,97.7,,survey,,
survey,mmr,RI,2006,"2006 survey, ages 19 to 35 months",96.1,93.7,98.5,,survey,,
survey,mmr,RI,2007,"2007 survey, ages 19 to 35 months",94.7,90.8,98.6,,survey,,
survey,mmr,RI,2008,"2008 survey, ages 19 to 35 months",93.7,90.2,97.2,,survey,,
survey,mmr,RI,2009,"2009 survey, ages 19 to 35 months",90.8,86.6,95.0,,survey,,
survey,mmr,RI,2010,"2010 survey, ages 19 to 35 months",95.8,93.1,98.5,,survey,,
survey,mmr,RI,2011,"2011 survey, ages 19 to 35 months",96.6,94.6,98.6,,survey,,
survey,mmr,RI,2012,"2012 survey, ages 19 to 35 months",94.3,91.2,97.4,,survey,,
survey,mmr,RI,2013,"2013 survey, ages 19 to 35 months",95.6,92.3,98.9,,survey,,
survey,mmr,RI,2014,"2014 survey, ages 19 to 35 months",94.6,90.9,98.3,,survey,,
survey,mmr,RI,2015,"2015 survey, ages 19 to 35 months",94.5,91.3,97.7,,survey,,
survey,mmr,RI,2016,"2016 survey, ages 19 to 35 months",95.4,92.2,98.6,,survey,,
survey,mmr,RI,2017,"2017 survey, ages 19 to 35 months",95.3,92.3,98.3,,survey,,
survey,mmr,SC,1995,"1995 survey, ages 19 to 35 months",87.6,81.7,93.5,,survey,,
survey,mmr,SC,1996,"1996 survey, ages 19 to 35 months",94.8,91.4,98.2,,survey,,
survey,mmr,SC,1997,"1997 survey, ages 19 to 35 months",90.6,86.8,94.4,,survey,,
survey,mmr,SC,1998,"1998 survey, ages 19 to 35 months",94.4,91.5,97.3,,survey,,
survey,mmr,SC,1999,"1999 survey, ages 19 to 35 months",90.9,87.4,94.4,,survey,,
survey,mmr,SC,2000,"2000 survey, ages 19 to 35 months",92.1,88.7,95.5,,survey,,
survey,mmr,SC,2001,"2001 survey, ages 19 to 35 months",94.7,92.0,97.4,,survey,,
survey,mmr,SC,2002,"2002 survey, ages 19 to 35 months",92.6,87.9,97.3,,survey,,
survey,mmr,SC,2003,"2003 survey, ages 19 to 35 months",91.6,87.8,95.4,,survey,,
survey,mmr,SC,2004,"2004 survey, ages 19 to 35 months",92.0,87.5,96.5,,survey,,
survey,mmr,SC,2005,"2005 survey, ages 19 to 35 months",87.3,81.6,93.0,,survey,,
survey,mmr,SC,2006,"2006 survey, ages 19 to 35 months",93.9,90.6,97.2,,survey,,
survey,mmr,SC,2007,"2007 survey, ages 19 to 35 months",92.5,89.3,95.7,,survey,,
survey,mmr,SC,2008,"2008 survey, ages 19 to 35 months",88.5,83.9,93.1,,survey,,
survey,mmr,SC,2009,"2009 survey, ages 19 to 35 months",86.9,82.0,91.8,,survey,,
survey,mmr,SC,2010,"2010 survey, ages 19 to 35 months",91.7,88.4,95.0,,survey,,
survey,mmr,SC,2011,"2011 survey, ages 19 to 35 months",89.3,84.4,94.2,,survey,,
survey,mmr,SC,2012,"2012 survey, ages 19 to 35 months",93.2,89.7,96.7,,survey,,
survey,mmr,SC,2013,"2013 survey, ages 19 to 35 months",89.2,83.9,94.5,,survey,,
survey,mmr,SC,2014,"2014 survey, ages 19 to 35 months",90.8,85.5,96.1,,survey,,
survey,mmr,SC,2015,"2015 survey, ages 19 to 35 months",88.5,83.4,93.6,,survey,,
survey,mmr,SC,2016,"2016 survey, ages 19 to 35 months",93.5,90.3,96.7,,survey,,
survey,mmr,SC,2017,"2017 survey, ages 19 to 35 months",88.0,82.7,93.3,,survey,,
survey,mmr,SD,1995,"1995 survey, ages 19 to 35 months",88.2,83.5,92.9,,survey,,
survey,mmr,SD,1996,"1996 survey, ages 19 to 35 months",93.2,89.7,96.7,,survey,,
survey,mmr,SD,1997,"1997 survey, ages 19 to 35 months",89.9,85.8,94.0,,survey,,
survey,mmr,SD,1998,"1998 survey, ages 19 to 35 months",89.8,85.9,93.7,,survey,,
survey,mmr,SD,1999,"1999 survey, ages 19 to 35 months",93.0,90.2,95.8,,survey,,
survey,mmr,SD,2000,"2000 survey, ages 19 to 35 months",91.3,87.7,94.9,,survey,,
survey,mmr,SD,2001,"2001 survey, ages 19 to 35 months",93.7,90.4,97.0,,survey,,
survey,mmr,SD,2002,"2002 survey, ages 19 to 35 months",95.5,92.1,98.9,,survey,,
survey,mmr,SD,2003,"2003 survey, ages 19 to 35 months",91.3,87.0,95.6,,survey,,
survey,mmr,SD,2004,"2004 survey, ages 19 to 35 months",93.7,89.6,97.8,,survey,,
survey,mmr,SD,2005,"2005 survey, ages 19 to 35 months",94.4,91.4,97.4,,survey,,
survey,mmr,SD,2006,"2006 survey, ages 19 to 35 months",94.3,91.2,97.4,,survey,,
survey,mmr,SD,2007,"2007 survey, ages 19 to 35 months",95.0,92.6,97.4,,survey,,
survey,mmr,SD,2008,"2008 survey, ages 19 to 35 months",93.7,90.5,96.9,,survey,,
survey,mmr,SD,2009,"2009 survey, ages 19 to 35 months",92.8,89.3,96.3,,survey,,
survey,mmr,SD,2010,"2010 survey, ages 19 to 35 months",92.1,88.5,95.7,,survey,,
survey,mmr,SD,2011,"2011 survey, ages 19 to 35 months",89.2,82.3,96.1,,survey,,
survey,mmr,SD,2012,"2012 survey, ages 19 to 35 months",93.3,90.3,96.3,,survey,,
survey,mmr,SD,2013,"2013 survey, ages 19 to 35 months",93.1,88.7,97.5,,survey,,
survey,mmr,SD,2014,"2014 survey, ages 19 to 35 months",94.1,89.9,98.3,,survey,,
survey,mmr,SD,2015,"2015 survey, ages 19 to 35 months",91.4,86.6,96.2,,survey,,
survey,mmr,SD,2016,"2016 survey, ages 19 to 35 months",93.6,90.2,97.0,,survey,,
survey,mmr,SD,2017,"2017 survey, ages 19 to 35 months",89.9,85.3,94.5,,survey,,
survey,mmr,TN,1995,"1995 survey, ages 19 to 35 months",88.1,84.6,91.6,,survey,,
survey,mmr,TN,1996,"1996 survey, ages 19 to 35 months",89.7,87.0,92.4,,survey,,
survey,mmr,TN,1997,"1997 survey, ages 19 to 35 months",90.4,87.6,93.2,,survey,,
survey,mmr,TN,1998,"1998 survey, ages 19 to 35 months",93.2,91.1,95.3,,survey,,
survey,mmr,TN,1999,"1999 survey, ages 19 to 35 months",89.6,86.6,92.6,,survey,,
survey,mmr,TN,2000,"2000 survey, ages 19 to 35 months",90.6,87.7,93.5,,survey,,
survey,mmr,TN,2001,"2001 survey, ages 19 to 35 months",94.2,92.2,96.2,,survey,,
survey,mmr,TN,2002,"2002 survey, ages 19 to 35 months",92.5,90.1,94.9,,survey,,
survey,mmr,TN,2003,"2003 survey, ages 19 to 35 months",94.6,92.6,96.6,,survey,,
survey,mmr,TN,2004,"2004 survey, ages 19 to 35 months",91.3,88.2,94.4,,survey,,
survey,mmr,TN,2005,"2005 survey, ages 19 to 35 months",92.0,89.1,94.9,,survey,,
survey,mmr,TN,2006,"2006 survey, ages 19 to 35 months",93.0,89.9,96.1,,survey,,
survey,mmr,TN,2007,"2007 survey, ages 19 to 35 months",94.5,90.2,98.8,,survey,,
survey,mmr,TN,2008,"2008 survey, ages 19 to 35 months",95.6,92.6,98.6,,survey,,
survey,mmr,TN,2009,"2009 survey, ages 19 to 35 months",94.7,92.0,97.4,,survey,,
survey,mmr,TN,2010,"2010 survey, ages 19 to 35 months",93.9,90.6,97.2,,survey,,
survey,mmr,TN,2011,"2011 survey, ages 19 to 35 months",91.1,87.2,95.0,,survey,,
survey,mmr,TN,2012,"2012 survey, ages 19 to 35 months",92.2,88.2,96.2,,survey,,
survey,mmr,TN,2013,"2013 survey, ages 19 to 35 months",92.3,87.9,96.7,,survey,,
survey,mmr,TN,2014,"2014 survey, ages 19 to 35 months",95.8,93.4,98.2,,survey,,
survey,mmr,TN,2015,"2015 survey, ages 19 to 35 months",90.2,85.4,95.0,,survey,,
survey,mmr,TN,2016,"2016 survey, ages 19 to 35 months",86.2,80.8,91.6,,survey,,
survey,mmr,TN,2017,"2017 survey, ages 19 to 35 months",92.3,88.1,96.5,,survey,,
survey,mmr,TX,1995,"1995 survey, ages 19 to 35 months",88.7,85.0,92.4,,survey,,
survey,mmr,TX,1996,"1996 survey, ages 19 to 35 months",88.4,85.4,91.4,,survey,,
survey,mmr,TX,1997,"1997 survey, ages 19 to 35 months",87.6,84.7,90.5,,survey,,
survey,mmr,TX,1998,"1998 survey, ages 19 to 35 months",89.6,87.0,92.2,,survey,,
survey,mmr,TX,1999,"1999 survey, ages 19 to 35 months",87.9,85.0,90.8,,survey,,
survey,mmr,TX,2000,"2000 survey, ages 19 to 35 months",87.2,84.5,89.9,,survey,,
survey,mmr,TX,2001,"2001 survey, ages 19 to 35 months",90.4,88.1,92.7,,survey,,
survey,mmr,TX,2002,"2002 survey, ages 19 to 35 months",87.7,83.8,91.6,,survey,,
survey,mmr,TX,2003,"2003 survey, ages 19 to 35 months",91.4,88.9,93.9,,survey,,
survey,mmr,TX,2004,"2004 survey, ages 19 to 35 months",89.2,86.5,91.9,,survey,,
survey,mmr,TX,2005,"2005 survey, ages 19 to 35 months",89.1,86.0,92.2,,survey,,
survey,mmr,TX,2006,"2006 survey, ages 19 to 35 months",92.1,90.1,94.1,,survey,,
survey,mmr,TX,2007,"2007 survey, ages 19 to 35 months",90.4,87.8,93.0,,survey,,
survey,mmr,TX,2008,"2008 survey, ages 19 to 35 months",93.7,91.2,96.2,,survey,,
survey,mmr,TX,2009,"2009 survey, ages 19 to 35 months",88.5,85.3,91.7,,survey,,
survey,mmr,TX,2010,"2010 survey, ages 19 to 35 months",91.8,89.4,94.2,,survey,,
survey,mmr,TX,2011,"2011 survey, ages 19 to 35 months",94.3,92.6,96.0,,survey,,
survey,mmr,TX,2012,"2012 survey, ages 19 to 35 months",89.7,87.3,92.1,,survey,,
survey,mmr,TX,2013,"2013 survey, ages 19 to 35 months",92.7,89.9,95.5,,survey,,
survey,mmr,TX,2014,"2014 survey, ages 19 to 35 months",90.4,87.2,93.6,,survey,,
survey,mmr,TX,2015,"2015 survey, ages 19 to 35 months",92.5,90.1,94.9,,survey,,
survey,mmr,TX,2016,"2016 survey, ages 19 to 35 months",89.8,86.9,92.7,,survey,,
survey,mmr,TX,2017,"2017 survey, ages 19 to 35 months",90.3,88.0,92.6,,survey,,
survey,mmr,US,1995,"1995 survey, ages 19 to 35 months",89.8,88.9,90.7,,survey,,
survey,mmr,US,1996,"1996 survey, ages 19 to 35 months",90.6,89.9,91.3,,survey,,
survey,mmr,US,1997,"1997 survey, ages 19 to 35 months",90.4,89.7,91.1,,survey,,
survey,mmr,US,1998,"1998 survey, ages 19 to 35 months",92.0,91.4,92.6,,survey,,
survey,mmr,US,1999,"1999 survey, ages 19 to 35 months",91.5,90.9,92.1,,survey,,
survey,mmr,US,2000,"2000 survey, ages 19 to 35 months",90.5,89.9,91.1,,survey,,
survey,mmr,US,2001,"2001 survey, ages 19 to 35 months",91.4,90.8,92.0,,survey,,
survey,mmr,US,2002,"2002 survey, ages 19 to 35 months",91.6,90.9,92.3,,survey,,
survey,mmr,US,2003,"2003 survey, ages 19 to 35 months",93.0,92.4,93.6,,survey,,
survey,mmr,US,2004,"2004 survey, ages 19 to 35 months",93.0,92.4,93.6,,survey,,
survey,mmr,US,2005,"2005 survey, ages 19 to 35 months",91.5,90.8,92.2,,survey,,
survey,mmr,US,2006,"2006 survey, ages 19 to 35 months",92.3,91.7,92.9,,survey,,
survey,mmr,US,2007,"2007 survey, ages 19 to 35 months",92.3,91.6,93.0,,survey,,
survey,mmr,US,2008,"2008 survey, ages 19 to 35 months",92.1,91.4,92.8,,survey,,
survey,mmr,US,2009,"2009 survey, ages 19 to 35 months",90.0,89.2,90.8,,survey,,row mark ¥
survey,mmr,US,2010,"2010 survey, ages 19 to 35 months",91.5,90.8,92.2,,survey,,
survey,mmr,US,2011,"2011 survey, ages 19 to 35 months",91.6,90.8,92.4,,survey,,
survey,mmr,US,2012,"2012 survey, ages 19 to 35 months",90.8,90.0,91.6,,survey,,
survey,mmr,US,2013,"2013 survey, ages 19 to 35 months",91.9,91.0,92.8,,survey,,
survey,mmr,US,2014,"2014 survey, ages 19 to 35 months",91.5,90.6,92.4,,survey,,
survey,mmr,US,2015,"2015 survey, ages 19 to 35 months",91.9,91.1,92.7,,survey,,
survey,mmr,US,2016,"2016 survey, ages 19 to 35 months",91.1,90.1,92.1,,survey,,
survey,mmr,US,2017,"2017 survey, ages 19 to 35 months",91.5,90.6,92.4,,survey,,
survey,mmr,UT,1995,"1995 survey, ages 19 to 35 months",85.0,80.2,89.8,,survey,,
survey,mmr,UT,1996,"1996 survey, ages 19 to 35 months",87.4,83.1,91.7,,survey,,
survey,mmr,UT,1997,"1997 survey, ages 19 to 35 months",86.1,81.7,90.5,,survey,,
survey,mmr,UT,1998,"1998 survey, ages 19 to 35 months",90.4,86.9,93.9,,survey,,
survey,mmr,UT,1999,"1999 survey, ages 19 to 35 months",92.3,88.6,96.0,,survey,,
survey,mmr,UT,2000,"2000 survey, ages 19 to 35 months",89.7,86.1,93.3,,survey,,
survey,mmr,UT,2001,"2001 survey, ages 19 to 35 months",89.1,85.1,93.1,,survey,,
survey,mmr,UT,2002,"2002 survey, ages 19 to 35 months",94.0,90.8,97.2,,survey,,
survey,mmr,UT,2003,"2003 survey, ages 19 to 35 months",88.6,83.9,93.3,,survey,,
survey,mmr,UT,2004,"2004 survey, ages 19 to 35 months",89.8,86.0,93.6,,survey,,
survey,mmr,UT,2005,"2005 survey, ages 19 to 35 months",89.0,83.5,94.5,,survey,,
survey,mmr,UT,2006,"2006 survey, ages 19 to 35 months",92.4,88.3,96.5,,survey,,
survey,mmr,UT,2007,"2007 survey, ages 19 to 35 months",90.9,86.9,94.9,,survey,,
survey,mmr,UT,2008,"2008 survey, ages 19 to 35 months",90.8,85.9,95.7,,survey,,
survey,mmr,UT,2009,"2009 survey, ages 19 to 35 months",91.3,87.2,95.4,,survey,,
survey,mmr,UT,2010,"2010 survey, ages 19 to 35 months",85.5,80.4,90.6,,survey,,
survey,mmr,UT,2011,"2011 survey, ages 19 to 35 months",88.8,84.2,93.4,,survey,,
survey,mmr,UT,2012,"2012 survey, ages 19 to 35 months",87.3,81.8,92.8,,survey,,
survey,mmr,UT,2013,"2013 survey, ages 19 to 35 months",92.6,89.0,96.2,,survey,,
survey,mmr,UT,2014,"2014 survey, ages 19 to 35 months",85.3,78.9,91.7,,survey,,
survey,mmr,UT,2015,"2015 survey, ages 19 to 35 months",89.2,84.0,94.4,,survey,,
survey,mmr,UT,2016,"2016 survey, ages 19 to 35 months",88.6,83.1,94.1,,survey,,
survey,mmr,UT,2017,"2017 survey, ages 19 to 35 months",88.7,84.3,93.1,,survey,,
survey,mmr,VA,1995,"1995 survey, ages 19 to 35 months",83.7,77.3,90.1,,survey,,
survey,mmr,VA,1996,"1996 survey, ages 19 to 35 months",88.0,83.7,92.3,,survey,,
survey,mmr,VA,1997,"1997 survey, ages 19 to 35 months",89.5,85.7,93.3,,survey,,
survey,mmr,VA,1998,"1998 survey, ages 19 to 35 months",90.1,86.0,94.2,,survey,,
survey,mmr,VA,1999,"1999 survey, ages 19 to 35 months",89.4,85.0,93.8,,survey,,
survey,mmr,VA,2000,"2000 survey, ages 19 to 35 months",91.3,87.5,95.1,,survey,,
survey,mmr,VA,2001,"2001 survey, ages 19 to 35 months",91.0,86.8,95.2,,survey,,
survey,mmr,VA,2002,"2002 survey, ages 19 to 35 months",90.3,86.1,94.5,,survey,,
survey,mmr,VA,2003,"2003 survey, ages 19 to 35 months",92.9,88.9,96.9,,survey,,
survey,mmr,VA,2004,"2004 survey, ages 19 to 35 months",96.6,94.2,99.0,,survey,,
survey,mmr,VA,2005,"2005 survey, ages 19 to 35 months",93.3,89.1,97.5,,survey,,
survey,mmr,VA,2006,"2006 survey, ages 19 to 35 months",93.6,90.2,97.0,,survey,,
survey,mmr,VA,2007,"2007 survey, ages 19 to 35 months",90.9,87.1,94.7,,survey,,
survey,mmr,VA,2008,"2008 survey, ages 19 to 35 months",92.3,87.1,97.5,,survey,,
survey,mmr,VA,2009,"2009 survey, ages 19 to 35 months",85.8,79.0,92.6,,survey,,
survey,mmr,VA,2010,"2010 survey, ages 19 to 35 months",92.3,88.8,95.8,,survey,,
survey,mmr,VA,2011,"2011 survey, ages 19 to 35 months",89.0,83.8,94.2,,survey,,
survey,mmr,VA,2012,"2012 survey, ages 19 to 35 months",94.3,90.4,98.2,,survey,,
survey,mmr,VA,2013,"2013 survey, ages 19 to 35 months",88.6,81.6,95.6,,survey,,
survey,mmr,VA,2014,"2014 survey, ages 19 to 35 months",91.5,86.4,96.6,,survey,,
survey,mmr,VA,2015,"2015 survey, ages 19 to 35 months",83.4,76.7,90.1,,survey,,
survey,mmr,VA,2016,"2016 survey, ages 19 to 35 months",90.4,84.8,96.0,,survey,,
survey,mmr,VA,2017,"2017 survey, ages 19 to 35 months",97.6,95.7,99.5,,survey,,
survey,mmr,VT,1995,"1995 survey, ages 19 to 35 months",96.4,93.6,99.2,,survey,,
survey,mmr,VT,1996,"1996 survey, ages 19 to 35 months",93.7,90.4,97.0,,survey,,
survey,mmr,VT,1997,"1997 survey, ages 19 to 35 months",95.3,93.0,97.6,,survey,,
survey,mmr,VT,1998,"1998 survey, ages 19 to 35 months",96.4,94.1,98.7,,survey,,
survey,mmr,VT,1999,"1999 survey, ages 19 to 35 months",99.4,98.7,100.0,,survey,,
survey,mmr,VT,2000,"2000 survey, ages 19 to 35 months",93.1,90.0,96.2,,survey,,
survey,mmr,VT,2001,"2001 survey, ages 19 to 35 months",95.6,93.4,97.8,,survey,,
survey,mmr,VT,2002,"2002 survey, ages 19 to 35 months",94.7,92.1,97.3,,survey,,
survey,mmr,VT,2003,"2003 survey, ages 19 to 35 months",96.4,94.0,98.8,,survey,,
survey,mmr,VT,2004,"2004 survey, ages 19 to 35 months",94.4,91.2,97.6,,survey,,
survey,mmr,VT,2005,"2005 survey, ages 19 to 35 months",92.6,88.6,96.6,,survey,,
survey,mmr,VT,2006,"2006 survey, ages 19 to 35 months",95.1,92.6,97.6,,survey,,
survey,mmr,VT,2007,"2007 survey, ages 19 to 35 months",93.6,88.4,98.8,,survey,,
survey,mmr,VT,2008,"2008 survey, ages 19 to 35 months",88.1,83.5,92.7,,survey,,
survey,mmr,VT,2009,"2009 survey, ages 19 to 35 months",91.9,88.7,95.1,,survey,,
survey,mmr,VT,2010,"2010 survey, ages 19 to 35 months",92.7,89.4,96.0,,survey,,
survey,mmr,VT,2011,"2011 survey, ages 19 to 35 months",95.3,93.0,97.6,,survey,,
survey,mmr,VT,2012,"2012 survey, ages 19 to 35 months",91.7,87.9,95.5,,survey,,
survey,mmr,VT,2013,"2013 survey, ages 19 to 35 months",91.2,87.2,95.2,,survey,,
survey,mmr,VT,2014,"2014 survey, ages 19 to 35 months",93.2,89.8,96.6,,survey,,
survey,mmr,VT,2015,"2015 survey, ages 19 to 35 months",95.5,92.8,98.2,,survey,,
survey,mmr,VT,2016,"2016 survey, ages 19 to 35 months",95.2,92.4,98.0,,survey,,
survey,mmr,VT,2017,"2017 survey, ages 19 to 35 months",93.7,90.2,97.2,,survey,,
survey,mmr,WA,1995,"1995 survey, ages 19 to 35 months",89.7,86.0,93.4,,survey,,
survey,mmr,WA,1996,"1996 survey, ages 19 to 35 months",91.7,88.3,95.1,,survey,,
survey,mmr,WA,1997,"1997 survey, ages 19 to 35 months",91.1,88.4,93.8,,survey,,
survey,mmr,WA,1998,"1998 survey, ages 19 to 35 months",90.0,86.9,93.1,,survey,,
survey,mmr,WA,1999,"1999 survey, ages 19 to 35 months",89.3,86.5,92.1,,survey,,
survey,mmr,WA,2000,"2000 survey, ages 19 to 35 months",90.2,87.6,92.8,,survey,,
survey,mmr,WA,2001,"2001 survey, ages 19 to 35 months",89.3,86.1,92.5,,survey,,
survey,mmr,WA,2002,"2002 survey, ages 19 to 35 months",89.6,86.5,92.7,,survey,,
survey,mmr,WA,2003,"2003 survey, ages 19 to 35 months",93.5,90.7,96.3,,survey,,
survey,mmr,WA,2004,"2004 survey, ages 19 to 35 months",92.3,89.5,95.1,,survey,,
survey,mmr,WA,2005,"2005 survey, ages 19 to 35 months",90.6,87.1,94.1,,survey,,
survey,mmr,WA,2006,"2006 survey, ages 19 to 35 months",87.5,84.0,91.0,,survey,,
survey,mmr,WA,2007,"2007 survey, ages 19 to 35 months",90.5,86.6,94.4,,survey,,
survey,mmr,WA,2008,"2008 survey, ages 19 to 35 months",91.2,87.7,94.7,,survey,,
survey,mmr,WA,2009,"2009 survey, ages 19 to 35 months",90.8,87.8,93.8,,survey,,
survey,mmr,WA,2010,"2010 survey, ages 19 to 35 months",89.8,86.2,93.4,,survey,,
survey,mmr,WA,2011,"2011 survey, ages 19 to 35 months",89.3,84.9,93.7,,survey,,
survey,mmr,WA,2012,"2012 survey, ages 19 to 35 months",84.8,79.0,90.6,,survey,,
survey,mmr,WA,2013,"2013 survey, ages 19 to 35 months",93.5,89.6,97.4,,survey,,
survey,mmr,WA,2014,"2014 survey, ages 19 to 35 months",86.3,80.1,92.5,,survey,,
survey,mmr,WA,2015,"2015 survey, ages 19 to 35 months",95.3,92.7,97.9,,survey,,
survey,mmr,WA,2016,"2016 survey, ages 19 to 35 months",91.1,86.9,95.3,,survey,,
survey,mmr,WA,2017,"2017 survey, ages 19 to 35 months",88.5,83.6,93.4,,survey,,
survey,mmr,WI,1995,"1995 survey, ages 19 to 35 months",92.8,89.9,95.7,,survey,,
survey,mmr,WI,1996,"1996 survey, ages 19 to 35 months",90.2,87.2,93.2,,survey,,
survey,mmr,WI,1997,"1997 survey, ages 19 to 35 months",91.3,88.5,94.1,,survey,,
survey,mmr,WI,1998,"1998 survey, ages 19 to 35 months",92.0,89.5,94.5,,survey,,
survey,mmr,WI,1999,"1999 survey, ages 19 to 35 months",94.2,91.9,96.5,,survey,,
survey,mmr,WI,2000,"2000 survey, ages 19 to 35 months",91.0,88.3,93.7,,survey,,
survey,mmr,WI,2001,"2001 survey, ages 19 to 35 months",92.3,89.7,94.9,,survey,,
survey,mmr,WI,2002,"2002 survey, ages 19 to 35 months",92.9,90.0,95.8,,survey,,
survey,mmr,WI,2003,"2003 survey, ages 19 to 35 months",94.2,91.4,97.0,,survey,,
survey,mmr,WI,2004,"2004 survey, ages 19 to 35 months",93.6,90.7,96.5,,survey,,
survey,mmr,WI,2005,"2005 survey, ages 19 to 35 months",91.6,88.3,94.9,,survey,,
survey,mmr,WI,2006,"2006 survey, ages 19 to 35 months",94.0,91.3,96.7,,survey,,
survey,mmr,WI,2007,"2007 survey, ages 19 to 35 months",91.4,86.8,96.0,,survey,,
survey,mmr,WI,2008,"2008 survey, ages 19 to 35 months",94.3,90.4,98.2,,survey,,
survey,mmr,WI,2009,"2009 survey, ages 19 to 35 months",94.4,91.7,97.1,,survey,,
survey,mmr,WI,2010,"2010 survey, ages 19 to 35 months",93.2,89.9,96.5,,survey,,
survey,mmr,WI,2011,"2011 survey, ages 19 to 35 months",94.9,92.2,97.6,,survey,,
survey,mmr,WI,2012,"2012 survey, ages 19 to 35 months",89.3,84.1,94.5,,survey,,
survey,mmr,WI,2013,"2013 survey, ages 19 to 35 months",93.2,89.0,97.4,,survey,,
survey,mmr,WI,2014,"2014 survey, ages 19 to 35 months",93.2,89.0,97.4,,survey,,
survey,mmr,WI,2015,"2015 survey, ages 19 to 35 months",92.4,88.1,96.7,,survey,,
survey,mmr,WI,2016,"2016 survey, ages 19 to 35 months",90.6,85.5,95.7,,survey,,
survey,mmr,WI,2017,"2017 survey, ages 19 to 35 months",89.9,84.9,94.9,,survey,,
survey,mmr,WV,1995,"1995 survey, ages 19 to 35 months",90.4,86.0,94.8,,survey,,
survey,mmr,WV,1996,"1996 survey, ages 19 to 35 months",87.6,83.3,91.9,,survey,,
survey,mmr,WV,1997,"1997 survey, ages 19 to 35 months",91.5,88.0,95.0,,survey,,
survey,mmr,WV,1998,"1998 survey, ages 19 to 35 months",92.5,89.4,95.6,,survey,,
survey,mmr,WV,1999,"1999 survey, ages 19 to 35 months",93.3,90.2,96.4,,survey,,
survey,mmr,WV,2000,"2000 survey, ages 19 to 35 months",92.4,89.0,95.8,,survey,,
survey,mmr,WV,2001,"2001 survey, ages 19 to 35 months",93.8,90.8,96.8,,survey,,
survey,mmr,WV,2002,"2002 survey, ages 19 to 35 months",93.6,90.6,96.6,,survey,,
survey,mmr,WV,2003,"2003 survey, ages 19 to 35 months",88.7,82.9,94.5,,survey,,
survey,mmr,WV,2004,"2004 survey, ages 19 to 35 months",94.6,90.2,99.0,,survey,,
survey,mmr,WV,2005,"2005 survey, ages 19 to 35 months",85.7,80.7,90.7,,survey,,
survey,mmr,WV,2006,"2006 survey, ages 19 to 35 months",91.1,86.8,95.4,,survey,,
survey,mmr,WV,2007,"2007 survey, ages 19 to 35 months",96.2,94.1,98.3,,survey,,
survey,mmr,WV,2008,"2008 survey, ages 19 to 35 months",88.3,83.3,93.3,,survey,,
survey,mmr,WV,2009,"2009 survey, ages 19 to 35 months",89.2,83.5,94.9,,survey,,
survey,mmr,WV,2010,"2010 survey, ages 19 to 35 months",92.0,88.6,95.4,,survey,,
survey,mmr,WV,2011,"2011 survey, ages 19 to 35 months",85.8,81.5,90.1,,survey,,
survey,mmr,WV,2012,"2012 survey, ages 19 to 35 months",84.6,78.6,90.6,,survey,,
survey,mmr,WV,2013,"2013 survey, ages 19 to 35 months",86.0,80.2,91.8,,survey,,
survey,mmr,WV,2014,"2014 survey, ages 19 to 35 months",88.9,83.5,94.3,,survey,,
survey,mmr,WV,2015,"2015 survey, ages 19 to 35 months",86.7,81.0,92.4,,survey,,
survey,mmr,WV,2016,"2016 survey, ages 19 to 35 months",89.6,85.3,93.9,,survey,,
survey,mmr,WV,2017,"2017 survey, ages 19 to 35 months",89.9,85.7,94.1,,survey,,
survey,mmr,WY,1995,"1995 survey, ages 19 to 35 months",92.2,88.5,95.9,,survey,,
survey,mmr,WY,1996,"1996 survey, ages 19 to 35 months",87.6,83.2,92.0,,survey,,
survey,mmr,WY,1997,"1997 survey, ages 19 to 35 months",84.4,79.8,89.0,,survey,,
survey,mmr,WY,1998,"1998 survey, ages 19 to 35 months",89.5,85.9,93.1,,survey,,
survey,mmr,WY,1999,"1999 survey, ages 19 to 35 months",92.6,89.3,95.9,,survey,,
survey,mmr,WY,2000,"2000 survey, ages 19 to 35 months",91.4,88.2,94.6,,survey,,
survey,mmr,WY,2001,"2001 survey, ages 19 to 35 months",91.6,88.0,95.2,,survey,,
survey,mmr,WY,2002,"2002 survey, ages 19 to 35 months",89.7,85.3,94.1,,survey,,
survey,mmr,WY,2003,"2003 survey, ages 19 to 35 months",90.8,87.0,94.6,,survey,,
survey,mmr,WY,2004,"2004 survey, ages 19 to 35 months",92.7,89.4,96.0,,survey,,
survey,mmr,WY,2005,"2005 survey, ages 19 to 35 months",89.4,84.7,94.1,,survey,,
survey,mmr,WY,2006,"2006 survey, ages 19 to 35 months",87.7,83.0,92.4,,survey,,
survey,mmr,WY,2007,"2007 survey, ages 19 to 35 months",87.5,82.3,92.7,,survey,,
survey,mmr,WY,2008,"2008 survey, ages 19 to 35 months",87.6,83.3,91.9,,survey,,
survey,mmr,WY,2009,"2009 survey, ages 19 to 35 months",91.3,87.7,94.9,,survey,,
survey,mmr,WY,2010,"2010 survey, ages 19 to 35 months",92.5,88.9,96.1,,survey,,
survey,mmr,WY,2011,"2011 survey, ages 19 to 35 months",85.6,76.5,94.7,,survey,,
survey,mmr,WY,2012,"2012 survey, ages 19 to 35 months",91.2,87.3,95.1,,survey,,
survey,mmr,WY,2013,"2013 survey, ages 19 to 35 months",89.0,83.6,94.4,,survey,,
survey,mmr,WY,2014,"2014 survey, ages 19 to 35 months",90.4,85.4,95.4,,survey,,
survey,mmr,WY,2015,"2015 survey, ages 19 to 35 months",93.5,90.0,97.0,,survey,,
survey,mmr,WY,2016,"2016 survey, ages 19 to 35 months",88.8,84.3,93.3,,survey,,
survey,mmr,WY,2017,"2017 survey, ages 19 to 35 months",89.1,84.8,93.4,,survey,,
survey,polio,AK,1995,"1995 survey, ages 19 to 35 months",86.8,81.1,92.5,,survey,,
survey,polio,AK,1996,"1996 survey, ages 19 to 35 months",88.0,83.4,92.6,,survey,,
survey,polio,AK,1997,"1997 survey, ages 19 to 35 months",91.6,88.1,95.1,,survey,,
survey,polio,AK,1998,"1998 survey, ages 19 to 35 months",92.3,89.2,95.4,,survey,,
survey,polio,AK,1999,"1999 survey, ages 19 to 35 months",91.7,88.4,95.0,,survey,,
survey,polio,AK,2000,"2000 survey, ages 19 to 35 months",88.1,84.0,92.2,,survey,,
survey,polio,AK,2001,"2001 survey, ages 19 to 35 months",84.9,80.4,89.4,,survey,,
survey,polio,AK,2002,"2002 survey, ages 19 to 35 months",86.6,81.7,91.5,,survey,,
survey,polio,AK,2003,"2003 survey, ages 19 to 35 months",90.9,87.2,94.6,,survey,,
survey,polio,AK,2004,"2004 survey, ages 19 to 35 months",88.3,83.2,93.4,,survey,,
survey,polio,AK,2005,"2005 survey, ages 19 to 35 months",89.1,84.2,94.0,,survey,,
survey,polio,AK,2006,"2006 survey, ages 19 to 35 months",89.7,85.3,94.1,,survey,,
survey,polio,AK,2007,"2007 survey, ages 19 to 35 months",92.9,89.3,96.5,,survey,,
survey,polio,AK,2008,"2008 survey, ages 19 to 35 months",91.9,88.1,95.7,,survey,,
survey,polio,AK,2009,"2009 survey, ages 19 to 35 months",91.6,87.2,96.0,,survey,,
survey,polio,AK,2010,"2010 survey, ages 19 to 35 months",90.4,86.7,94.1,,survey,,
survey,polio,AK,2011,"2011 survey, ages 19 to 35 months",93.3,89.8,96.8,,survey,,
survey,polio,AK,2012,"2012 survey, ages 19 to 35 months",90.4,85.9,94.9,,survey,,
survey,polio,AK,2013,"2013 survey, ages 19 to 35 months",92.0,88.4,95.6,,survey,,
survey,polio,AK,2014,"2014 survey, ages 19 to 35 months",91.6,87.5,95.7,,survey,,
survey,polio,AK,2015,"2015 survey, ages 19 to 35 months",91.9,88.5,95.3,,survey,,
survey,polio,AK,2016,"2016 survey, ages 19 to 35 months",88.2,83.7,92.7,,survey,,
survey,polio,AK,2017,"2017 survey, ages 19 to 35 months",90.3,86.7,93.9,,survey,,
survey,polio,AL,1995,"1995 survey, ages 19 to 35 months",86.0,80.6,91.4,,survey,,
survey,polio,AL,1996,"1996 survey, ages 19 to 35 months",88.7,84.8,92.6,,survey,,
survey,polio,AL,1997,"1997 survey, ages 19 to 35 months",96.1,94.5,97.7,,survey,,
survey,polio,AL,1998,"1998 survey, ages 19 to 35 months",91.4,88.2,94.6,,survey,,
survey,polio,AL,1999,"1999 survey, ages 19 to 35 months",87.8,84.2,91.4,,survey,,
survey,polio,AL,2000,"2000 survey, ages 19 to 35 months",90.4,87.2,93.6,,survey,,
survey,polio,AL,2001,"2001 survey, ages 19 to 35 months",92.7,90.0,95.4,,survey,,
survey,polio,AL,2002,"2002 survey, ages 19 to 35 months",89.0,85.0,93.0,,survey,,
survey,polio,AL,2003,"2003 survey, ages 19 to 35 months",90.4,86.4,94.4,,survey,,
survey,polio,AL,2004,"2004 survey, ages 19 to 35 months",92.1,88.1,96.1,,survey,,
survey,polio,AL,2005,"2005 survey, ages 19 to 35 months",91.6,87.3,95.9,,survey,,
survey,polio,AL,2006,"2006 survey, ages 19 to 35 months",94.0,90.4,97.6,,survey,,
survey,polio,AL,2007,"2007 survey, ages 19 to 35 months",94.9,91.8,98.0,,survey,,
survey,polio,AL,2008,"2008 survey, ages 19 to 35 months",92.1,88.1,96.1,,survey,,
survey,polio,AL,2009,"2009 survey, ages 19 to 35 months",96.6,94.3,98.9,,survey,,
survey,polio,AL,2010,"2010 survey, ages 19 to 35 months",95.3,92.8,97.8,,survey,,
survey,polio,AL,2011,"2011 survey, ages 19 to 35 months",96.2,94.2,98.2,,survey,,
survey,polio,AL,2012,"2012 survey, ages 19 to 35 months",94.2,91.3,97.1,,survey,,
survey,polio,AL,2013,"2013 survey, ages 19 to 35 months",93.3,88.1,98.5,,survey,,
survey,polio,AL,2014,"2014 survey, ages 19 to 35 months",90.5,84.5,96.5,,survey,,
survey,polio,AL,2015,"2015 survey, ages 19 to 35 months",95.1,92.2,98.0,,survey,,
survey,polio,AL,2016,"2016 survey, ages 19 to 35 months",92.0,87.4,96.6,,survey,,
survey,polio,AL,2017,"2017 survey, ages 19 to 35 months",94.2,90.8,97.6,,survey,,
survey,polio,AR,1995,"1995 survey, ages 19 to 35 months",90.0,85.4,94.6,,survey,,
survey,polio,AR,1996,"1996 survey, ages 19 to 35 months",88.5,83.4,93.6,,survey,,
survey,polio,AR,1997,"1997 survey, ages 19 to 35 months",91.1,87.5,94.7,,survey,,
survey,polio,AR,1998,"1998 survey, ages 19 to 35 months",90.1,86.5,93.7,,survey,,
survey,polio,AR,1999,"1999 survey, ages 19 to 35 months",89.4,84.9,93.9,,survey,,
survey,polio,AR,2000,"2000 survey, ages 19 to 35 months",88.0,83.9,92.1,,survey,,
survey,polio,AR,2001,"2001 survey, ages 19 to 35 months",88.9,85.5,92.3,,survey,,
survey,polio,AR,2002,"2002 survey, ages 19 to 35 months",92.9,90.1,95.7,,survey,,
survey,polio,AR,2003,"2003 survey, ages 19 to 35 months",93.8,90.6,97.0,,survey,,
survey,polio,AR,2004,"2004 survey, ages 19 to 35 months",94.3,90.1,98.5,,survey,,
survey,polio,AR,2005,"2005 survey, ages 19 to 35 months",84.6,77.4,91.8,,survey,,
survey,polio,AR,2006,"2006 survey, ages 19 to 35 months",89.6,83.8,95.4,,survey,,
survey,polio,AR,2007,"2007 survey, ages 19 to 35 months",90.2,85.7,94.7,,survey,,
survey,polio,AR,2008,"2008 survey, ages 19 to 35 months",91.6,87.4,95.8,,survey,,
survey,polio,AR,2009,"2009 survey, ages 19 to 35 months",89.9,85.9,93.9,,survey,,
survey,polio,AR,2010,"2010 survey, ages 19 to 35 months",91.8,87.7,95.9,,survey,,
survey,polio,AR,2011,"2011 survey, ages 19 to 35 months",95.8,93.5,98.1,,survey,,
survey,polio,AR,2012,"2012 survey, ages 19 to 35 months",93.0,88.8,97.2,,survey,,
survey,polio,AR,2013,"2013 survey, ages 19 to 35 months",89.4,83.1,95.7,,survey,,
survey,polio,AR,2014,"2014 survey, ages 19 to 35 months",92.4,88.5,96.3,,survey,,
survey,polio,AR,2015,"2015 survey, ages 19 to 35 months",91.9,87.5,96.3,,survey,,
survey,polio,AR,2016,"2016 survey, ages 19 to 35 months",93.7,90.2,97.2,,survey,,
survey,polio,AR,2017,"2017 survey, ages 19 to 35 months",91.5,87.3,95.7,,survey,,
survey,polio,AZ,1995,"1995 survey, ages 19 to 35 months",85.9,81.2,90.6,,survey,,
survey,polio,AZ,1996,"1996 survey, ages 19 to 35 months",88.8,85.5,92.1,,survey,,
survey,polio,AZ,1997,"1997 survey, ages 19 to 35 months",85.5,82.1,88.9,,survey,,
survey,polio,AZ,1998,"1998 survey, ages 19 to 35 months",88.9,85.8,92.0,,survey,,
survey,polio,AZ,1999,"1999 survey, ages 19 to 35 months",84.3,80.5,88.1,,survey,,
survey,polio,AZ,2000,"2000 survey, ages 19 to 35 months",87.5,84.2,90.8,,survey,,
survey,polio,AZ,2001,"2001 survey, ages 19 to 35 months",85.9,82.7,89.1,,survey,,
survey,polio,AZ,2002,"2002 survey, ages 19 to 35 months",86.5,82.8,90.2,,survey,,
survey,polio,AZ,2003,"2003 survey, ages 19 to 35 months",89.4,86.4,92.4,,survey,,
survey,polio,AZ,2004,"2004 survey, ages 19 to 35 months",91.0,88.0,94.0,,survey,,
survey,polio,AZ,2005,"2005 survey, ages 19 to 35 months",89.2,85.7,92.7,,survey,,
survey,polio,AZ,2006,"2006 survey, ages 19 to 35 months",88.4,85.0,91.8,,survey,,
survey,polio,AZ,2007,"2007 survey, ages 19 to 35 months",90.6,85.7,95.5,,survey,,
survey,polio,AZ,2008,"2008 survey, ages 19 to 35 months",92.4,88.2,96.6,,survey,,
survey,polio,AZ,2009,"2009 survey, ages 19 to 35 months",93.0,89.7,96.3,,survey,,
survey,polio,AZ,2010,"2010 survey, ages 19 to 35 months",91.5,87.5,95.5,,survey,,
survey,polio,AZ,2011,"2011 survey, ages 19 to 35 months",93.8,90.9,96.7,,survey,,
survey,polio,AZ,2012,"2012 survey, ages 19 to 35 months",92.2,88.0,96.4,,survey,,
survey,polio,AZ,2013,"2013 survey, ages 19 to 35 months",91.2,86.9,95.5,,survey,,
survey,polio,AZ,2014,"2014 survey, ages 19 to 35 months",88.7,83.2,94.2,,survey,,
survey,polio,AZ,2015,"2015 survey, ages 19 to 35 months",92.4,88.5,96.3,,survey,,
survey,polio,AZ,2016,"2016 survey, ages 19 to 35 months",89.2,83.9,94.5,,survey,,
survey,polio,AZ,2017,"2017 survey, ages 19 to 35 months",94.3,91.5,97.1,,survey,,
survey,polio,CA,1995,"1995 survey, ages 19 to 35 months",86.4,82.5,90.3,,survey,,
survey,polio,CA,1996,"1996 survey, ages 19 to 35 months",90.9,88.4,93.4,,survey,,
survey,polio,CA,1997,"1997 survey, ages 19 to 35 months",90.0,87.6,92.4,,survey,,
survey,polio,CA,1998,"1998 survey, ages 19 to 35 months",88.4,85.5,91.3,,survey,,
survey,polio,CA,1999,"1999 survey, ages 19 to 35 months",91.1,88.8,93.4,,survey,,
survey,polio,CA,2000,"2000 survey, ages 19 to 35 months",88.8,86.2,91.4,,survey,,
survey,polio,CA,2001,"2001 survey, ages 19 to 35 months",88.8,86.1,91.5,,survey,,
survey,polio,CA,2002,"2002 survey, ages 19 to 35 months",90.3,87.7,92.9,,survey,,
survey,polio,CA,2003,"2003 survey, ages 19 to 35 months",91.2,88.5,93.9,,survey,,
survey,polio,CA,2004,"2004 survey, ages 19 to 35 months",90.6,87.9,93.3,,survey,,
survey,polio,CA,2005,"2005 survey, ages 19 to 35 months",90.5,87.6,93.4,,survey,,
survey,polio,CA,2006,"2006 survey, ages 19 to 35 months",93.9,91.7,96.1,,survey,,
survey,polio,CA,2007,"2007 survey, ages 19 to 35 months",92.3,89.2,95.4,,survey,,
survey,polio,CA,2008,"2008 survey, ages 19 to 35 months",95.7,93.7,97.7,,survey,,
survey,polio,CA,2009,"2009 survey, ages 19 to 35 months",91.8,88.3,95.3,,survey,,
survey,polio,CA,2010,"2010 survey, ages 19 to 35 months",91.0,87.4,94.6,,survey,,
survey,polio,CA,2011,"2011 survey, ages 19 to 35 months",94.1,91.6,96.6,,survey,,
survey,polio,CA,2012,"2012 survey, ages 19 to 35 months",92.0,88.3,95.7,,survey,,
survey,polio,CA,2013,"2013 survey, ages 19 to 35 months",90.5,85.1,95.9,,survey,,
survey,polio,CA,2014,"2014 survey, ages 19 to 35 months",94.1,90.5,97.7,,survey,,
survey,polio,CA,2015,"2015 survey, ages 19 to 35 months",96.3,93.9,98.7,,survey,,
survey,polio,CA,2016,"2016 survey, ages 19 to 35 months",87.3,81.4,93.2,,survey,,
survey,polio,CA,2017,"2017 survey, ages 19 to 35 months",91.9,87.4,96.4,,survey,,
survey,polio,CO,1995,"1995 survey, ages 19 to 35 months",90.8,86.2,95.4,,survey,,
survey,polio,CO,1996,"1996 survey, ages 19 to 35 months",91.9,88.4,95.4,,survey,,
survey,polio,CO,1997,"1997 survey, ages 19 to 35 months",89.9,86.1,93.7,,survey,,
survey,polio,CO,1998,"1998 survey, ages 19 to 35 months",93.3,89.9,96.7,,survey,,
survey,polio,CO,1999,"1999 survey, ages 19 to 35 months",88.6,84.6,92.6,,survey,,
survey,polio,CO,2000,"2000 survey, ages 19 to 35 months",88.2,84.2,92.2,,survey,,
survey,polio,CO,2001,"2001 survey, ages 19 to 35 months",90.3,87.2,93.4,,survey,,
survey,polio,CO,2002,"2002 survey, ages 19 to 35 months",90.1,86.2,94.0,,survey,,
survey,polio,CO,2003,"2003 survey, ages 19 to 35 months",88.9,84.9,92.9,,survey,,
survey,polio,CO,2004,"2004 survey, ages 19 to 35 months",90.1,86.0,94.2,,survey,,
survey,polio,CO,2005,"2005 survey, ages 19 to 35 months",94.2,91.3,97.1,,survey,,
survey,polio,CO,2006,"2006 survey, ages 19 to 35 months",90.4,84.4,96.4,,survey,,
survey,polio,CO,2007,"2007 survey, ages 19 to 35 months",95.0,91.9,98.1,,survey,,
survey,polio,CO,2008,"2008 survey, ages 19 to 35 months",94.9,92.0,97.8,,survey,,
survey,polio,CO,2009,"2009 survey, ages 19 to 35 months",88.7,82.9,94.5,,survey,,
survey,polio,CO,2010,"2010 survey, ages 19 to 35 months",92.6,89.2,96.0,,survey,,
survey,polio,CO,2011,"2011 survey, ages 19 to 35 months",89.8,84.6,95.0,,survey,,
survey,polio,CO,2012,"2012 survey, ages 19 to 35 months",92.2,88.1,96.3,,survey,,
survey,polio,CO,2013,"2013 survey, ages 19 to 35 months",90.3,85.6,95.0,,survey,,
survey,polio,CO,2014,"2014 survey, ages 19 to 35 months",91.9,87.3,96.5,,survey,,
survey,polio,CO,2015,"2015 survey, ages 19 to 35 months",92.7,88.6,96.8,,survey,,
survey,polio,CO,2016,"2016 survey, ages 19 to 35 months",92.2,87.1,97.3,,survey,,
survey,polio,CO,2017,"2017 survey, ages 19 to 35 months",90.9,86.4,95.4,,survey,,
survey,polio,CT,1995,"1995 survey, ages 19 to 35 months",89.7,85.0,94.4,,survey,,
survey,polio,CT,1996,"1996 survey, ages 19 to 35 months",94.2,90.8,97.6,,survey,,
survey,polio,CT,1997,"1997 survey, ages 19 to 35 months",94.3,91.8,96.8,,survey,,
survey,polio,CT,1998,"1998 survey, ages 19 to 35 months",94.4,91.6,97.2,,survey,,
survey,polio,CT,1999,"1999 survey, ages 19 to 35 months",91.0,87.2,94.8,,survey,,
survey,polio,CT,2000,"2000 survey, ages 19 to 35 months",94.3,91.4,97.2,,survey,,
survey,polio,CT,2001,"2001 survey, ages 19 to 35 months",94.2,91.0,97.4,,survey,,
survey,polio,CT,2002,"2002 survey, ages 19 to 35 months",93.8,90.1,97.5,,survey,,
survey,polio,CT,2003,"2003 survey, ages 19 to 35 months",97.1,94.8,99.4,,survey,,
survey,polio,CT,2004,"2004 survey, ages 19 to 35 months",96.1,92.1,100.0,,survey,,
survey,polio,CT,2005,"2005 survey, ages 19 to 35 months",94.6,91.3,97.9,,survey,,
survey,polio,CT,2006,"2006 survey, ages 19 to 35 months",96.9,94.6,99.2,,survey,,
survey,polio,CT,2007,"2007 survey, ages 19 to 35 months",97.9,95.8,100.0,,survey,,
survey,polio,CT,2008,"2008 survey, ages 19 to 35 months",99.5,98.9,100.0,,survey,,
survey,polio,CT,2009,"2009 survey, ages 19 to 35 months",96.6,93.4,99.8,,survey,,
survey,polio,CT,2010,"2010 survey, ages 19 to 35 months",97.8,95.7,99.9,,survey,,
survey,polio,CT,2011,"2011 survey, ages 19 to 35 months",96.7,94.3,99.1,,survey,,
survey,polio,CT,2012,"2012 survey, ages 19 to 35 months",95.1,92.0,98.2,,survey,,
survey,polio,CT,2013,"2013 survey, ages 19 to 35 months",97.6,95.3,99.9,,survey,,
survey,polio,CT,2014,"2014 survey, ages 19 to 35 months",92.8,88.2,97.4,,survey,,
survey,polio,CT,2015,"2015 survey, ages 19 to 35 months",97.9,96.1,99.7,,survey,,
survey,polio,CT,2016,"2016 survey, ages 19 to 35 months",95.3,92.2,98.4,,survey,,
survey,polio,CT,2017,"2017 survey, ages 19 to 35 months",94.0,90.2,97.8,,survey,,
survey,polio,DC,1995,"1995 survey, ages 19 to 35 months",87.2,81.4,93.0,,survey,,
survey,polio,DC,1996,"1996 survey, ages 19 to 35 months",94.9,91.5,98.3,,survey,,
survey,polio,DC,1997,"1997 survey, ages 19 to 35 months",87.0,82.1,91.9,,survey,,
survey,polio,DC,1998,"1998 survey, ages 19 to 35 months",87.6,83.2,92.0,,survey,,
survey,polio,DC,1999,"1999 survey, ages 19 to 35 months",86.6,82.0,91.2,,survey,,
survey,polio,DC,2000,"2000 survey, ages 19 to 35 months",85.5,80.4,90.6,,survey,,
survey,polio,DC,2001,"2001 survey, ages 19 to 35 months",88.6,84.1,93.1,,survey,,
survey,polio,DC,2002,"2002 survey, ages 19 to 35 months",92.6,89.3,95.9,,survey,,
survey,polio,DC,2003,"2003 survey, ages 19 to 35 months",90.3,85.5,95.1,,survey,,
survey,polio,DC,2004,"2004 survey, ages 19 to 35 months",95.3,92.1,98.5,,survey,,
survey,polio,DC,2005,"2005 survey, ages 19 to 35 months",91.0,86.7,95.3,,survey,,
survey,polio,DC,2006,"2006 survey, ages 19 to 35 months",94.1,91.1,97.1,,survey,,
survey,polio,DC,2007,"2007 survey, ages 19 to 35 months",93.3,89.8,96.8,,survey,,
survey,polio,DC,2008,"2008 survey, ages 19 to 35 months",89.7,85.3,94.1,,survey,,
survey,polio,DC,2009,"2009 survey, ages 19 to 35 months",89.6,84.8,94.4,,survey,,
survey,polio,DC,2010,"2010 survey, ages 19 to 35 months",93.0,89.6,96.4,,survey,,
survey,polio,DC,2011,"2011 survey, ages 19 to 35 months",93.2,89.8,96.6,,survey,,
survey,polio,DC,2012,"2012 survey, ages 19 to 35 months",95.7,93.3,98.1,,survey,,
survey,polio,DC,2013,"2013 survey, ages 19 to 35 months",96.1,93.2,99.0,,survey,,
survey,polio,DC,2014,"2014 survey, ages 19 to 35 months",90.5,85.8,95.2,,survey,,
survey,polio,DC,2015,"2015 survey, ages 19 to 35 months",90.9,86.6,95.2,,survey,,
survey,polio,DC,2016,"2016 survey, ages 19 to 35 months",91.5,86.9,96.1,,survey,,
survey,polio,DC,2017,"2017 survey, ages 19 to 35 months",91.3,86.2,96.4,,survey,,
survey,polio,DE,1995,"1995 survey, ages 19 to 35 months",83.1,76.4,89.8,,survey,,
survey,polio,DE,1996,"1996 survey, ages 19 to 35 months",92.8,89.5,96.1,,survey,,
survey,polio,DE,1997,"1997 survey, ages 19 to 35 months",95.0,92.4,97.6,,survey,,
survey,polio,DE,1998,"1998 survey, ages 19 to 35 months",90.0,86.1,93.9,,survey,,
survey,polio,DE,1999,"1999 survey, ages 19 to 35 months",93.0,89.9,96.1,,survey,,
survey,polio,DE,2000,"2000 survey, ages 19 to 35 months",88.8,84.9,92.7,,survey,,
survey,polio,DE,2001,"2001 survey, ages 19 to 35 months",90.6,86.9,94.3,,survey,,
survey,polio,DE,2002,"2002 survey, ages 19 to 35 months",91.6,88.0,95.2,,survey,,
survey,polio,DE,2003,"2003 survey, ages 19 to 35 months",86.6,81.3,91.9,,survey,,
survey,polio,DE,2004,"2004 survey, ages 19 to 35 months",92.4,87.8,97.0,,survey,,
survey,polio,DE,2005,"2005 survey, ages 19 to 35 months",92.1,87.4,96.8,,survey,,
survey,polio,DE,2006,"2006 survey, ages 19 to 35 months",94.6,91.6,97.6,,survey,,
survey,polio,DE,2007,"2007 survey, ages 19 to 35 months",93.7,90.2,97.2,,survey,,
survey,polio,DE,2008,"2008 survey, ages 19 to 35 months",91.8,87.1,96.5,,survey,,
survey,polio,DE,2009,"2009 survey, ages 19 to 35 months",92.9,89.1,96.7,,survey,,
survey,polio,DE,2010,"2010 survey, ages 19 to 35 months",95.3,92.8,97.8,,survey,,
survey,polio,DE,2011,"2011 survey, ages 19 to 35 months",92.1,87.2,97.0,,survey,,
survey,polio,DE,2012,"2012 survey, ages 19 to 35 months",98.0,95.9,100.0,,survey,,
survey,polio,DE,2013,"2013 survey, ages 19 to 35 months",97.4,95.1,99.7,,survey,,
survey,polio,DE,2014,"2014 survey, ages 19 to 35 months",94.4,90.3,98.5,,survey,,
survey,polio,DE,2015,"2015 survey, ages 19 to 35 months",97.0,94.3,99.7,,survey,,
survey,polio,DE,2016,"2016 survey, ages 19 to 35 months",93.7,89.9,97.5,,survey,,
survey,polio,DE,2017,"2017 survey, ages 19 to 35 months",95.4,92.3,98.5,,survey,,
survey,polio,FL,1995,"1995 survey, ages 19 to 35 months",89.1,85.6,92.6,,survey,,
survey,polio,FL,1996,"1996 survey, ages 19 to 35 months",92.1,88.9,95.3,,survey,,
survey,polio,FL,1997,"1997 survey, ages 19 to 35 months",90.5,87.4,93.6,,survey,,
survey,polio,FL,1998,"1998 survey, ages 19 to 35 months",89.4,86.1,92.7,,survey,,
survey,polio,FL,1999,"1999 survey, ages 19 to 35 months",92.7,89.9,95.5,,survey,,
survey,polio,FL,2000,"2000 survey, ages 19 to 35 months",87.3,83.7,90.9,,survey,,
survey,polio,FL,2001,"2001 survey, ages 19 to 35 months",89.9,86.7,93.1,,survey,,
survey,polio,FL,2002,"2002 survey, ages 19 to 35 months",90.2,86.9,93.5,,survey,,
survey,polio,FL,2003,"2003 survey, ages 19 to 35 months",94.4,92.0,96.8,,survey,,
survey,polio,FL,2004,"2004 survey, ages 19 to 35 months",94.9,92.9,96.9,,survey,,
survey,polio,FL,2005,"2005 survey, ages 19 to 35 months",87.9,82.8,93.0,,survey,,
survey,polio,FL,2006,"2006 survey, ages 19 to 35 months",91.1,87.6,94.6,,survey,,
survey,polio,FL,2007,"2007 survey, ages 19 to 35 months",93.2,89.3,97.1,,survey,,
survey,polio,FL,2008,"2008 survey, ages 19 to 35 months",92.9,89.9,95.9,,survey,,
survey,polio,FL,2009,"2009 survey, ages 19 to 35 months",92.7,89.1,96.3,,survey,,
survey,polio,FL,2010,"2010 survey, ages 19 to 35 months",96.2,93.7,98.7,,survey,,
survey,polio,FL,2011,"2011 survey, ages 19 to 35 months",95.1,92.4,97.8,,survey,,
survey,polio,FL,2012,"2012 survey, ages 19 to 35 months",95.6,92.0,99.2,,survey,,
survey,polio,FL,2013,"2013 survey, ages 19 to 35 months",91.2,85.1,97.3,,survey,,
survey,polio,FL,2014,"2014 survey, ages 19 to 35 months",97.9,96.3,99.5,,survey,,
survey,polio,FL,2015,"2015 survey, ages 19 to 35 months",93.9,90.5,97.3,,survey,,
survey,polio,FL,2016,"2016 survey, ages 19 to 35 months",90.9,86.5,95.3,,survey,,
survey,polio,FL,2017,"2017 survey, ages 19 to 35 months",92.4,88.2,96.6,,survey,,
survey,polio,GA,1995,"1995 survey, ages 19 to 35 months",89.9,84.3,95.5,,survey,,
survey,polio,GA,1996,"1996 survey, ages 19 to 35 months",94.1,91.3,96.9,,survey,,
survey,polio,GA,1997,"1997 survey, ages 19 to 35 months",94.0,91.5,96.5,,survey,,
survey,polio,GA,1998,"1998 survey, ages 19 to 35 months",91.7,88.8,94.6,,survey,,
survey,polio,GA,1999,"1999 survey, ages 19 to 35 months",92.6,89.8,95.4,,survey,,
survey,polio,GA,2000,"2000 survey, ages 19 to 35 months",92.2,89.2,95.2,,survey,,
survey,polio,GA,2001,"2001 survey, ages 19 to 35 months",93.1,90.4,95.8,,survey,,
survey,polio,GA,2002,"2002 survey, ages 19 to 35 months",92.9,90.5,95.3,,survey,,
survey,polio,GA,2003,"2003 survey, ages 19 to 35 months",88.4,84.2,92.6,,survey,,
survey,polio,GA,2004,"2004 survey, ages 19 to 35 months",95.3,92.5,98.1,,survey,,
survey,polio,GA,2005,"2005 survey, ages 19 to 35 months",93.0,89.8,96.2,,survey,,
survey,polio,GA,2006,"2006 survey, ages 19 to 35 months",93.8,90.9,96.7,,survey,,
survey,polio,GA,2007,"2007 survey, ages 19 to 35 months",93.9,90.7,97.1,,survey,,
survey,polio,GA,2008,"2008 survey, ages 19 to 35 months",93.1,89.6,96.6,,survey,,
survey,polio,GA,2009,"2009 survey, ages 19 to 35 months",94.3,91.1,97.5,,survey,,
survey,polio,GA,2010,"2010 survey, ages 19 to 35 months",95.9,92.8,99.0,,survey,,
survey,polio,GA,2011,"2011 survey, ages 19 to 35 months",96.7,94.9,98.5,,survey,,
survey,polio,GA,2012,"2012 survey, ages 19 to 35 months",94.9,91.5,98.3,,survey,,
survey,polio,GA,2013,"2013 survey, ages 19 to 35 months",91.5,85.5,97.5,,survey,,
survey,polio,GA,2014,"2014 survey, ages 19 to 35 months",94.7,90.8,98.6,,survey,,
survey,polio,GA,2015,"2015 survey, ages 19 to 35 months",91.9,87.6,96.2,,survey,,
survey,polio,GA,2016,"2016 survey, ages 19 to 35 months",97.0,95.2,98.8,,survey,,
survey,polio,GA,2017,"2017 survey, ages 19 to 35 months",92.8,89.0,96.6,,survey,,
survey,polio,HI,1995,"1995 survey, ages 19 to 35 months",91.2,86.8,95.6,,survey,,
survey,polio,HI,1996,"1996 survey, ages 19 to 35 months",90.9,86.7,95.1,,survey,,
survey,polio,HI,1997,"1997 survey, ages 19 to 35 months",88.5,83.5,93.5,,survey,,
survey,polio,HI,1998,"1998 survey, ages 19 to 35 months",91.7,87.9,95.5,,survey,,
survey,polio,HI,1999,"1999 survey, ages 19 to 35 months",90.8,87.1,94.5,,survey,,
survey,polio,HI,2000,"2000 survey, ages 19 to 35 months",87.7,83.1,92.3,,survey,,
survey,polio,HI,2001,"2001 survey, ages 19 to 35 months",83.6,77.3,89.9,,survey,,
survey,polio,HI,2002,"2002 survey, ages 19 to 35 months",91.3,87.1,95.5,,survey,,
survey,polio,HI,2003,"2003 survey, ages 19 to 35 months",90.6,86.9,94.3,,survey,,
survey,polio,HI,2004,"2004 survey, ages 19 to 35 months",88.7,84.6,92.8,,survey,,
survey,polio,HI,2005,"2005 survey, ages 19 to 35 months",89.2,84.3,94.1,,survey,,
survey,polio,HI,2006,"2006 survey, ages 19 to 35 months",93.1,89.8,96.4,,survey,,
survey,polio,HI,2007,"2007 survey, ages 19 to 35 months",96.0,93.4,98.6,,survey,,
survey,polio,HI,2008,"2008 survey, ages 19 to 35 months",92.8,89.0,96.6,,survey,,
survey,polio,HI,2009,"2009 survey, ages 19 to 35 months",89.6,85.0,94.2,,survey,,
survey,polio,HI,2010,"2010 survey, ages 19 to 35 months",92.5,89.2,95.8,,survey,,
survey,polio,HI,2011,"2011 survey, ages 19 to 35 months",94.8,90.9,98.7,,survey,,
survey,polio,HI,2012,"2012 survey, ages 19 to 35 months",96.0,93.7,98.3,,survey,,
survey,polio,HI,2013,"2013 survey, ages 19 to 35 months",92.6,88.3,96.9,,survey,,
survey,polio,HI,2014,"2014 survey, ages 19 to 35 months",93.4,89.9,96.9,,survey,,
survey,polio,HI,2015,"2015 survey, ages 19 to 35 months",93.7,90.2,97.2,,survey,,
survey,polio,HI,2016,"2016 survey, ages 19 to 35 months",92.5,89.2,95.8,,survey,,
survey,polio,HI,2017,"2017 survey, ages 19 to 35 months",90.3,85.9,94.7,,survey,,
survey,polio,IA,1995,"1995 survey, ages 19 to 35 months",91.3,87.2,95.4,,survey,,
survey,polio,IA,1996,"1996 survey, ages 19 to 35 months",94.0,90.8,97.2,,survey,,
survey,polio,IA,1997,"1997 survey, ages 19 to 35 months",90.7,87.2,94.2,,survey,,
survey,polio,IA,1998,"1998 survey, ages 19 to 35 months",91.9,88.7,95.1,,survey,,
survey,polio,IA,1999,"1999 survey, ages 19 to 35 months",91.4,88.0,94.8,,survey,,
survey,polio,IA,2000,"2000 survey, ages 19 to 35 months",93.8,90.7,96.9,,survey,,
survey,polio,IA,2001,"2001 survey, ages 19 to 35 months",89.1,85.1,93.1,,survey,,
survey,polio,IA,2002,"2002 survey, ages 19 to 35 months",91.4,87.8,95.0,,survey,,
survey,polio,IA,2003,"2003 survey, ages 19 to 35 months",93.1,89.5,96.7,,survey,,
survey,polio,IA,2004,"2004 survey, ages 19 to 35 months",93.7,90.1,97.3,,survey,,
survey,polio,IA,2005,"2005 survey, ages 19 to 35 months",92.3,88.0,96.6,,survey,,
survey,polio,IA,2006,"2006 survey, ages 19 to 35 months",94.9,91.3,98.5,,survey,,
survey,polio,IA,2007,"2007 survey, ages 19 to 35 months",93.5,89.8,97.2,,survey,,
survey,polio,IA,2008,"2008 survey, ages 19 to 35 months",92.3,88.5,96.1,,survey,,
survey,polio,IA,2009,"2009 survey, ages 19 to 35 months",96.0,93.1,98.9,,survey,,
survey,polio,IA,2010,"2010 survey, ages 19 to 35 months",95.3,91.8,98.8,,survey,,
survey,polio,IA,2011,"2011 survey, ages 19 to 35 months",93.8,89.9,97.7,,survey,,
survey,polio,IA,2012,"2012 survey, ages 19 to 35 months",96.3,94.0,98.6,,survey,,
survey,polio,IA,2013,"2013 survey, ages 19 to 35 months",97.5,95.5,99.5,,survey,,
survey,polio,IA,2014,"2014 survey, ages 19 to 35 months",92.2,86.9,97.5,,survey,,
survey,polio,IA,2015,"2015 survey, ages 19 to 35 months",95.9,93.5,98.3,,survey,,
survey,polio,IA,2016,"2016 survey, ages 19 to 35 months",96.4,94.1,98.7,,survey,,
survey,polio,IA,2017,"2017 survey, ages 19 to 35 months",95.7,92.7,98.7,,survey,,
survey,polio,ID,1995,"1995 survey, ages 19 to 35 months",82.0,76.3,87.7,,survey,,
survey,polio,ID,1996,"1996 survey, ages 19 to 35 months",85.0,80.4,89.6,,survey,,
survey,polio,ID,1997,"1997 survey, ages 19 to 35 months",88.6,84.8,92.4,,survey,,
survey,polio,ID,1998,"1998 survey, ages 19 to 35 months",90.6,87.2,94.0,,survey,,
survey,polio,ID,1999,"1999 survey, ages 19 to 35 months",87.0,83.0,91.0,,survey,,
survey,polio,ID,2000,"2000 survey, ages 19 to 35 months",88.0,84.2,91.8,,survey,,
survey,polio,ID,2001,"2001 survey, ages 19 to 35 months",85.1,80.8,89.4,,survey,,
survey,polio,ID,2002,"2002 survey, ages 19 to 35 months",88.5,84.1,92.9,,survey,,
survey,polio,ID,2003,"2003 survey, ages 19 to 35 months",90.9,87.0,94.8,,survey,,
survey,polio,ID,2004,"2004 survey, ages 19 to 35 months",92.3,88.7,95.9,,survey,,
survey,polio,ID,2005,"2005 survey, ages 19 to 35 months",90.5,86.4,94.6,,survey,,
survey,polio,ID,2006,"2006 survey, ages 19 to 35 months",92.2,88.3,96.1,,survey,,
survey,polio,ID,2007,"2007 survey, ages 19 to 35 months",87.6,82.7,92.5,,survey,,
survey,polio,ID,2008,"2008 survey, ages 19 to 35 months",91.8,88.1,95.5,,survey,,
survey,polio,ID,2009,"2009 survey, ages 19 to 35 months",94.7,91.2,98.2,,survey,,
survey,polio,ID,2010,"2010 survey, ages 19 to 35 months",89.2,84.5,93.9,,survey,,
survey,polio,ID,2011,"2011 survey, ages 19 to 35 months",94.5,91.4,97.6,,survey,,
survey,polio,ID,2012,"2012 survey, ages 19 to 35 months",92.6,88.7,96.5,,survey,,
survey,polio,ID,2013,"2013 survey, ages 19 to 35 months",92.6,88.9,96.3,,survey,,
survey,polio,ID,2014,"2014 survey, ages 19 to 35 months",93.1,88.8,97.4,,survey,,
survey,polio,ID,2015,"2015 survey, ages 19 to 35 months",88.9,84.0,93.8,,survey,,
survey,polio,ID,2016,"2016 survey, ages 19 to 35 months",91.1,86.7,95.5,,survey,,
survey,polio,ID,2017,"2017 survey, ages 19 to 35 months",90.8,86.0,95.6,,survey,,
survey,polio,IL,1995,"1995 survey, ages 19 to 35 months",89.1,85.2,93.0,,survey,,
survey,polio,IL,1996,"1996 survey, ages 19 to 35 months",88.9,85.7,92.1,,survey,,
survey,polio,IL,1997,"1997 survey, ages 19 to 35 months",88.7,85.1,92.3,,survey,,
survey,polio,IL,1998,"1998 survey, ages 19 to 35 months",90.6,87.3,93.9,,survey,,
survey,polio,IL,1999,"1999 survey, ages 19 to 35 months",87.9,84.4,91.4,,survey,,
survey,polio,IL,2000,"2000 survey, ages 19 to 35 months",88.5,85.4,91.6,,survey,,
survey,polio,IL,2001,"2001 survey, ages 19 to 35 months",85.5,81.9,89.1,,survey,,
survey,polio,IL,2002,"2002 survey, ages 19 to 35 months",91.8,89.1,94.5,,survey,,
survey,polio,IL,2003,"2003 survey, ages 19 to 35 months",91.9,88.9,94.9,,survey,,
survey,polio,IL,2004,"2004 survey, ages 19 to 35 months",93.3,90.6,96.0,,survey,,
survey,polio,IL,2005,"2005 survey, ages 19 to 35 months",91.6,87.1,96.1,,survey,,
survey,polio,IL,2006,"2006 survey, ages 19 to 35 months",88.8,83.7,93.9,,survey,,
survey,polio,IL,2007,"2007 survey, ages 19 to 35 months",91.0,87.7,94.3,,survey,,
survey,polio,IL,2008,"2008 survey, ages 19 to 35 months",92.4,89.7,95.1,,survey,,
survey,polio,IL,2009,"2009 survey, ages 19 to 35 months",91.8,88.6,95.0,,survey,,
survey,polio,IL,2010,"2010 survey, ages 19 to 35 months",95.9,94.0,97.8,,survey,,
survey,polio,IL,2011,"2011 survey, ages 19 to 35 months",94.1,91.4,96.8,,survey,,
survey,polio,IL,2012,"2012 survey, ages 19 to 35 months",93.2,90.7,95.7,,survey,,
survey,polio,IL,2013,"2013 survey, ages 19 to 35 months",91.2,87.8,94.6,,survey,,
survey,polio,IL,2014,"2014 survey, ages 19 to 35 months",93.5,90.4,96.6,,survey,,
survey,polio,IL,2015,"2015 survey, ages 19 to 35 months",93.3,90.8,95.8,,survey,,
survey,polio,IL,2016,"2016 survey, ages 19 to 35 months",95.8,93.9,97.7,,survey,,
survey,polio,IL,2017,"2017 survey, ages 19 to 35 months",95.6,93.7,97.5,,survey,,
survey,polio,IN,1995,"1995 survey, ages 19 to 35 months",84.6,79.8,89.4,,survey,,
survey,polio,IN,1996,"1996 survey, ages 19 to 35 months",90.4,86.9,93.9,,survey,,
survey,polio,IN,1997,"1997 survey, ages 19 to 35 months",89.1,85.9,92.3,,survey,,
survey,polio,IN,1998,"1998 survey, ages 19 to 35 months",88.6,84.8,92.4,,survey,,
survey,polio,IN,1999,"1999 survey, ages 19 to 35 months",89.1,85.6,92.6,,survey,,
survey,polio,IN,2000,"2000 survey, ages 19 to 35 months",89.5,86.0,93.0,,survey,,
survey,polio,IN,2001,"2001 survey, ages 19 to 35 months",89.4,86.2,92.6,,survey,,
survey,polio,IN,2002,"2002 survey, ages 19 to 35 months",90.5,87.2,93.8,,survey,,
survey,polio,IN,2003,"2003 survey, ages 19 to 35 months",93.8,90.5,97.1,,survey,,
survey,polio,IN,2004,"2004 survey, ages 19 to 35 months",93.1,90.1,96.1,,survey,,
survey,polio,IN,2005,"2005 survey, ages 19 to 35 months",89.8,83.8,95.8,,survey,,
survey,polio,IN,2006,"2006 survey, ages 19 to 35 months",92.4,89.0,95.8,,survey,,
survey,polio,IN,2007,"2007 survey, ages 19 to 35 months",91.9,89.0,94.8,,survey,,
survey,polio,IN,2008,"2008 survey, ages 19 to 35 months",95.2,92.6,97.8,,survey,,
survey,polio,IN,2009,"2009 survey, ages 19 to 35 months",91.3,87.4,95.2,,survey,,
survey,polio,IN,2010,"2010 survey, ages 19 to 35 months",92.1,88.6,95.6,,survey,,
survey,polio,IN,2011,"2011 survey, ages 19 to 35 months",93.3,89.9,96.7,,survey,,
survey,polio,IN,2012,"2012 survey, ages 19 to 35 months",90.8,86.4,95.2,,survey,,
survey,polio,IN,2013,"2013 survey, ages 19 to 35 months",91.9,88.0,95.8,,survey,,
survey,polio,IN,2014,"2014 survey, ages 19 to 35 months",94.6,90.9,98.3,,survey,,
survey,polio,IN,2015,"2015 survey, ages 19 to 35 months",94.9,91.5,98.3,,survey,,
survey,polio,IN,2016,"2016 survey, ages 19 to 35 months",94.9,92.0,97.8,,survey,,
survey,polio,IN,2017,"2017 survey, ages 19 to 35 months",91.1,86.5,95.7,,survey,,
survey,polio,KS,1995,"1995 survey, ages 19 to 35 months",82.7,76.2,89.2,,survey,,
survey,polio,KS,1996,"1996 survey, ages 19 to 35 months",84.8,79.5,90.1,,survey,,
survey,polio,KS,1997,"1997 survey, ages 19 to 35 months",93.3,89.9,96.7,,survey,,
survey,polio,KS,1998,"1998 survey, ages 19 to 35 months",93.9,90.7,97.1,,survey,,
survey,polio,KS,1999,"1999 survey, ages 19 to 35 months",90.0,86.5,93.5,,survey,,
survey,polio,KS,2000,"2000 survey, ages 19 to 35 months",87.4,83.3,91.5,,survey,,
survey,polio,KS,2001,"2001 survey, ages 19 to 35 months",88.5,82.5,94.5,,survey,,
survey,polio,KS,2002,"2002 survey, ages 19 to 35 months",89.9,85.1,94.7,,survey,,
survey,polio,KS,2003,"2003 survey, ages 19 to 35 months",91.8,88.0,95.6,,survey,,
survey,polio,KS,2004,"2004 survey, ages 19 to 35 months",90.5,85.2,95.8,,survey,,
survey,polio,KS,2005,"2005 survey, ages 19 to 35 months",91.4,87.5,95.3,,survey,,
survey,polio,KS,2006,"2006 survey, ages 19 to 35 months",91.6,88.3,94.9,,survey,,
survey,polio,KS,2007,"2007 survey, ages 19 to 35 months",95.7,93.0,98.4,,survey,,
survey,polio,KS,2008,"2008 survey, ages 19 to 35 months",95.4,92.6,98.2,,survey,,
survey,polio,KS,2009,"2009 survey, ages 19 to 35 months",93.8,89.4,98.2,,survey,,
survey,polio,KS,2010,"2010 survey, ages 19 to 35 months",94.7,91.7,97.7,,survey,,
survey,polio,KS,2011,"2011 survey, ages 19 to 35 months",92.6,88.3,96.9,,survey,,
survey,polio,KS,2012,"2012 survey, ages 19 to 35 months",85.4,79.9,90.9,,survey,,
survey,polio,KS,2013,"2013 survey, ages 19 to 35 months",93.2,89.4,97.0,,survey,,
survey,polio,KS,2014,"2014 survey, ages 19 to 35 months",91.4,86.3,96.5,,survey,,
survey,polio,KS,2015,"2015 survey, ages 19 to 35 months",94.9,91.6,98.2,,survey,,
survey,polio,KS,2016,"2016 survey, ages 19 to 35 months",93.3,89.3,97.3,,survey,,
survey,polio,KS,2017,"2017 survey, ages 19 to 35 months",93.3,89.5,97.1,,survey,,
survey,polio,KY,1995,"1995 survey, ages 19 to 35 months",89.1,83.9,94.3,,survey,,
survey,polio,KY,1996,"1996 survey, ages 19 to 35 months",91.1,86.7,95.5,,survey,,
survey,polio,KY,1997,"1997 survey, ages 19 to 35 months",92.3,88.6,96.0,,survey,,
survey,polio,KY,1998,"1998 survey, ages 19 to 35 months",92.4,89.1,95.7,,survey,,
survey,polio,KY,1999,"1999 survey, ages 19 to 35 months",91.3,87.2,95.4,,survey,,
survey,polio,KY,2000,"2000 survey, ages 19 to 35 months",92.7,89.2,96.2,,survey,,
survey,polio,KY,2001,"2001 survey, ages 19 to 35 months",92.2,89.0,95.4,,survey,,
survey,polio,KY,2002,"2002 survey, ages 19 to 35 months",89.3,84.4,94.2,,survey,,
survey,polio,KY,2003,"2003 survey, ages 19 to 35 months",92.0,87.3,96.7,,survey,,
survey,polio,KY,2004,"2004 survey, ages 19 to 35 months",93.5,89.9,97.1,,survey,,
survey,polio,KY,2005,"2005 survey, ages 19 to 35 months",94.9,91.6,98.2,,survey,,
survey,polio,KY,2006,"2006 survey, ages 19 to 35 months",96.7,94.6,98.8,,survey,,
survey,polio,KY,2007,"2007 survey, ages 19 to 35 months",92.5,88.3,96.7,,survey,,
survey,polio,KY,2008,"2008 survey, ages 19 to 35 months",94.1,90.9,97.3,,survey,,
survey,polio,KY,2009,"2009 survey, ages 19 to 35 months",96.1,93.8,98.4,,survey,,
survey,polio,KY,2010,"2010 survey, ages 19 to 35 months",93.1,89.5,96.7,,survey,,
survey,polio,KY,2011,"2011 survey, ages 19 to 35 months",94.9,91.1,98.7,,survey,,
survey,polio,KY,2012,"2012 survey, ages 19 to 35 months",92.2,88.4,96.0,,survey,,
survey,polio,KY,2013,"2013 survey, ages 19 to 35 months",91.0,85.7,96.3,,survey,,
survey,polio,KY,2014,"2014 survey, ages 19 to 35 months",91.3,86.1,96.5,,survey,,
survey,polio,KY,2015,"2015 survey, ages 19 to 35 months",94.9,92.2,97.6,,survey,,
survey,polio,KY,2016,"2016 survey, ages 19 to 35 months",94.1,90.9,97.3,,survey,,
survey,polio,KY,2017,"2017 survey, ages 19 to 35 months",96.0,93.2,98.8,,survey,,
survey,polio,LA,1995,"1995 survey, ages 19 to 35 months",85.8,80.5,91.1,,survey,,
survey,polio,LA,1996,"1996 survey, ages 19 to 35 months",91.2,87.5,94.9,,survey,,
survey,polio,LA,1997,"1997 survey, ages 19 to 35 months",91.7,88.6,94.8,,survey,,
survey,polio,LA,1998,"1998 survey, ages 19 to 35 months",91.4,88.0,94.8,,survey,,
survey,polio,LA,1999,"1999 survey, ages 19 to 35 months",89.6,86.5,92.7,,survey,,
survey,polio,LA,2000,"2000 survey, ages 19 to 35 months",88.6,85.0,92.2,,survey,,
survey,polio,LA,2001,"2001 survey, ages 19 to 35 months",81.4,76.7,86.1,,survey,,
survey,polio,LA,2002,"2002 survey, ages 19 to 35 months",87.5,83.6,91.4,,survey,,
survey,polio,LA,2003,"2003 survey, ages 19 to 35 months",90.0,86.3,93.7,,survey,,
survey,polio,LA,2004,"2004 survey, ages 19 to 35 months",89.4,85.8,93.0,,survey,,
survey,polio,LA,2005,"2005 survey, ages 19 to 35 months",91.7,88.9,94.5,,survey,,
survey,polio,LA,2006,"2006 survey, ages 19 to 35 months",92.5,88.5,96.5,,survey,,
survey,polio,LA,2007,"2007 survey, ages 19 to 35 months",94.0,90.9,97.1,,survey,,
survey,polio,LA,2008,"2008 survey, ages 19 to 35 months",97.0,95.0,99.0,,survey,,
survey,polio,LA,2009,"2009 survey, ages 19 to 35 months",98.1,96.6,99.6,,survey,,
survey,polio,LA,2010,"2010 survey, ages 19 to 35 months",94.0,90.4,97.6,,survey,,
survey,polio,LA,2011,"2011 survey, ages 19 to 35 months",98.5,97.2,99.8,,survey,,
survey,polio,LA,2012,"2012 survey, ages 19 to 35 months",94.1,90.2,98.0,,survey,,
survey,polio,LA,2013,"2013 survey, ages 19 to 35 months",91.2,86.5,95.9,,survey,,
survey,polio,LA,2014,"2014 survey, ages 19 to 35 months",94.9,91.3,98.5,,survey,,
survey,polio,LA,2015,"2015 survey, ages 19 to 35 months",94.6,91.6,97.6,,survey,,
survey,polio,LA,2016,"2016 survey, ages 19 to 35 months",91.6,87.6,95.6,,survey,,
survey,polio,LA,2017,"2017 survey, ages 19 to 35 months",93.4,89.1,97.7,,survey,,
survey,polio,MA,1995,"1995 survey, ages 19 to 35 months",91.4,87.9,94.9,,survey,,
survey,polio,MA,1996,"1996 survey, ages 19 to 35 months",94.0,91.0,97.0,,survey,,
survey,polio,MA,1997,"1997 survey, ages 19 to 35 months",95.1,92.7,97.5,,survey,,
survey,polio,MA,1998,"1998 survey, ages 19 to 35 months",93.5,91.0,96.0,,survey,,
survey,polio,MA,1999,"1999 survey, ages 19 to 35 months",93.4,90.4,96.4,,survey,,
survey,polio,MA,2000,"2000 survey, ages 19 to 35 months",94.1,91.6,96.6,,survey,,
survey,polio,MA,2001,"2001 survey, ages 19 to 35 months",92.9,89.9,95.9,,survey,,
survey,polio,MA,2002,"2002 survey, ages 19 to 35 months",94.8,92.1,97.5,,survey,,
survey,polio,MA,2003,"2003 survey, ages 19 to 35 months",95.9,93.5,98.3,,survey,,
survey,polio,MA,2004,"2004 survey, ages 19 to 35 months",94.5,91.7,97.3,,survey,,
survey,polio,MA,2005,"2005 survey, ages 19 to 35 months",98.4,96.8,100.0,,survey,,
survey,polio,MA,2006,"2006 survey, ages 19 to 35 months",96.1,93.7,98.5,,survey,,
survey,polio,MA,2007,"2007 survey, ages 19 to 35 months",92.8,87.8,97.8,,survey,,
survey,polio,MA,2008,"2008 survey, ages 19 to 35 months",98.2,96.7,99.7,,survey,,
survey,polio,MA,2009,"2009 survey, ages 19 to 35 months",95.8,93.3,98.3,,survey,,
survey,polio,MA,2010,"2010 survey, ages 19 to 35 months",95.6,92.2,99.0,,survey,,
survey,polio,MA,2011,"2011 survey, ages 19 to 35 months",97.2,95.0,99.4,,survey,,
survey,polio,MA,2012,"2012 survey, ages 19 to 35 months",95.3,92.4,98.2,,survey,,
survey,polio,MA,2013,"2013 survey, ages 19 to 35 months",97.9,96.0,99.8,,survey,,
survey,polio,MA,2014,"2014 survey, ages 19 to 35 months",93.7,89.9,97.5,,survey,,
survey,polio,MA,2015,"2015 survey, ages 19 to 35 months",96.9,94.7,99.1,,survey,,
survey,polio,MA,2016,"2016 survey, ages 19 to 35 months",99.6,99.0,100.0,,survey,,
survey,polio,MA,2017,"2017 survey, ages 19 to 35 months",96.1,93.0,99.2,,survey,,
survey,polio,MD,1995,"1995 survey, ages 19 to 35 months",90.4,85.9,94.9,,survey,,
survey,polio,MD,1996,"1996 survey, ages 19 to 35 months",92.0,88.6,95.4,,survey,,
survey,polio,MD,1997,"1997 survey, ages 19 to 35 months",92.9,90.0,95.8,,survey,,
survey,polio,MD,1998,"1998 survey, ages 19 to 35 months",89.9,86.3,93.5,,survey,,
survey,polio,MD,1999,"1999 survey, ages 19 to 35 months",88.5,85.0,92.0,,survey,,
survey,polio,MD,2000,"2000 survey, ages 19 to 35 months",91.6,88.4,94.8,,survey,,
survey,polio,MD,2001,"2001 survey, ages 19 to 35 months",90.9,88.0,93.8,,survey,,
survey,polio,MD,2002,"2002 survey, ages 19 to 35 months",92.5,88.8,96.2,,survey,,
survey,polio,MD,2003,"2003 survey, ages 19 to 35 months",94.1,90.7,97.5,,survey,,
survey,polio,MD,2004,"2004 survey, ages 19 to 35 months",90.5,86.1,94.9,,survey,,
survey,polio,MD,2005,"2005 survey, ages 19 to 35 months",92.1,87.4,96.8,,survey,,
survey,polio,MD,2006,"2006 survey, ages 19 to 35 months",92.6,89.2,96.0,,survey,,
survey,polio,MD,2007,"2007 survey, ages 19 to 35 months",97.3,95.4,99.2,,survey,,
survey,polio,MD,2008,"2008 survey, ages 19 to 35 months",95.6,93.2,98.0,,survey,,
survey,polio,MD,2009,"2009 survey, ages 19 to 35 months",95.3,91.9,98.7,,survey,,
survey,polio,MD,2010,"2010 survey, ages 19 to 35 months",95.1,91.6,98.6,,survey,,
survey,polio,MD,2011,"2011 survey, ages 19 to 35 months",95.8,93.0,98.6,,survey,,
survey,polio,MD,2012,"2012 survey, ages 19 to 35 months",91.5,86.4,96.6,,survey,,
survey,polio,MD,2013,"2013 survey, ages 19 to 35 months",97.0,94.0,100.0,,survey,,
survey,polio,MD,2014,"2014 survey, ages 19 to 35 months",96.9,94.1,99.7,,survey,,
survey,polio,MD,2015,"2015 survey, ages 19 to 35 months",94.4,91.0,97.8,,survey,,
survey,polio,MD,2016,"2016 survey, ages 19 to 35 months",94.9,91.6,98.2,,survey,,
survey,polio,MD,2017,"2017 survey, ages 19 to 35 months",90.9,85.0,96.8,,survey,,
survey,polio,ME,1995,"1995 survey, ages 19 to 35 months",95.0,91.7,98.3,,survey,,
survey,polio,ME,1996,"1996 survey, ages 19 to 35 months",93.1,90.0,96.2,,survey,,
survey,polio,ME,1997,"1997 survey, ages 19 to 35 months",96.4,94.4,98.4,,survey,,
survey,polio,ME,1998,"1998 survey, ages 19 to 35 months",96.8,94.7,98.9,,survey,,
survey,polio,ME,1999,"1999 survey, ages 19 to 35 months",92.1,88.8,95.4,,survey,,
survey,polio,ME,2000,"2000 survey, ages 19 to 35 months",91.7,88.4,95.0,,survey,,
survey,polio,ME,2001,"2001 survey, ages 19 to 35 months",93.0,89.9,96.1,,survey,,
survey,polio,ME,2002,"2002 survey, ages 19 to 35 months",94.6,91.5,97.7,,survey,,
survey,polio,ME,2003,"2003 survey, ages 19 to 35 months",91.9,88.3,95.5,,survey,,
survey,polio,ME,2004,"2004 survey, ages 19 to 35 months",93.2,89.9,96.5,,survey,,
survey,polio,ME,2005,"2005 survey, ages 19 to 35 months",97.1,94.5,99.7,,survey,,
survey,polio,ME,2006,"2006 survey, ages 19 to 35 months",90.0,85.2,94.8,,survey,,
survey,polio,ME,2007,"2007 survey, ages 19 to 35 months",91.2,86.7,95.7,,survey,,
survey,polio,ME,2008,"2008 survey, ages 19 to 35 months",95.4,92.8,98.0,,survey,,
survey,polio,ME,2009,"2009 survey, ages 19 to 35 months",92.3,88.4,96.2,,survey,,
survey,polio,ME,2010,"2010 survey, ages 19 to 35 months",92.4,88.3,96.5,,survey,,
survey,polio,ME,2011,"2011 survey, ages 19 to 35 months",93.9,90.4,97.4,,survey,,
survey,polio,ME,2012,"2012 survey, ages 19 to 35 months",94.7,91.6,97.8,,survey,,
survey,polio,ME,2013,"2013 survey, ages 19 to 35 months",94.0,90.2,97.8,,survey,,
survey,polio,ME,2014,"2014 survey, ages 19 to 35 months",96.2,93.9,98.5,,survey,,
survey,polio,ME,2015,"2015 survey, ages 19 to 35 months",95.0,90.9,99.1,,survey,,
survey,polio,ME,2016,"2016 survey, ages 19 to 35 months",91.3,87.8,94.8,,survey,,
survey,polio,ME,2017,"2017 survey, ages 19 to 35 months",92.7,89.4,96.0,,survey,,
survey,polio,MI,1995,"1995 survey, ages 19 to 35 months",77.6,71.7,83.5,,survey,,
survey,polio,MI,1996,"1996 survey, ages 19 to 35 months",90.1,87.0,93.2,,survey,,
survey,polio,MI,1997,"1997 survey, ages 19 to 35 months",90.0,86.9,93.1,,survey,,
survey,polio,MI,1998,"1998 survey, ages 19 to 35 months",90.2,86.8,93.6,,survey,,
survey,polio,MI,1999,"1999 survey, ages 19 to 35 months",87.9,84.2,91.6,,survey,,
survey,polio,MI,2000,"2000 survey, ages 19 to 35 months",91.6,88.8,94.4,,survey,,
survey,polio,MI,2001,"2001 survey, ages 19 to 35 months",88.3,84.9,91.7,,survey,,
survey,polio,MI,2002,"2002 survey, ages 19 to 35 months",92.9,90.5,95.3,,survey,,
survey,polio,MI,2003,"2003 survey, ages 19 to 35 months",92.5,89.1,95.9,,survey,,
survey,polio,MI,2004,"2004 survey, ages 19 to 35 months",89.4,84.9,93.9,,survey,,
survey,polio,MI,2005,"2005 survey, ages 19 to 35 months",93.3,89.9,96.7,,survey,,
survey,polio,MI,2006,"2006 survey, ages 19 to 35 months",92.9,89.8,96.0,,survey,,
survey,polio,MI,2007,"2007 survey, ages 19 to 35 months",87.8,82.0,93.6,,survey,,
survey,polio,MI,2008,"2008 survey, ages 19 to 35 months",93.8,90.6,97.0,,survey,,
survey,polio,MI,2009,"2009 survey, ages 19 to 35 months",97.1,95.2,99.0,,survey,,
survey,polio,MI,2010,"2010 survey, ages 19 to 35 months",96.0,93.3,98.7,,survey,,
survey,polio,MI,2011,"2011 survey, ages 19 to 35 months",89.8,84.0,95.6,,survey,,
survey,polio,MI,2012,"2012 survey, ages 19 to 35 months",93.8,89.9,97.7,,survey,,
survey,polio,MI,2013,"2013 survey, ages 19 to 35 months",90.8,86.2,95.4,,survey,,
survey,polio,MI,2014,"2014 survey, ages 19 to 35 months",87.8,81.3,94.3,,survey,,
survey,polio,MI,2015,"2015 survey, ages 19 to 35 months",92.9,88.9,96.9,,survey,,
survey,polio,MI,2016,"2016 survey, ages 19 to 35 months",91.2,85.3,97.1,,survey,,
survey,polio,MI,2017,"2017 survey, ages 19 to 35 months",96.4,93.7,99.1,,survey,,
survey,polio,MN,1995,"1995 survey, ages 19 to 35 months",90.2,85.5,94.9,,survey,,
survey,polio,MN,1996,"1996 survey, ages 19 to 35 months",92.5,89.1,95.9,,survey,,
survey,polio,MN,1997,"1997 survey, ages 19 to 35 months",92.3,88.8,95.8,,survey,,
survey,polio,MN,1998,"1998 survey, ages 19 to 35 months",90.7,87.0,94.4,,survey,,
survey,polio,MN,1999,"1999 survey, ages 19 to 35 months",93.5,90.0,97.0,,survey,,
survey,polio,MN,2000,"2000 survey, ages 19 to 35 months",95.7,93.1,98.3,,survey,,
survey,polio,MN,2001,"2001 survey, ages 19 to 35 months",91.6,88.1,95.1,,survey,,
survey,polio,MN,2002,"2002 survey, ages 19 to 35 months",94.8,92.1,97.5,,survey,,
survey,polio,MN,2003,"2003 survey, ages 19 to 35 months",92.8,89.2,96.4,,survey,,
survey,polio,MN,2004,"2004 survey, ages 19 to 35 months",92.6,87.6,97.6,,survey,,
survey,polio,MN,2005,"2005 survey, ages 19 to 35 months",96.3,93.2,99.4,,survey,,
survey,polio,MN,2006,"2006 survey, ages 19 to 35 months",95.7,92.8,98.6,,survey,,
survey,polio,MN,2007,"2007 survey, ages 19 to 35 months",94.8,91.6,98.0,,survey,,
survey,polio,MN,2008,"2008 survey, ages 19 to 35 months",96.0,93.8,98.2,,survey,,
survey,polio,MN,2009,"2009 survey, ages 19 to 35 months",95.4,93.0,97.8,,survey,,
survey,polio,MN,2010,"2010 survey, ages 19 to 35 months",93.7,90.1,97.3,,survey,,
survey,polio,MN,2011,"2011 survey, ages 19 to 35 months",96.1,92.7,99.5,,survey,,
survey,polio,MN,2012,"2012 survey, ages 19 to 35 months",95.3,92.4,98.2,,survey,,
survey,polio,MN,2013,"2013 survey, ages 19 to 35 months",94.8,91.0,98.6,,survey,,
survey,polio,MN,2014,"2014 survey, ages 19 to 35 months",95.2,91.2,99.2,,survey,,
survey,polio,MN,2015,"2015 survey, ages 19 to 35 months",94.5,91.4,97.6,,survey,,
survey,polio,MN,2016,"2016 survey, ages 19 to 35 months",95.7,92.4,99.0,,survey,,
survey,polio,MN,2017,"2017 survey, ages 19 to 35 months",96.2,93.4,99.0,,survey,,
survey,polio,MO,1995,"1995 survey, ages 19 to 35 months",90.0,85.4,94.6,,survey,,
survey,polio,MO,1996,"1996 survey, ages 19 to 35 months",89.6,85.0,94.2,,survey,,
survey,polio,MO,1997,"1997 survey, ages 19 to 35 months",91.1,87.3,94.9,,survey,,
survey,polio,MO,1998,"1998 survey, ages 19 to 35 months",96.6,94.6,98.6,,survey,,
survey,polio,MO,1999,"1999 survey, ages 19 to 35 months",83.5,79.0,88.0,,survey,,
survey,polio,MO,2000,"2000 survey, ages 19 to 35 months",89.7,85.8,93.6,,survey,,
survey,polio,MO,2001,"2001 survey, ages 19 to 35 months",89.7,85.7,93.7,,survey,,
survey,polio,MO,2002,"2002 survey, ages 19 to 35 months",86.5,81.3,91.7,,survey,,
survey,polio,MO,2003,"2003 survey, ages 19 to 35 months",92.5,89.0,96.0,,survey,,
survey,polio,MO,2004,"2004 survey, ages 19 to 35 months",92.1,87.8,96.4,,survey,,
survey,polio,MO,2005,"2005 survey, ages 19 to 35 months",94.4,92.1,96.7,,survey,,
survey,polio,MO,2006,"2006 survey, ages 19 to 35 months",97.8,95.9,99.7,,survey,,
survey,polio,MO,2007,"2007 survey, ages 19 to 35 months",94.5,91.0,98.0,,survey,,
survey,polio,MO,2008,"2008 survey, ages 19 to 35 months",91.7,87.6,95.8,,survey,,
survey,polio,MO,2009,"2009 survey, ages 19 to 35 months",87.5,82.0,93.0,,survey,,
survey,polio,MO,2010,"2010 survey, ages 19 to 35 months",89.9,86.1,93.7,,survey,,
survey,polio,MO,2011,"2011 survey, ages 19 to 35 months",89.3,85.1,93.5,,survey,,
survey,polio,MO,2012,"2012 survey, ages 19 to 35 months",93.0,88.5,97.5,,survey,,
survey,polio,MO,2013,"2013 survey, ages 19 to 35 months",91.0,86.3,95.7,,survey,,
survey,polio,MO,2014,"2014 survey, ages 19 to 35 months",96.2,93.0,99.4,,survey,,
survey,polio,MO,2015,"2015 survey, ages 19 to 35 months",90.8,85.8,95.8,,survey,,
survey,polio,MO,2016,"2016 survey, ages 19 to 35 months",93.9,90.6,97.2,,survey,,
survey,polio,MO,2017,"2017 survey, ages 19 to 35 months",89.3,84.1,94.5,,survey,,
survey,polio,MS,1995,"1995 survey, ages 19 to 35 months",89.7,84.7,94.7,,survey,,
survey,polio,MS,1996,"1996 survey, ages 19 to 35 months",92.2,88.8,95.6,,survey,,
survey,polio,MS,1997,"1997 survey, ages 19 to 35 months",92.2,87.6,96.8,,survey,,
survey,polio,MS,1998,"1998 survey, ages 19 to 35 months",91.8,88.0,95.6,,survey,,
survey,polio,MS,1999,"1999 survey, ages 19 to 35 months",88.8,84.3,93.3,,survey,,
survey,polio,MS,2000,"2000 survey, ages 19 to 35 months",91.9,88.5,95.3,,survey,,
survey,polio,MS,2001,"2001 survey, ages 19 to 35 months",92.8,89.4,96.2,,survey,,
survey,polio,MS,2002,"2002 survey, ages 19 to 35 months",91.0,86.8,95.2,,survey,,
survey,polio,MS,2003,"2003 survey, ages 19 to 35 months",93.7,89.8,97.6,,survey,,
survey,polio,MS,2004,"2004 survey, ages 19 to 35 months",92.8,88.3,97.3,,survey,,
survey,polio,MS,2005,"2005 survey, ages 19 to 35 months",94.8,91.6,98.0,,survey,,
survey,polio,MS,2006,"2006 survey, ages 19 to 35 months",93.8,90.5,97.1,,survey,,
survey,polio,MS,2007,"2007 survey, ages 19 to 35 months",90.9,85.8,96.0,,survey,,
survey,polio,MS,2008,"2008 survey, ages 19 to 35 months",93.7,90.6,96.8,,survey,,
survey,polio,MS,2009,"2009 survey, ages 19 to 35 months",94.8,92.0,97.6,,survey,,
survey,polio,MS,2010,"2010 survey, ages 19 to 35 months",95.7,93.2,98.2,,survey,,
survey,polio,MS,2011,"2011 survey, ages 19 to 35 months",91.9,87.1,96.7,,survey,,
survey,polio,MS,2012,"2012 survey, ages 19 to 35 months",94.6,90.3,98.9,,survey,,
survey,polio,MS,2013,"2013 survey, ages 19 to 35 months",94.9,91.2,98.6,,survey,,
survey,polio,MS,2014,"2014 survey, ages 19 to 35 months",95.4,91.2,99.6,,survey,,
survey,polio,MS,2015,"2015 survey, ages 19 to 35 months",92.0,86.7,97.3,,survey,,
survey,polio,MS,2016,"2016 survey, ages 19 to 35 months",91.0,86.7,95.3,,survey,,
survey,polio,MS,2017,"2017 survey, ages 19 to 35 months",94.1,90.4,97.8,,survey,,
survey,polio,MT,1995,"1995 survey, ages 19 to 35 months",83.0,77.6,88.4,,survey,,
survey,polio,MT,1996,"1996 survey, ages 19 to 35 months",89.0,85.3,92.7,,survey,,
survey,polio,MT,1997,"1997 survey, ages 19 to 35 months",90.6,87.0,94.2,,survey,,
survey,polio,MT,1998,"1998 survey, ages 19 to 35 months",92.4,89.3,95.5,,survey,,
survey,polio,MT,1999,"1999 survey, ages 19 to 35 months",92.8,89.6,96.0,,survey,,
survey,polio,MT,2000,"2000 survey, ages 19 to 35 months",90.9,87.2,94.6,,survey,,
survey,polio,MT,2001,"2001 survey, ages 19 to 35 months",89.6,85.9,93.3,,survey,,
survey,polio,MT,2002,"2002 survey, ages 19 to 35 months",83.6,77.9,89.3,,survey,,
survey,polio,MT,2003,"2003 survey, ages 19 to 35 months",89.3,85.2,93.4,,survey,,
survey,polio,MT,2004,"2004 survey, ages 19 to 35 months",89.2,84.9,93.5,,survey,,
survey,polio,MT,2005,"2005 survey, ages 19 to 35 months",95.3,92.6,98.0,,survey,,
survey,polio,MT,2006,"2006 survey, ages 19 to 35 months",89.1,84.3,93.9,,survey,,
survey,polio,MT,2007,"2007 survey, ages 19 to 35 months",90.2,85.7,94.7,,survey,,
survey,polio,MT,2008,"2008 survey, ages 19 to 35 months",88.5,83.4,93.6,,survey,,
survey,polio,MT,2009,"2009 survey, ages 19 to 35 months",89.6,85.3,93.9,,survey,,
survey,polio,MT,2010,"2010 survey, ages 19 to 35 months",84.3,78.9,89.7,,survey,,
survey,polio,MT,2011,"2011 survey, ages 19 to 35 months",85.9,79.1,92.7,,survey,,
survey,polio,MT,2012,"2012 survey, ages 19 to 35 months",92.5,88.6,96.4,,survey,,
survey,polio,MT,2013,"2013 survey, ages 19 to 35 months",92.7,89.0,96.4,,survey,,
survey,polio,MT,2014,"2014 survey, ages 19 to 35 months",94.9,91.1,98.7,,survey,,
survey,polio,MT,2015,"2015 survey, ages 19 to 35 months",91.1,87.2,95.0,,survey,,
survey,polio,MT,2016,"2016 survey, ages 19 to 35 months",88.4,83.2,93.6,,survey,,
survey,polio,MT,2017,"2017 survey, ages 19 to 35 months",92.7,88.5,96.9,,survey,,
survey,polio,NC,1995,"1995 survey, ages 19 to 35 months",93.2,89.3,97.1,,survey,,
survey,polio,NC,1996,"1996 survey, ages 19 to 35 months",93.8,90.4,97.2,,survey,,
survey,polio,NC,1997,"1997 survey, ages 19 to 35 months",96.2,93.8,98.6,,survey,,
survey,polio,NC,1998,"1998 survey, ages 19 to 35 months",93.7,90.7,96.7,,survey,,
survey,polio,NC,1999,"1999 survey, ages 19 to 35 months",87.6,83.3,91.9,,survey,,
survey,polio,NC,2000,"2000 survey, ages 19 to 35 months",94.4,91.7,97.1,,survey,,
survey,polio,NC,2001,"2001 survey, ages 19 to 35 months",93.1,89.7,96.5,,survey,,
survey,polio,NC,2002,"2002 survey, ages 19 to 35 months",93.9,90.6,97.2,,survey,,
survey,polio,NC,2003,"2003 survey, ages 19 to 35 months",94.1,90.8,97.4,,survey,,
survey,polio,NC,2004,"2004 survey, ages 19 to 35 months",92.5,88.3,96.7,,survey,,
survey,polio,NC,2005,"2005 survey, ages 19 to 35 months",94.5,90.9,98.1,,survey,,
survey,polio,NC,2006,"2006 survey, ages 19 to 35 months",94.9,90.9,98.9,,survey,,
survey,polio,NC,2007,"2007 survey, ages 19 to 35 months",93.2,89.9,96.5,,survey,,
survey,polio,NC,2008,"2008 survey, ages 19 to 35 months",94.6,91.4,97.8,,survey,,
survey,polio,NC,2009,"2009 survey, ages 19 to 35 months",92.9,88.9,96.9,,survey,,
survey,polio,NC,2010,"2010 survey, ages 19 to 35 months",96.9,94.6,99.2,,survey,,
survey,polio,NC,2011,"2011 survey, ages 19 to 35 months",93.5,88.5,98.5,,survey,,
survey,polio,NC,2012,"2012 survey, ages 19 to 35 months",92.8,89.0,96.6,,survey,,
survey,polio,NC,2013,"2013 survey, ages 19 to 35 months",95.9,92.6,99.2,,survey,,
survey,polio,NC,2014,"2014 survey, ages 19 to 35 months",96.5,93.0,100.0,,survey,,
survey,polio,NC,2015,"2015 survey, ages 19 to 35 months",94.1,90.3,97.9,,survey,,
survey,polio,NC,2016,"2016 survey, ages 19 to 35 months",91.0,85.9,96.1,,survey,,
survey,polio,NC,2017,"2017 survey, ages 19 to 35 months",91.1,86.3,95.9,,survey,,
survey,polio,ND,1995,"1995 survey, ages 19 to 35 months",91.1,86.8,95.4,,survey,,
survey,polio,ND,1996,"1996 survey, ages 19 to 35 months",92.7,89.5,95.9,,survey,,
survey,polio,ND,1997,"1997 survey, ages 19 to 35 months",92.3,88.9,95.7,,survey,,
survey,polio,ND,1998,"1998 survey, ages 19 to 35 months",89.4,85.6,93.2,,survey,,
survey,polio,ND,1999,"1999 survey, ages 19 to 35 months",89.6,85.8,93.4,,survey,,
survey,polio,ND,2000,"2000 survey, ages 19 to 35 months",91.4,87.9,94.9,,survey,,
survey,polio,ND,2001,"2001 survey, ages 19 to 35 months",92.6,89.5,95.7,,survey,,
survey,polio,ND,2002,"2002 survey, ages 19 to 35 months",90.7,85.1,96.3,,survey,,
survey,polio,ND,2003,"2003 survey, ages 19 to 35 months",88.8,83.9,93.7,,survey,,
survey,polio,ND,2004,"2004 survey, ages 19 to 35 months",91.5,88.0,95.0,,survey,,
survey,polio,ND,2005,"2005 survey, ages 19 to 35 months",96.6,94.0,99.2,,survey,,
survey,polio,ND,2006,"2006 survey, ages 19 to 35 months",93.1,89.5,96.7,,survey,,
survey,polio,ND,2007,"2007 survey, ages 19 to 35 months",97.8,96.1,99.5,,survey,,
survey,polio,ND,2008,"2008 survey, ages 19 to 35 months",95.1,92.5,97.7,,survey,,
survey,polio,ND,2009,"2009 survey, ages 19 to 35 months",96.5,93.8,99.2,,survey,,
survey,polio,ND,2010,"2010 survey, ages 19 to 35 months",96.1,93.3,98.9,,survey,,
survey,polio,ND,2011,"2011 survey, ages 19 to 35 months",93.5,88.6,98.4,,survey,,
survey,polio,ND,2012,"2012 survey, ages 19 to 35 months",93.3,88.2,98.4,,survey,,
survey,polio,ND,2013,"2013 survey, ages 19 to 35 months",91.5,87.6,95.4,,survey,,
survey,polio,ND,2014,"2014 survey, ages 19 to 35 months",93.7,89.7,97.7,,survey,,
survey,polio,ND,2015,"2015 survey, ages 19 to 35 months",96.7,94.5,98.9,,survey,,
survey,polio,ND,2016,"2016 survey, ages 19 to 35 months",90.0,85.1,94.9,,survey,,
survey,polio,ND,2017,"2017 survey, ages 19 to 35 months",96.2,93.6,98.8,,survey,,
survey,polio,NE,1995,"1995 survey, ages 19 to 35 months",86.6,81.2,92.0,,survey,,
survey,polio,NE,1996,"1996 survey, ages 19 to 35 months",94.1,91.2,97.0,,survey,,
survey,polio,NE,1997,"1997 survey, ages 19 to 35 months",89.5,85.7,93.3,,survey,,
survey,polio,NE,1998,"1998 survey, ages 19 to 35 months",89.4,85.7,93.1,,survey,,
survey,polio,NE,1999,"1999 survey, ages 19 to 35 months",91.7,88.4,95.0,,survey,,
survey,polio,NE,2000,"2000 survey, ages 19 to 35 months",89.4,85.5,93.3,,survey,,
survey,polio,NE,2001,"2001 survey, ages 19 to 35 months",88.9,85.1,92.7,,survey,,
survey,polio,NE,2002,"2002 survey, ages 19 to 35 months",92.1,88.2,96.0,,survey,,
survey,polio,NE,2003,"2003 survey, ages 19 to 35 months",91.2,87.0,95.4,,survey,,
survey,polio,NE,2004,"2004 survey, ages 19 to 35 months",93.4,90.2,96.6,,survey,,
survey,polio,NE,2005,"2005 survey, ages 19 to 35 months",95.7,92.8,98.6,,survey,,
survey,polio,NE,2006,"2006 survey, ages 19 to 35 months",92.7,88.6,96.8,,survey,,
survey,polio,NE,2007,"2007 survey, ages 19 to 35 months",95.9,92.9,98.9,,survey,,
survey,polio,NE,2008,"2008 survey, ages 19 to 35 months",92.5,88.8,96.2,,survey,,
survey,polio,NE,2009,"2009 survey, ages 19 to 35 months",94.4,91.5,97.3,,survey,,
survey,polio,NE,2010,"2010 survey, ages 19 to 35 months",93.7,89.7,97.7,,survey,,
survey,polio,NE,2011,"2011 survey, ages 19 to 35 months",98.1,96.8,99.4,,survey,,
survey,polio,NE,2012,"2012 survey, ages 19 to 35 months",95.4,92.8,98.0,,survey,,
survey,polio,NE,2013,"2013 survey, ages 19 to 35 months",95.9,93.5,98.3,,survey,,
survey,polio,NE,2014,"2014 survey, ages 19 to 35 months",96.4,93.6,99.2,,survey,,
survey,polio,NE,2015,"2015 survey, ages 19 to 35 months",97.4,95.4,99.4,,survey,,
survey,polio,NE,2016,"2016 survey, ages 19 to 35 months",94.0,89.6,98.4,,survey,,
survey,polio,NE,2017,"2017 survey, ages 19 to 35 months",94.8,91.7,97.9,,survey,,
survey,polio,NH,1995,"1995 survey, ages 19 to 35 months",95.0,92.1,97.9,,survey,,
survey,polio,NH,1996,"1996 survey, ages 19 to 35 months",90.9,87.3,94.5,,survey,,
survey,polio,NH,1997,"1997 survey, ages 19 to 35 months",94.5,91.7,97.3,,survey,,
survey,polio,NH,1998,"1998 survey, ages 19 to 35 months",92.3,89.0,95.6,,survey,,
survey,polio,NH,1999,"1999 survey, ages 19 to 35 months",92.9,89.5,96.3,,survey,,
survey,polio,NH,2000,"2000 survey, ages 19 to 35 months",92.8,89.8,95.8,,survey,,
survey,polio,NH,2001,"2001 survey, ages 19 to 35 months",94.4,91.8,97.0,,survey,,
survey,polio,NH,2002,"2002 survey, ages 19 to 35 months",96.7,94.5,98.9,,survey,,
survey,polio,NH,2003,"2003 survey, ages 19 to 35 months",94.4,91.4,97.4,,survey,,
survey,polio,NH,2004,"2004 survey, ages 19 to 35 months",94.3,90.6,98.0,,survey,,
survey,polio,NH,2005,"2005 survey, ages 19 to 35 months",95.1,92.1,98.1,,survey,,
survey,polio,NH,2006,"2006 survey, ages 19 to 35 months",93.2,89.3,97.1,,survey,,
survey,polio,NH,2007,"2007 survey, ages 19 to 35 months",97.6,95.4,99.8,,survey,,
survey,polio,NH,2008,"2008 survey, ages 19 to 35 months",95.0,92.1,97.9,,survey,,
survey,polio,NH,2009,"2009 survey, ages 19 to 35 months",93.8,90.4,97.2,,survey,,
survey,polio,NH,2010,"2010 survey, ages 19 to 35 months",97.8,95.8,99.8,,survey,,
survey,polio,NH,2011,"2011 survey, ages 19 to 35 months",94.4,90.9,97.9,,survey,,
survey,polio,NH,2012,"2012 survey, ages 19 to 35 months",96.2,93.6,98.8,,survey,,
survey,polio,NH,2013,"2013 survey, ages 19 to 35 months",97.2,95.0,99.4,,survey,,
survey,polio,NH,2014,"2014 survey, ages 19 to 35 months",94.8,91.2,98.4,,survey,,
survey,polio,NH,2015,"2015 survey, ages 19 to 35 months",96.9,94.3,99.5,,survey,,
survey,polio,NH,2016,"2016 survey, ages 19 to 35 months",97.7,95.8,99.6,,survey,,
survey,polio,NH,2017,"2017 survey, ages 19 to 35 months",97.9,95.9,99.9,,survey,,
survey,polio,NJ,1995,"1995 survey, ages 19 to 35 months",88.4,83.2,93.6,,survey,,
survey,polio,NJ,1996,"1996 survey, ages 19 to 35 months",89.0,84.6,93.4,,survey,,
survey,polio,NJ,1997,"1997 survey, ages 19 to 35 months",92.2,88.9,95.5,,survey,,
survey,polio,NJ,1998,"1998 survey, ages 19 to 35 months",94.5,91.8,97.2,,survey,,
survey,polio,NJ,1999,"1999 survey, ages 19 to 35 months",90.3,86.4,94.2,,survey,,
survey,polio,NJ,2000,"2000 survey, ages 19 to 35 months",87.7,84.1,91.3,,survey,,
survey,polio,NJ,2001,"2001 survey, ages 19 to 35 months",88.4,84.4,92.4,,survey,,
survey,polio,NJ,2002,"2002 survey, ages 19 to 35 months",90.6,86.9,94.3,,survey,,
survey,polio,NJ,2003,"2003 survey, ages 19 to 35 months",87.4,82.9,91.9,,survey,,
survey,polio,NJ,2004,"2004 survey, ages 19 to 35 months",91.3,87.7,94.9,,survey,,
survey,polio,NJ,2005,"2005 survey, ages 19 to 35 months",86.4,81.3,91.5,,survey,,
survey,polio,NJ,2006,"2006 survey, ages 19 to 35 months",92.7,89.1,96.3,,survey,,
survey,polio,NJ,2007,"2007 survey, ages 19 to 35 months",92.6,88.2,97.0,,survey,,
survey,polio,NJ,2008,"2008 survey, ages 19 to 35 months",89.6,85.1,94.1,,survey,,
survey,polio,NJ,2009,"2009 survey, ages 19 to 35 months",93.5,90.0,97.0,,survey,,
survey,polio,NJ,2010,"2010 survey, ages 19 to 35 months",91.2,86.6,95.8,,survey,,
survey,polio,NJ,2011,"2011 survey, ages 19 to 35 months",93.6,90.6,96.6,,survey,,
survey,polio,NJ,2012,"2012 survey, ages 19 to 35 months",91.4,87.7,95.1,,survey,,
survey,polio,NJ,2013,"2013 survey, ages 19 to 35 months",91.8,87.3,96.3,,survey,,
survey,polio,NJ,2014,"2014 survey, ages 19 to 35 months",94.2,90.8,97.6,,survey,,
survey,polio,NJ,2015,"2015 survey, ages 19 to 35 months",93.1,89.1,97.1,,survey,,
survey,polio,NJ,2016,"2016 survey, ages 19 to 35 months",93.3,89.2,97.4,,survey,,
survey,polio,NJ,2017,"2017 survey, ages 19 to 35 months",92.5,89.0,96.0,,survey,,
survey,polio,NM,1995,"1995 survey, ages 19 to 35 months",88.0,82.6,93.4,,survey,,
survey,polio,NM,1996,"1996 survey, ages 19 to 35 months",90.9,86.6,95.2,,survey,,
survey,polio,NM,1997,"1997 survey, ages 19 to 35 months",86.4,81.4,91.4,,survey,,
survey,polio,NM,1998,"1998 survey, ages 19 to 35 months",84.8,79.6,90.0,,survey,,
survey,polio,NM,1999,"1999 survey, ages 19 to 35 months",88.2,83.5,92.9,,survey,,
survey,polio,NM,2000,"2000 survey, ages 19 to 35 months",86.6,82.3,90.9,,survey,,
survey,polio,NM,2001,"2001 survey, ages 19 to 35 months",84.3,80.1,88.5,,survey,,
survey,polio,NM,2002,"2002 survey, ages 19 to 35 months",85.9,80.7,91.1,,survey,,
survey,polio,NM,2003,"2003 survey, ages 19 to 35 months",86.2,81.1,91.3,,survey,,
survey,polio,NM,2004,"2004 survey, ages 19 to 35 months",92.0,88.1,95.9,,survey,,
survey,polio,NM,2005,"2005 survey, ages 19 to 35 months",91.6,87.5,95.7,,survey,,
survey,polio,NM,2006,"2006 survey, ages 19 to 35 months",88.5,84.8,92.2,,survey,,
survey,polio,NM,2007,"2007 survey, ages 19 to 35 months",89.7,84.3,95.1,,survey,,
survey,polio,NM,2008,"2008 survey, ages 19 to 35 months",91.3,86.7,95.9,,survey,,
survey,polio,NM,2009,"2009 survey, ages 19 to 35 months",90.0,86.1,93.9,,survey,,
survey,polio,NM,2010,"2010 survey, ages 19 to 35 months",91.1,87.6,94.6,,survey,,
survey,polio,NM,2011,"2011 survey, ages 19 to 35 months",93.8,90.5,97.1,,survey,,
survey,polio,NM,2012,"2012 survey, ages 19 to 35 months",94.5,91.5,97.5,,survey,,
survey,polio,NM,2013,"2013 survey, ages 19 to 35 months",87.6,82.5,92.7,,survey,,
survey,polio,NM,2014,"2014 survey, ages 19 to 35 months",94.7,91.9,97.5,,survey,,
survey,polio,NM,2015,"2015 survey, ages 19 to 35 months",93.7,90.0,97.4,,survey,,
survey,polio,NM,2016,"2016 survey, ages 19 to 35 months",92.0,88.4,95.6,,survey,,
survey,polio,NM,2017,"2017 survey, ages 19 to 35 months",93.4,89.5,97.3,,survey,,
survey,polio,NV,1995,"1995 survey, ages 19 to 35 months",87.0,82.1,91.9,,survey,,
survey,polio,NV,1996,"1996 survey, ages 19 to 35 months",83.9,78.1,89.7,,survey,,
survey,polio,NV,1997,"1997 survey, ages 19 to 35 months",87.3,82.8,91.8,,survey,,
survey,polio,NV,1998,"1998 survey, ages 19 to 35 months",90.3,86.0,94.6,,survey,,
survey,polio,NV,1999,"1999 survey, ages 19 to 35 months",85.5,81.0,90.0,,survey,,
survey,polio,NV,2000,"2000 survey, ages 19 to 35 months",87.3,83.4,91.2,,survey,,
survey,polio,NV,2001,"2001 survey, ages 19 to 35 months",86.0,81.1,90.9,,survey,,
survey,polio,NV,2002,"2002 survey, ages 19 to 35 months",88.5,83.7,93.3,,survey,,
survey,polio,NV,2003,"2003 survey, ages 19 to 35 months",87.3,82.7,91.9,,survey,,
survey,polio,NV,2004,"2004 survey, ages 19 to 35 months",88.4,84.3,92.5,,survey,,
survey,polio,NV,2005,"2005 survey, ages 19 to 35 months",86.3,81.9,90.7,,survey,,
survey,polio,NV,2006,"2006 survey, ages 19 to 35 months",85.8,80.8,90.8,,survey,,
survey,polio,NV,2007,"2007 survey, ages 19 to 35 months",84.8,78.8,90.8,,survey,,
survey,polio,NV,2008,"2008 survey, ages 19 to 35 months",89.9,85.7,94.1,,survey,,
survey,polio,NV,2009,"2009 survey, ages 19 to 35 months",85.8,81.0,90.6,,survey,,
survey,polio,NV,2010,"2010 survey, ages 19 to 35 months",89.9,85.4,94.4,,survey,,
survey,polio,NV,2011,"2011 survey, ages 19 to 35 months",94.8,91.2,98.4,,survey,,
survey,polio,NV,2012,"2012 survey, ages 19 to 35 months",92.1,88.9,95.3,,survey,,
survey,polio,NV,2013,"2013 survey, ages 19 to 35 months",92.0,88.6,95.4,,survey,,
survey,polio,NV,2014,"2014 survey, ages 19 to 35 months",90.4,86.3,94.5,,survey,,
survey,polio,NV,2015,"2015 survey, ages 19 to 35 months",92.3,88.2,96.4,,survey,,
survey,polio,NV,2016,"2016 survey, ages 19 to 35 months",90.4,85.6,95.2,,survey,,
survey,polio,NV,2017,"2017 survey, ages 19 to 35 months",94.1,91.1,97.1,,survey,,
survey,polio,NY,1995,"1995 survey, ages 19 to 35 months",90.8,87.3,94.3,,survey,,
survey,polio,NY,1996,"1996 survey, ages 19 to 35 months",93.5,90.9,96.1,,survey,,
survey,polio,NY,1997,"1997 survey, ages 19 to 35 months",90.7,87.7,93.7,,survey,,
survey,polio,NY,1998,"1998 survey, ages 19 to 35 months",92.6,90.0,95.2,,survey,,
survey,polio,NY,1999,"1999 survey, ages 19 to 35 months",91.4,89.0,93.8,,survey,,
survey,polio,NY,2000,"2000 survey, ages 19 to 35 months",89.6,87.0,92.2,,survey,,
survey,polio,NY,2001,"2001 survey, ages 19 to 35 months",89.3,86.3,92.3,,survey,,
survey,polio,NY,2002,"2002 survey, ages 19 to 35 months",91.0,88.1,93.9,,survey,,
survey,polio,NY,2003,"2003 survey, ages 19 to 35 months",91.3,88.5,94.1,,survey,,
survey,polio,NY,2004,"2004 survey, ages 19 to 35 months",92.5,89.6,95.4,,survey,,
survey,polio,NY,2005,"2005 survey, ages 19 to 35 months",92.0,88.7,95.3,,survey,,
survey,polio,NY,2006,"2006 survey, ages 19 to 35 months",93.5,91.3,95.7,,survey,,
survey,polio,NY,2007,"2007 survey, ages 19 to 35 months",93.6,91.2,96.0,,survey,,
survey,polio,NY,2008,"2008 survey, ages 19 to 35 months",94.6,92.4,96.8,,survey,,
survey,polio,NY,2009,"2009 survey, ages 19 to 35 months",92.8,90.1,95.5,,survey,,
survey,polio,NY,2010,"2010 survey, ages 19 to 35 months",90.9,87.5,94.3,,survey,,
survey,polio,NY,2011,"2011 survey, ages 19 to 35 months",92.6,89.9,95.3,,survey,,
survey,polio,NY,2012,"2012 survey, ages 19 to 35 months",93.5,91.1,95.9,,survey,,
survey,polio,NY,2013,"2013 survey, ages 19 to 35 months",95.8,93.5,98.1,,survey,,
survey,polio,NY,2014,"2014 survey, ages 19 to 35 months",93.7,91.0,96.4,,survey,,
survey,polio,NY,2015,"2015 survey, ages 19 to 35 months",94.9,92.9,96.9,,survey,,
survey,polio,NY,2016,"2016 survey, ages 19 to 35 months",94.8,92.7,96.9,,survey,,
survey,polio,NY,2017,"2017 survey, ages 19 to 35 months",93.3,90.8,95.8,,survey,,
survey,polio,OH,1995,"1995 survey, ages 19 to 35 months",85.2,81.0,89.4,,survey,,
survey,polio,OH,1996,"1996 survey, ages 19 to 35 months",90.8,88.0,93.6,,survey,,
survey,polio,OH,1997,"1997 survey, ages 19 to 35 months",88.8,85.5,92.1,,survey,,
survey,polio,OH,1998,"1998 survey, ages 19 to 35 months",91.0,88.4,93.6,,survey,,
survey,polio,OH,1999,"1999 survey, ages 19 to 35 months",88.1,84.9,91.3,,survey,,
survey,polio,OH,2000,"2000 survey, ages 19 to 35 months",90.1,87.2,93.0,,survey,,
survey,polio,OH,2001,"2001 survey, ages 19 to 35 months",90.0,87.2,92.8,,survey,,
survey,polio,OH,2002,"2002 survey, ages 19 to 35 months",87.1,83.4,90.8,,survey,,
survey,polio,OH,2003,"2003 survey, ages 19 to 35 months",92.2,89.2,95.2,,survey,,
survey,polio,OH,2004,"2004 survey, ages 19 to 35 months",90.6,86.5,94.7,,survey,,
survey,polio,OH,2005,"2005 survey, ages 19 to 35 months",93.2,90.2,96.2,,survey,,
survey,polio,OH,2006,"2006 survey, ages 19 to 35 months",91.5,88.1,94.9,,survey,,
survey,polio,OH,2007,"2007 survey, ages 19 to 35 months",93.6,90.3,96.9,,survey,,
survey,polio,OH,2008,"2008 survey, ages 19 to 35 months",96.5,94.4,98.6,,survey,,
survey,polio,OH,2009,"2009 survey, ages 19 to 35 months",92.6,89.4,95.8,,survey,,
survey,polio,OH,2010,"2010 survey, ages 19 to 35 months",94.9,91.8,98.0,,survey,,
survey,polio,OH,2011,"2011 survey, ages 19 to 35 months",94.7,91.1,98.3,,survey,,
survey,polio,OH,2012,"2012 survey, ages 19 to 35 months",92.5,88.0,97.0,,survey,,
survey,polio,OH,2013,"2013 survey, ages 19 to 35 months",90.4,84.9,95.9,,survey,,
survey,polio,OH,2014,"2014 survey, ages 19 to 35 months",94.6,91.4,97.8,,survey,,
survey,polio,OH,2015,"2015 survey, ages 19 to 35 months",91.8,87.3,96.3,,survey,,
survey,polio,OH,2016,"2016 survey, ages 19 to 35 months",86.6,80.7,92.5,,survey,,
survey,polio,OH,2017,"2017 survey, ages 19 to 35 months",88.2,84.0,92.4,,survey,,
survey,polio,OK,1995,"1995 survey, ages 19 to 35 months",88.2,82.8,93.6,,survey,,
survey,polio,OK,1996,"1996 survey, ages 19 to 35 months",89.8,84.9,94.7,,survey,,
survey,polio,OK,1997,"1997 survey, ages 19 to 35 months",90.4,86.4,94.4,,survey,,
survey,polio,OK,1998,"1998 survey, ages 19 to 35 months",93.5,89.7,97.3,,survey,,
survey,polio,OK,1999,"1999 survey, ages 19 to 35 months",88.6,84.5,92.7,,survey,,
survey,polio,OK,2000,"2000 survey, ages 19 to 35 months",84.5,79.7,89.3,,survey,,
survey,polio,OK,2001,"2001 survey, ages 19 to 35 months",86.7,82.1,91.3,,survey,,
survey,polio,OK,2002,"2002 survey, ages 19 to 35 months",86.6,81.2,92.0,,survey,,
survey,polio,OK,2003,"2003 survey, ages 19 to 35 months",86.0,79.9,92.1,,survey,,
survey,polio,OK,2004,"2004 survey, ages 19 to 35 months",87.6,82.7,92.5,,survey,,
survey,polio,OK,2005,"2005 survey, ages 19 to 35 months",90.9,86.8,95.0,,survey,,
survey,polio,OK,2006,"2006 survey, ages 19 to 35 months",94.6,91.3,97.9,,survey,,
survey,polio,OK,2007,"2007 survey, ages 19 to 35 months",92.3,88.5,96.1,,survey,,
survey,polio,OK,2008,"2008 survey, ages 19 to 35 months",88.4,82.8,94.0,,survey,,
survey,polio,OK,2009,"2009 survey, ages 19 to 35 months",93.4,90.5,96.3,,survey,,
survey,polio,OK,2010,"2010 survey, ages 19 to 35 months",89.8,84.6,95.0,,survey,,
survey,polio,OK,2011,"2011 survey, ages 19 to 35 months",93.8,90.6,97.0,,survey,,
survey,polio,OK,2012,"2012 survey, ages 19 to 35 months",95.3,92.6,98.0,,survey,,
survey,polio,OK,2013,"2013 survey, ages 19 to 35 months",92.1,88.7,95.5,,survey,,
survey,polio,OK,2014,"2014 survey, ages 19 to 35 months",93.6,88.9,98.3,,survey,,
survey,polio,OK,2015,"2015 survey, ages 19 to 35 months",92.4,87.4,97.4,,survey,,
survey,polio,OK,2016,"2016 survey, ages 19 to 35 months",89.0,83.6,94.4,,survey,,
survey,polio,OK,2017,"2017 survey, ages 19 to 35 months",92.7,88.7,96.7,,survey,,
survey,polio,OR,1995,"1995 survey, ages 19 to 35 months",84.0,78.7,89.3,,survey,,
survey,polio,OR,1996,"1996 survey, ages 19 to 35 months",86.3,82.0,90.6,,survey,,
survey,polio,OR,1997,"1997 survey, ages 19 to 35 months",88.6,84.5,92.7,,survey,,
survey,polio,OR,1998,"1998 survey, ages 19 to 35 months",86.5,82.4,90.6,,survey,,
survey,polio,OR,1999,"1999 survey, ages 19 to 35 months",81.0,75.8,86.2,,survey,,
survey,polio,OR,2000,"2000 survey, ages 19 to 35 months",92.3,89.1,95.5,,survey,,
survey,polio,OR,2001,"2001 survey, ages 19 to 35 months",88.5,84.2,92.8,,survey,,
survey,polio,OR,2002,"2002 survey, ages 19 to 35 months",86.3,81.8,90.8,,survey,,
survey,polio,OR,2003,"2003 survey, ages 19 to 35 months",90.9,86.6,95.2,,survey,,
survey,polio,OR,2004,"2004 survey, ages 19 to 35 months",91.0,87.2,94.8,,survey,,
survey,polio,OR,2005,"2005 survey, ages 19 to 35 months",87.3,81.9,92.7,,survey,,
survey,polio,OR,2006,"2006 survey, ages 19 to 35 months",90.2,86.1,94.3,,survey,,
survey,polio,OR,2007,"2007 survey, ages 19 to 35 months",87.7,81.6,93.8,,survey,,
survey,polio,OR,2008,"2008 survey, ages 19 to 35 months",94.8,91.6,98.0,,survey,,
survey,polio,OR,2009,"2009 survey, ages 19 to 35 months",92.1,88.2,96.0,,survey,,
survey,polio,OR,2010,"2010 survey, ages 19 to 35 months",92.8,89.5,96.1,,survey,,
survey,polio,OR,2011,"2011 survey, ages 19 to 35 months",90.2,85.6,94.8,,survey,,
survey,polio,OR,2012,"2012 survey, ages 19 to 35 months",89.2,84.4,94.0,,survey,,
survey,polio,OR,2013,"2013 survey, ages 19 to 35 months",91.0,87.0,95.0,,survey,,
survey,polio,OR,2014,"2014 survey, ages 19 to 35 months",90.3,85.5,95.1,,survey,,
survey,polio,OR,2015,"2015 survey, ages 19 to 35 months",93.4,89.6,97.2,,survey,,
survey,polio,OR,2016,"2016 survey, ages 19 to 35 months",89.7,85.7,93.7,,survey,,
survey,polio,OR,2017,"2017 survey, ages 19 to 35 months",86.4,80.9,91.9,,survey,,
survey,polio,PA,1995,"1995 survey, ages 19 to 35 months",85.6,81.3,89.9,,survey,,
survey,polio,PA,1996,"1996 survey, ages 19 to 35 months",93.0,90.2,95.8,,survey,,
survey,polio,PA,1997,"1997 survey, ages 19 to 35 months",88.3,84.7,91.9,,survey,,
survey,polio,PA,1998,"1998 survey, ages 19 to 35 months",91.8,89.0,94.6,,survey,,
survey,polio,PA,1999,"1999 survey, ages 19 to 35 months",93.1,90.4,95.8,,survey,,
survey,polio,PA,2000,"2000 survey, ages 19 to 35 months",92.9,90.1,95.7,,survey,,
survey,polio,PA,2001,"2001 survey, ages 19 to 35 months",92.1,89.3,94.9,,survey,,
survey,polio,PA,2002,"2002 survey, ages 19 to 35 months",89.9,85.6,94.2,,survey,,
survey,polio,PA,2003,"2003 survey, ages 19 to 35 months",92.9,89.4,96.4,,survey,,
survey,polio,PA,2004,"2004 survey, ages 19 to 35 months",94.5,92.0,97.0,,survey,,
survey,polio,PA,2005,"2005 survey, ages 19 to 35 months",90.8,86.2,95.4,,survey,,
survey,polio,PA,2006,"2006 survey, ages 19 to 35 months",93.9,91.1,96.7,,survey,,
survey,polio,PA,2007,"2007 survey, ages 19 to 35 months",93.7,91.2,96.2,,survey,,
survey,polio,PA,2008,"2008 survey, ages 19 to 35 months",94.1,90.8,97.4,,survey,,
survey,polio,PA,2009,"2009 survey, ages 19 to 35 months",88.5,84.0,93.0,,survey,,
survey,polio,PA,2010,"2010 survey, ages 19 to 35 months",95.9,93.7,98.1,,survey,,
survey,polio,PA,2011,"2011 survey, ages 19 to 35 months",96.8,95.2,98.4,,survey,,
survey,polio,PA,2012,"2012 survey, ages 19 to 35 months",91.7,88.0,95.4,,survey,,
survey,polio,PA,2013,"2013 survey, ages 19 to 35 months",95.0,92.5,97.5,,survey,,
survey,polio,PA,2014,"2014 survey, ages 19 to 35 months",93.5,90.8,96.2,,survey,,
survey,polio,PA,2015,"2015 survey, ages 19 to 35 months",93.1,89.9,96.3,,survey,,
survey,polio,PA,2016,"2016 survey, ages 19 to 35 months",94.2,91.1,97.3,,survey,,
survey,polio,PA,2017,"2017 survey, ages 19 to 35 months",92.0,87.5,96.5,,survey,,
survey,polio,RI,1995,"1995 survey, ages 19 to 35 months",92.8,89.3,96.3,,survey,,
survey,polio,RI,1996,"1996 survey, ages 19 to 35 months",96.1,93.6,98.6,,survey,,
survey,polio,RI,1997,"1997 survey, ages 19 to 35 months",95.1,92.4,97.8,,survey,,
survey,polio,RI,1998,"1998 survey, ages 19 to 35 months",96.2,94.0,98.4,,survey,,
survey,polio,RI,1999,"1999 survey, ages 19 to 35 months",94.3,91.2,97.4,,survey,,
survey,polio,RI,2000,"2000 survey, ages 19 to 35 months",95.5,93.2,97.8,,survey,,
survey,polio,RI,2001,"2001 survey, ages 19 to 35 months",94.9,92.5,97.3,,survey,,
survey,polio,RI,2002,"2002 survey, ages 19 to 35 months",94.2,90.6,97.8,,survey,,
survey,polio,RI,2003,"2003 survey, ages 19 to 35 months",94.5,90.9,98.1,,survey,,
survey,polio,RI,2004,"2004 survey, ages 19 to 35 months",95.4,92.8,98.0,,survey,,
survey,polio,RI,2005,"2005 survey, ages 19 to 35 months",95.6,92.8,98.4,,survey,,
survey,polio,RI,2006,"2006 survey, ages 19 to 35 months",96.8,94.9,98.7,,survey,,
survey,polio,RI,2007,"2007 survey, ages 19 to 35 months",98.0,95.6,100.0,,survey,,
survey,polio,RI,2008,"2008 survey, ages 19 to 35 months",97.1,94.5,99.7,,survey,,
survey,polio,RI,2009,"2009 survey, ages 19 to 35 months",96.5,93.0,100.0,,survey,,
survey,polio,RI,2010,"2010 survey, ages 19 to 35 months",98.5,97.1,99.9,,survey,,
survey,polio,RI,2011,"2011 survey, ages 19 to 35 months",97.4,95.2,99.6,,survey,,
survey,polio,RI,2012,"2012 survey, ages 19 to 35 months",98.4,96.9,99.9,,survey,,
survey,polio,RI,2013,"2013 survey, ages 19 to 35 months",96.9,94.6,99.2,,survey,,
survey,polio,RI,2014,"2014 survey, ages 19 to 35 months",97.5,95.2,99.8,,survey,,
survey,polio,RI,2015,"2015 survey, ages 19 to 35 months",97.2,95.0,99.4,,survey,,
survey,polio,RI,2016,"2016 survey, ages 19 to 35 months",96.1,93.4,98.8,,survey,,
survey,polio,RI,2017,"2017 survey, ages 19 to 35 months",97.3,95.3,99.3,,survey,,
survey,polio,SC,1995,"1995 survey, ages 19 to 35 months",87.0,80.9,93.1,,survey,,
survey,polio,SC,1996,"1996 survey, ages 19 to 35 months",97.6,95.7,99.5,,survey,,
survey,polio,SC,1997,"1997 survey, ages 19 to 35 months",92.0,88.7,95.3,,survey,,
survey,polio,SC,1998,"1998 survey, ages 19 to 35 months",96.0,93.8,98.2,,survey,,
survey,polio,SC,1999,"1999 survey, ages 19 to 35 months",89.6,85.9,93.3,,survey,,
survey,polio,SC,2000,"2000 survey, ages 19 to 35 months",95.5,93.0,98.0,,survey,,
survey,polio,SC,2001,"2001 survey, ages 19 to 35 months",92.7,88.9,96.5,,survey,,
survey,polio,SC,2002,"2002 survey, ages 19 to 35 months",92.8,88.3,97.3,,survey,,
survey,polio,SC,2003,"2003 survey, ages 19 to 35 months",92.5,88.6,96.4,,survey,,
survey,polio,SC,2004,"2004 survey, ages 19 to 35 months",91.7,86.9,96.5,,survey,,
survey,polio,SC,2005,"2005 survey, ages 19 to 35 months",89.3,83.7,94.9,,survey,,
survey,polio,SC,2006,"2006 survey, ages 19 to 35 months",95.1,92.5,97.7,,survey,,
survey,polio,SC,2007,"2007 survey, ages 19 to 35 months",91.1,87.5,94.7,,survey,,
survey,polio,SC,2008,"2008 survey, ages 19 to 35 months",94.6,91.3,97.9,,survey,,
survey,polio,SC,2009,"2009 survey, ages 19 to 35 months",96.4,94.1,98.7,,survey,,
survey,polio,SC,2010,"2010 survey, ages 19 to 35 months",95.3,92.6,98.0,,survey,,
survey,polio,SC,2011,"2011 survey, ages 19 to 35 months",94.5,91.0,98.0,,survey,,
survey,polio,SC,2012,"2012 survey, ages 19 to 35 months",95.3,92.6,98.0,,survey,,
survey,polio,SC,2013,"2013 survey, ages 19 to 35 months",95.6,92.4,98.8,,survey,,
survey,polio,SC,2014,"2014 survey, ages 19 to 35 months",93.3,88.9,97.7,,survey,,
survey,polio,SC,2015,"2015 survey, ages 19 to 35 months",91.3,86.5,96.1,,survey,,
survey,polio,SC,2016,"2016 survey, ages 19 to 35 months",95.1,92.4,97.8,,survey,,
survey,polio,SC,2017,"2017 survey, ages 19 to 35 months",92.8,88.3,97.3,,survey,,
survey,polio,SD,1995,"1995 survey, ages 19 to 35 months",90.7,86.5,94.9,,survey,,
survey,polio,SD,1996,"1996 survey, ages 19 to 35 months",92.1,88.4,95.8,,survey,,
survey,polio,SD,1997,"1997 survey, ages 19 to 35 months",92.6,88.9,96.3,,survey,,
survey,polio,SD,1998,"1998 survey, ages 19 to 35 months",90.5,87.0,94.0,,survey,,
survey,polio,SD,1999,"1999 survey, ages 19 to 35 months",93.0,89.7,96.3,,survey,,
survey,polio,SD,2000,"2000 survey, ages 19 to 35 months",90.5,86.7,94.3,,survey,,
survey,polio,SD,2001,"2001 survey, ages 19 to 35 months",91.2,87.6,94.8,,survey,,
survey,polio,SD,2002,"2002 survey, ages 19 to 35 months",90.1,84.9,95.3,,survey,,
survey,polio,SD,2003,"2003 survey, ages 19 to 35 months",90.7,86.0,95.4,,survey,,
survey,polio,SD,2004,"2004 survey, ages 19 to 35 months",92.5,88.4,96.6,,survey,,
survey,polio,SD,2005,"2005 survey, ages 19 to 35 months",94.1,90.7,97.5,,survey,,
survey,polio,SD,2006,"2006 survey, ages 19 to 35 months",97.4,95.4,99.4,,survey,,
survey,polio,SD,2007,"2007 survey, ages 19 to 35 months",97.7,95.9,99.5,,survey,,
survey,polio,SD,2008,"2008 survey, ages 19 to 35 months",94.5,90.8,98.2,,survey,,
survey,polio,SD,2009,"2009 survey, ages 19 to 35 months",96.2,93.6,98.8,,survey,,
survey,polio,SD,2010,"2010 survey, ages 19 to 35 months",94.7,91.5,97.9,,survey,,
survey,polio,SD,2011,"2011 survey, ages 19 to 35 months",92.9,87.5,98.3,,survey,,
survey,polio,SD,2012,"2012 survey, ages 19 to 35 months",93.0,89.4,96.6,,survey,,
survey,polio,SD,2013,"2013 survey, ages 19 to 35 months",93.4,89.7,97.1,,survey,,
survey,polio,SD,2014,"2014 survey, ages 19 to 35 months",97.9,95.5,100.0,,survey,,
survey,polio,SD,2015,"2015 survey, ages 19 to 35 months",93.6,89.4,97.8,,survey,,
survey,polio,SD,2016,"2016 survey, ages 19 to 35 months",95.3,92.3,98.3,,survey,,
survey,polio,SD,2017,"2017 survey, ages 19 to 35 months",90.3,85.5,95.1,,survey,,
survey,polio,TN,1995,"1995 survey, ages 19 to 35 months",88.3,85.0,91.6,,survey,,
survey,polio,TN,1996,"1996 survey, ages 19 to 35 months",92.0,89.7,94.3,,survey,,
survey,polio,TN,1997,"1997 survey, ages 19 to 35 months",91.9,89.5,94.3,,survey,,
survey,polio,TN,1998,"1998 survey, ages 19 to 35 months",92.6,90.4,94.8,,survey,,
survey,polio,TN,1999,"1999 survey, ages 19 to 35 months",86.2,82.7,89.7,,survey,,
survey,polio,TN,2000,"2000 survey, ages 19 to 35 months",91.4,88.7,94.1,,survey,,
survey,polio,TN,2001,"2001 survey, ages 19 to 35 months",93.5,91.5,95.5,,survey,,
survey,polio,TN,2002,"2002 survey, ages 19 to 35 months",93.2,90.9,95.5,,survey,,
survey,polio,TN,2003,"2003 survey, ages 19 to 35 months",92.6,89.5,95.7,,survey,,
survey,polio,TN,2004,"2004 survey, ages 19 to 35 months",91.7,88.7,94.7,,survey,,
survey,polio,TN,2005,"2005 survey, ages 19 to 35 months",94.6,92.2,97.0,,survey,,
survey,polio,TN,2006,"2006 survey, ages 19 to 35 months",94.6,91.9,97.3,,survey,,
survey,polio,TN,2007,"2007 survey, ages 19 to 35 months",94.4,90.1,98.7,,survey,,
survey,polio,TN,2008,"2008 survey, ages 19 to 35 months",94.6,91.2,98.0,,survey,,
survey,polio,TN,2009,"2009 survey, ages 19 to 35 months",96.5,94.5,98.5,,survey,,
survey,polio,TN,2010,"2010 survey, ages 19 to 35 months",95.4,92.2,98.6,,survey,,
survey,polio,TN,2011,"2011 survey, ages 19 to 35 months",93.4,90.0,96.8,,survey,,
survey,polio,TN,2012,"2012 survey, ages 19 to 35 months",93.8,90.1,97.5,,survey,,
survey,polio,TN,2013,"2013 survey, ages 19 to 35 months",94.9,91.4,98.4,,survey,,
survey,polio,TN,2014,"2014 survey, ages 19 to 35 months",94.7,91.6,97.8,,survey,,
survey,polio,TN,2015,"2015 survey, ages 19 to 35 months",91.8,87.6,96.0,,survey,,
survey,polio,TN,2016,"2016 survey, ages 19 to 35 months",92.8,89.1,96.5,,survey,,
survey,polio,TN,2017,"2017 survey, ages 19 to 35 months",93.9,90.1,97.7,,survey,,
survey,polio,TX,1995,"1995 survey, ages 19 to 35 months",88.1,84.5,91.7,,survey,,
survey,polio,TX,1996,"1996 survey, ages 19 to 35 months",88.9,86.1,91.7,,survey,,
survey,polio,TX,1997,"1997 survey, ages 19 to 35 months",87.9,85.1,90.7,,survey,,
survey,polio,TX,1998,"1998 survey, ages 19 to 35 months",87.6,84.8,90.4,,survey,,
survey,polio,TX,1999,"1999 survey, ages 19 to 35 months",85.2,82.2,88.2,,survey,,
survey,polio,TX,2000,"2000 survey, ages 19 to 35 months",83.1,79.9,86.3,,survey,,
survey,polio,TX,2001,"2001 survey, ages 19 to 35 months",87.6,84.9,90.3,,survey,,
survey,polio,TX,2002,"2002 survey, ages 19 to 35 months",87.2,83.5,90.9,,survey,,
survey,polio,TX,2003,"2003 survey, ages 19 to 35 months",90.1,87.4,92.8,,survey,,
survey,polio,TX,2004,"2004 survey, ages 19 to 35 months",87.0,84.1,89.9,,survey,,
survey,polio,TX,2005,"2005 survey, ages 19 to 35 months",92.7,90.5,94.9,,survey,,
survey,polio,TX,2006,"2006 survey, ages 19 to 35 months",91.7,89.5,93.9,,survey,,
survey,polio,TX,2007,"2007 survey, ages 19 to 35 months",92.6,90.3,94.9,,survey,,
survey,polio,TX,2008,"2008 survey, ages 19 to 35 months",92.1,88.4,95.8,,survey,,
survey,polio,TX,2009,"2009 survey, ages 19 to 35 months",92.2,89.8,94.6,,survey,,
survey,polio,TX,2010,"2010 survey, ages 19 to 35 months",91.9,89.8,94.0,,survey,,
survey,polio,TX,2011,"2011 survey, ages 19 to 35 months",92.9,90.9,94.9,,survey,,
survey,polio,TX,2012,"2012 survey, ages 19 to 35 months",90.2,87.7,92.7,,survey,,
survey,polio,TX,2013,"2013 survey, ages 19 to 35 months",91.3,88.0,94.6,,survey,,
survey,polio,TX,2014,"2014 survey, ages 19 to 35 months",90.4,86.8,94.0,,survey,,
survey,polio,TX,2015,"2015 survey, ages 19 to 35 months",92.5,90.0,95.0,,survey,,
survey,polio,TX,2016,"2016 survey, ages 19 to 35 months",90.1,87.2,93.0,,survey,,
survey,polio,TX,2017,"2017 survey, ages 19 to 35 months",93.1,91.2,95.0,,survey,,
survey,polio,US,1995,"1995 survey, ages 19 to 35 months",87.8,86.9,88.7,,survey,,
survey,polio,US,1996,"1996 survey, ages 19 to 35 months",91.0,90.4,91.6,,survey,,
survey,polio,US,1997,"1997 survey, ages 19 to 35 months",90.7,90.1,91.3,,survey,,
survey,polio,US,1998,"1998 survey, ages 19 to 35 months",90.8,90.1,91.5,,survey,,
survey,polio,US,1999,"1999 survey, ages 19 to 35 months",89.6,89.0,90.2,,survey,,
survey,polio,US,2000,"2000 survey, ages 19 to 35 months",89.5,88.9,90.1,,survey,,
survey,polio,US,2001,"2001 survey, ages 19 to 35 months",89.4,88.7,90.1,,survey,,
survey,polio,US,2002,"2002 survey, ages 19 to 35 months",90.2,89.5,90.9,,survey,,
survey,polio,US,2003,"2003 survey, ages 19 to 35 months",91.6,90.9,92.3,,survey,,
survey,polio,US,2004,"2004 survey, ages 19 to 35 months",91.6,90.9,92.3,,survey,,
survey,polio,US,2005,"2005 survey, ages 19 to 35 months",91.7,91.0,92.4,,survey,,
survey,polio,US,2006,"2006 survey, ages 19 to 35 months",92.8,92.2,93.4,,survey,,
survey,polio,US,2007,"2007 survey, ages 19 to 35 months",92.6,91.9,93.3,,survey,,
survey,polio,US,2008,"2008 survey, ages 19 to 35 months",93.6,93.0,94.2,,survey,,
survey,polio,US,2009,"2009 survey, ages 19 to 35 months",92.8,92.1,93.5,,survey,,row mark ¥
survey,polio,US,2010,"2010 survey, ages 19 to 35 months",93.3,92.6,94.0,,survey,,
survey,polio,US,2011,"2011 survey, ages 19 to 35 months",93.9,93.3,94.5,,survey,,
survey,polio,US,2012,"2012 survey, ages 19 to 35 months",92.8,92.1,93.5,,survey,,
survey,polio,US,2013,"2013 survey, ages 19 to 35 months",92.7,91.7,93.7,,survey,,
survey,polio,US,2014,"2014 survey, ages 19 to 35 months",93.3,92.5,94.1,,survey,,
survey,polio,US,2015,"2015 survey, ages 19 to 35 months",93.7,93.1,94.3,,survey,,
survey,polio,US,2016,"2016 survey, ages 19 to 35 months",91.9,90.9,92.9,,survey,,
survey,polio,US,2017,"2017 survey, ages 19 to 35 months",92.7,91.9,93.5,,survey,,
survey,polio,UT,1995,"1995 survey, ages 19 to 35 months",81.0,75.7,86.3,,survey,,
survey,polio,UT,1996,"1996 survey, ages 19 to 35 months",84.6,80.0,89.2,,survey,,
survey,polio,UT,1997,"1997 survey, ages 19 to 35 months",89.7,86.0,93.4,,survey,,
survey,polio,UT,1998,"1998 survey, ages 19 to 35 months",90.8,87.3,94.3,,survey,,
survey,polio,UT,1999,"1999 survey, ages 19 to 35 months",90.0,86.0,94.0,,survey,,
survey,polio,UT,2000,"2000 survey, ages 19 to 35 months",86.5,82.3,90.7,,survey,,
survey,polio,UT,2001,"2001 survey, ages 19 to 35 months",88.4,84.3,92.5,,survey,,
survey,polio,UT,2002,"2002 survey, ages 19 to 35 months",88.2,83.9,92.5,,survey,,
survey,polio,UT,2003,"2003 survey, ages 19 to 35 months",88.5,83.9,93.1,,survey,,
survey,polio,UT,2004,"2004 survey, ages 19 to 35 months",87.2,82.8,91.6,,survey,,
survey,polio,UT,2005,"2005 survey, ages 19 to 35 months",86.4,79.1,93.7,,survey,,
survey,polio,UT,2006,"2006 survey, ages 19 to 35 months",89.6,85.2,94.0,,survey,,
survey,polio,UT,2007,"2007 survey, ages 19 to 35 months",91.8,87.9,95.7,,survey,,
survey,polio,UT,2008,"2008 survey, ages 19 to 35 months",89.0,83.2,94.8,,survey,,
survey,polio,UT,2009,"2009 survey, ages 19 to 35 months",90.1,85.5,94.7,,survey,,
survey,polio,UT,2010,"2010 survey, ages 19 to 35 months",90.1,85.5,94.7,,survey,,
survey,polio,UT,2011,"2011 survey, ages 19 to 35 months",93.3,90.3,96.3,,survey,,
survey,polio,UT,2012,"2012 survey, ages 19 to 35 months",93.1,88.6,97.6,,survey,,
survey,polio,UT,2013,"2013 survey, ages 19 to 35 months",95.1,92.3,97.9,,survey,,
survey,polio,UT,2014,"2014 survey, ages 19 to 35 months",88.9,83.7,94.1,,survey,,
survey,polio,UT,2015,"2015 survey, ages 19 to 35 months",92.2,87.9,96.5,,survey,,
survey,polio,UT,2016,"2016 survey, ages 19 to 35 months",91.8,87.4,96.2,,survey,,
survey,polio,UT,2017,"2017 survey, ages 19 to 35 months",90.3,86.2,94.4,,survey,,
survey,polio,VA,1995,"1995 survey, ages 19 to 35 months",89.0,83.9,94.1,,survey,,
survey,polio,VA,1996,"1996 survey, ages 19 to 35 months",90.6,86.4,94.8,,survey,,
survey,polio,VA,1997,"1997 survey, ages 19 to 35 months",90.2,86.4,94.0,,survey,,
survey,polio,VA,1998,"1998 survey, ages 19 to 35 months",91.2,87.5,94.9,,survey,,
survey,polio,VA,1999,"1999 survey, ages 19 to 35 months",91.5,87.7,95.3,,survey,,
survey,polio,VA,2000,"2000 survey, ages 19 to 35 months",89.9,85.7,94.1,,survey,,
survey,polio,VA,2001,"2001 survey, ages 19 to 35 months",88.6,84.0,93.2,,survey,,
survey,polio,VA,2002,"2002 survey, ages 19 to 35 months",88.4,83.6,93.2,,survey,,
survey,polio,VA,2003,"2003 survey, ages 19 to 35 months",92.9,89.3,96.5,,survey,,
survey,polio,VA,2004,"2004 survey, ages 19 to 35 months",90.1,85.6,94.6,,survey,,
survey,polio,VA,2005,"2005 survey, ages 19 to 35 months",93.0,88.4,97.6,,survey,,
survey,polio,VA,2006,"2006 survey, ages 19 to 35 months",93.4,90.1,96.7,,survey,,
survey,polio,VA,2007,"2007 survey, ages 19 to 35 months",92.8,89.5,96.1,,survey,,
survey,polio,VA,2008,"2008 survey, ages 19 to 35 months",89.9,84.4,95.4,,survey,,
survey,polio,VA,2009,"2009 survey, ages 19 to 35 months",89.2,84.3,94.1,,survey,,
survey,polio,VA,2010,"2010 survey, ages 19 to 35 months",93.5,90.2,96.8,,survey,,
survey,polio,VA,2011,"2011 survey, ages 19 to 35 months",94.3,90.4,98.2,,survey,,
survey,polio,VA,2012,"2012 survey, ages 19 to 35 months",95.2,92.1,98.3,,survey,,
survey,polio,VA,2013,"2013 survey, ages 19 to 35 months",95.2,91.0,99.4,,survey,,
survey,polio,VA,2014,"2014 survey, ages 19 to 35 months",91.4,85.6,97.2,,survey,,
survey,polio,VA,2015,"2015 survey, ages 19 to 35 months",90.2,85.0,95.4,,survey,,
survey,polio,VA,2016,"2016 survey, ages 19 to 35 months",92.0,87.1,96.9,,survey,,
survey,polio,VA,2017,"2017 survey, ages 19 to 35 months",96.9,94.4,99.4,,survey,,
survey,polio,VT,1995,"1995 survey, ages 19 to 35 months",94.2,90.6,97.8,,survey,,
survey,polio,VT,1996,"1996 survey, ages 19 to 35 months",95.9,93.3,98.5,,survey,,
survey,polio,VT,1997,"1997 survey, ages 19 to 35 months",96.2,93.9,98.5,,survey,,
survey,polio,VT,1998,"1998 survey, ages 19 to 35 months",94.7,91.5,97.9,,survey,,
survey,polio,VT,1999,"1999 survey, ages 19 to 35 months",93.3,90.3,96.3,,survey,,
survey,polio,VT,2000,"2000 survey, ages 19 to 35 months",94.8,92.0,97.6,,survey,,
survey,polio,VT,2001,"2001 survey, ages 19 to 35 months",95.2,92.5,97.9,,survey,,
survey,polio,VT,2002,"2002 survey, ages 19 to 35 months",94.5,91.7,97.3,,survey,,
survey,polio,VT,2003,"2003 survey, ages 19 to 35 months",95.9,93.4,98.4,,survey,,
survey,polio,VT,2004,"2004 survey, ages 19 to 35 months",94.7,91.8,97.6,,survey,,
survey,polio,VT,2005,"2005 survey, ages 19 to 35 months",96.1,93.0,99.2,,survey,,
survey,polio,VT,2006,"2006 survey, ages 19 to 35 months",94.6,90.8,98.4,,survey,,
survey,polio,VT,2007,"2007 survey, ages 19 to 35 months",95.1,90.1,100.0,,survey,,
survey,polio,VT,2008,"2008 survey, ages 19 to 35 months",91.3,87.2,95.4,,survey,,
survey,polio,VT,2009,"2009 survey, ages 19 to 35 months",92.7,89.5,95.9,,survey,,
survey,polio,VT,2010,"2010 survey, ages 19 to 35 months",94.4,91.1,97.7,,survey,,
survey,polio,VT,2011,"2011 survey, ages 19 to 35 months",96.0,93.8,98.2,,survey,,
survey,polio,VT,2012,"2012 survey, ages 19 to 35 months",93.0,89.4,96.6,,survey,,
survey,polio,VT,2013,"2013 survey, ages 19 to 35 months",95.1,92.0,98.2,,survey,,
survey,polio,VT,2014,"2014 survey, ages 19 to 35 months",93.7,90.6,96.8,,survey,,
survey,polio,VT,2015,"2015 survey, ages 19 to 35 months",94.6,91.7,97.5,,survey,,
survey,polio,VT,2016,"2016 survey, ages 19 to 35 months",96.7,94.3,99.1,,survey,,
survey,polio,VT,2017,"2017 survey, ages 19 to 35 months",93.9,90.6,97.2,,survey,,
survey,polio,WA,1995,"1995 survey, ages 19 to 35 months",88.3,84.5,92.1,,survey,,
survey,polio,WA,1996,"1996 survey, ages 19 to 35 months",91.2,88.2,94.2,,survey,,
survey,polio,WA,1997,"1997 survey, ages 19 to 35 months",92.2,89.5,94.9,,survey,,
survey,polio,WA,1998,"1998 survey, ages 19 to 35 months",91.9,89.2,94.6,,survey,,
survey,polio,WA,1999,"1999 survey, ages 19 to 35 months",88.6,85.7,91.5,,survey,,
survey,polio,WA,2000,"2000 survey, ages 19 to 35 months",91.4,88.9,93.9,,survey,,
survey,polio,WA,2001,"2001 survey, ages 19 to 35 months",88.5,85.2,91.8,,survey,,
survey,polio,WA,2002,"2002 survey, ages 19 to 35 months",87.1,83.6,90.6,,survey,,
survey,polio,WA,2003,"2003 survey, ages 19 to 35 months",92.6,89.7,95.5,,survey,,
survey,polio,WA,2004,"2004 survey, ages 19 to 35 months",91.0,88.0,94.0,,survey,,
survey,polio,WA,2005,"2005 survey, ages 19 to 35 months",88.4,84.4,92.4,,survey,,
survey,polio,WA,2006,"2006 survey, ages 19 to 35 months",89.9,86.8,93.0,,survey,,
survey,polio,WA,2007,"2007 survey, ages 19 to 35 months",85.1,80.0,90.2,,survey,,
survey,polio,WA,2008,"2008 survey, ages 19 to 35 months",88.7,84.6,92.8,,survey,,
survey,polio,WA,2009,"2009 survey, ages 19 to 35 months",92.9,90.2,95.6,,survey,,
survey,polio,WA,2010,"2010 survey, ages 19 to 35 months",92.0,88.8,95.2,,survey,,
survey,polio,WA,2011,"2011 survey, ages 19 to 35 months",90.0,85.2,94.8,,survey,,
survey,polio,WA,2012,"2012 survey, ages 19 to 35 months",89.2,84.5,93.9,,survey,,
survey,polio,WA,2013,"2013 survey, ages 19 to 35 months",93.1,88.5,97.7,,survey,,
survey,polio,WA,2014,"2014 survey, ages 19 to 35 months",91.2,86.1,96.3,,survey,,
survey,polio,WA,2015,"2015 survey, ages 19 to 35 months",92.9,89.4,96.4,,survey,,
survey,polio,WA,2016,"2016 survey, ages 19 to 35 months",93.0,89.7,96.3,,survey,,
survey,polio,WA,2017,"2017 survey, ages 19 to 35 months",88.7,83.9,93.5,,survey,,
survey,polio,WI,1995,"1995 survey, ages 19 to 35 months",89.8,86.5,93.1,,survey,,
survey,polio,WI,1996,"1996 survey, ages 19 to 35 months",91.0,88.2,93.8,,survey,,
survey,polio,WI,1997,"1997 survey, ages 19 to 35 months",92.4,90.0,94.8,,survey,,
survey,polio,WI,1998,"1998 survey, ages 19 to 35 months",92.0,89.5,94.5,,survey,,
survey,polio,WI,1999,"1999 survey, ages 19 to 35 months",92.0,89.4,94.6,,survey,,
survey,polio,WI,2000,"2000 survey, ages 19 to 35 months",90.9,88.0,93.8,,survey,,
survey,polio,WI,2001,"2001 survey, ages 19 to 35 months",90.8,88.0,93.6,,survey,,
survey,polio,WI,2002,"2002 survey, ages 19 to 35 months",92.1,88.9,95.3,,survey,,
survey,polio,WI,2003,"2003 survey, ages 19 to 35 months",91.1,87.8,94.4,,survey,,
survey,polio,WI,2004,"2004 survey, ages 19 to 35 months",95.1,93.0,97.2,,survey,,
survey,polio,WI,2005,"2005 survey, ages 19 to 35 months",94.9,92.4,97.4,,survey,,
survey,polio,WI,2006,"2006 survey, ages 19 to 35 months",96.9,95.1,98.7,,survey,,
survey,polio,WI,2007,"2007 survey, ages 19 to 35 months",93.8,90.3,97.3,,survey,,
survey,polio,WI,2008,"2008 survey, ages 19 to 35 months",94.1,90.1,98.1,,survey,,
survey,polio,WI,2009,"2009 survey, ages 19 to 35 months",95.7,93.2,98.2,,survey,,
survey,polio,WI,2010,"2010 survey, ages 19 to 35 months",91.5,87.6,95.4,,survey,,
survey,polio,WI,2011,"2011 survey, ages 19 to 35 months",95.2,92.3,98.1,,survey,,
survey,polio,WI,2012,"2012 survey, ages 19 to 35 months",88.9,83.6,94.2,,survey,,
survey,polio,WI,2013,"2013 survey, ages 19 to 35 months",93.8,90.1,97.5,,survey,,
survey,polio,WI,2014,"2014 survey, ages 19 to 35 months",92.3,88.1,96.5,,survey,,
survey,polio,WI,2015,"2015 survey, ages 19 to 35 months",93.1,89.2,97.0,,survey,,
survey,polio,WI,2016,"2016 survey, ages 19 to 35 months",91.2,86.3,96.1,,survey,,
survey,polio,WI,2017,"2017 survey, ages 19 to 35 months",89.7,84.9,94.5,,survey,,
survey,polio,WV,1995,"1995 survey, ages 19 to 35 months",86.0,81.2,90.8,,survey,,
survey,polio,WV,1996,"1996 survey, ages 19 to 35 months",87.8,83.3,92.3,,survey,,
survey,polio,WV,1997,"1997 survey, ages 19 to 35 months",94.6,91.7,97.5,,survey,,
survey,polio,WV,1998,"1998 survey, ages 19 to 35 months",92.4,89.2,95.6,,survey,,
survey,polio,WV,1999,"1999 survey, ages 19 to 35 months",92.5,89.4,95.6,,survey,,
survey,polio,WV,2000,"2000 survey, ages 19 to 35 months",88.5,84.2,92.8,,survey,,
survey,polio,WV,2001,"2001 survey, ages 19 to 35 months",91.2,87.7,94.7,,survey,,
survey,polio,WV,2002,"2002 survey, ages 19 to 35 months",93.8,90.7,96.9,,survey,,
survey,polio,WV,2003,"2003 survey, ages 19 to 35 months",88.4,82.9,93.9,,survey,,
survey,polio,WV,2004,"2004 survey, ages 19 to 35 months",94.0,90.5,97.5,,survey,,
survey,polio,WV,2005,"2005 survey, ages 19 to 35 months",92.4,88.2,96.6,,survey,,
survey,polio,WV,2006,"2006 survey, ages 19 to 35 months",94.4,90.2,98.6,,survey,,
survey,polio,WV,2007,"2007 survey, ages 19 to 35 months",93.8,90.6,97.0,,survey,,
survey,polio,WV,2008,"2008 survey, ages 19 to 35 months",94.5,91.6,97.4,,survey,,
survey,polio,WV,2009,"2009 survey, ages 19 to 35 months",88.6,82.6,94.6,,survey,,
survey,polio,WV,2010,"2010 survey, ages 19 to 35 months",93.9,90.8,97.0,,survey,,
survey,polio,WV,2011,"2011 survey, ages 19 to 35 months",91.2,87.6,94.8,,survey,,
survey,polio,WV,2012,"2012 survey, ages 19 to 35 months",92.8,88.7,96.9,,survey,,
survey,polio,WV,2013,"2013 survey, ages 19 to 35 months",90.0,84.7,95.3,,survey,,
survey,polio,WV,2014,"2014 survey, ages 19 to 35 months",89.9,84.3,95.5,,survey,,
survey,polio,WV,2015,"2015 survey, ages 19 to 35 months",90.9,86.0,95.8,,survey,,
survey,polio,WV,2016,"2016 survey, ages 19 to 35 months",94.5,91.2,97.8,,survey,,
survey,polio,WV,2017,"2017 survey, ages 19 to 35 months",92.7,89.4,96.0,,survey,,
survey,polio,WY,1995,"1995 survey, ages 19 to 35 months",90.1,85.6,94.6,,survey,,
survey,polio,WY,1996,"1996 survey, ages 19 to 35 months",91.0,87.1,94.9,,survey,,
survey,polio,WY,1997,"1997 survey, ages 19 to 35 months",90.2,86.4,94.0,,survey,,
survey,polio,WY,1998,"1998 survey, ages 19 to 35 months",90.5,87.1,93.9,,survey,,
survey,polio,WY,1999,"1999 survey, ages 19 to 35 months",93.7,90.4,97.0,,survey,,
survey,polio,WY,2000,"2000 survey, ages 19 to 35 months",90.6,87.2,94.0,,survey,,
survey,polio,WY,2001,"2001 survey, ages 19 to 35 months",89.2,85.0,93.4,,survey,,
survey,polio,WY,2002,"2002 survey, ages 19 to 35 months",85.7,80.3,91.1,,survey,,
survey,polio,WY,2003,"2003 survey, ages 19 to 35 months",90.7,87.0,94.4,,survey,,
survey,polio,WY,2004,"2004 survey, ages 19 to 35 months",92.8,89.6,96.0,,survey,,
survey,polio,WY,2005,"2005 survey, ages 19 to 35 months",92.1,88.0,96.2,,survey,,
survey,polio,WY,2006,"2006 survey, ages 19 to 35 months",88.0,83.4,92.6,,survey,,
survey,polio,WY,2007,"2007 survey, ages 19 to 35 months",90.8,86.0,95.6,,survey,,
survey,polio,WY,2008,"2008 survey, ages 19 to 35 months",90.7,86.8,94.6,,survey,,
survey,polio,WY,2009,"2009 survey, ages 19 to 35 months",95.2,92.6,97.8,,survey,,
survey,polio,WY,2010,"2010 survey, ages 19 to 35 months",94.8,91.8,97.8,,survey,,
survey,polio,WY,2011,"2011 survey, ages 19 to 35 months",86.8,77.6,96.0,,survey,,
survey,polio,WY,2012,"2012 survey, ages 19 to 35 months",94.4,91.4,97.4,,survey,,
survey,polio,WY,2013,"2013 survey, ages 19 to 35 months",90.9,85.8,96.0,,survey,,
survey,polio,WY,2014,"2014 survey, ages 19 to 35 months",92.4,87.5,97.3,,survey,,
survey,polio,WY,2015,"2015 survey, ages 19 to 35 months",96.2,93.8,98.6,,survey,,
survey,polio,WY,2016,"2016 survey, ages 19 to 35 months",89.5,85.2,93.8,,survey,,
survey,polio,WY,2017,"2017 survey, ages 19 to 35 months",92.9,89.8,96.0,,survey,,
toddler,dtap,AK,2018,"born 2016, by age 24 months",77.0,69.6,83.6,228.0,survey,,
toddler,dtap,AK,2019,"born 2017, by age 24 months",71.3,63.9,78.3,258.0,survey,,
toddler,dtap,AK,2020,"born 2018, by age 24 months",76.9,70.6,82.7,275.0,survey,,
toddler,dtap,AK,2021,"born 2019, by age 24 months",75.5,68.7,81.9,287.0,survey,,
toddler,dtap,AK,2022,"born 2020, by age 24 months",75.4,68.9,81.4,302.0,survey,,
toddler,dtap,AK,2023,"born 2021, by age 24 months",71.8,64.4,78.8,279.0,survey,,
toddler,dtap,AK,2024,"born 2022, by age 24 months",61.4,47.7,75.4,126.0,survey,,
toddler,dtap,AL,2018,"born 2016, by age 24 months",81.4,75.2,87.0,309.0,survey,,
toddler,dtap,AL,2019,"born 2017, by age 24 months",83.2,75.9,89.3,259.0,survey,,
toddler,dtap,AL,2020,"born 2018, by age 24 months",79.2,70.4,86.9,232.0,survey,,
toddler,dtap,AL,2021,"born 2019, by age 24 months",80.6,73.7,86.7,227.0,survey,,
toddler,dtap,AL,2022,"born 2020, by age 24 months",78.1,70.1,85.2,240.0,survey,,
toddler,dtap,AL,2023,"born 2021, by age 24 months",79.7,72.9,85.8,270.0,survey,,
toddler,dtap,AL,2024,"born 2022, by age 24 months",78.3,69.2,86.2,184.0,survey,,
toddler,dtap,AR,2018,"born 2016, by age 24 months",78.2,71.0,84.7,272.0,survey,,
toddler,dtap,AR,2019,"born 2017, by age 24 months",72.5,65.7,78.8,390.0,survey,,
toddler,dtap,AR,2020,"born 2018, by age 24 months",71.1,64.8,77.2,426.0,survey,,
toddler,dtap,AR,2021,"born 2019, by age 24 months",76.4,69.9,82.3,357.0,survey,,
toddler,dtap,AR,2022,"born 2020, by age 24 months",76.0,69.7,81.9,323.0,survey,,
toddler,dtap,AR,2023,"born 2021, by age 24 months",76.2,69.7,82.1,312.0,survey,,
toddler,dtap,AR,2024,"born 2022, by age 24 months",79.3,69.3,87.7,144.0,survey,,
toddler,dtap,AZ,2018,"born 2016, by age 24 months",80.4,73.8,86.2,257.0,survey,,
toddler,dtap,AZ,2019,"born 2017, by age 24 months",81.7,75.3,87.3,278.0,survey,,
toddler,dtap,AZ,2020,"born 2018, by age 24 months",90.0,84.6,94.2,284.0,survey,,
toddler,dtap,AZ,2021,"born 2019, by age 24 months",81.6,75.1,87.3,235.0,survey,,
toddler,dtap,AZ,2022,"born 2020, by age 24 months",74.8,67.5,81.5,271.0,survey,,
toddler,dtap,AZ,2023,"born 2021, by age 24 months",77.3,69.3,84.5,293.0,survey,,
toddler,dtap,AZ,2024,"born 2022, by age 24 months",79.2,69.2,87.6,145.0,survey,,
toddler,dtap,CA,2018,"born 2016, by age 24 months",77.8,68.1,86.2,306.0,survey,,
toddler,dtap,CA,2019,"born 2017, by age 24 months",81.4,74.4,87.5,418.0,survey,,
toddler,dtap,CA,2020,"born 2018, by age 24 months",88.6,84.2,92.2,559.0,survey,,
toddler,dtap,CA,2021,"born 2019, by age 24 months",76.5,69.7,82.7,537.0,survey,,
toddler,dtap,CA,2022,"born 2020, by age 24 months",76.2,68.7,83.0,434.0,survey,,
toddler,dtap,CA,2023,"born 2021, by age 24 months",76.3,70.5,81.8,397.0,survey,,
toddler,dtap,CA,2024,"born 2022, by age 24 months",72.7,63.9,80.9,193.0,survey,,
toddler,dtap,CO,2018,"born 2016, by age 24 months",78.9,71.1,85.7,247.0,survey,,
toddler,dtap,CO,2019,"born 2017, by age 24 months",80.1,71.4,87.5,231.0,survey,,
toddler,dtap,CO,2020,"born 2018, by age 24 months",80.9,74.1,86.9,296.0,survey,,
toddler,dtap,CO,2021,"born 2019, by age 24 months",82.4,76.4,87.7,265.0,survey,,
toddler,dtap,CO,2022,"born 2020, by age 24 months",79.8,74.2,85.0,311.0,survey,,
toddler,dtap,CO,2023,"born 2021, by age 24 months",80.7,75.5,85.3,302.0,survey,,
toddler,dtap,CO,2024,"born 2022, by age 24 months",78.5,69.6,86.4,177.0,survey,,
toddler,dtap,CT,2018,"born 2016, by age 24 months",82.4,74.0,89.4,182.0,survey,,
toddler,dtap,CT,2019,"born 2017, by age 24 months",84.4,75.9,91.1,184.0,survey,,
toddler,dtap,CT,2020,"born 2018, by age 24 months",91.4,87.1,94.8,308.0,survey,,
toddler,dtap,CT,2021,"born 2019, by age 24 months",89.4,84.6,93.3,311.0,survey,,
toddler,dtap,CT,2022,"born 2020, by age 24 months",85.4,79.0,90.8,248.0,survey,,
toddler,dtap,CT,2023,"born 2021, by age 24 months",86.9,80.4,92.1,254.0,survey,,
toddler,dtap,CT,2024,"born 2022, by age 24 months",92.5,85.8,96.8,136.0,survey,,
toddler,dtap,DC,2018,"born 2016, by age 24 months",86.9,81.0,91.6,293.0,survey,,
toddler,dtap,DC,2019,"born 2017, by age 24 months",83.6,77.4,88.9,314.0,survey,,
toddler,dtap,DC,2020,"born 2018, by age 24 months",84.7,79.5,89.1,350.0,survey,,
toddler,dtap,DC,2021,"born 2019, by age 24 months",76.3,68.2,83.5,327.0,survey,,
toddler,dtap,DC,2022,"born 2020, by age 24 months",80.8,72.2,88.0,293.0,survey,,
toddler,dtap,DC,2023,"born 2021, by age 24 months",76.2,68.3,83.4,314.0,survey,,
toddler,dtap,DC,2024,"born 2022, by age 24 months",63.4,51.7,75.1,212.0,survey,,
toddler,dtap,DE,2018,"born 2016, by age 24 months",77.6,69.9,84.4,233.0,survey,,
toddler,dtap,DE,2019,"born 2017, by age 24 months",87.4,82.2,91.7,308.0,survey,,
toddler,dtap,DE,2020,"born 2018, by age 24 months",80.5,74.5,86.0,248.0,survey,,
toddler,dtap,DE,2021,"born 2019, by age 24 months",87.0,80.4,92.2,205.0,survey,,
toddler,dtap,DE,2022,"born 2020, by age 24 months",86.0,79.1,91.5,183.0,survey,,
toddler,dtap,DE,2023,"born 2021, by age 24 months",77.5,69.9,84.4,179.0,survey,,
toddler,dtap,DE,2024,"born 2022, by age 24 months",90.2,83.5,95.0,115.0,survey,,
toddler,dtap,FL,2018,"born 2016, by age 24 months",81.0,74.1,87.0,349.0,survey,,
toddler,dtap,FL,2019,"born 2017, by age 24 months",80.3,73.6,86.2,374.0,survey,,
toddler,dtap,FL,2020,"born 2018, by age 24 months",83.0,75.3,89.5,324.0,survey,,
toddler,dtap,FL,2021,"born 2019, by age 24 months",82.3,75.3,88.4,333.0,survey,,
toddler,dtap,FL,2022,"born 2020, by age 24 months",78.8,72.8,84.2,390.0,survey,,
toddler,dtap,FL,2023,"born 2021, by age 24 months",79.1,72.9,84.7,433.0,survey,,
toddler,dtap,FL,2024,"born 2022, by age 24 months",84.5,78.0,89.9,203.0,survey,,
toddler,dtap,GA,2018,"born 2016, by age 24 months",77.4,70.5,83.8,334.0,survey,,
toddler,dtap,GA,2019,"born 2017, by age 24 months",77.1,69.3,84.1,292.0,survey,,
toddler,dtap,GA,2020,"born 2018, by age 24 months",74.9,66.6,82.5,282.0,survey,,
toddler,dtap,GA,2021,"born 2019, by age 24 months",78.7,70.3,86.0,273.0,survey,,
toddler,dtap,GA,2022,"born 2020, by age 24 months",78.8,70.2,86.3,338.0,survey,,
toddler,dtap,GA,2023,"born 2021, by age 24 months",77.3,71.5,82.6,376.0,survey,,
toddler,dtap,GA,2024,"born 2022, by age 24 months",76.0,66.0,84.9,193.0,survey,,
toddler,dtap,HI,2018,"born 2016, by age 24 months",82.3,75.5,88.1,230.0,survey,,
toddler,dtap,HI,2019,"born 2017, by age 24 months",73.6,65.8,80.8,229.0,survey,,
toddler,dtap,HI,2020,"born 2018, by age 24 months",83.4,76.5,89.2,268.0,survey,,
toddler,dtap,HI,2021,"born 2019, by age 24 months",78.9,72.5,84.7,246.0,survey,,
toddler,dtap,HI,2022,"born 2020, by age 24 months",78.6,71.4,84.9,201.0,survey,,
toddler,dtap,HI,2023,"born 2021, by age 24 months",83.8,77.2,89.4,238.0,survey,,
toddler,dtap,HI,2024,"born 2022, by age 24 months",80.9,70.9,89.1,140.0,survey,,
toddler,dtap,IA,2018,"born 2016, by age 24 months",84.1,76.7,90.2,198.0,survey,,
toddler,dtap,IA,2019,"born 2017, by age 24 months",76.7,69.2,83.5,228.0,survey,,
toddler,dtap,IA,2020,"born 2018, by age 24 months",88.3,82.1,93.2,255.0,survey,,
toddler,dtap,IA,2021,"born 2019, by age 24 months",89.1,83.7,93.4,250.0,survey,,
toddler,dtap,IA,2022,"born 2020, by age 24 months",80.3,73.5,86.3,271.0,survey,,
toddler,dtap,IA,2023,"born 2021, by age 24 months",84.2,77.4,89.9,276.0,survey,,
toddler,dtap,IA,2024,"born 2022, by age 24 months",87.7,81.1,92.8,178.0,survey,,
toddler,dtap,ID,2018,"born 2016, by age 24 months",80.5,73.5,86.7,190.0,survey,,
toddler,dtap,ID,2019,"born 2017, by age 24 months",82.5,77.7,86.8,499.0,survey,,
toddler,dtap,ID,2020,"born 2018, by age 24 months",82.5,77.3,87.1,443.0,survey,,
toddler,dtap,ID,2021,"born 2019, by age 24 months",80.5,74.4,86.0,306.0,survey,,
toddler,dtap,ID,2022,"born 2020, by age 24 months",80.6,74.5,86.0,286.0,survey,,
toddler,dtap,ID,2023,"born 2021, by age 24 months",76.5,69.3,83.1,251.0,survey,,
toddler,dtap,ID,2024,"born 2022, by age 24 months",80.5,73.4,86.8,175.0,survey,,
toddler,dtap,IL,2018,"born 2016, by age 24 months",83.0,78.0,87.5,484.0,survey,,
toddler,dtap,IL,2019,"born 2017, by age 24 months",83.4,78.8,87.4,502.0,survey,,
toddler,dtap,IL,2020,"born 2018, by age 24 months",78.4,73.4,83.1,542.0,survey,,
toddler,dtap,IL,2021,"born 2019, by age 24 months",79.9,74.9,84.4,548.0,survey,,
toddler,dtap,IL,2022,"born 2020, by age 24 months",82.9,78.4,86.8,549.0,survey,,
toddler,dtap,IL,2023,"born 2021, by age 24 months",81.2,76.8,85.2,601.0,survey,,
toddler,dtap,IL,2024,"born 2022, by age 24 months",80.7,74.0,86.6,282.0,survey,,
toddler,dtap,IN,2018,"born 2016, by age 24 months",76.8,69.9,83.2,285.0,survey,,
toddler,dtap,IN,2019,"born 2017, by age 24 months",79.9,73.9,85.2,304.0,survey,,
toddler,dtap,IN,2020,"born 2018, by age 24 months",79.4,72.8,85.3,272.0,survey,,
toddler,dtap,IN,2021,"born 2019, by age 24 months",79.2,71.4,85.9,209.0,survey,,
toddler,dtap,IN,2022,"born 2020, by age 24 months",80.7,73.9,86.7,232.0,survey,,
toddler,dtap,IN,2023,"born 2021, by age 24 months",79.5,72.7,85.5,228.0,survey,,
toddler,dtap,IN,2024,"born 2022, by age 24 months",85.1,76.9,91.6,123.0,survey,,
toddler,dtap,KS,2018,"born 2016, by age 24 months",75.8,68.6,82.4,301.0,survey,,
toddler,dtap,KS,2019,"born 2017, by age 24 months",78.1,71.5,84.0,354.0,survey,,
toddler,dtap,KS,2020,"born 2018, by age 24 months",78.7,72.4,84.4,395.0,survey,,
toddler,dtap,KS,2021,"born 2019, by age 24 months",80.6,74.8,85.8,358.0,survey,,
toddler,dtap,KS,2022,"born 2020, by age 24 months",75.6,69.8,81.0,368.0,survey,,
toddler,dtap,KS,2023,"born 2021, by age 24 months",77.7,71.8,83.2,390.0,survey,,
toddler,dtap,KS,2024,"born 2022, by age 24 months",76.9,69.3,83.8,220.0,survey,,
toddler,dtap,KY,2018,"born 2016, by age 24 months",86.6,79.0,92.4,181.0,survey,,
toddler,dtap,KY,2019,"born 2017, by age 24 months",84.2,77.6,89.7,238.0,survey,,
toddler,dtap,KY,2020,"born 2018, by age 24 months",80.2,73.5,86.2,278.0,survey,,
toddler,dtap,KY,2021,"born 2019, by age 24 months",87.6,81.5,92.4,271.0,survey,,
toddler,dtap,KY,2022,"born 2020, by age 24 months",78.8,72.0,84.9,324.0,survey,,
toddler,dtap,KY,2023,"born 2021, by age 24 months",79.5,73.7,84.7,333.0,survey,,
toddler,dtap,KY,2024,"born 2022, by age 24 months",79.0,69.7,87.0,186.0,survey,,
toddler,dtap,LA,2018,"born 2016, by age 24 months",77.0,68.4,84.8,266.0,survey,,
toddler,dtap,LA,2019,"born 2017, by age 24 months",77.5,70.6,83.7,399.0,survey,,
toddler,dtap,LA,2020,"born 2018, by age 24 months",72.5,65.6,79.0,401.0,survey,,
toddler,dtap,LA,2021,"born 2019, by age 24 months",77.2,70.9,83.1,411.0,survey,,
toddler,dtap,LA,2022,"born 2020, by age 24 months",78.1,71.3,84.2,433.0,survey,,
toddler,dtap,LA,2023,"born 2021, by age 24 months",79.0,72.3,85.0,428.0,survey,,
toddler,dtap,LA,2024,"born 2022, by age 24 months",81.4,71.1,89.8,214.0,survey,,
toddler,dtap,MA,2018,"born 2016, by age 24 months",89.2,82.3,94.4,267.0,survey,,
toddler,dtap,MA,2019,"born 2017, by age 24 months",87.2,80.9,92.3,330.0,survey,,
toddler,dtap,MA,2020,"born 2018, by age 24 months",92.4,87.5,95.9,365.0,survey,,
toddler,dtap,MA,2021,"born 2019, by age 24 months",86.3,80.0,91.5,295.0,survey,,
toddler,dtap,MA,2022,"born 2020, by age 24 months",86.6,80.0,91.9,268.0,survey,,
toddler,dtap,MA,2023,"born 2021, by age 24 months",93.2,89.5,96.0,277.0,survey,,
toddler,dtap,MA,2024,"born 2022, by age 24 months",84.7,76.5,91.2,175.0,survey,,
toddler,dtap,MD,2018,"born 2016, by age 24 months",84.9,79.1,89.8,464.0,survey,,
toddler,dtap,MD,2019,"born 2017, by age 24 months",84.0,79.7,87.9,766.0,survey,,
toddler,dtap,MD,2020,"born 2018, by age 24 months",84.2,80.2,87.8,837.0,survey,,
toddler,dtap,MD,2021,"born 2019, by age 24 months",82.4,77.7,86.6,614.0,survey,,
toddler,dtap,MD,2022,"born 2020, by age 24 months",87.5,83.5,91.0,494.0,survey,,
toddler,dtap,MD,2023,"born 2021, by age 24 months",82.9,77.3,87.8,525.0,survey,,
toddler,dtap,MD,2024,"born 2022, by age 24 months",85.7,77.8,91.9,268.0,survey,,
toddler,dtap,ME,2018,"born 2016, by age 24 months",86.2,80.2,91.1,243.0,survey,,
toddler,dtap,ME,2019,"born 2017, by age 24 months",84.3,78.5,89.2,259.0,survey,,
toddler,dtap,ME,2020,"born 2018, by age 24 months",91.3,86.8,94.8,251.0,survey,,
toddler,dtap,ME,2021,"born 2019, by age 24 months",83.4,77.3,88.6,244.0,survey,,
toddler,dtap,ME,2022,"born 2020, by age 24 months",91.7,87.3,95.0,223.0,survey,,
toddler,dtap,ME,2023,"born 2021, by age 24 months",82.3,76.3,87.6,228.0,survey,,
toddler,dtap,ME,2024,"born 2022, by age 24 months",83.6,70.0,93.4,133.0,survey,,
toddler,dtap,MI,2018,"born 2016, by age 24 months",82.6,76.2,88.0,291.0,survey,,
toddler,dtap,MI,2019,"born 2017, by age 24 months",78.9,72.4,84.8,402.0,survey,,
toddler,dtap,MI,2020,"born 2018, by age 24 months",86.1,80.8,90.5,415.0,survey,,
toddler,dtap,MI,2021,"born 2019, by age 24 months",84.3,79.0,88.9,375.0,survey,,
toddler,dtap,MI,2022,"born 2020, by age 24 months",78.7,71.6,85.2,448.0,survey,,
toddler,dtap,MI,2023,"born 2021, by age 24 months",81.2,74.7,87.0,467.0,survey,,
toddler,dtap,MI,2024,"born 2022, by age 24 months",85.4,77.0,92.0,251.0,survey,,
toddler,dtap,MN,2018,"born 2016, by age 24 months",89.6,82.8,94.6,217.0,survey,,
toddler,dtap,MN,2019,"born 2017, by age 24 months",84.1,77.4,89.8,290.0,survey,,
toddler,dtap,MN,2020,"born 2018, by age 24 months",77.1,70.1,83.5,328.0,survey,,
toddler,dtap,MN,2021,"born 2019, by age 24 months",83.9,77.7,89.3,283.0,survey,,
toddler,dtap,MN,2022,"born 2020, by age 24 months",85.1,79.2,90.1,239.0,survey,,
toddler,dtap,MN,2023,"born 2021, by age 24 months",84.1,77.9,89.3,278.0,survey,,
toddler,dtap,MN,2024,"born 2022, by age 24 months",91.2,84.4,95.9,166.0,survey,,
toddler,dtap,MO,2018,"born 2016, by age 24 months",72.1,63.8,79.9,238.0,survey,,
toddler,dtap,MO,2019,"born 2017, by age 24 months",78.1,72.1,83.7,384.0,survey,,
toddler,dtap,MO,2020,"born 2018, by age 24 months",80.9,74.7,86.4,416.0,survey,,
toddler,dtap,MO,2021,"born 2019, by age 24 months",77.9,71.7,83.6,402.0,survey,,
toddler,dtap,MO,2022,"born 2020, by age 24 months",80.0,73.6,85.7,390.0,survey,,
toddler,dtap,MO,2023,"born 2021, by age 24 months",80.7,75.1,85.7,387.0,survey,,
toddler,dtap,MO,2024,"born 2022, by age 24 months",79.0,70.6,86.3,194.0,survey,,
toddler,dtap,MS,2018,"born 2016, by age 24 months",77.1,69.9,83.6,307.0,survey,,
toddler,dtap,MS,2019,"born 2017, by age 24 months",81.1,74.0,87.3,321.0,survey,,
toddler,dtap,MS,2020,"born 2018, by age 24 months",79.2,72.2,85.4,276.0,survey,,
toddler,dtap,MS,2021,"born 2019, by age 24 months",79.4,72.1,85.9,324.0,survey,,
toddler,dtap,MS,2022,"born 2020, by age 24 months",75.1,66.5,82.9,308.0,survey,,
toddler,dtap,MS,2023,"born 2021, by age 24 months",76.4,68.1,83.9,268.0,survey,,
toddler,dtap,MS,2024,"born 2022, by age 24 months",77.5,64.9,88.1,160.0,survey,,
toddler,dtap,MT,2018,"born 2016, by age 24 months",72.6,65.1,79.6,257.0,survey,,
toddler,dtap,MT,2019,"born 2017, by age 24 months",74.6,67.5,81.2,265.0,survey,,
toddler,dtap,MT,2020,"born 2018, by age 24 months",80.0,73.3,86.0,233.0,survey,,
toddler,dtap,MT,2021,"born 2019, by age 24 months",75.3,66.6,83.2,187.0,survey,,
toddler,dtap,MT,2022,"born 2020, by age 24 months",70.7,63.6,77.6,220.0,survey,,
toddler,dtap,MT,2023,"born 2021, by age 24 months",73.9,66.3,81.0,219.0,survey,,
toddler,dtap,MT,2024,"born 2022, by age 24 months",75.3,66.2,83.5,154.0,survey,,
toddler,dtap,NC,2018,"born 2016, by age 24 months",83.5,77.4,88.7,352.0,survey,,
toddler,dtap,NC,2019,"born 2017, by age 24 months",83.8,76.5,89.8,292.0,survey,,
toddler,dtap,NC,2020,"born 2018, by age 24 months",83.0,75.3,89.4,271.0,survey,,
toddler,dtap,NC,2021,"born 2019, by age 24 months",91.3,86.5,94.9,314.0,survey,,
toddler,dtap,NC,2022,"born 2020, by age 24 months",80.3,74.7,85.3,459.0,survey,,
toddler,dtap,NC,2023,"born 2021, by age 24 months",82.2,77.5,86.5,435.0,survey,,
toddler,dtap,NC,2024,"born 2022, by age 24 months",82.0,74.7,88.2,207.0,survey,,
toddler,dtap,ND,2018,"born 2016, by age 24 months",81.1,74.3,87.0,227.0,survey,,
toddler,dtap,ND,2019,"born 2017, by age 24 months",77.2,70.5,83.4,298.0,survey,,
toddler,dtap,ND,2020,"born 2018, by age 24 months",87.5,81.9,92.1,293.0,survey,,
toddler,dtap,ND,2021,"born 2019, by age 24 months",81.0,73.9,87.2,263.0,survey,,
toddler,dtap,ND,2022,"born 2020, by age 24 months",80.4,73.5,86.5,248.0,survey,,
toddler,dtap,ND,2023,"born 2021, by age 24 months",79.5,71.9,86.1,233.0,survey,,
toddler,dtap,ND,2024,"born 2022, by age 24 months",80.0,69.6,88.6,151.0,survey,,
toddler,dtap,NE,2018,"born 2016, by age 24 months",81.8,74.3,88.2,223.0,survey,,
toddler,dtap,NE,2019,"born 2017, by age 24 months",87.3,82.1,91.6,266.0,survey,,
toddler,dtap,NE,2020,"born 2018, by age 24 months",85.0,79.3,89.9,279.0,survey,,
toddler,dtap,NE,2021,"born 2019, by age 24 months",84.8,79.3,89.4,259.0,survey,,
toddler,dtap,NE,2022,"born 2020, by age 24 months",89.1,84.3,93.0,251.0,survey,,
toddler,dtap,NE,2023,"born 2021, by age 24 months",82.4,76.4,87.7,256.0,survey,,
toddler,dtap,NE,2024,"born 2022, by age 24 months",85.3,77.5,91.5,148.0,survey,,
toddler,dtap,NH,2018,"born 2016, by age 24 months",83.1,76.3,88.8,231.0,survey,,
toddler,dtap,NH,2019,"born 2017, by age 24 months",90.0,84.7,94.1,244.0,survey,,
toddler,dtap,NH,2020,"born 2018, by age 24 months",89.5,84.5,93.4,269.0,survey,,
toddler,dtap,NH,2021,"born 2019, by age 24 months",77.9,71.0,84.1,214.0,survey,,
toddler,dtap,NH,2022,"born 2020, by age 24 months",89.2,83.3,93.8,189.0,survey,,
toddler,dtap,NH,2023,"born 2021, by age 24 months",91.0,86.6,94.4,231.0,survey,,
toddler,dtap,NH,2024,"born 2022, by age 24 months",88.9,82.5,93.8,123.0,survey,,
toddler,dtap,NJ,2018,"born 2016, by age 24 months",86.1,79.0,91.7,298.0,survey,,
toddler,dtap,NJ,2019,"born 2017, by age 24 months",76.6,68.9,83.5,263.0,survey,,
toddler,dtap,NJ,2020,"born 2018, by age 24 months",81.0,73.8,87.2,269.0,survey,,
toddler,dtap,NJ,2021,"born 2019, by age 24 months",83.0,75.7,89.1,279.0,survey,,
toddler,dtap,NJ,2022,"born 2020, by age 24 months",83.4,76.5,89.2,268.0,survey,,
toddler,dtap,NJ,2023,"born 2021, by age 24 months",82.9,76.9,88.1,291.0,survey,,
toddler,dtap,NJ,2024,"born 2022, by age 24 months",72.5,60.6,83.2,172.0,survey,,
toddler,dtap,NM,2018,"born 2016, by age 24 months",79.5,73.3,85.0,395.0,survey,,
toddler,dtap,NM,2019,"born 2017, by age 24 months",75.7,69.6,81.3,429.0,survey,,
toddler,dtap,NM,2020,"born 2018, by age 24 months",82.8,77.3,87.6,447.0,survey,,
toddler,dtap,NM,2021,"born 2019, by age 24 months",83.8,78.3,88.5,374.0,survey,,
toddler,dtap,NM,2022,"born 2020, by age 24 months",83.7,78.2,88.5,357.0,survey,,
toddler,dtap,NM,2023,"born 2021, by age 24 months",75.2,68.7,81.3,352.0,survey,,
toddler,dtap,NM,2024,"born 2022, by age 24 months",83.0,75.4,89.3,186.0,survey,,
toddler,dtap,NV,2018,"born 2016, by age 24 months",71.9,65.0,78.5,327.0,survey,,
toddler,dtap,NV,2019,"born 2017, by age 24 months",75.9,69.1,82.2,344.0,survey,,
toddler,dtap,NV,2020,"born 2018, by age 24 months",83.2,77.5,88.2,378.0,survey,,
toddler,dtap,NV,2021,"born 2019, by age 24 months",78.8,72.8,84.2,340.0,survey,,
toddler,dtap,NV,2022,"born 2020, by age 24 months",73.6,65.9,80.8,323.0,survey,,
toddler,dtap,NV,2023,"born 2021, by age 24 months",74.6,68.4,80.4,352.0,survey,,
toddler,dtap,NV,2024,"born 2022, by age 24 months",82.4,73.2,89.9,200.0,survey,,
toddler,dtap,NY,2018,"born 2016, by age 24 months",75.9,70.2,81.3,506.0,survey,,
toddler,dtap,NY,2019,"born 2017, by age 24 months",86.0,81.8,89.6,648.0,survey,,
toddler,dtap,NY,2020,"born 2018, by age 24 months",82.2,78.0,86.0,733.0,survey,,
toddler,dtap,NY,2021,"born 2019, by age 24 months",81.5,76.5,86.0,637.0,survey,,
toddler,dtap,NY,2022,"born 2020, by age 24 months",83.9,79.5,87.7,624.0,survey,,
toddler,dtap,NY,2023,"born 2021, by age 24 months",79.9,75.1,84.2,640.0,survey,,
toddler,dtap,NY,2024,"born 2022, by age 24 months",80.6,74.1,86.3,360.0,survey,,
toddler,dtap,OH,2018,"born 2016, by age 24 months",79.9,72.8,86.2,283.0,survey,,
toddler,dtap,OH,2019,"born 2017, by age 24 months",75.8,68.0,82.8,283.0,survey,,
toddler,dtap,OH,2020,"born 2018, by age 24 months",77.2,70.2,83.5,406.0,survey,,
toddler,dtap,OH,2021,"born 2019, by age 24 months",84.8,78.8,89.9,384.0,survey,,
toddler,dtap,OH,2022,"born 2020, by age 24 months",83.5,78.4,88.0,484.0,survey,,
toddler,dtap,OH,2023,"born 2021, by age 24 months",85.6,80.4,90.1,418.0,survey,,
toddler,dtap,OH,2024,"born 2022, by age 24 months",84.9,78.3,90.4,237.0,survey,,
toddler,dtap,OK,2018,"born 2016, by age 24 months",79.5,73.9,84.6,319.0,survey,,
toddler,dtap,OK,2019,"born 2017, by age 24 months",77.0,69.3,84.0,243.0,survey,,
toddler,dtap,OK,2020,"born 2018, by age 24 months",74.3,66.5,81.6,194.0,survey,,
toddler,dtap,OK,2021,"born 2019, by age 24 months",75.5,67.4,82.8,205.0,survey,,
toddler,dtap,OK,2022,"born 2020, by age 24 months",75.5,69.1,81.6,298.0,survey,,
toddler,dtap,OK,2023,"born 2021, by age 24 months",74.1,67.7,80.2,236.0,survey,,
toddler,dtap,OK,2024,"born 2022, by age 24 months",74.6,62.8,85.0,120.0,survey,,
toddler,dtap,OR,2018,"born 2016, by age 24 months",72.7,62.9,81.8,177.0,survey,,
toddler,dtap,OR,2019,"born 2017, by age 24 months",83.4,76.2,89.5,195.0,survey,,
toddler,dtap,OR,2020,"born 2018, by age 24 months",83.5,77.7,88.5,290.0,survey,,
toddler,dtap,OR,2021,"born 2019, by age 24 months",80.4,73.4,86.6,264.0,survey,,
toddler,dtap,OR,2022,"born 2020, by age 24 months",78.6,71.4,85.1,220.0,survey,,
toddler,dtap,OR,2023,"born 2021, by age 24 months",78.7,72.7,84.2,255.0,survey,,
toddler,dtap,OR,2024,"born 2022, by age 24 months",84.0,75.8,90.7,152.0,survey,,
toddler,dtap,PA,2018,"born 2016, by age 24 months",86.6,80.8,91.4,580.0,survey,,
toddler,dtap,PA,2019,"born 2017, by age 24 months",86.1,80.6,90.8,560.0,survey,,
toddler,dtap,PA,2020,"born 2018, by age 24 months",83.4,78.0,88.1,650.0,survey,,
toddler,dtap,PA,2021,"born 2019, by age 24 months",82.9,77.9,87.3,641.0,survey,,
toddler,dtap,PA,2022,"born 2020, by age 24 months",76.4,70.8,81.7,655.0,survey,,
toddler,dtap,PA,2023,"born 2021, by age 24 months",84.1,79.8,87.9,668.0,survey,,
toddler,dtap,PA,2024,"born 2022, by age 24 months",84.0,78.2,88.9,359.0,survey,,
toddler,dtap,RI,2018,"born 2016, by age 24 months",83.7,77.4,89.0,250.0,survey,,
toddler,dtap,RI,2019,"born 2017, by age 24 months",89.7,84.2,93.9,237.0,survey,,
toddler,dtap,RI,2020,"born 2018, by age 24 months",87.6,81.7,92.3,225.0,survey,,
toddler,dtap,RI,2021,"born 2019, by age 24 months",87.9,82.5,92.3,277.0,survey,,
toddler,dtap,RI,2022,"born 2020, by age 24 months",89.0,84.3,92.8,301.0,survey,,
toddler,dtap,RI,2023,"born 2021, by age 24 months",92.5,88.4,95.6,354.0,survey,,
toddler,dtap,RI,2024,"born 2022, by age 24 months",87.7,80.9,92.9,201.0,survey,,
toddler,dtap,SC,2018,"born 2016, by age 24 months",83.6,77.1,89.1,291.0,survey,,
toddler,dtap,SC,2019,"born 2017, by age 24 months",73.5,66.3,80.2,288.0,survey,,
toddler,dtap,SC,2020,"born 2018, by age 24 months",80.6,73.7,86.7,244.0,survey,,
toddler,dtap,SC,2021,"born 2019, by age 24 months",84.2,77.6,89.7,245.0,survey,,
toddler,dtap,SC,2022,"born 2020, by age 24 months",75.8,67.9,83.0,243.0,survey,,
toddler,dtap,SC,2023,"born 2021, by age 24 months",81.5,75.7,86.6,300.0,survey,,
toddler,dtap,SC,2024,"born 2022, by age 24 months",86.5,78.8,92.4,160.0,survey,,
toddler,dtap,SD,2018,"born 2016, by age 24 months",72.9,65.6,79.8,235.0,survey,,
toddler,dtap,SD,2019,"born 2017, by age 24 months",78.2,71.6,84.2,335.0,survey,,
toddler,dtap,SD,2020,"born 2018, by age 24 months",83.5,78.2,88.2,390.0,survey,,
toddler,dtap,SD,2021,"born 2019, by age 24 months",77.4,71.1,83.3,318.0,survey,,
toddler,dtap,SD,2022,"born 2020, by age 24 months",67.7,59.4,75.7,289.0,survey,,
toddler,dtap,SD,2023,"born 2021, by age 24 months",73.3,65.2,80.9,279.0,survey,,
toddler,dtap,SD,2024,"born 2022, by age 24 months",78.7,68.9,87.1,145.0,survey,,
toddler,dtap,TN,2018,"born 2016, by age 24 months",78.5,70.0,86.0,218.0,survey,,
toddler,dtap,TN,2019,"born 2017, by age 24 months",78.0,70.4,84.7,305.0,survey,,
toddler,dtap,TN,2020,"born 2018, by age 24 months",81.6,75.6,86.9,410.0,survey,,
toddler,dtap,TN,2021,"born 2019, by age 24 months",79.6,73.7,84.8,396.0,survey,,
toddler,dtap,TN,2022,"born 2020, by age 24 months",83.1,76.5,88.8,363.0,survey,,
toddler,dtap,TN,2023,"born 2021, by age 24 months",81.3,75.6,86.4,336.0,survey,,
toddler,dtap,TN,2024,"born 2022, by age 24 months",80.7,72.6,87.6,182.0,survey,,
toddler,dtap,TX,2018,"born 2016, by age 24 months",78.9,75.9,81.7,1603.0,survey,,
toddler,dtap,TX,2019,"born 2017, by age 24 months",78.5,75.0,81.8,1271.0,survey,,
toddler,dtap,TX,2020,"born 2018, by age 24 months",78.7,74.7,82.6,1065.0,survey,,
toddler,dtap,TX,2021,"born 2019, by age 24 months",79.4,74.9,83.5,919.0,survey,,
toddler,dtap,TX,2022,"born 2020, by age 24 months",76.6,70.6,82.2,795.0,survey,,
toddler,dtap,TX,2023,"born 2021, by age 24 months",80.9,76.4,85.0,814.0,survey,,
toddler,dtap,TX,2024,"born 2022, by age 24 months",79.9,74.1,85.2,541.0,survey,,
toddler,dtap,US,2018,"born 2016, by age 24 months",80.4,78.9,81.8,15956.0,survey,,
toddler,dtap,US,2019,"born 2017, by age 24 months",80.9,79.7,82.1,17804.0,survey,,
toddler,dtap,US,2020,"born 2018, by age 24 months",82.3,81.2,83.4,18826.0,survey,,
toddler,dtap,US,2021,"born 2019, by age 24 months",81.3,80.1,82.5,17265.0,survey,,
toddler,dtap,US,2022,"born 2020, by age 24 months",79.6,78.2,80.9,17387.0,survey,,
toddler,dtap,US,2023,"born 2021, by age 24 months",80.4,79.2,81.5,17612.0,survey,,
toddler,dtap,US,2024,"born 2022, by age 24 months",80.9,79.3,82.5,9780.0,survey,,
toddler,dtap,UT,2018,"born 2016, by age 24 months",80.0,73.4,85.9,293.0,survey,,
toddler,dtap,UT,2019,"born 2017, by age 24 months",85.5,78.5,91.2,227.0,survey,,
toddler,dtap,UT,2020,"born 2018, by age 24 months",88.2,82.6,92.7,298.0,survey,,
toddler,dtap,UT,2021,"born 2019, by age 24 months",86.7,82.2,90.6,330.0,survey,,
toddler,dtap,UT,2022,"born 2020, by age 24 months",84.0,79.1,88.3,333.0,survey,,
toddler,dtap,UT,2023,"born 2021, by age 24 months",82.2,76.7,87.1,332.0,survey,,
toddler,dtap,UT,2024,"born 2022, by age 24 months",84.6,76.6,91.0,149.0,survey,,
toddler,dtap,VA,2018,"born 2016, by age 24 months",89.5,83.6,94.0,389.0,survey,,
toddler,dtap,VA,2019,"born 2017, by age 24 months",79.5,72.1,86.0,419.0,survey,,
toddler,dtap,VA,2020,"born 2018, by age 24 months",81.5,74.8,87.4,551.0,survey,,
toddler,dtap,VA,2021,"born 2019, by age 24 months",84.7,78.5,89.8,452.0,survey,,
toddler,dtap,VA,2022,"born 2020, by age 24 months",79.4,72.9,85.2,494.0,survey,,
toddler,dtap,VA,2023,"born 2021, by age 24 months",78.7,73.0,83.9,450.0,survey,,
toddler,dtap,VA,2024,"born 2022, by age 24 months",79.7,72.4,86.0,241.0,survey,,
toddler,dtap,VT,2018,"born 2016, by age 24 months",85.4,79.1,90.6,248.0,survey,,
toddler,dtap,VT,2019,"born 2017, by age 24 months",88.5,83.7,92.4,330.0,survey,,
toddler,dtap,VT,2020,"born 2018, by age 24 months",87.2,82.3,91.3,340.0,survey,,
toddler,dtap,VT,2021,"born 2019, by age 24 months",88.2,83.6,92.0,334.0,survey,,
toddler,dtap,VT,2022,"born 2020, by age 24 months",86.6,81.3,91.0,307.0,survey,,
toddler,dtap,VT,2023,"born 2021, by age 24 months",85.1,77.2,91.4,281.0,survey,,
toddler,dtap,VT,2024,"born 2022, by age 24 months",89.2,82.0,94.4,187.0,survey,,
toddler,dtap,WA,2018,"born 2016, by age 24 months",76.7,68.9,83.8,280.0,survey,,
toddler,dtap,WA,2019,"born 2017, by age 24 months",84.4,79.8,88.5,467.0,survey,,
toddler,dtap,WA,2020,"born 2018, by age 24 months",86.2,81.5,90.2,492.0,survey,,
toddler,dtap,WA,2021,"born 2019, by age 24 months",82.5,77.6,86.8,455.0,survey,,
toddler,dtap,WA,2022,"born 2020, by age 24 months",81.1,75.9,85.7,445.0,survey,,
toddler,dtap,WA,2023,"born 2021, by age 24 months",81.4,75.9,86.3,394.0,survey,,
toddler,dtap,WA,2024,"born 2022, by age 24 months",88.0,81.9,92.8,211.0,survey,,
toddler,dtap,WI,2018,"born 2016, by age 24 months",84.5,78.6,89.5,275.0,survey,,
toddler,dtap,WI,2019,"born 2017, by age 24 months",84.4,77.2,90.3,238.0,survey,,
toddler,dtap,WI,2020,"born 2018, by age 24 months",81.0,74.0,87.0,241.0,survey,,
toddler,dtap,WI,2021,"born 2019, by age 24 months",80.7,73.7,86.8,224.0,survey,,
toddler,dtap,WI,2022,"born 2020, by age 24 months",78.9,72.5,84.6,287.0,survey,,
toddler,dtap,WI,2023,"born 2021, by age 24 months",80.1,73.7,85.8,317.0,survey,,
toddler,dtap,WI,2024,"born 2022, by age 24 months",90.2,84.6,94.4,164.0,survey,,
toddler,dtap,WV,2018,"born 2016, by age 24 months",76.7,70.4,82.6,296.0,survey,,
toddler,dtap,WV,2019,"born 2017, by age 24 months",81.7,75.6,87.0,259.0,survey,,
toddler,dtap,WV,2020,"born 2018, by age 24 months",78.5,72.2,84.2,252.0,survey,,
toddler,dtap,WV,2021,"born 2019, by age 24 months",76.6,69.5,83.1,201.0,survey,,
toddler,dtap,WV,2022,"born 2020, by age 24 months",75.9,69.3,82.0,271.0,survey,,
toddler,dtap,WV,2023,"born 2021, by age 24 months",81.4,75.6,86.6,279.0,survey,,
toddler,dtap,WV,2024,"born 2022, by age 24 months",86.4,79.3,92.0,180.0,survey,,
toddler,dtap,WY,2018,"born 2016, by age 24 months",80.1,73.5,85.9,231.0,survey,,
toddler,dtap,WY,2019,"born 2017, by age 24 months",77.8,71.4,83.5,287.0,survey,,
toddler,dtap,WY,2020,"born 2018, by age 24 months",76.3,69.5,82.6,280.0,survey,,
toddler,dtap,WY,2021,"born 2019, by age 24 months",79.0,72.4,85.0,260.0,survey,,
toddler,dtap,WY,2022,"born 2020, by age 24 months",76.3,70.0,82.1,296.0,survey,,
toddler,dtap,WY,2023,"born 2021, by age 24 months",71.3,64.3,77.9,306.0,survey,,
toddler,dtap,WY,2024,"born 2022, by age 24 months",80.3,71.3,87.9,157.0,survey,,
toddler,hepa,AK,2019,"born 2016, by age 35 months",77.3,67.5,85.8,228.0,survey,,
toddler,hepa,AK,2020,"born 2017, by age 35 months",70.9,61.9,79.3,258.0,survey,,
toddler,hepa,AK,2021,"born 2018, by age 35 months",69.5,61.0,77.7,275.0,survey,,
toddler,hepa,AK,2022,"born 2019, by age 35 months",70.9,61.9,79.4,287.0,survey,,
toddler,hepa,AK,2023,"born 2020, by age 35 months",74.6,64.7,83.5,302.0,survey,,
toddler,hepa,AK,2024,"born 2021, by age 35 months",70.1,60.3,79.3,279.0,survey,,
toddler,hepa,AK,2025,"born 2022, by age 35 months",65.4,48.4,81.8,126.0,survey,,
toddler,hepa,AL,2019,"born 2016, by age 35 months",75.3,66.0,83.7,309.0,survey,,
toddler,hepa,AL,2020,"born 2017, by age 35 months",71.4,59.7,82.1,259.0,survey,,
toddler,hepa,AL,2021,"born 2018, by age 35 months",68.0,57.4,78.1,232.0,survey,,
toddler,hepa,AL,2022,"born 2019, by age 35 months",75.6,65.0,85.0,227.0,survey,,
toddler,hepa,AL,2023,"born 2020, by age 35 months",78.1,69.5,85.7,240.0,survey,,
toddler,hepa,AL,2024,"born 2021, by age 35 months",73.0,64.7,80.7,270.0,survey,,
toddler,hepa,AL,2025,"born 2022, by age 35 months",79.0,65.5,89.8,184.0,survey,,
toddler,hepa,AR,2019,"born 2016, by age 35 months",74.9,64.2,84.5,272.0,survey,,
toddler,hepa,AR,2020,"born 2017, by age 35 months",76.6,68.1,84.2,390.0,survey,,
toddler,hepa,AR,2021,"born 2018, by age 35 months",72.3,64.7,79.5,426.0,survey,,
toddler,hepa,AR,2022,"born 2019, by age 35 months",71.4,62.2,80.0,357.0,survey,,
toddler,hepa,AR,2023,"born 2020, by age 35 months",80.4,72.9,87.0,323.0,survey,,
toddler,hepa,AR,2024,"born 2021, by age 35 months",75.9,68.0,83.1,312.0,survey,,
toddler,hepa,AR,2025,"born 2022, by age 35 months",74.3,60.4,86.4,144.0,survey,,
toddler,hepa,AZ,2019,"born 2016, by age 35 months",72.2,63.9,80.1,257.0,survey,,
toddler,hepa,AZ,2020,"born 2017, by age 35 months",81.3,73.1,88.3,278.0,survey,,
toddler,hepa,AZ,2021,"born 2018, by age 35 months",78.2,67.5,87.3,284.0,survey,,
toddler,hepa,AZ,2022,"born 2019, by age 35 months",92.5,79.9,98.5,235.0,survey,,
toddler,hepa,AZ,2023,"born 2020, by age 35 months",77.5,68.2,85.7,271.0,survey,,
toddler,hepa,AZ,2024,"born 2021, by age 35 months",74.1,64.8,82.5,293.0,survey,,
toddler,hepa,AZ,2025,"born 2022, by age 35 months",76.8,62.0,89.0,145.0,survey,,
toddler,hepa,CA,2019,"born 2016, by age 35 months",73.2,61.7,83.6,306.0,survey,,
toddler,hepa,CA,2020,"born 2017, by age 35 months",80.0,72.3,86.6,418.0,survey,,
toddler,hepa,CA,2021,"born 2018, by age 35 months",79.8,72.2,86.5,559.0,survey,,
toddler,hepa,CA,2022,"born 2019, by age 35 months",76.6,68.5,83.9,537.0,survey,,
toddler,hepa,CA,2023,"born 2020, by age 35 months",76.3,67.9,83.9,434.0,survey,,
toddler,hepa,CA,2024,"born 2021, by age 35 months",78.9,71.5,85.5,397.0,survey,,
toddler,hepa,CA,2025,"born 2022, by age 35 months",71.7,58.5,83.6,193.0,survey,,
toddler,hepa,CO,2019,"born 2016, by age 35 months",78.9,69.5,87.0,247.0,survey,,
toddler,hepa,CO,2020,"born 2017, by age 35 months",79.0,69.5,87.0,231.0,survey,,
toddler,hepa,CO,2021,"born 2018, by age 35 months",78.1,68.7,86.2,296.0,survey,,
toddler,hepa,CO,2022,"born 2019, by age 35 months",76.1,68.3,83.2,265.0,survey,,
toddler,hepa,CO,2023,"born 2020, by age 35 months",80.5,72.8,87.1,311.0,survey,,
toddler,hepa,CO,2024,"born 2021, by age 35 months",82.9,74.5,89.8,302.0,survey,,
toddler,hepa,CO,2025,"born 2022, by age 35 months",80.3,63.9,92.6,177.0,survey,,
toddler,hepa,CT,2019,"born 2016, by age 35 months",82.2,72.0,90.4,182.0,survey,,
toddler,hepa,CT,2020,"born 2017, by age 35 months",85.4,74.7,93.2,184.0,survey,,
toddler,hepa,CT,2021,"born 2018, by age 35 months",86.5,80.0,91.7,308.0,survey,,
toddler,hepa,CT,2022,"born 2019, by age 35 months",88.3,81.7,93.3,311.0,survey,,
toddler,hepa,CT,2023,"born 2020, by age 35 months",90.4,82.8,95.6,248.0,survey,,
toddler,hepa,CT,2024,"born 2021, by age 35 months",92.6,85.6,96.9,254.0,survey,,
toddler,hepa,CT,2025,"born 2022, by age 35 months",87.8,76.6,95.3,136.0,survey,,
toddler,hepa,DC,2019,"born 2016, by age 35 months",89.5,81.8,94.9,293.0,survey,,
toddler,hepa,DC,2020,"born 2017, by age 35 months",85.8,76.1,93.0,314.0,survey,,
toddler,hepa,DC,2021,"born 2018, by age 35 months",81.4,72.9,88.5,350.0,survey,,
toddler,hepa,DC,2022,"born 2019, by age 35 months",80.3,71.0,88.2,327.0,survey,,
toddler,hepa,DC,2023,"born 2020, by age 35 months",78.1,66.9,87.5,293.0,survey,,
toddler,hepa,DC,2024,"born 2021, by age 35 months",78.6,69.0,87.0,314.0,survey,,
toddler,hepa,DC,2025,"born 2022, by age 35 months",55.3,41.9,69.6,212.0,survey,,
toddler,hepa,DE,2019,"born 2016, by age 35 months",78.1,68.2,86.7,233.0,survey,,
toddler,hepa,DE,2020,"born 2017, by age 35 months",83.3,76.0,89.5,308.0,survey,,
toddler,hepa,DE,2021,"born 2018, by age 35 months",77.1,68.7,84.5,248.0,survey,,
toddler,hepa,DE,2022,"born 2019, by age 35 months",93.8,85.5,98.1,205.0,survey,,
toddler,hepa,DE,2023,"born 2020, by age 35 months",91.5,82.7,96.9,183.0,survey,,
toddler,hepa,DE,2024,"born 2021, by age 35 months",78.3,69.3,86.2,179.0,survey,,
toddler,hepa,DE,2025,"born 2022, by age 35 months",86.0,75.2,93.8,115.0,survey,,
toddler,hepa,FL,2019,"born 2016, by age 35 months",67.9,57.4,77.9,349.0,survey,,
toddler,hepa,FL,2020,"born 2017, by age 35 months",68.8,59.5,77.7,374.0,survey,,
toddler,hepa,FL,2021,"born 2018, by age 35 months",65.8,54.3,77.0,324.0,survey,,
toddler,hepa,FL,2022,"born 2019, by age 35 months",76.8,67.5,85.0,333.0,survey,,
toddler,hepa,FL,2023,"born 2020, by age 35 months",78.1,70.6,84.8,390.0,survey,,
toddler,hepa,FL,2024,"born 2021, by age 35 months",71.5,62.7,79.8,433.0,survey,,
toddler,hepa,FL,2025,"born 2022, by age 35 months",85.3,68.7,95.7,203.0,survey,,
toddler,hepa,GA,2019,"born 2016, by age 35 months",85.8,76.9,92.5,334.0,survey,,
toddler,hepa,GA,2020,"born 2017, by age 35 months",69.3,59.8,78.4,292.0,survey,,
toddler,hepa,GA,2021,"born 2018, by age 35 months",75.7,63.9,86.0,282.0,survey,,
toddler,hepa,GA,2022,"born 2019, by age 35 months",82.1,73.1,89.5,273.0,survey,,
toddler,hepa,GA,2023,"born 2020, by age 35 months",75.5,64.8,84.9,338.0,survey,,
toddler,hepa,GA,2024,"born 2021, by age 35 months",82.1,74.6,88.5,376.0,survey,,
toddler,hepa,GA,2025,"born 2022, by age 35 months",74.9,61.2,86.7,193.0,survey,,
toddler,hepa,HI,2019,"born 2016, by age 35 months",75.1,65.8,83.4,230.0,survey,,
toddler,hepa,HI,2020,"born 2017, by age 35 months",78.9,69.2,87.2,229.0,survey,,
toddler,hepa,HI,2021,"born 2018, by age 35 months",77.6,69.1,85.1,268.0,survey,,
toddler,hepa,HI,2022,"born 2019, by age 35 months",73.5,65.4,81.0,246.0,survey,,
toddler,hepa,HI,2023,"born 2020, by age 35 months",64.3,54.0,74.5,201.0,survey,,
toddler,hepa,HI,2024,"born 2021, by age 35 months",82.8,74.2,89.8,238.0,survey,,
toddler,hepa,HI,2025,"born 2022, by age 35 months",70.0,50.0,87.7,140.0,survey,,
toddler,hepa,IA,2019,"born 2016, by age 35 months",77.8,68.2,86.2,198.0,survey,,
toddler,hepa,IA,2020,"born 2017, by age 35 months",77.0,65.7,86.7,228.0,survey,,
toddler,hepa,IA,2021,"born 2018, by age 35 months",83.2,74.0,90.6,255.0,survey,,
toddler,hepa,IA,2022,"born 2019, by age 35 months",82.0,74.8,88.2,250.0,survey,,
toddler,hepa,IA,2023,"born 2020, by age 35 months",83.7,75.0,90.7,271.0,survey,,
toddler,hepa,IA,2024,"born 2021, by age 35 months",78.3,69.6,85.9,276.0,survey,,
toddler,hepa,IA,2025,"born 2022, by age 35 months",60.0,47.4,73.0,178.0,survey,,
toddler,hepa,ID,2019,"born 2016, by age 35 months",75.3,65.8,83.8,190.0,survey,,
toddler,hepa,ID,2020,"born 2017, by age 35 months",83.4,77.6,88.4,499.0,survey,,
toddler,hepa,ID,2021,"born 2018, by age 35 months",84.0,73.0,92.3,443.0,survey,,
toddler,hepa,ID,2022,"born 2019, by age 35 months",80.9,73.5,87.3,306.0,survey,,
toddler,hepa,ID,2023,"born 2020, by age 35 months",82.6,74.6,89.2,286.0,survey,,
toddler,hepa,ID,2024,"born 2021, by age 35 months",81.9,72.5,89.6,251.0,survey,,
toddler,hepa,ID,2025,"born 2022, by age 35 months",72.4,61.2,82.7,175.0,survey,,
toddler,hepa,IL,2019,"born 2016, by age 35 months",79.2,73.0,84.8,484.0,survey,,
toddler,hepa,IL,2020,"born 2017, by age 35 months",73.2,66.7,79.3,502.0,survey,,
toddler,hepa,IL,2021,"born 2018, by age 35 months",75.3,67.9,82.0,542.0,survey,,
toddler,hepa,IL,2022,"born 2019, by age 35 months",78.3,72.4,83.7,548.0,survey,,
toddler,hepa,IL,2023,"born 2020, by age 35 months",76.5,70.2,82.4,549.0,survey,,
toddler,hepa,IL,2024,"born 2021, by age 35 months",79.0,72.9,84.5,601.0,survey,,
toddler,hepa,IL,2025,"born 2022, by age 35 months",86.2,71.2,95.7,282.0,survey,,
toddler,hepa,IN,2019,"born 2016, by age 35 months",73.6,63.2,83.0,285.0,survey,,
toddler,hepa,IN,2020,"born 2017, by age 35 months",79.0,70.6,86.3,304.0,survey,,
toddler,hepa,IN,2021,"born 2018, by age 35 months",74.1,65.7,81.8,272.0,survey,,
toddler,hepa,IN,2022,"born 2019, by age 35 months",80.0,69.3,88.8,209.0,survey,,
toddler,hepa,IN,2023,"born 2020, by age 35 months",80.1,70.7,87.9,232.0,survey,,
toddler,hepa,IN,2024,"born 2021, by age 35 months",77.2,68.1,85.2,228.0,survey,,
toddler,hepa,IN,2025,"born 2022, by age 35 months",81.4,69.2,90.9,123.0,survey,,
toddler,hepa,KS,2019,"born 2016, by age 35 months",80.3,72.7,86.8,301.0,survey,,
toddler,hepa,KS,2020,"born 2017, by age 35 months",85.6,74.5,93.6,354.0,survey,,
toddler,hepa,KS,2021,"born 2018, by age 35 months",74.3,66.1,81.9,395.0,survey,,
toddler,hepa,KS,2022,"born 2019, by age 35 months",83.2,76.8,88.6,358.0,survey,,
toddler,hepa,KS,2023,"born 2020, by age 35 months",79.6,70.7,87.2,368.0,survey,,
toddler,hepa,KS,2024,"born 2021, by age 35 months",80.2,73.3,86.3,390.0,survey,,
toddler,hepa,KS,2025,"born 2022, by age 35 months",87.0,71.3,96.5,220.0,survey,,
toddler,hepa,KY,2019,"born 2016, by age 35 months",74.1,62.4,84.6,181.0,survey,,
toddler,hepa,KY,2020,"born 2017, by age 35 months",77.0,68.4,84.7,238.0,survey,,
toddler,hepa,KY,2021,"born 2018, by age 35 months",78.3,69.7,85.8,278.0,survey,,
toddler,hepa,KY,2022,"born 2019, by age 35 months",83.8,74.0,91.4,271.0,survey,,
toddler,hepa,KY,2023,"born 2020, by age 35 months",79.5,72.1,86.1,324.0,survey,,
toddler,hepa,KY,2024,"born 2021, by age 35 months",80.5,70.1,89.1,333.0,survey,,
toddler,hepa,KY,2025,"born 2022, by age 35 months",76.0,62.2,87.7,186.0,survey,,
toddler,hepa,LA,2019,"born 2016, by age 35 months",73.1,63.4,82.1,266.0,survey,,
toddler,hepa,LA,2020,"born 2017, by age 35 months",73.2,65.1,80.8,399.0,survey,,
toddler,hepa,LA,2021,"born 2018, by age 35 months",66.0,57.4,74.5,401.0,survey,,
toddler,hepa,LA,2022,"born 2019, by age 35 months",72.1,63.7,79.9,411.0,survey,,
toddler,hepa,LA,2023,"born 2020, by age 35 months",66.1,57.2,74.8,433.0,survey,,
toddler,hepa,LA,2024,"born 2021, by age 35 months",76.4,68.4,83.6,428.0,survey,,
toddler,hepa,LA,2025,"born 2022, by age 35 months",75.5,60.9,87.9,214.0,survey,,
toddler,hepa,MA,2019,"born 2016, by age 35 months",81.7,71.7,89.8,267.0,survey,,
toddler,hepa,MA,2020,"born 2017, by age 35 months",87.2,78.0,93.8,330.0,survey,,
toddler,hepa,MA,2021,"born 2018, by age 35 months",87.4,79.2,93.5,365.0,survey,,
toddler,hepa,MA,2022,"born 2019, by age 35 months",91.1,84.3,95.7,295.0,survey,,
toddler,hepa,MA,2023,"born 2020, by age 35 months",90.5,78.2,97.3,268.0,survey,,
toddler,hepa,MA,2024,"born 2021, by age 35 months",91.3,85.1,95.6,277.0,survey,,
toddler,hepa,MA,2025,"born 2022, by age 35 months",72.6,60.8,83.3,175.0,survey,,
toddler,hepa,MD,2019,"born 2016, by age 35 months",77.4,69.6,84.4,464.0,survey,,
toddler,hepa,MD,2020,"born 2017, by age 35 months",80.4,74.3,85.9,766.0,survey,,
toddler,hepa,MD,2021,"born 2018, by age 35 months",77.9,72.5,82.9,837.0,survey,,
toddler,hepa,MD,2022,"born 2019, by age 35 months",82.6,76.1,88.1,614.0,survey,,
toddler,hepa,MD,2023,"born 2020, by age 35 months",85.4,79.9,90.1,494.0,survey,,
toddler,hepa,MD,2024,"born 2021, by age 35 months",78.5,71.0,85.2,525.0,survey,,
toddler,hepa,MD,2025,"born 2022, by age 35 months",82.3,67.5,93.1,268.0,survey,,
toddler,hepa,ME,2019,"born 2016, by age 35 months",83.8,72.1,92.5,243.0,survey,,
toddler,hepa,ME,2020,"born 2017, by age 35 months",73.9,65.5,81.7,259.0,survey,,
toddler,hepa,ME,2021,"born 2018, by age 35 months",81.4,73.9,87.8,251.0,survey,,
toddler,hepa,ME,2022,"born 2019, by age 35 months",90.3,81.7,95.9,244.0,survey,,
toddler,hepa,ME,2023,"born 2020, by age 35 months",86.9,79.5,92.6,223.0,survey,,
toddler,hepa,ME,2024,"born 2021, by age 35 months",80.6,70.6,88.9,228.0,survey,,
toddler,hepa,ME,2025,"born 2022, by age 35 months",85.5,68.2,96.2,133.0,survey,,
toddler,hepa,MI,2019,"born 2016, by age 35 months",78.5,69.7,86.2,291.0,survey,,
toddler,hepa,MI,2020,"born 2017, by age 35 months",83.5,76.3,89.4,402.0,survey,,
toddler,hepa,MI,2021,"born 2018, by age 35 months",89.5,80.5,95.5,415.0,survey,,
toddler,hepa,MI,2022,"born 2019, by age 35 months",88.1,81.6,93.1,375.0,survey,,
toddler,hepa,MI,2023,"born 2020, by age 35 months",76.1,67.7,83.7,448.0,survey,,
toddler,hepa,MI,2024,"born 2021, by age 35 months",84.8,77.1,91.0,467.0,survey,,
toddler,hepa,MI,2025,"born 2022, by age 35 months",83.8,69.1,94.1,251.0,survey,,
toddler,hepa,MN,2019,"born 2016, by age 35 months",82.1,71.5,90.5,217.0,survey,,
toddler,hepa,MN,2020,"born 2017, by age 35 months",82.9,75.1,89.3,290.0,survey,,
toddler,hepa,MN,2021,"born 2018, by age 35 months",86.4,77.0,93.3,328.0,survey,,
toddler,hepa,MN,2022,"born 2019, by age 35 months",77.7,68.5,85.8,283.0,survey,,
toddler,hepa,MN,2023,"born 2020, by age 35 months",85.5,76.3,92.5,239.0,survey,,
toddler,hepa,MN,2024,"born 2021, by age 35 months",75.2,66.2,83.3,278.0,survey,,
toddler,hepa,MN,2025,"born 2022, by age 35 months",80.8,68.1,90.8,166.0,survey,,
toddler,hepa,MO,2019,"born 2016, by age 35 months",69.6,58.7,79.9,238.0,survey,,
toddler,hepa,MO,2020,"born 2017, by age 35 months",70.4,62.5,77.9,384.0,survey,,
toddler,hepa,MO,2021,"born 2018, by age 35 months",85.3,75.5,92.7,416.0,survey,,
toddler,hepa,MO,2022,"born 2019, by age 35 months",76.2,68.6,83.2,402.0,survey,,
toddler,hepa,MO,2023,"born 2020, by age 35 months",80.3,73.0,86.7,390.0,survey,,
toddler,hepa,MO,2024,"born 2021, by age 35 months",81.3,73.4,88.1,387.0,survey,,
toddler,hepa,MO,2025,"born 2022, by age 35 months",84.0,70.2,93.7,194.0,survey,,
toddler,hepa,MS,2019,"born 2016, by age 35 months",51.8,43.3,60.8,307.0,survey,,
toddler,hepa,MS,2020,"born 2017, by age 35 months",59.6,51.1,68.4,321.0,survey,,
toddler,hepa,MS,2021,"born 2018, by age 35 months",57.4,48.8,66.2,276.0,survey,,
toddler,hepa,MS,2022,"born 2019, by age 35 months",49.6,41.5,58.3,324.0,survey,,
toddler,hepa,MS,2023,"born 2020, by age 35 months",59.7,47.6,72.2,308.0,survey,,
toddler,hepa,MS,2024,"born 2021, by age 35 months",53.7,43.1,65.0,268.0,survey,,
toddler,hepa,MS,2025,"born 2022, by age 35 months",61.2,42.7,79.9,160.0,survey,,
toddler,hepa,MT,2019,"born 2016, by age 35 months",61.0,52.5,69.5,257.0,survey,,
toddler,hepa,MT,2020,"born 2017, by age 35 months",73.2,63.6,82.0,265.0,survey,,
toddler,hepa,MT,2021,"born 2018, by age 35 months",68.5,58.6,78.0,233.0,survey,,
toddler,hepa,MT,2022,"born 2019, by age 35 months",77.8,64.2,88.9,187.0,survey,,
toddler,hepa,MT,2023,"born 2020, by age 35 months",62.6,53.7,71.4,220.0,survey,,
toddler,hepa,MT,2024,"born 2021, by age 35 months",68.5,58.6,78.1,219.0,survey,,
toddler,hepa,MT,2025,"born 2022, by age 35 months",75.8,64.0,86.0,154.0,survey,,
toddler,hepa,NC,2019,"born 2016, by age 35 months",73.0,65.0,80.5,352.0,survey,,
toddler,hepa,NC,2020,"born 2017, by age 35 months",74.8,64.5,84.0,292.0,survey,,
toddler,hepa,NC,2021,"born 2018, by age 35 months",78.1,65.2,88.8,271.0,survey,,
toddler,hepa,NC,2022,"born 2019, by age 35 months",79.1,69.6,87.2,314.0,survey,,
toddler,hepa,NC,2023,"born 2020, by age 35 months",77.0,70.7,82.8,459.0,survey,,
toddler,hepa,NC,2024,"born 2021, by age 35 months",75.9,68.8,82.4,435.0,survey,,
toddler,hepa,NC,2025,"born 2022, by age 35 months",76.3,63.9,86.9,207.0,survey,,
toddler,hepa,ND,2019,"born 2016, by age 35 months",82.2,70.9,91.0,227.0,survey,,
toddler,hepa,ND,2020,"born 2017, by age 35 months",78.6,70.8,85.5,298.0,survey,,
toddler,hepa,ND,2021,"born 2018, by age 35 months",78.3,69.2,86.2,293.0,survey,,
toddler,hepa,ND,2022,"born 2019, by age 35 months",85.1,76.0,92.0,263.0,survey,,
toddler,hepa,ND,2023,"born 2020, by age 35 months",85.9,78.8,91.6,248.0,survey,,
toddler,hepa,ND,2024,"born 2021, by age 35 months",77.4,67.7,85.8,233.0,survey,,
toddler,hepa,ND,2025,"born 2022, by age 35 months",68.7,56.3,80.3,151.0,survey,,
toddler,hepa,NE,2019,"born 2016, by age 35 months",73.1,63.7,81.8,223.0,survey,,
toddler,hepa,NE,2020,"born 2017, by age 35 months",82.7,75.3,88.9,266.0,survey,,
toddler,hepa,NE,2021,"born 2018, by age 35 months",81.0,74.1,87.0,279.0,survey,,
toddler,hepa,NE,2022,"born 2019, by age 35 months",77.7,70.0,84.6,259.0,survey,,
toddler,hepa,NE,2023,"born 2020, by age 35 months",82.0,74.5,88.4,251.0,survey,,
toddler,hepa,NE,2024,"born 2021, by age 35 months",80.4,73.1,86.8,256.0,survey,,
toddler,hepa,NE,2025,"born 2022, by age 35 months",82.0,66.9,93.0,148.0,survey,,
toddler,hepa,NH,2019,"born 2016, by age 35 months",78.5,69.2,86.5,231.0,survey,,
toddler,hepa,NH,2020,"born 2017, by age 35 months",89.2,82.4,94.2,244.0,survey,,
toddler,hepa,NH,2021,"born 2018, by age 35 months",82.3,75.0,88.4,269.0,survey,,
toddler,hepa,NH,2022,"born 2019, by age 35 months",81.8,72.5,89.5,214.0,survey,,
toddler,hepa,NH,2023,"born 2020, by age 35 months",77.3,68.0,85.5,189.0,survey,,
toddler,hepa,NH,2024,"born 2021, by age 35 months",86.3,78.3,92.4,231.0,survey,,
toddler,hepa,NH,2025,"born 2022, by age 35 months",96.8,87.0,99.7,123.0,survey,,
toddler,hepa,NJ,2019,"born 2016, by age 35 months",80.6,71.0,88.5,298.0,survey,,
toddler,hepa,NJ,2020,"born 2017, by age 35 months",66.6,55.3,77.5,263.0,survey,,
toddler,hepa,NJ,2021,"born 2018, by age 35 months",84.9,75.6,92.0,269.0,survey,,
toddler,hepa,NJ,2022,"born 2019, by age 35 months",78.5,65.7,89.0,279.0,survey,,
toddler,hepa,NJ,2023,"born 2020, by age 35 months",79.1,68.4,88.1,268.0,survey,,
toddler,hepa,NJ,2024,"born 2021, by age 35 months",70.3,60.1,79.9,291.0,survey,,
toddler,hepa,NJ,2025,"born 2022, by age 35 months",66.9,51.8,81.3,172.0,survey,,
toddler,hepa,NM,2019,"born 2016, by age 35 months",79.5,72.2,86.0,395.0,survey,,
toddler,hepa,NM,2020,"born 2017, by age 35 months",78.5,71.6,84.6,429.0,survey,,
toddler,hepa,NM,2021,"born 2018, by age 35 months",84.4,75.6,91.3,447.0,survey,,
toddler,hepa,NM,2022,"born 2019, by age 35 months",84.5,77.8,90.1,374.0,survey,,
toddler,hepa,NM,2023,"born 2020, by age 35 months",82.4,76.1,88.0,357.0,survey,,
toddler,hepa,NM,2024,"born 2021, by age 35 months",73.6,65.3,81.3,352.0,survey,,
toddler,hepa,NM,2025,"born 2022, by age 35 months",73.9,61.5,84.8,186.0,survey,,
toddler,hepa,NV,2019,"born 2016, by age 35 months",83.6,75.7,90.1,327.0,survey,,
toddler,hepa,NV,2020,"born 2017, by age 35 months",78.8,70.7,86.0,344.0,survey,,
toddler,hepa,NV,2021,"born 2018, by age 35 months",80.1,72.4,86.8,378.0,survey,,
toddler,hepa,NV,2022,"born 2019, by age 35 months",72.9,65.0,80.3,340.0,survey,,
toddler,hepa,NV,2023,"born 2020, by age 35 months",74.0,65.3,82.0,323.0,survey,,
toddler,hepa,NV,2024,"born 2021, by age 35 months",79.3,68.5,88.3,352.0,survey,,
toddler,hepa,NV,2025,"born 2022, by age 35 months",91.6,80.2,97.8,200.0,survey,,
toddler,hepa,NY,2019,"born 2016, by age 35 months",66.1,59.1,73.0,506.0,survey,,
toddler,hepa,NY,2020,"born 2017, by age 35 months",76.7,70.9,82.2,648.0,survey,,
toddler,hepa,NY,2021,"born 2018, by age 35 months",78.6,72.4,84.1,733.0,survey,,
toddler,hepa,NY,2022,"born 2019, by age 35 months",76.4,67.9,83.9,637.0,survey,,
toddler,hepa,NY,2023,"born 2020, by age 35 months",75.1,68.9,80.8,624.0,survey,,
toddler,hepa,NY,2024,"born 2021, by age 35 months",70.7,63.7,77.4,640.0,survey,,
toddler,hepa,NY,2025,"born 2022, by age 35 months",61.3,51.8,71.0,360.0,survey,,
toddler,hepa,OH,2019,"born 2016, by age 35 months",73.5,63.7,82.4,283.0,survey,,
toddler,hepa,OH,2020,"born 2017, by age 35 months",78.7,69.7,86.5,283.0,survey,,
toddler,hepa,OH,2021,"born 2018, by age 35 months",80.2,72.1,87.2,406.0,survey,,
toddler,hepa,OH,2022,"born 2019, by age 35 months",87.1,79.9,92.7,384.0,survey,,
toddler,hepa,OH,2023,"born 2020, by age 35 months",82.5,76.8,87.4,484.0,survey,,
toddler,hepa,OH,2024,"born 2021, by age 35 months",81.1,74.1,87.2,418.0,survey,,
toddler,hepa,OH,2025,"born 2022, by age 35 months",71.7,60.0,82.4,237.0,survey,,
toddler,hepa,OK,2019,"born 2016, by age 35 months",73.5,66.0,80.5,319.0,survey,,
toddler,hepa,OK,2020,"born 2017, by age 35 months",69.0,59.5,78.1,243.0,survey,,
toddler,hepa,OK,2021,"born 2018, by age 35 months",74.7,65.3,83.2,194.0,survey,,
toddler,hepa,OK,2022,"born 2019, by age 35 months",75.2,65.2,84.2,205.0,survey,,
toddler,hepa,OK,2023,"born 2020, by age 35 months",72.6,64.9,79.8,298.0,survey,,
toddler,hepa,OK,2024,"born 2021, by age 35 months",89.0,80.8,94.7,236.0,survey,,
toddler,hepa,OK,2025,"born 2022, by age 35 months",73.5,55.4,88.8,120.0,survey,,
toddler,hepa,OR,2019,"born 2016, by age 35 months",84.6,74.2,92.5,177.0,survey,,
toddler,hepa,OR,2020,"born 2017, by age 35 months",78.9,69.9,86.6,195.0,survey,,
toddler,hepa,OR,2021,"born 2018, by age 35 months",81.0,73.4,87.5,290.0,survey,,
toddler,hepa,OR,2022,"born 2019, by age 35 months",75.4,65.9,84.0,264.0,survey,,
toddler,hepa,OR,2023,"born 2020, by age 35 months",79.1,69.0,87.7,220.0,survey,,
toddler,hepa,OR,2024,"born 2021, by age 35 months",76.9,69.4,83.7,255.0,survey,,
toddler,hepa,OR,2025,"born 2022, by age 35 months",79.7,66.5,90.2,152.0,survey,,
toddler,hepa,PA,2019,"born 2016, by age 35 months",79.1,71.7,85.7,580.0,survey,,
toddler,hepa,PA,2020,"born 2017, by age 35 months",83.8,76.9,89.6,560.0,survey,,
toddler,hepa,PA,2021,"born 2018, by age 35 months",83.2,75.6,89.5,650.0,survey,,
toddler,hepa,PA,2022,"born 2019, by age 35 months",84.0,77.8,89.2,641.0,survey,,
toddler,hepa,PA,2023,"born 2020, by age 35 months",78.2,71.0,84.6,655.0,survey,,
toddler,hepa,PA,2024,"born 2021, by age 35 months",87.5,80.9,92.7,668.0,survey,,
toddler,hepa,PA,2025,"born 2022, by age 35 months",78.5,58.1,93.4,359.0,survey,,
toddler,hepa,RI,2019,"born 2016, by age 35 months",87.2,80.1,92.7,250.0,survey,,
toddler,hepa,RI,2020,"born 2017, by age 35 months",88.8,81.2,94.4,237.0,survey,,
toddler,hepa,RI,2021,"born 2018, by age 35 months",87.6,79.4,93.7,225.0,survey,,
toddler,hepa,RI,2022,"born 2019, by age 35 months",89.6,83.4,94.2,277.0,survey,,
toddler,hepa,RI,2023,"born 2020, by age 35 months",88.9,81.2,94.5,301.0,survey,,
toddler,hepa,RI,2024,"born 2021, by age 35 months",95.6,85.3,99.4,354.0,survey,,
toddler,hepa,RI,2025,"born 2022, by age 35 months",83.1,70.8,92.3,201.0,survey,,
toddler,hepa,SC,2019,"born 2016, by age 35 months",80.9,71.4,88.8,291.0,survey,,
toddler,hepa,SC,2020,"born 2017, by age 35 months",79.6,70.0,87.7,288.0,survey,,
toddler,hepa,SC,2021,"born 2018, by age 35 months",89.3,77.6,96.5,244.0,survey,,
toddler,hepa,SC,2022,"born 2019, by age 35 months",84.9,77.5,90.9,245.0,survey,,
toddler,hepa,SC,2023,"born 2020, by age 35 months",85.7,74.1,93.9,243.0,survey,,
toddler,hepa,SC,2024,"born 2021, by age 35 months",81.3,73.0,88.3,300.0,survey,,
toddler,hepa,SC,2025,"born 2022, by age 35 months",72.6,57.7,85.7,160.0,survey,,
toddler,hepa,SD,2019,"born 2016, by age 35 months",80.9,70.3,89.5,235.0,survey,,
toddler,hepa,SD,2020,"born 2017, by age 35 months",73.9,66.0,81.3,335.0,survey,,
toddler,hepa,SD,2021,"born 2018, by age 35 months",82.1,74.5,88.6,390.0,survey,,
toddler,hepa,SD,2022,"born 2019, by age 35 months",82.3,74.8,88.6,318.0,survey,,
toddler,hepa,SD,2023,"born 2020, by age 35 months",81.6,69.6,90.9,289.0,survey,,
toddler,hepa,SD,2024,"born 2021, by age 35 months",83.2,72.9,91.2,279.0,survey,,
toddler,hepa,SD,2025,"born 2022, by age 35 months",69.2,55.0,82.3,145.0,survey,,
toddler,hepa,TN,2019,"born 2016, by age 35 months",80.0,67.2,90.3,218.0,survey,,
toddler,hepa,TN,2020,"born 2017, by age 35 months",85.5,76.1,92.7,305.0,survey,,
toddler,hepa,TN,2021,"born 2018, by age 35 months",87.3,80.7,92.5,410.0,survey,,
toddler,hepa,TN,2022,"born 2019, by age 35 months",79.9,72.7,86.2,396.0,survey,,
toddler,hepa,TN,2023,"born 2020, by age 35 months",86.6,78.3,92.8,363.0,survey,,
toddler,hepa,TN,2024,"born 2021, by age 35 months",83.0,75.1,89.5,336.0,survey,,
toddler,hepa,TN,2025,"born 2022, by age 35 months",79.1,64.0,91.0,182.0,survey,,
toddler,hepa,TX,2019,"born 2016, by age 35 months",81.2,77.2,84.9,1603.0,survey,,
toddler,hepa,TX,2020,"born 2017, by age 35 months",78.6,73.8,83.1,1271.0,survey,,
toddler,hepa,TX,2021,"born 2018, by age 35 months",81.1,75.6,86.1,1065.0,survey,,
toddler,hepa,TX,2022,"born 2019, by age 35 months",81.0,73.0,87.9,919.0,survey,,
toddler,hepa,TX,2023,"born 2020, by age 35 months",76.1,69.3,82.4,795.0,survey,,
toddler,hepa,TX,2024,"born 2021, by age 35 months",79.0,72.5,84.8,814.0,survey,,
toddler,hepa,TX,2025,"born 2022, by age 35 months",78.5,60.7,92.0,541.0,survey,,
toddler,hepa,US,2019,"born 2016, by age 35 months",76.2,74.3,78.0,15956.0,survey,,
toddler,hepa,US,2020,"born 2017, by age 35 months",77.4,75.8,79.1,17804.0,survey,,
toddler,hepa,US,2021,"born 2018, by age 35 months",78.9,77.2,80.6,18826.0,survey,,
toddler,hepa,US,2022,"born 2019, by age 35 months",80.3,78.5,82.2,17265.0,survey,,
toddler,hepa,US,2023,"born 2020, by age 35 months",78.2,76.5,79.8,17387.0,survey,,
toddler,hepa,US,2024,"born 2021, by age 35 months",78.7,77.2,80.2,17612.0,survey,,
toddler,hepa,US,2025,"born 2022, by age 35 months",77.8,74.0,81.5,9780.0,survey,,
toddler,hepa,UT,2019,"born 2016, by age 35 months",75.8,58.7,89.7,293.0,survey,,
toddler,hepa,UT,2020,"born 2017, by age 35 months",84.7,76.8,91.0,227.0,survey,,
toddler,hepa,UT,2021,"born 2018, by age 35 months",88.1,81.1,93.4,298.0,survey,,
toddler,hepa,UT,2022,"born 2019, by age 35 months",83.5,75.7,89.9,330.0,survey,,
toddler,hepa,UT,2023,"born 2020, by age 35 months",79.6,72.9,85.6,333.0,survey,,
toddler,hepa,UT,2024,"born 2021, by age 35 months",88.2,81.7,93.2,332.0,survey,,
toddler,hepa,UT,2025,"born 2022, by age 35 months",93.0,80.6,98.7,149.0,survey,,
toddler,hepa,VA,2019,"born 2016, by age 35 months",87.7,79.8,93.5,389.0,survey,,
toddler,hepa,VA,2020,"born 2017, by age 35 months",76.3,67.1,84.6,419.0,survey,,
toddler,hepa,VA,2021,"born 2018, by age 35 months",74.0,65.1,82.1,551.0,survey,,
toddler,hepa,VA,2022,"born 2019, by age 35 months",89.6,81.3,95.3,452.0,survey,,
toddler,hepa,VA,2023,"born 2020, by age 35 months",78.6,71.5,85.0,494.0,survey,,
toddler,hepa,VA,2024,"born 2021, by age 35 months",78.0,71.0,84.4,450.0,survey,,
toddler,hepa,VA,2025,"born 2022, by age 35 months",87.4,73.6,96.0,241.0,survey,,
toddler,hepa,VT,2019,"born 2016, by age 35 months",85.6,77.7,91.9,248.0,survey,,
toddler,hepa,VT,2020,"born 2017, by age 35 months",80.3,73.6,86.3,330.0,survey,,
toddler,hepa,VT,2021,"born 2018, by age 35 months",74.8,67.0,81.9,340.0,survey,,
toddler,hepa,VT,2022,"born 2019, by age 35 months",78.6,70.6,85.6,334.0,survey,,
toddler,hepa,VT,2023,"born 2020, by age 35 months",85.4,77.4,91.8,307.0,survey,,
toddler,hepa,VT,2024,"born 2021, by age 35 months",82.4,71.6,90.9,281.0,survey,,
toddler,hepa,VT,2025,"born 2022, by age 35 months",77.3,60.4,90.6,187.0,survey,,
toddler,hepa,WA,2019,"born 2016, by age 35 months",72.2,62.6,81.0,280.0,survey,,
toddler,hepa,WA,2020,"born 2017, by age 35 months",76.8,70.4,82.6,467.0,survey,,
toddler,hepa,WA,2021,"born 2018, by age 35 months",80.4,73.9,86.1,492.0,survey,,
toddler,hepa,WA,2022,"born 2019, by age 35 months",81.9,75.9,87.2,455.0,survey,,
toddler,hepa,WA,2023,"born 2020, by age 35 months",81.1,75.0,86.4,445.0,survey,,
toddler,hepa,WA,2024,"born 2021, by age 35 months",79.2,71.1,86.2,394.0,survey,,
toddler,hepa,WA,2025,"born 2022, by age 35 months",79.7,67.1,89.9,211.0,survey,,
toddler,hepa,WI,2019,"born 2016, by age 35 months",77.6,69.4,84.8,275.0,survey,,
toddler,hepa,WI,2020,"born 2017, by age 35 months",71.6,61.4,81.1,238.0,survey,,
toddler,hepa,WI,2021,"born 2018, by age 35 months",79.1,69.2,87.5,241.0,survey,,
toddler,hepa,WI,2022,"born 2019, by age 35 months",80.7,72.1,88.1,224.0,survey,,
toddler,hepa,WI,2023,"born 2020, by age 35 months",81.0,73.6,87.3,287.0,survey,,
toddler,hepa,WI,2024,"born 2021, by age 35 months",83.7,75.9,90.1,317.0,survey,,
toddler,hepa,WI,2025,"born 2022, by age 35 months",79.9,66.3,90.7,164.0,survey,,
toddler,hepa,WV,2019,"born 2016, by age 35 months",71.7,63.3,79.5,296.0,survey,,
toddler,hepa,WV,2020,"born 2017, by age 35 months",79.0,71.1,86.0,259.0,survey,,
toddler,hepa,WV,2021,"born 2018, by age 35 months",81.7,72.6,89.2,252.0,survey,,
toddler,hepa,WV,2022,"born 2019, by age 35 months",81.3,73.1,88.2,201.0,survey,,
toddler,hepa,WV,2023,"born 2020, by age 35 months",77.4,70.2,84.0,271.0,survey,,
toddler,hepa,WV,2024,"born 2021, by age 35 months",88.2,79.5,94.4,279.0,survey,,
toddler,hepa,WV,2025,"born 2022, by age 35 months",85.8,71.2,95.3,180.0,survey,,
toddler,hepa,WY,2019,"born 2016, by age 35 months",62.1,53.1,71.2,231.0,survey,,
toddler,hepa,WY,2020,"born 2017, by age 35 months",67.2,58.3,75.8,287.0,survey,,
toddler,hepa,WY,2021,"born 2018, by age 35 months",70.1,60.0,79.7,280.0,survey,,
toddler,hepa,WY,2022,"born 2019, by age 35 months",80.7,69.8,89.6,260.0,survey,,
toddler,hepa,WY,2023,"born 2020, by age 35 months",63.9,55.9,71.8,296.0,survey,,
toddler,hepa,WY,2024,"born 2021, by age 35 months",61.1,53.2,69.0,306.0,survey,,
toddler,hepa,WY,2025,"born 2022, by age 35 months",66.7,54.1,78.9,157.0,survey,,
toddler,hepb,AK,2018,"born 2016, by age 24 months",88.1,82.0,92.9,228.0,survey,,
toddler,hepb,AK,2019,"born 2017, by age 24 months",89.6,84.8,93.4,258.0,survey,,
toddler,hepb,AK,2020,"born 2018, by age 24 months",92.0,87.7,95.3,275.0,survey,,
toddler,hepb,AK,2021,"born 2019, by age 24 months",88.2,82.4,92.8,287.0,survey,,
toddler,hepb,AK,2022,"born 2020, by age 24 months",89.1,84.2,93.0,302.0,survey,,
toddler,hepb,AK,2023,"born 2021, by age 24 months",87.7,81.7,92.5,279.0,survey,,
toddler,hepb,AK,2024,"born 2022, by age 24 months",85.7,71.9,94.9,126.0,survey,,
toddler,hepb,AL,2018,"born 2016, by age 24 months",91.0,86.2,94.7,309.0,survey,,
toddler,hepb,AL,2019,"born 2017, by age 24 months",92.1,86.5,96.0,259.0,survey,,
toddler,hepb,AL,2020,"born 2018, by age 24 months",92.8,87.1,96.6,232.0,survey,,
toddler,hepb,AL,2021,"born 2019, by age 24 months",91.9,86.6,95.7,227.0,survey,,
toddler,hepb,AL,2022,"born 2020, by age 24 months",90.3,85.1,94.2,240.0,survey,,
toddler,hepb,AL,2023,"born 2021, by age 24 months",84.2,78.0,89.6,270.0,survey,,
toddler,hepb,AL,2024,"born 2022, by age 24 months",86.1,78.3,92.2,184.0,survey,,
toddler,hepb,AR,2018,"born 2016, by age 24 months",92.8,87.9,96.2,272.0,survey,,
toddler,hepb,AR,2019,"born 2017, by age 24 months",92.4,87.9,95.7,390.0,survey,,
toddler,hepb,AR,2020,"born 2018, by age 24 months",92.6,88.7,95.6,426.0,survey,,
toddler,hepb,AR,2021,"born 2019, by age 24 months",89.6,84.4,93.6,357.0,survey,,
toddler,hepb,AR,2022,"born 2020, by age 24 months",89.1,84.5,92.9,323.0,survey,,
toddler,hepb,AR,2023,"born 2021, by age 24 months",91.1,86.5,94.6,312.0,survey,,
toddler,hepb,AR,2024,"born 2022, by age 24 months",92.5,85.5,96.9,144.0,survey,,
toddler,hepb,AZ,2018,"born 2016, by age 24 months",90.1,85.3,93.9,257.0,survey,,
toddler,hepb,AZ,2019,"born 2017, by age 24 months",89.8,84.8,93.6,278.0,survey,,
toddler,hepb,AZ,2020,"born 2018, by age 24 months",97.1,94.4,98.8,284.0,survey,,
toddler,hepb,AZ,2021,"born 2019, by age 24 months",90.8,85.8,94.6,235.0,survey,,
toddler,hepb,AZ,2022,"born 2020, by age 24 months",82.2,75.4,88.0,271.0,survey,,
toddler,hepb,AZ,2023,"born 2021, by age 24 months",87.5,81.0,92.6,293.0,survey,,
toddler,hepb,AZ,2024,"born 2022, by age 24 months",95.3,91.4,97.8,145.0,survey,,
toddler,hepb,CA,2018,"born 2016, by age 24 months",90.9,84.0,95.6,306.0,survey,,
toddler,hepb,CA,2019,"born 2017, by age 24 months",90.6,85.2,94.7,418.0,survey,,
toddler,hepb,CA,2020,"born 2018, by age 24 months",90.9,86.7,94.3,559.0,survey,,
toddler,hepb,CA,2021,"born 2019, by age 24 months",94.5,92.2,96.4,537.0,survey,,
toddler,hepb,CA,2022,"born 2020, by age 24 months",88.0,80.9,93.4,434.0,survey,,
toddler,hepb,CA,2023,"born 2021, by age 24 months",90.4,86.5,93.5,397.0,survey,,
toddler,hepb,CA,2024,"born 2022, by age 24 months",87.7,81.1,92.8,193.0,survey,,
toddler,hepb,CO,2018,"born 2016, by age 24 months",92.7,87.3,96.3,247.0,survey,,
toddler,hepb,CO,2019,"born 2017, by age 24 months",91.3,84.5,96.0,231.0,survey,,
toddler,hepb,CO,2020,"born 2018, by age 24 months",91.4,86.1,95.3,296.0,survey,,
toddler,hepb,CO,2021,"born 2019, by age 24 months",94.6,91.3,97.0,265.0,survey,,
toddler,hepb,CO,2022,"born 2020, by age 24 months",90.6,86.1,94.2,311.0,survey,,
toddler,hepb,CO,2023,"born 2021, by age 24 months",91.8,87.7,94.9,302.0,survey,,
toddler,hepb,CO,2024,"born 2022, by age 24 months",93.2,88.4,96.5,177.0,survey,,
toddler,hepb,CT,2018,"born 2016, by age 24 months",94.4,88.0,98.1,182.0,survey,,
toddler,hepb,CT,2019,"born 2017, by age 24 months",89.6,81.9,95.0,184.0,survey,,
toddler,hepb,CT,2020,"born 2018, by age 24 months",95.2,90.8,97.9,308.0,survey,,
toddler,hepb,CT,2021,"born 2019, by age 24 months",94.4,90.5,97.0,311.0,survey,,
toddler,hepb,CT,2022,"born 2020, by age 24 months",94.3,89.4,97.4,248.0,survey,,
toddler,hepb,CT,2023,"born 2021, by age 24 months",96.3,93.5,98.1,254.0,survey,,
toddler,hepb,CT,2024,"born 2022, by age 24 months",94.9,88.5,98.3,136.0,survey,,
toddler,hepb,DC,2018,"born 2016, by age 24 months",90.3,84.7,94.5,293.0,survey,,
toddler,hepb,DC,2019,"born 2017, by age 24 months",89.2,84.0,93.4,314.0,survey,,
toddler,hepb,DC,2020,"born 2018, by age 24 months",94.4,90.9,96.8,350.0,survey,,
toddler,hepb,DC,2021,"born 2019, by age 24 months",89.3,84.3,93.2,327.0,survey,,
toddler,hepb,DC,2022,"born 2020, by age 24 months",89.8,84.3,94.1,293.0,survey,,
toddler,hepb,DC,2023,"born 2021, by age 24 months",91.2,87.2,94.4,314.0,survey,,
toddler,hepb,DC,2024,"born 2022, by age 24 months",86.6,77.7,93.2,212.0,survey,,
toddler,hepb,DE,2018,"born 2016, by age 24 months",89.7,83.9,94.1,233.0,survey,,
toddler,hepb,DE,2019,"born 2017, by age 24 months",92.9,88.8,95.9,308.0,survey,,
toddler,hepb,DE,2020,"born 2018, by age 24 months",90.7,86.2,94.1,248.0,survey,,
toddler,hepb,DE,2021,"born 2019, by age 24 months",94.4,90.4,97.1,205.0,survey,,
toddler,hepb,DE,2022,"born 2020, by age 24 months",88.7,83.2,93.0,183.0,survey,,
toddler,hepb,DE,2023,"born 2021, by age 24 months",87.0,80.5,92.2,179.0,survey,,
toddler,hepb,DE,2024,"born 2022, by age 24 months",94.6,89.2,97.8,115.0,survey,,
toddler,hepb,FL,2018,"born 2016, by age 24 months",91.3,86.1,95.1,349.0,survey,,
toddler,hepb,FL,2019,"born 2017, by age 24 months",92.0,87.3,95.5,374.0,survey,,
toddler,hepb,FL,2020,"born 2018, by age 24 months",91.3,85.1,95.6,324.0,survey,,
toddler,hepb,FL,2021,"born 2019, by age 24 months",92.6,88.8,95.5,333.0,survey,,
toddler,hepb,FL,2022,"born 2020, by age 24 months",91.3,87.6,94.2,390.0,survey,,
toddler,hepb,FL,2023,"born 2021, by age 24 months",92.6,88.9,95.4,433.0,survey,,
toddler,hepb,FL,2024,"born 2022, by age 24 months",92.8,88.4,96.0,203.0,survey,,
toddler,hepb,GA,2018,"born 2016, by age 24 months",94.7,91.2,97.0,334.0,survey,,
toddler,hepb,GA,2019,"born 2017, by age 24 months",92.5,87.0,96.3,292.0,survey,,
toddler,hepb,GA,2020,"born 2018, by age 24 months",92.7,87.5,96.2,282.0,survey,,
toddler,hepb,GA,2021,"born 2019, by age 24 months",93.4,88.8,96.7,273.0,survey,,
toddler,hepb,GA,2022,"born 2020, by age 24 months",89.2,80.6,95.2,338.0,survey,,
toddler,hepb,GA,2023,"born 2021, by age 24 months",91.6,87.6,94.8,376.0,survey,,
toddler,hepb,GA,2024,"born 2022, by age 24 months",91.0,85.4,95.1,193.0,survey,,
toddler,hepb,HI,2018,"born 2016, by age 24 months",90.3,85.5,94.0,230.0,survey,,
toddler,hepb,HI,2019,"born 2017, by age 24 months",92.1,88.0,95.2,229.0,survey,,
toddler,hepb,HI,2020,"born 2018, by age 24 months",89.5,84.3,93.5,268.0,survey,,
toddler,hepb,HI,2021,"born 2019, by age 24 months",91.6,88.0,94.4,246.0,survey,,
toddler,hepb,HI,2022,"born 2020, by age 24 months",85.1,78.5,90.5,201.0,survey,,
toddler,hepb,HI,2023,"born 2021, by age 24 months",93.3,89.3,96.2,238.0,survey,,
toddler,hepb,HI,2024,"born 2022, by age 24 months",88.4,82.1,93.3,140.0,survey,,
toddler,hepb,IA,2018,"born 2016, by age 24 months",96.8,93.6,98.6,198.0,survey,,
toddler,hepb,IA,2019,"born 2017, by age 24 months",93.9,89.2,97.0,228.0,survey,,
toddler,hepb,IA,2020,"born 2018, by age 24 months",98.1,96.0,99.2,255.0,survey,,
toddler,hepb,IA,2021,"born 2019, by age 24 months",95.0,90.7,97.8,250.0,survey,,
toddler,hepb,IA,2022,"born 2020, by age 24 months",93.4,88.9,96.6,271.0,survey,,
toddler,hepb,IA,2023,"born 2021, by age 24 months",93.2,88.8,96.4,276.0,survey,,
toddler,hepb,IA,2024,"born 2022, by age 24 months",97.8,95.2,99.1,178.0,survey,,
toddler,hepb,ID,2018,"born 2016, by age 24 months",93.2,89.0,96.2,190.0,survey,,
toddler,hepb,ID,2019,"born 2017, by age 24 months",92.3,88.6,95.1,499.0,survey,,
toddler,hepb,ID,2020,"born 2018, by age 24 months",96.9,94.8,98.3,443.0,survey,,
toddler,hepb,ID,2021,"born 2019, by age 24 months",92.8,88.9,95.7,306.0,survey,,
toddler,hepb,ID,2022,"born 2020, by age 24 months",94.1,90.1,96.9,286.0,survey,,
toddler,hepb,ID,2023,"born 2021, by age 24 months",89.4,83.1,94.1,251.0,survey,,
toddler,hepb,ID,2024,"born 2022, by age 24 months",91.2,86.0,95.0,175.0,survey,,
toddler,hepb,IL,2018,"born 2016, by age 24 months",92.2,88.6,95.1,484.0,survey,,
toddler,hepb,IL,2019,"born 2017, by age 24 months",92.0,88.4,94.9,502.0,survey,,
toddler,hepb,IL,2020,"born 2018, by age 24 months",93.4,90.2,95.8,542.0,survey,,
toddler,hepb,IL,2021,"born 2019, by age 24 months",92.5,89.2,95.1,548.0,survey,,
toddler,hepb,IL,2022,"born 2020, by age 24 months",91.6,88.4,94.2,549.0,survey,,
toddler,hepb,IL,2023,"born 2021, by age 24 months",93.2,90.6,95.3,601.0,survey,,
toddler,hepb,IL,2024,"born 2022, by age 24 months",95.7,91.4,98.2,282.0,survey,,
toddler,hepb,IN,2018,"born 2016, by age 24 months",91.9,87.1,95.5,285.0,survey,,
toddler,hepb,IN,2019,"born 2017, by age 24 months",92.9,89.1,95.8,304.0,survey,,
toddler,hepb,IN,2020,"born 2018, by age 24 months",90.5,85.7,94.2,272.0,survey,,
toddler,hepb,IN,2021,"born 2019, by age 24 months",92.9,87.8,96.4,209.0,survey,,
toddler,hepb,IN,2022,"born 2020, by age 24 months",91.1,85.1,95.4,232.0,survey,,
toddler,hepb,IN,2023,"born 2021, by age 24 months",90.7,85.1,94.8,228.0,survey,,
toddler,hepb,IN,2024,"born 2022, by age 24 months",88.2,79.8,94.3,123.0,survey,,
toddler,hepb,KS,2018,"born 2016, by age 24 months",89.5,84.2,93.6,301.0,survey,,
toddler,hepb,KS,2019,"born 2017, by age 24 months",95.4,92.2,97.6,354.0,survey,,
toddler,hepb,KS,2020,"born 2018, by age 24 months",93.1,88.8,96.1,395.0,survey,,
toddler,hepb,KS,2021,"born 2019, by age 24 months",93.9,90.7,96.3,358.0,survey,,
toddler,hepb,KS,2022,"born 2020, by age 24 months",90.5,85.8,94.2,368.0,survey,,
toddler,hepb,KS,2023,"born 2021, by age 24 months",90.7,86.9,93.8,390.0,survey,,
toddler,hepb,KS,2024,"born 2022, by age 24 months",87.8,82.1,92.4,220.0,survey,,
toddler,hepb,KY,2018,"born 2016, by age 24 months",96.8,91.5,99.2,181.0,survey,,
toddler,hepb,KY,2019,"born 2017, by age 24 months",90.8,85.2,94.9,238.0,survey,,
toddler,hepb,KY,2020,"born 2018, by age 24 months",92.4,87.5,95.9,278.0,survey,,
toddler,hepb,KY,2021,"born 2019, by age 24 months",93.2,88.3,96.5,271.0,survey,,
toddler,hepb,KY,2022,"born 2020, by age 24 months",91.2,85.8,95.2,324.0,survey,,
toddler,hepb,KY,2023,"born 2021, by age 24 months",92.2,87.9,95.3,333.0,survey,,
toddler,hepb,KY,2024,"born 2022, by age 24 months",92.1,87.2,95.7,186.0,survey,,
toddler,hepb,LA,2018,"born 2016, by age 24 months",93.7,88.1,97.2,266.0,survey,,
toddler,hepb,LA,2019,"born 2017, by age 24 months",91.2,86.1,95.0,399.0,survey,,
toddler,hepb,LA,2020,"born 2018, by age 24 months",91.7,87.2,95.0,401.0,survey,,
toddler,hepb,LA,2021,"born 2019, by age 24 months",93.5,89.7,96.3,411.0,survey,,
toddler,hepb,LA,2022,"born 2020, by age 24 months",91.9,87.6,95.1,433.0,survey,,
toddler,hepb,LA,2023,"born 2021, by age 24 months",94.4,91.7,96.4,428.0,survey,,
toddler,hepb,LA,2024,"born 2022, by age 24 months",97.6,93.6,99.4,214.0,survey,,
toddler,hepb,MA,2018,"born 2016, by age 24 months",95.8,91.4,98.4,267.0,survey,,
toddler,hepb,MA,2019,"born 2017, by age 24 months",96.8,93.1,98.8,330.0,survey,,
toddler,hepb,MA,2020,"born 2018, by age 24 months",92.5,87.4,96.1,365.0,survey,,
toddler,hepb,MA,2021,"born 2019, by age 24 months",95.4,91.9,97.8,295.0,survey,,
toddler,hepb,MA,2022,"born 2020, by age 24 months",95.6,92.4,97.7,268.0,survey,,
toddler,hepb,MA,2023,"born 2021, by age 24 months",97.4,95.2,98.8,277.0,survey,,
toddler,hepb,MA,2024,"born 2022, by age 24 months",92.0,85.7,96.3,175.0,survey,,
toddler,hepb,MD,2018,"born 2016, by age 24 months",92.7,88.4,95.8,464.0,survey,,
toddler,hepb,MD,2019,"born 2017, by age 24 months",94.1,91.4,96.2,766.0,survey,,
toddler,hepb,MD,2020,"born 2018, by age 24 months",94.8,92.7,96.5,837.0,survey,,
toddler,hepb,MD,2021,"born 2019, by age 24 months",92.7,89.3,95.3,614.0,survey,,
toddler,hepb,MD,2022,"born 2020, by age 24 months",94.3,91.5,96.4,494.0,survey,,
toddler,hepb,MD,2023,"born 2021, by age 24 months",91.9,87.3,95.3,525.0,survey,,
toddler,hepb,MD,2024,"born 2022, by age 24 months",97.2,95.0,98.6,268.0,survey,,
toddler,hepb,ME,2018,"born 2016, by age 24 months",90.3,85.6,94.0,243.0,survey,,
toddler,hepb,ME,2019,"born 2017, by age 24 months",90.7,86.8,93.9,259.0,survey,,
toddler,hepb,ME,2020,"born 2018, by age 24 months",92.8,88.5,95.9,251.0,survey,,
toddler,hepb,ME,2021,"born 2019, by age 24 months",90.7,85.5,94.6,244.0,survey,,
toddler,hepb,ME,2022,"born 2020, by age 24 months",94.1,89.6,97.1,223.0,survey,,
toddler,hepb,ME,2023,"born 2021, by age 24 months",92.0,87.8,95.2,228.0,survey,,
toddler,hepb,ME,2024,"born 2022, by age 24 months",92.9,87.1,96.7,133.0,survey,,
toddler,hepb,MI,2018,"born 2016, by age 24 months",92.2,87.6,95.6,291.0,survey,,
toddler,hepb,MI,2019,"born 2017, by age 24 months",92.4,88.0,95.6,402.0,survey,,
toddler,hepb,MI,2020,"born 2018, by age 24 months",95.9,92.6,98.0,415.0,survey,,
toddler,hepb,MI,2021,"born 2019, by age 24 months",94.9,92.0,97.0,375.0,survey,,
toddler,hepb,MI,2022,"born 2020, by age 24 months",89.4,83.3,94.0,448.0,survey,,
toddler,hepb,MI,2023,"born 2021, by age 24 months",93.7,89.9,96.5,467.0,survey,,
toddler,hepb,MI,2024,"born 2022, by age 24 months",93.4,88.5,96.7,251.0,survey,,
toddler,hepb,MN,2018,"born 2016, by age 24 months",92.4,85.9,96.7,217.0,survey,,
toddler,hepb,MN,2019,"born 2017, by age 24 months",94.8,91.4,97.1,290.0,survey,,
toddler,hepb,MN,2020,"born 2018, by age 24 months",93.8,89.5,96.8,328.0,survey,,
toddler,hepb,MN,2021,"born 2019, by age 24 months",93.1,88.1,96.5,283.0,survey,,
toddler,hepb,MN,2022,"born 2020, by age 24 months",92.0,86.7,95.7,239.0,survey,,
toddler,hepb,MN,2023,"born 2021, by age 24 months",93.3,89.7,96.1,278.0,survey,,
toddler,hepb,MN,2024,"born 2022, by age 24 months",95.8,91.2,98.4,166.0,survey,,
toddler,hepb,MO,2018,"born 2016, by age 24 months",87.8,81.9,92.4,238.0,survey,,
toddler,hepb,MO,2019,"born 2017, by age 24 months",91.1,86.6,94.5,384.0,survey,,
toddler,hepb,MO,2020,"born 2018, by age 24 months",93.8,89.6,96.8,416.0,survey,,
toddler,hepb,MO,2021,"born 2019, by age 24 months",88.2,82.5,92.7,402.0,survey,,
toddler,hepb,MO,2022,"born 2020, by age 24 months",95.5,92.2,97.7,390.0,survey,,
toddler,hepb,MO,2023,"born 2021, by age 24 months",91.5,88.0,94.3,387.0,survey,,
toddler,hepb,MO,2024,"born 2022, by age 24 months",94.3,90.1,97.2,194.0,survey,,
toddler,hepb,MS,2018,"born 2016, by age 24 months",96.4,93.4,98.3,307.0,survey,,
toddler,hepb,MS,2019,"born 2017, by age 24 months",92.6,88.0,95.9,321.0,survey,,
toddler,hepb,MS,2020,"born 2018, by age 24 months",91.4,86.1,95.3,276.0,survey,,
toddler,hepb,MS,2021,"born 2019, by age 24 months",91.3,85.0,95.6,324.0,survey,,
toddler,hepb,MS,2022,"born 2020, by age 24 months",90.6,85.3,94.6,308.0,survey,,
toddler,hepb,MS,2023,"born 2021, by age 24 months",89.8,84.2,94.1,268.0,survey,,
toddler,hepb,MS,2024,"born 2022, by age 24 months",86.8,74.6,95.0,160.0,survey,,
toddler,hepb,MT,2018,"born 2016, by age 24 months",90.6,85.2,94.6,257.0,survey,,
toddler,hepb,MT,2019,"born 2017, by age 24 months",91.0,86.2,94.7,265.0,survey,,
toddler,hepb,MT,2020,"born 2018, by age 24 months",94.1,90.4,96.7,233.0,survey,,
toddler,hepb,MT,2021,"born 2019, by age 24 months",92.9,87.9,96.3,187.0,survey,,
toddler,hepb,MT,2022,"born 2020, by age 24 months",88.2,82.9,92.6,220.0,survey,,
toddler,hepb,MT,2023,"born 2021, by age 24 months",89.6,84.1,93.9,219.0,survey,,
toddler,hepb,MT,2024,"born 2022, by age 24 months",92.3,87.6,95.7,154.0,survey,,
toddler,hepb,NC,2018,"born 2016, by age 24 months",95.0,91.4,97.5,352.0,survey,,
toddler,hepb,NC,2019,"born 2017, by age 24 months",92.9,87.6,96.4,292.0,survey,,
toddler,hepb,NC,2020,"born 2018, by age 24 months",93.2,87.2,97.0,271.0,survey,,
toddler,hepb,NC,2021,"born 2019, by age 24 months",95.2,90.8,97.9,314.0,survey,,
toddler,hepb,NC,2022,"born 2020, by age 24 months",93.5,90.6,95.8,459.0,survey,,
toddler,hepb,NC,2023,"born 2021, by age 24 months",93.8,90.8,96.0,435.0,survey,,
toddler,hepb,NC,2024,"born 2022, by age 24 months",92.6,84.0,97.5,207.0,survey,,
toddler,hepb,ND,2018,"born 2016, by age 24 months",93.2,89.2,96.1,227.0,survey,,
toddler,hepb,ND,2019,"born 2017, by age 24 months",93.8,90.0,96.5,298.0,survey,,
toddler,hepb,ND,2020,"born 2018, by age 24 months",95.3,91.6,97.7,293.0,survey,,
toddler,hepb,ND,2021,"born 2019, by age 24 months",95.9,92.8,97.9,263.0,survey,,
toddler,hepb,ND,2022,"born 2020, by age 24 months",95.8,92.3,98.0,248.0,survey,,
toddler,hepb,ND,2023,"born 2021, by age 24 months",89.4,83.7,93.8,233.0,survey,,
toddler,hepb,ND,2024,"born 2022, by age 24 months",94.1,89.0,97.4,151.0,survey,,
toddler,hepb,NE,2018,"born 2016, by age 24 months",93.4,88.3,96.8,223.0,survey,,
toddler,hepb,NE,2019,"born 2017, by age 24 months",96.8,93.8,98.6,266.0,survey,,
toddler,hepb,NE,2020,"born 2018, by age 24 months",93.2,89.1,96.1,279.0,survey,,
toddler,hepb,NE,2021,"born 2019, by age 24 months",94.2,90.5,96.8,259.0,survey,,
toddler,hepb,NE,2022,"born 2020, by age 24 months",96.1,93.3,97.9,251.0,survey,,
toddler,hepb,NE,2023,"born 2021, by age 24 months",91.6,87.0,95.1,256.0,survey,,
toddler,hepb,NE,2024,"born 2022, by age 24 months",95.3,91.1,97.9,148.0,survey,,
toddler,hepb,NH,2018,"born 2016, by age 24 months",93.2,88.5,96.4,231.0,survey,,
toddler,hepb,NH,2019,"born 2017, by age 24 months",98.4,96.1,99.5,244.0,survey,,
toddler,hepb,NH,2020,"born 2018, by age 24 months",95.0,91.5,97.4,269.0,survey,,
toddler,hepb,NH,2021,"born 2019, by age 24 months",94.0,89.6,96.9,214.0,survey,,
toddler,hepb,NH,2022,"born 2020, by age 24 months",96.4,93.0,98.4,189.0,survey,,
toddler,hepb,NH,2023,"born 2021, by age 24 months",95.9,93.1,97.9,231.0,survey,,
toddler,hepb,NH,2024,"born 2022, by age 24 months",95.8,91.1,98.5,123.0,survey,,
toddler,hepb,NJ,2018,"born 2016, by age 24 months",90.4,84.5,94.7,298.0,survey,,
toddler,hepb,NJ,2019,"born 2017, by age 24 months",89.8,83.5,94.4,263.0,survey,,
toddler,hepb,NJ,2020,"born 2018, by age 24 months",94.0,89.5,97.0,269.0,survey,,
toddler,hepb,NJ,2021,"born 2019, by age 24 months",91.3,85.5,95.5,279.0,survey,,
toddler,hepb,NJ,2022,"born 2020, by age 24 months",94.5,91.2,96.9,268.0,survey,,
toddler,hepb,NJ,2023,"born 2021, by age 24 months",89.8,84.5,93.9,291.0,survey,,
toddler,hepb,NJ,2024,"born 2022, by age 24 months",86.2,73.8,94.7,172.0,survey,,
toddler,hepb,NM,2018,"born 2016, by age 24 months",92.9,89.5,95.6,395.0,survey,,
toddler,hepb,NM,2019,"born 2017, by age 24 months",90.4,85.8,94.0,429.0,survey,,
toddler,hepb,NM,2020,"born 2018, by age 24 months",94.5,91.1,96.9,447.0,survey,,
toddler,hepb,NM,2021,"born 2019, by age 24 months",96.3,94.3,97.8,374.0,survey,,
toddler,hepb,NM,2022,"born 2020, by age 24 months",92.0,87.7,95.2,357.0,survey,,
toddler,hepb,NM,2023,"born 2021, by age 24 months",90.3,85.9,93.7,352.0,survey,,
toddler,hepb,NM,2024,"born 2022, by age 24 months",92.9,87.8,96.4,186.0,survey,,
toddler,hepb,NV,2018,"born 2016, by age 24 months",89.4,84.3,93.3,327.0,survey,,
toddler,hepb,NV,2019,"born 2017, by age 24 months",88.9,83.6,93.1,344.0,survey,,
toddler,hepb,NV,2020,"born 2018, by age 24 months",94.9,91.8,97.1,378.0,survey,,
toddler,hepb,NV,2021,"born 2019, by age 24 months",90.7,86.2,94.2,340.0,survey,,
toddler,hepb,NV,2022,"born 2020, by age 24 months",88.7,81.9,93.8,323.0,survey,,
toddler,hepb,NV,2023,"born 2021, by age 24 months",90.0,85.5,93.5,352.0,survey,,
toddler,hepb,NV,2024,"born 2022, by age 24 months",91.3,83.2,96.5,200.0,survey,,
toddler,hepb,NY,2018,"born 2016, by age 24 months",87.6,83.0,91.5,506.0,survey,,
toddler,hepb,NY,2019,"born 2017, by age 24 months",92.1,88.9,94.6,648.0,survey,,
toddler,hepb,NY,2020,"born 2018, by age 24 months",90.8,87.5,93.6,733.0,survey,,
toddler,hepb,NY,2021,"born 2019, by age 24 months",90.3,86.5,93.4,637.0,survey,,
toddler,hepb,NY,2022,"born 2020, by age 24 months",92.3,89.0,94.8,624.0,survey,,
toddler,hepb,NY,2023,"born 2021, by age 24 months",90.7,86.7,94.0,640.0,survey,,
toddler,hepb,NY,2024,"born 2022, by age 24 months",90.1,84.9,94.2,360.0,survey,,
toddler,hepb,OH,2018,"born 2016, by age 24 months",93.6,89.0,96.7,283.0,survey,,
toddler,hepb,OH,2019,"born 2017, by age 24 months",87.4,80.3,92.9,283.0,survey,,
toddler,hepb,OH,2020,"born 2018, by age 24 months",92.8,88.4,96.0,406.0,survey,,
toddler,hepb,OH,2021,"born 2019, by age 24 months",91.3,87.0,94.6,384.0,survey,,
toddler,hepb,OH,2022,"born 2020, by age 24 months",90.8,87.0,93.9,484.0,survey,,
toddler,hepb,OH,2023,"born 2021, by age 24 months",93.9,90.9,96.2,418.0,survey,,
toddler,hepb,OH,2024,"born 2022, by age 24 months",93.6,88.8,96.8,237.0,survey,,
toddler,hepb,OK,2018,"born 2016, by age 24 months",86.8,81.9,90.9,319.0,survey,,
toddler,hepb,OK,2019,"born 2017, by age 24 months",87.2,80.8,92.3,243.0,survey,,
toddler,hepb,OK,2020,"born 2018, by age 24 months",91.5,86.6,95.1,194.0,survey,,
toddler,hepb,OK,2021,"born 2019, by age 24 months",91.0,85.1,95.3,205.0,survey,,
toddler,hepb,OK,2022,"born 2020, by age 24 months",90.7,85.7,94.5,298.0,survey,,
toddler,hepb,OK,2023,"born 2021, by age 24 months",88.1,83.1,92.1,236.0,survey,,
toddler,hepb,OK,2024,"born 2022, by age 24 months",84.9,74.5,92.6,120.0,survey,,
toddler,hepb,OR,2018,"born 2016, by age 24 months",90.7,84.7,95.0,177.0,survey,,
toddler,hepb,OR,2019,"born 2017, by age 24 months",91.1,84.8,95.6,195.0,survey,,
toddler,hepb,OR,2020,"born 2018, by age 24 months",91.7,87.0,95.2,290.0,survey,,
toddler,hepb,OR,2021,"born 2019, by age 24 months",93.2,89.7,95.9,264.0,survey,,
toddler,hepb,OR,2022,"born 2020, by age 24 months",89.3,83.6,93.7,220.0,survey,,
toddler,hepb,OR,2023,"born 2021, by age 24 months",88.9,84.0,92.9,255.0,survey,,
toddler,hepb,OR,2024,"born 2022, by age 24 months",96.1,92.1,98.4,152.0,survey,,
toddler,hepb,PA,2018,"born 2016, by age 24 months",91.4,86.9,94.8,580.0,survey,,
toddler,hepb,PA,2019,"born 2017, by age 24 months",93.7,89.0,96.8,560.0,survey,,
toddler,hepb,PA,2020,"born 2018, by age 24 months",94.8,91.6,97.1,650.0,survey,,
toddler,hepb,PA,2021,"born 2019, by age 24 months",94.9,91.8,97.1,641.0,survey,,
toddler,hepb,PA,2022,"born 2020, by age 24 months",91.4,87.4,94.6,655.0,survey,,
toddler,hepb,PA,2023,"born 2021, by age 24 months",90.6,87.3,93.4,668.0,survey,,
toddler,hepb,PA,2024,"born 2022, by age 24 months",93.2,89.2,96.1,359.0,survey,,
toddler,hepb,RI,2018,"born 2016, by age 24 months",96.4,93.6,98.2,250.0,survey,,
toddler,hepb,RI,2019,"born 2017, by age 24 months",97.1,93.7,98.9,237.0,survey,,
toddler,hepb,RI,2020,"born 2018, by age 24 months",98.6,96.2,99.6,225.0,survey,,
toddler,hepb,RI,2021,"born 2019, by age 24 months",96.3,92.2,98.6,277.0,survey,,
toddler,hepb,RI,2022,"born 2020, by age 24 months",99.0,97.6,99.6,301.0,survey,,
toddler,hepb,RI,2023,"born 2021, by age 24 months",97.6,95.3,99.0,354.0,survey,,
toddler,hepb,RI,2024,"born 2022, by age 24 months",98.2,95.4,99.5,201.0,survey,,
toddler,hepb,SC,2018,"born 2016, by age 24 months",95.4,91.1,98.0,291.0,survey,,
toddler,hepb,SC,2019,"born 2017, by age 24 months",91.3,86.6,94.9,288.0,survey,,
toddler,hepb,SC,2020,"born 2018, by age 24 months",91.7,86.4,95.5,244.0,survey,,
toddler,hepb,SC,2021,"born 2019, by age 24 months",93.3,87.8,96.9,245.0,survey,,
toddler,hepb,SC,2022,"born 2020, by age 24 months",91.7,85.9,95.8,243.0,survey,,
toddler,hepb,SC,2023,"born 2021, by age 24 months",92.5,88.2,95.6,300.0,survey,,
toddler,hepb,SC,2024,"born 2022, by age 24 months",95.9,92.3,98.2,160.0,survey,,
toddler,hepb,SD,2018,"born 2016, by age 24 months",89.1,83.0,93.7,235.0,survey,,
toddler,hepb,SD,2019,"born 2017, by age 24 months",92.8,88.7,95.9,335.0,survey,,
toddler,hepb,SD,2020,"born 2018, by age 24 months",95.9,92.8,97.9,390.0,survey,,
toddler,hepb,SD,2021,"born 2019, by age 24 months",95.0,91.6,97.3,318.0,survey,,
toddler,hepb,SD,2022,"born 2020, by age 24 months",93.8,89.3,96.9,289.0,survey,,
toddler,hepb,SD,2023,"born 2021, by age 24 months",92.3,87.4,95.8,279.0,survey,,
toddler,hepb,SD,2024,"born 2022, by age 24 months",93.6,88.3,97.0,145.0,survey,,
toddler,hepb,TN,2018,"born 2016, by age 24 months",92.3,86.5,96.3,218.0,survey,,
toddler,hepb,TN,2019,"born 2017, by age 24 months",92.5,87.2,96.2,305.0,survey,,
toddler,hepb,TN,2020,"born 2018, by age 24 months",96.5,93.8,98.2,410.0,survey,,
toddler,hepb,TN,2021,"born 2019, by age 24 months",92.9,89.2,95.8,396.0,survey,,
toddler,hepb,TN,2022,"born 2020, by age 24 months",94.0,90.3,96.6,363.0,survey,,
toddler,hepb,TN,2023,"born 2021, by age 24 months",93.7,89.9,96.4,336.0,survey,,
toddler,hepb,TN,2024,"born 2022, by age 24 months",94.3,90.7,96.8,182.0,survey,,
toddler,hepb,TX,2018,"born 2016, by age 24 months",88.6,86.2,90.7,1603.0,survey,,
toddler,hepb,TX,2019,"born 2017, by age 24 months",85.9,82.8,88.8,1271.0,survey,,
toddler,hepb,TX,2020,"born 2018, by age 24 months",90.7,87.7,93.2,1065.0,survey,,
toddler,hepb,TX,2021,"born 2019, by age 24 months",89.0,85.5,92.0,919.0,survey,,
toddler,hepb,TX,2022,"born 2020, by age 24 months",89.4,85.9,92.3,795.0,survey,,
toddler,hepb,TX,2023,"born 2021, by age 24 months",90.6,87.4,93.3,814.0,survey,,
toddler,hepb,TX,2024,"born 2022, by age 24 months",89.9,85.6,93.3,541.0,survey,,
toddler,hepb,US,2018,"born 2016, by age 24 months",91.4,90.4,92.3,15956.0,survey,,
toddler,hepb,US,2019,"born 2017, by age 24 months",91.1,90.2,92.0,17804.0,survey,,
toddler,hepb,US,2020,"born 2018, by age 24 months",92.5,91.7,93.3,18826.0,survey,,
toddler,hepb,US,2021,"born 2019, by age 24 months",92.6,91.9,93.3,17265.0,survey,,
toddler,hepb,US,2022,"born 2020, by age 24 months",90.9,89.8,91.8,17387.0,survey,,
toddler,hepb,US,2023,"born 2021, by age 24 months",91.5,90.8,92.2,17612.0,survey,,
toddler,hepb,US,2024,"born 2022, by age 24 months",91.7,90.6,92.8,9780.0,survey,,
toddler,hepb,UT,2018,"born 2016, by age 24 months",92.7,88.8,95.7,293.0,survey,,
toddler,hepb,UT,2019,"born 2017, by age 24 months",95.9,92.6,98.0,227.0,survey,,
toddler,hepb,UT,2020,"born 2018, by age 24 months",94.7,91.2,97.2,298.0,survey,,
toddler,hepb,UT,2021,"born 2019, by age 24 months",94.2,91.2,96.5,330.0,survey,,
toddler,hepb,UT,2022,"born 2020, by age 24 months",88.7,84.3,92.4,333.0,survey,,
toddler,hepb,UT,2023,"born 2021, by age 24 months",93.9,90.8,96.2,332.0,survey,,
toddler,hepb,UT,2024,"born 2022, by age 24 months",94.4,90.2,97.2,149.0,survey,,
toddler,hepb,VA,2018,"born 2016, by age 24 months",95.9,92.7,97.9,389.0,survey,,
toddler,hepb,VA,2019,"born 2017, by age 24 months",89.6,83.4,94.2,419.0,survey,,
toddler,hepb,VA,2020,"born 2018, by age 24 months",90.3,85.1,94.3,551.0,survey,,
toddler,hepb,VA,2021,"born 2019, by age 24 months",93.1,88.6,96.2,452.0,survey,,
toddler,hepb,VA,2022,"born 2020, by age 24 months",90.6,86.6,93.7,494.0,survey,,
toddler,hepb,VA,2023,"born 2021, by age 24 months",89.2,84.8,92.9,450.0,survey,,
toddler,hepb,VA,2024,"born 2022, by age 24 months",91.8,86.8,95.4,241.0,survey,,
toddler,hepb,VT,2018,"born 2016, by age 24 months",94.2,90.6,96.8,248.0,survey,,
toddler,hepb,VT,2019,"born 2017, by age 24 months",93.1,88.6,96.2,330.0,survey,,
toddler,hepb,VT,2020,"born 2018, by age 24 months",91.6,87.4,94.8,340.0,survey,,
toddler,hepb,VT,2021,"born 2019, by age 24 months",94.4,91.2,96.8,334.0,survey,,
toddler,hepb,VT,2022,"born 2020, by age 24 months",95.9,92.7,98.0,307.0,survey,,
toddler,hepb,VT,2023,"born 2021, by age 24 months",96.9,93.8,98.7,281.0,survey,,
toddler,hepb,VT,2024,"born 2022, by age 24 months",96.5,92.6,98.7,187.0,survey,,
toddler,hepb,WA,2018,"born 2016, by age 24 months",85.5,78.4,91.1,280.0,survey,,
toddler,hepb,WA,2019,"born 2017, by age 24 months",90.1,86.2,93.3,467.0,survey,,
toddler,hepb,WA,2020,"born 2018, by age 24 months",89.7,85.8,93.0,492.0,survey,,
toddler,hepb,WA,2021,"born 2019, by age 24 months",93.8,91.0,96.0,455.0,survey,,
toddler,hepb,WA,2022,"born 2020, by age 24 months",93.6,90.3,96.0,445.0,survey,,
toddler,hepb,WA,2023,"born 2021, by age 24 months",92.0,87.9,95.2,394.0,survey,,
toddler,hepb,WA,2024,"born 2022, by age 24 months",93.7,89.1,96.8,211.0,survey,,
toddler,hepb,WI,2018,"born 2016, by age 24 months",91.4,86.4,95.1,275.0,survey,,
toddler,hepb,WI,2019,"born 2017, by age 24 months",88.9,82.1,93.9,238.0,survey,,
toddler,hepb,WI,2020,"born 2018, by age 24 months",92.4,87.7,95.9,241.0,survey,,
toddler,hepb,WI,2021,"born 2019, by age 24 months",93.9,89.2,97.0,224.0,survey,,
toddler,hepb,WI,2022,"born 2020, by age 24 months",91.8,87.3,95.2,287.0,survey,,
toddler,hepb,WI,2023,"born 2021, by age 24 months",90.8,86.5,94.3,317.0,survey,,
toddler,hepb,WI,2024,"born 2022, by age 24 months",94.5,90.1,97.4,164.0,survey,,
toddler,hepb,WV,2018,"born 2016, by age 24 months",86.3,80.7,91.0,296.0,survey,,
toddler,hepb,WV,2019,"born 2017, by age 24 months",93.0,88.2,96.4,259.0,survey,,
toddler,hepb,WV,2020,"born 2018, by age 24 months",94.3,90.9,96.8,252.0,survey,,
toddler,hepb,WV,2021,"born 2019, by age 24 months",91.9,87.2,95.3,201.0,survey,,
toddler,hepb,WV,2022,"born 2020, by age 24 months",88.2,82.8,92.5,271.0,survey,,
toddler,hepb,WV,2023,"born 2021, by age 24 months",94.2,91.0,96.6,279.0,survey,,
toddler,hepb,WV,2024,"born 2022, by age 24 months",96.8,94.1,98.5,180.0,survey,,
toddler,hepb,WY,2018,"born 2016, by age 24 months",92.3,88.0,95.5,231.0,survey,,
toddler,hepb,WY,2019,"born 2017, by age 24 months",91.0,86.2,94.6,287.0,survey,,
toddler,hepb,WY,2020,"born 2018, by age 24 months",92.1,87.3,95.6,280.0,survey,,
toddler,hepb,WY,2021,"born 2019, by age 24 months",94.1,89.1,97.4,260.0,survey,,
toddler,hepb,WY,2022,"born 2020, by age 24 months",88.8,84.1,92.6,296.0,survey,,
toddler,hepb,WY,2023,"born 2021, by age 24 months",89.3,84.5,93.2,306.0,survey,,
toddler,hepb,WY,2024,"born 2022, by age 24 months",90.4,84.2,94.9,157.0,survey,,
toddler,mmr,AK,2018,"born 2016, by age 24 months",86.5,80.3,91.6,228.0,survey,,
toddler,mmr,AK,2019,"born 2017, by age 24 months",86.1,80.3,90.8,258.0,survey,,
toddler,mmr,AK,2020,"born 2018, by age 24 months",89.0,83.9,93.1,275.0,survey,,
toddler,mmr,AK,2021,"born 2019, by age 24 months",84.9,78.7,90.1,287.0,survey,,
toddler,mmr,AK,2022,"born 2020, by age 24 months",85.1,79.9,89.5,302.0,survey,,
toddler,mmr,AK,2023,"born 2021, by age 24 months",84.9,78.7,90.1,279.0,survey,,
toddler,mmr,AK,2024,"born 2022, by age 24 months",80.6,66.9,91.3,126.0,survey,,
toddler,mmr,AL,2018,"born 2016, by age 24 months",90.5,85.9,94.1,309.0,survey,,
toddler,mmr,AL,2019,"born 2017, by age 24 months",94.1,90.2,96.8,259.0,survey,,
toddler,mmr,AL,2020,"born 2018, by age 24 months",94.0,89.0,97.3,232.0,survey,,
toddler,mmr,AL,2021,"born 2019, by age 24 months",95.7,91.8,98.1,227.0,survey,,
toddler,mmr,AL,2022,"born 2020, by age 24 months",93.1,88.4,96.4,240.0,survey,,
toddler,mmr,AL,2023,"born 2021, by age 24 months",88.6,82.7,93.2,270.0,survey,,
toddler,mmr,AL,2024,"born 2022, by age 24 months",89.8,82.3,95.0,184.0,survey,,
toddler,mmr,AR,2018,"born 2016, by age 24 months",92.2,86.3,96.2,272.0,survey,,
toddler,mmr,AR,2019,"born 2017, by age 24 months",87.2,81.8,91.7,390.0,survey,,
toddler,mmr,AR,2020,"born 2018, by age 24 months",89.9,85.2,93.6,426.0,survey,,
toddler,mmr,AR,2021,"born 2019, by age 24 months",88.2,83.6,92.0,357.0,survey,,
toddler,mmr,AR,2022,"born 2020, by age 24 months",91.3,87.1,94.6,323.0,survey,,
toddler,mmr,AR,2023,"born 2021, by age 24 months",89.9,85.3,93.5,312.0,survey,,
toddler,mmr,AR,2024,"born 2022, by age 24 months",88.0,79.9,93.9,144.0,survey,,
toddler,mmr,AZ,2018,"born 2016, by age 24 months",90.6,85.6,94.5,257.0,survey,,
toddler,mmr,AZ,2019,"born 2017, by age 24 months",89.5,83.9,93.8,278.0,survey,,
toddler,mmr,AZ,2020,"born 2018, by age 24 months",97.8,94.8,99.3,284.0,survey,,
toddler,mmr,AZ,2021,"born 2019, by age 24 months",92.2,87.3,95.8,235.0,survey,,
toddler,mmr,AZ,2022,"born 2020, by age 24 months",84.2,77.6,89.7,271.0,survey,,
toddler,mmr,AZ,2023,"born 2021, by age 24 months",84.6,77.4,90.5,293.0,survey,,
toddler,mmr,AZ,2024,"born 2022, by age 24 months",91.0,83.8,95.8,145.0,survey,,
toddler,mmr,CA,2018,"born 2016, by age 24 months",91.2,84.8,95.6,306.0,survey,,
toddler,mmr,CA,2019,"born 2017, by age 24 months",86.3,79.8,91.5,418.0,survey,,
toddler,mmr,CA,2020,"born 2018, by age 24 months",93.2,89.4,96.1,559.0,survey,,
toddler,mmr,CA,2021,"born 2019, by age 24 months",89.4,83.9,93.7,537.0,survey,,
toddler,mmr,CA,2022,"born 2020, by age 24 months",87.9,80.9,93.2,434.0,survey,,
toddler,mmr,CA,2023,"born 2021, by age 24 months",87.7,83.5,91.2,397.0,survey,,
toddler,mmr,CA,2024,"born 2022, by age 24 months",88.1,78.7,94.7,193.0,survey,,
toddler,mmr,CO,2018,"born 2016, by age 24 months",92.8,87.7,96.3,247.0,survey,,
toddler,mmr,CO,2019,"born 2017, by age 24 months",93.0,87.2,96.8,231.0,survey,,
toddler,mmr,CO,2020,"born 2018, by age 24 months",91.3,85.2,95.6,296.0,survey,,
toddler,mmr,CO,2021,"born 2019, by age 24 months",93.3,89.2,96.3,265.0,survey,,
toddler,mmr,CO,2022,"born 2020, by age 24 months",89.4,84.6,93.2,311.0,survey,,
toddler,mmr,CO,2023,"born 2021, by age 24 months",89.9,85.8,93.3,302.0,survey,,
toddler,mmr,CO,2024,"born 2022, by age 24 months",90.5,85.1,94.6,177.0,survey,,
toddler,mmr,CT,2018,"born 2016, by age 24 months",90.6,83.2,95.7,182.0,survey,,
toddler,mmr,CT,2019,"born 2017, by age 24 months",90.3,82.4,95.7,184.0,survey,,
toddler,mmr,CT,2020,"born 2018, by age 24 months",97.0,93.5,98.9,308.0,survey,,
toddler,mmr,CT,2021,"born 2019, by age 24 months",92.9,88.6,96.0,311.0,survey,,
toddler,mmr,CT,2022,"born 2020, by age 24 months",94.2,87.7,97.9,248.0,survey,,
toddler,mmr,CT,2023,"born 2021, by age 24 months",93.3,88.3,96.7,254.0,survey,,
toddler,mmr,CT,2024,"born 2022, by age 24 months",97.9,93.2,99.6,136.0,survey,,
toddler,mmr,DC,2018,"born 2016, by age 24 months",88.3,82.4,92.9,293.0,survey,,
toddler,mmr,DC,2019,"born 2017, by age 24 months",92.2,87.6,95.6,314.0,survey,,
toddler,mmr,DC,2020,"born 2018, by age 24 months",91.7,87.5,95.0,350.0,survey,,
toddler,mmr,DC,2021,"born 2019, by age 24 months",86.7,80.6,91.6,327.0,survey,,
toddler,mmr,DC,2022,"born 2020, by age 24 months",87.6,78.6,94.0,293.0,survey,,
toddler,mmr,DC,2023,"born 2021, by age 24 months",91.0,86.7,94.4,314.0,survey,,
toddler,mmr,DC,2024,"born 2022, by age 24 months",85.7,71.8,94.9,212.0,survey,,
toddler,mmr,DE,2018,"born 2016, by age 24 months",89.9,83.6,94.5,233.0,survey,,
toddler,mmr,DE,2019,"born 2017, by age 24 months",93.0,88.7,96.1,308.0,survey,,
toddler,mmr,DE,2020,"born 2018, by age 24 months",90.1,85.3,93.9,248.0,survey,,
toddler,mmr,DE,2021,"born 2019, by age 24 months",95.9,92.2,98.2,205.0,survey,,
toddler,mmr,DE,2022,"born 2020, by age 24 months",93.1,88.3,96.4,183.0,survey,,
toddler,mmr,DE,2023,"born 2021, by age 24 months",90.2,84.4,94.5,179.0,survey,,
toddler,mmr,DE,2024,"born 2022, by age 24 months",92.3,84.5,97.1,115.0,survey,,
toddler,mmr,FL,2018,"born 2016, by age 24 months",92.8,88.3,96.0,349.0,survey,,
toddler,mmr,FL,2019,"born 2017, by age 24 months",92.1,87.8,95.3,374.0,survey,,
toddler,mmr,FL,2020,"born 2018, by age 24 months",90.6,84.4,95.1,324.0,survey,,
toddler,mmr,FL,2021,"born 2019, by age 24 months",95.1,91.6,97.4,333.0,survey,,
toddler,mmr,FL,2022,"born 2020, by age 24 months",91.2,87.3,94.2,390.0,survey,,
toddler,mmr,FL,2023,"born 2021, by age 24 months",91.2,87.0,94.5,433.0,survey,,
toddler,mmr,FL,2024,"born 2022, by age 24 months",92.8,88.3,96.0,203.0,survey,,
toddler,mmr,GA,2018,"born 2016, by age 24 months",92.6,87.9,96.0,334.0,survey,,
toddler,mmr,GA,2019,"born 2017, by age 24 months",88.3,81.9,93.2,292.0,survey,,
toddler,mmr,GA,2020,"born 2018, by age 24 months",89.9,83.6,94.6,282.0,survey,,
toddler,mmr,GA,2021,"born 2019, by age 24 months",92.4,86.3,96.5,273.0,survey,,
toddler,mmr,GA,2022,"born 2020, by age 24 months",82.7,73.8,89.9,338.0,survey,,
toddler,mmr,GA,2023,"born 2021, by age 24 months",88.2,83.1,92.3,376.0,survey,,
toddler,mmr,GA,2024,"born 2022, by age 24 months",86.7,79.0,92.6,193.0,survey,,
toddler,mmr,HI,2018,"born 2016, by age 24 months",87.7,81.4,92.7,230.0,survey,,
toddler,mmr,HI,2019,"born 2017, by age 24 months",88.6,83.0,93.0,229.0,survey,,
toddler,mmr,HI,2020,"born 2018, by age 24 months",89.4,84.1,93.5,268.0,survey,,
toddler,mmr,HI,2021,"born 2019, by age 24 months",88.5,83.7,92.4,246.0,survey,,
toddler,mmr,HI,2022,"born 2020, by age 24 months",85.0,78.7,90.3,201.0,survey,,
toddler,mmr,HI,2023,"born 2021, by age 24 months",89.2,82.6,94.2,238.0,survey,,
toddler,mmr,HI,2024,"born 2022, by age 24 months",87.9,81.2,93.0,140.0,survey,,
toddler,mmr,IA,2018,"born 2016, by age 24 months",91.0,84.4,95.5,198.0,survey,,
toddler,mmr,IA,2019,"born 2017, by age 24 months",92.0,87.2,95.6,228.0,survey,,
toddler,mmr,IA,2020,"born 2018, by age 24 months",97.1,93.2,99.0,255.0,survey,,
toddler,mmr,IA,2021,"born 2019, by age 24 months",95.0,91.4,97.5,250.0,survey,,
toddler,mmr,IA,2022,"born 2020, by age 24 months",90.4,84.6,94.7,271.0,survey,,
toddler,mmr,IA,2023,"born 2021, by age 24 months",92.6,87.3,96.3,276.0,survey,,
toddler,mmr,IA,2024,"born 2022, by age 24 months",97.5,95.0,98.9,178.0,survey,,
toddler,mmr,ID,2018,"born 2016, by age 24 months",93.7,89.8,96.5,190.0,survey,,
toddler,mmr,ID,2019,"born 2017, by age 24 months",89.9,85.6,93.4,499.0,survey,,
toddler,mmr,ID,2020,"born 2018, by age 24 months",94.4,90.7,96.9,443.0,survey,,
toddler,mmr,ID,2021,"born 2019, by age 24 months",89.6,84.5,93.6,306.0,survey,,
toddler,mmr,ID,2022,"born 2020, by age 24 months",90.3,85.4,94.0,286.0,survey,,
toddler,mmr,ID,2023,"born 2021, by age 24 months",89.9,84.9,93.7,251.0,survey,,
toddler,mmr,ID,2024,"born 2022, by age 24 months",91.2,85.7,95.3,175.0,survey,,
toddler,mmr,IL,2018,"born 2016, by age 24 months",93.3,90.1,95.8,484.0,survey,,
toddler,mmr,IL,2019,"born 2017, by age 24 months",92.3,88.7,95.1,502.0,survey,,
toddler,mmr,IL,2020,"born 2018, by age 24 months",91.2,87.3,94.2,542.0,survey,,
toddler,mmr,IL,2021,"born 2019, by age 24 months",86.7,82.4,90.3,548.0,survey,,
toddler,mmr,IL,2022,"born 2020, by age 24 months",91.9,88.3,94.7,549.0,survey,,
toddler,mmr,IL,2023,"born 2021, by age 24 months",93.5,90.6,95.7,601.0,survey,,
toddler,mmr,IL,2024,"born 2022, by age 24 months",92.1,86.8,95.8,282.0,survey,,
toddler,mmr,IN,2018,"born 2016, by age 24 months",87.8,82.0,92.4,285.0,survey,,
toddler,mmr,IN,2019,"born 2017, by age 24 months",89.6,84.7,93.5,304.0,survey,,
toddler,mmr,IN,2020,"born 2018, by age 24 months",85.6,79.6,90.5,272.0,survey,,
toddler,mmr,IN,2021,"born 2019, by age 24 months",86.9,79.6,92.6,209.0,survey,,
toddler,mmr,IN,2022,"born 2020, by age 24 months",91.7,86.7,95.3,232.0,survey,,
toddler,mmr,IN,2023,"born 2021, by age 24 months",91.0,86.1,94.6,228.0,survey,,
toddler,mmr,IN,2024,"born 2022, by age 24 months",90.1,82.6,95.4,123.0,survey,,
toddler,mmr,KS,2018,"born 2016, by age 24 months",90.3,85.7,93.9,301.0,survey,,
toddler,mmr,KS,2019,"born 2017, by age 24 months",94.8,91.6,97.0,354.0,survey,,
toddler,mmr,KS,2020,"born 2018, by age 24 months",90.9,86.3,94.5,395.0,survey,,
toddler,mmr,KS,2021,"born 2019, by age 24 months",90.3,85.6,93.9,358.0,survey,,
toddler,mmr,KS,2022,"born 2020, by age 24 months",89.2,84.3,93.0,368.0,survey,,
toddler,mmr,KS,2023,"born 2021, by age 24 months",89.0,84.7,92.5,390.0,survey,,
toddler,mmr,KS,2024,"born 2022, by age 24 months",90.3,84.7,94.4,220.0,survey,,
toddler,mmr,KY,2018,"born 2016, by age 24 months",92.0,85.5,96.3,181.0,survey,,
toddler,mmr,KY,2019,"born 2017, by age 24 months",91.0,85.5,95.0,238.0,survey,,
toddler,mmr,KY,2020,"born 2018, by age 24 months",91.0,86.2,94.7,278.0,survey,,
toddler,mmr,KY,2021,"born 2019, by age 24 months",91.4,86.4,95.1,271.0,survey,,
toddler,mmr,KY,2022,"born 2020, by age 24 months",85.9,79.6,91.1,324.0,survey,,
toddler,mmr,KY,2023,"born 2021, by age 24 months",89.6,84.7,93.5,333.0,survey,,
toddler,mmr,KY,2024,"born 2022, by age 24 months",90.1,83.9,94.7,186.0,survey,,
toddler,mmr,LA,2018,"born 2016, by age 24 months",91.1,85.1,95.3,266.0,survey,,
toddler,mmr,LA,2019,"born 2017, by age 24 months",94.6,90.1,97.4,399.0,survey,,
toddler,mmr,LA,2020,"born 2018, by age 24 months",90.6,85.4,94.5,401.0,survey,,
toddler,mmr,LA,2021,"born 2019, by age 24 months",91.3,86.7,94.7,411.0,survey,,
toddler,mmr,LA,2022,"born 2020, by age 24 months",86.6,80.5,91.5,433.0,survey,,
toddler,mmr,LA,2023,"born 2021, by age 24 months",90.0,85.3,93.7,428.0,survey,,
toddler,mmr,LA,2024,"born 2022, by age 24 months",90.8,82.6,96.1,214.0,survey,,
toddler,mmr,MA,2018,"born 2016, by age 24 months",94.9,90.1,97.9,267.0,survey,,
toddler,mmr,MA,2019,"born 2017, by age 24 months",96.2,91.8,98.6,330.0,survey,,
toddler,mmr,MA,2020,"born 2018, by age 24 months",95.3,90.9,98.0,365.0,survey,,
toddler,mmr,MA,2021,"born 2019, by age 24 months",94.8,91.0,97.4,295.0,survey,,
toddler,mmr,MA,2022,"born 2020, by age 24 months",95.5,90.2,98.4,268.0,survey,,
toddler,mmr,MA,2023,"born 2021, by age 24 months",96.0,93.0,98.0,277.0,survey,,
toddler,mmr,MA,2024,"born 2022, by age 24 months",93.1,87.3,96.9,175.0,survey,,
toddler,mmr,MD,2018,"born 2016, by age 24 months",90.9,86.2,94.6,464.0,survey,,
toddler,mmr,MD,2019,"born 2017, by age 24 months",94.7,92.1,96.6,766.0,survey,,
toddler,mmr,MD,2020,"born 2018, by age 24 months",92.4,89.4,94.8,837.0,survey,,
toddler,mmr,MD,2021,"born 2019, by age 24 months",94.0,90.9,96.3,614.0,survey,,
toddler,mmr,MD,2022,"born 2020, by age 24 months",95.5,92.7,97.4,494.0,survey,,
toddler,mmr,MD,2023,"born 2021, by age 24 months",92.3,87.4,95.8,525.0,survey,,
toddler,mmr,MD,2024,"born 2022, by age 24 months",98.2,96.3,99.3,268.0,survey,,
toddler,mmr,ME,2018,"born 2016, by age 24 months",93.6,89.4,96.6,243.0,survey,,
toddler,mmr,ME,2019,"born 2017, by age 24 months",91.5,86.7,95.1,259.0,survey,,
toddler,mmr,ME,2020,"born 2018, by age 24 months",94.2,89.9,97.1,251.0,survey,,
toddler,mmr,ME,2021,"born 2019, by age 24 months",93.6,89.0,96.8,244.0,survey,,
toddler,mmr,ME,2022,"born 2020, by age 24 months",95.2,92.0,97.4,223.0,survey,,
toddler,mmr,ME,2023,"born 2021, by age 24 months",90.9,86.1,94.5,228.0,survey,,
toddler,mmr,ME,2024,"born 2022, by age 24 months",96.9,91.1,99.4,133.0,survey,,
toddler,mmr,MI,2018,"born 2016, by age 24 months",90.9,86.4,94.4,291.0,survey,,
toddler,mmr,MI,2019,"born 2017, by age 24 months",93.1,88.6,96.2,402.0,survey,,
toddler,mmr,MI,2020,"born 2018, by age 24 months",93.5,88.9,96.7,415.0,survey,,
toddler,mmr,MI,2021,"born 2019, by age 24 months",94.2,91.1,96.5,375.0,survey,,
toddler,mmr,MI,2022,"born 2020, by age 24 months",94.5,91.2,96.9,448.0,survey,,
toddler,mmr,MI,2023,"born 2021, by age 24 months",91.2,85.6,95.2,467.0,survey,,
toddler,mmr,MI,2024,"born 2022, by age 24 months",93.4,87.9,97.0,251.0,survey,,
toddler,mmr,MN,2018,"born 2016, by age 24 months",93.9,88.2,97.4,217.0,survey,,
toddler,mmr,MN,2019,"born 2017, by age 24 months",93.6,88.6,96.9,290.0,survey,,
toddler,mmr,MN,2020,"born 2018, by age 24 months",91.6,86.2,95.5,328.0,survey,,
toddler,mmr,MN,2021,"born 2019, by age 24 months",91.6,83.9,96.5,283.0,survey,,
toddler,mmr,MN,2022,"born 2020, by age 24 months",92.4,87.6,95.9,239.0,survey,,
toddler,mmr,MN,2023,"born 2021, by age 24 months",91.4,86.6,95.1,278.0,survey,,
toddler,mmr,MN,2024,"born 2022, by age 24 months",90.9,84.6,95.4,166.0,survey,,
toddler,mmr,MO,2018,"born 2016, by age 24 months",87.0,80.5,92.2,238.0,survey,,
toddler,mmr,MO,2019,"born 2017, by age 24 months",87.9,82.8,92.1,384.0,survey,,
toddler,mmr,MO,2020,"born 2018, by age 24 months",91.8,86.7,95.4,416.0,survey,,
toddler,mmr,MO,2021,"born 2019, by age 24 months",86.0,80.7,90.4,402.0,survey,,
toddler,mmr,MO,2022,"born 2020, by age 24 months",91.9,87.8,95.0,390.0,survey,,
toddler,mmr,MO,2023,"born 2021, by age 24 months",92.6,89.0,95.3,387.0,survey,,
toddler,mmr,MO,2024,"born 2022, by age 24 months",93.7,88.4,97.1,194.0,survey,,
toddler,mmr,MS,2018,"born 2016, by age 24 months",90.8,85.9,94.6,307.0,survey,,
toddler,mmr,MS,2019,"born 2017, by age 24 months",90.7,85.8,94.4,321.0,survey,,
toddler,mmr,MS,2020,"born 2018, by age 24 months",91.4,86.3,95.1,276.0,survey,,
toddler,mmr,MS,2021,"born 2019, by age 24 months",91.3,85.1,95.7,324.0,survey,,
toddler,mmr,MS,2022,"born 2020, by age 24 months",86.8,79.1,92.7,308.0,survey,,
toddler,mmr,MS,2023,"born 2021, by age 24 months",89.7,83.2,94.5,268.0,survey,,
toddler,mmr,MS,2024,"born 2022, by age 24 months",86.5,73.8,95.0,160.0,survey,,
toddler,mmr,MT,2018,"born 2016, by age 24 months",85.4,79.3,90.4,257.0,survey,,
toddler,mmr,MT,2019,"born 2017, by age 24 months",89.0,83.6,93.3,265.0,survey,,
toddler,mmr,MT,2020,"born 2018, by age 24 months",92.1,87.0,95.7,233.0,survey,,
toddler,mmr,MT,2021,"born 2019, by age 24 months",91.6,86.2,95.5,187.0,survey,,
toddler,mmr,MT,2022,"born 2020, by age 24 months",85.9,80.4,90.6,220.0,survey,,
toddler,mmr,MT,2023,"born 2021, by age 24 months",87.3,81.0,92.3,219.0,survey,,
toddler,mmr,MT,2024,"born 2022, by age 24 months",86.5,77.9,93.0,154.0,survey,,
toddler,mmr,NC,2018,"born 2016, by age 24 months",92.1,87.3,95.5,352.0,survey,,
toddler,mmr,NC,2019,"born 2017, by age 24 months",91.6,85.6,95.8,292.0,survey,,
toddler,mmr,NC,2020,"born 2018, by age 24 months",93.3,88.1,96.8,271.0,survey,,
toddler,mmr,NC,2021,"born 2019, by age 24 months",97.3,94.8,98.8,314.0,survey,,
toddler,mmr,NC,2022,"born 2020, by age 24 months",92.6,89.1,95.4,459.0,survey,,
toddler,mmr,NC,2023,"born 2021, by age 24 months",93.7,91.0,95.9,435.0,survey,,
toddler,mmr,NC,2024,"born 2022, by age 24 months",95.2,91.7,97.6,207.0,survey,,
toddler,mmr,ND,2018,"born 2016, by age 24 months",92.1,87.7,95.4,227.0,survey,,
toddler,mmr,ND,2019,"born 2017, by age 24 months",94.4,90.9,96.9,298.0,survey,,
toddler,mmr,ND,2020,"born 2018, by age 24 months",95.4,91.6,97.9,293.0,survey,,
toddler,mmr,ND,2021,"born 2019, by age 24 months",91.4,84.7,96.0,263.0,survey,,
toddler,mmr,ND,2022,"born 2020, by age 24 months",90.5,85.2,94.6,248.0,survey,,
toddler,mmr,ND,2023,"born 2021, by age 24 months",86.7,79.3,92.5,233.0,survey,,
toddler,mmr,ND,2024,"born 2022, by age 24 months",90.1,82.2,95.5,151.0,survey,,
toddler,mmr,NE,2018,"born 2016, by age 24 months",94.1,88.8,97.4,223.0,survey,,
toddler,mmr,NE,2019,"born 2017, by age 24 months",94.9,91.2,97.5,266.0,survey,,
toddler,mmr,NE,2020,"born 2018, by age 24 months",94.5,91.0,97.0,279.0,survey,,
toddler,mmr,NE,2021,"born 2019, by age 24 months",92.2,88.0,95.4,259.0,survey,,
toddler,mmr,NE,2022,"born 2020, by age 24 months",95.1,91.6,97.5,251.0,survey,,
toddler,mmr,NE,2023,"born 2021, by age 24 months",91.0,85.9,94.8,256.0,survey,,
toddler,mmr,NE,2024,"born 2022, by age 24 months",97.5,92.9,99.4,148.0,survey,,
toddler,mmr,NH,2018,"born 2016, by age 24 months",90.5,85.1,94.5,231.0,survey,,
toddler,mmr,NH,2019,"born 2017, by age 24 months",98.4,96.0,99.5,244.0,survey,,
toddler,mmr,NH,2020,"born 2018, by age 24 months",94.9,90.7,97.7,269.0,survey,,
toddler,mmr,NH,2021,"born 2019, by age 24 months",92.4,87.5,95.8,214.0,survey,,
toddler,mmr,NH,2022,"born 2020, by age 24 months",94.6,89.4,97.8,189.0,survey,,
toddler,mmr,NH,2023,"born 2021, by age 24 months",95.7,92.3,97.9,231.0,survey,,
toddler,mmr,NH,2024,"born 2022, by age 24 months",93.8,88.3,97.2,123.0,survey,,
toddler,mmr,NJ,2018,"born 2016, by age 24 months",90.6,85.1,94.8,298.0,survey,,
toddler,mmr,NJ,2019,"born 2017, by age 24 months",87.8,81.3,92.8,263.0,survey,,
toddler,mmr,NJ,2020,"born 2018, by age 24 months",92.2,86.6,96.0,269.0,survey,,
toddler,mmr,NJ,2021,"born 2019, by age 24 months",92.8,88.1,96.2,279.0,survey,,
toddler,mmr,NJ,2022,"born 2020, by age 24 months",96.9,94.2,98.5,268.0,survey,,
toddler,mmr,NJ,2023,"born 2021, by age 24 months",83.3,75.9,89.5,291.0,survey,,
toddler,mmr,NJ,2024,"born 2022, by age 24 months",92.0,85.3,96.4,172.0,survey,,
toddler,mmr,NM,2018,"born 2016, by age 24 months",91.3,87.1,94.5,395.0,survey,,
toddler,mmr,NM,2019,"born 2017, by age 24 months",93.2,89.5,95.9,429.0,survey,,
toddler,mmr,NM,2020,"born 2018, by age 24 months",96.4,93.6,98.2,447.0,survey,,
toddler,mmr,NM,2021,"born 2019, by age 24 months",93.0,89.4,95.7,374.0,survey,,
toddler,mmr,NM,2022,"born 2020, by age 24 months",92.1,87.6,95.4,357.0,survey,,
toddler,mmr,NM,2023,"born 2021, by age 24 months",90.3,86.0,93.8,352.0,survey,,
toddler,mmr,NM,2024,"born 2022, by age 24 months",91.0,85.8,94.8,186.0,survey,,
toddler,mmr,NV,2018,"born 2016, by age 24 months",87.8,82.5,92.1,327.0,survey,,
toddler,mmr,NV,2019,"born 2017, by age 24 months",90.8,86.0,94.5,344.0,survey,,
toddler,mmr,NV,2020,"born 2018, by age 24 months",92.2,87.7,95.5,378.0,survey,,
toddler,mmr,NV,2021,"born 2019, by age 24 months",88.9,84.2,92.8,340.0,survey,,
toddler,mmr,NV,2022,"born 2020, by age 24 months",83.8,76.0,90.1,323.0,survey,,
toddler,mmr,NV,2023,"born 2021, by age 24 months",89.1,84.3,92.9,352.0,survey,,
toddler,mmr,NV,2024,"born 2022, by age 24 months",95.5,90.6,98.2,200.0,survey,,
toddler,mmr,NY,2018,"born 2016, by age 24 months",86.8,82.2,90.8,506.0,survey,,
toddler,mmr,NY,2019,"born 2017, by age 24 months",93.4,90.7,95.6,648.0,survey,,
toddler,mmr,NY,2020,"born 2018, by age 24 months",94.3,91.6,96.3,733.0,survey,,
toddler,mmr,NY,2021,"born 2019, by age 24 months",91.9,88.0,94.9,637.0,survey,,
toddler,mmr,NY,2022,"born 2020, by age 24 months",91.0,87.9,93.6,624.0,survey,,
toddler,mmr,NY,2023,"born 2021, by age 24 months",90.0,86.0,93.3,640.0,survey,,
toddler,mmr,NY,2024,"born 2022, by age 24 months",90.5,84.7,94.7,360.0,survey,,
toddler,mmr,OH,2018,"born 2016, by age 24 months",89.2,83.1,93.8,283.0,survey,,
toddler,mmr,OH,2019,"born 2017, by age 24 months",81.8,74.0,88.4,283.0,survey,,
toddler,mmr,OH,2020,"born 2018, by age 24 months",88.0,81.3,93.2,406.0,survey,,
toddler,mmr,OH,2021,"born 2019, by age 24 months",91.6,86.9,95.2,384.0,survey,,
toddler,mmr,OH,2022,"born 2020, by age 24 months",89.8,86.1,92.9,484.0,survey,,
toddler,mmr,OH,2023,"born 2021, by age 24 months",92.6,88.6,95.7,418.0,survey,,
toddler,mmr,OH,2024,"born 2022, by age 24 months",94.9,91.0,97.4,237.0,survey,,
toddler,mmr,OK,2018,"born 2016, by age 24 months",87.3,82.6,91.2,319.0,survey,,
toddler,mmr,OK,2019,"born 2017, by age 24 months",86.6,80.0,91.8,243.0,survey,,
toddler,mmr,OK,2020,"born 2018, by age 24 months",88.7,82.9,93.2,194.0,survey,,
toddler,mmr,OK,2021,"born 2019, by age 24 months",87.7,81.0,92.9,205.0,survey,,
toddler,mmr,OK,2022,"born 2020, by age 24 months",86.9,80.4,92.1,298.0,survey,,
toddler,mmr,OK,2023,"born 2021, by age 24 months",89.8,84.9,93.6,236.0,survey,,
toddler,mmr,OK,2024,"born 2022, by age 24 months",90.9,82.9,96.2,120.0,survey,,
toddler,mmr,OR,2018,"born 2016, by age 24 months",92.3,87.0,96.0,177.0,survey,,
toddler,mmr,OR,2019,"born 2017, by age 24 months",94.7,90.0,97.6,195.0,survey,,
toddler,mmr,OR,2020,"born 2018, by age 24 months",94.4,90.1,97.2,290.0,survey,,
toddler,mmr,OR,2021,"born 2019, by age 24 months",86.6,80.8,91.4,264.0,survey,,
toddler,mmr,OR,2022,"born 2020, by age 24 months",90.9,85.3,95.0,220.0,survey,,
toddler,mmr,OR,2023,"born 2021, by age 24 months",88.8,83.8,92.7,255.0,survey,,
toddler,mmr,OR,2024,"born 2022, by age 24 months",96.7,93.1,98.7,152.0,survey,,
toddler,mmr,PA,2018,"born 2016, by age 24 months",92.9,88.5,96.0,580.0,survey,,
toddler,mmr,PA,2019,"born 2017, by age 24 months",93.1,88.8,96.2,560.0,survey,,
toddler,mmr,PA,2020,"born 2018, by age 24 months",93.5,89.5,96.3,650.0,survey,,
toddler,mmr,PA,2021,"born 2019, by age 24 months",94.9,92.0,97.0,641.0,survey,,
toddler,mmr,PA,2022,"born 2020, by age 24 months",88.4,83.7,92.3,655.0,survey,,
toddler,mmr,PA,2023,"born 2021, by age 24 months",90.5,87.1,93.3,668.0,survey,,
toddler,mmr,PA,2024,"born 2022, by age 24 months",88.9,84.0,92.8,359.0,survey,,
toddler,mmr,RI,2018,"born 2016, by age 24 months",93.6,89.3,96.6,250.0,survey,,
toddler,mmr,RI,2019,"born 2017, by age 24 months",94.6,90.3,97.4,237.0,survey,,
toddler,mmr,RI,2020,"born 2018, by age 24 months",97.2,93.6,99.0,225.0,survey,,
toddler,mmr,RI,2021,"born 2019, by age 24 months",96.0,91.7,98.4,277.0,survey,,
toddler,mmr,RI,2022,"born 2020, by age 24 months",96.9,94.7,98.4,301.0,survey,,
toddler,mmr,RI,2023,"born 2021, by age 24 months",95.1,91.7,97.4,354.0,survey,,
toddler,mmr,RI,2024,"born 2022, by age 24 months",95.8,91.0,98.4,201.0,survey,,
toddler,mmr,SC,2018,"born 2016, by age 24 months",85.4,78.9,90.7,291.0,survey,,
toddler,mmr,SC,2019,"born 2017, by age 24 months",90.1,85.2,94.0,288.0,survey,,
toddler,mmr,SC,2020,"born 2018, by age 24 months",90.5,84.4,95.0,244.0,survey,,
toddler,mmr,SC,2021,"born 2019, by age 24 months",93.5,89.7,96.2,245.0,survey,,
toddler,mmr,SC,2022,"born 2020, by age 24 months",89.9,83.2,94.7,243.0,survey,,
toddler,mmr,SC,2023,"born 2021, by age 24 months",87.5,82.4,91.7,300.0,survey,,
toddler,mmr,SC,2024,"born 2022, by age 24 months",94.0,88.0,97.6,160.0,survey,,
toddler,mmr,SD,2018,"born 2016, by age 24 months",86.6,79.9,91.9,235.0,survey,,
toddler,mmr,SD,2019,"born 2017, by age 24 months",91.2,86.5,94.8,335.0,survey,,
toddler,mmr,SD,2020,"born 2018, by age 24 months",94.3,90.9,96.7,390.0,survey,,
toddler,mmr,SD,2021,"born 2019, by age 24 months",95.3,91.9,97.6,318.0,survey,,
toddler,mmr,SD,2022,"born 2020, by age 24 months",90.7,85.3,94.7,289.0,survey,,
toddler,mmr,SD,2023,"born 2021, by age 24 months",90.7,86.0,94.3,279.0,survey,,
toddler,mmr,SD,2024,"born 2022, by age 24 months",94.1,88.4,97.6,145.0,survey,,
toddler,mmr,TN,2018,"born 2016, by age 24 months",91.6,85.8,95.6,218.0,survey,,
toddler,mmr,TN,2019,"born 2017, by age 24 months",88.0,81.4,93.1,305.0,survey,,
toddler,mmr,TN,2020,"born 2018, by age 24 months",95.9,93.1,97.7,410.0,survey,,
toddler,mmr,TN,2021,"born 2019, by age 24 months",90.7,86.5,94.0,396.0,survey,,
toddler,mmr,TN,2022,"born 2020, by age 24 months",92.3,88.3,95.3,363.0,survey,,
toddler,mmr,TN,2023,"born 2021, by age 24 months",90.3,85.4,94.1,336.0,survey,,
toddler,mmr,TN,2024,"born 2022, by age 24 months",92.9,88.6,96.0,182.0,survey,,
toddler,mmr,TX,2018,"born 2016, by age 24 months",89.6,87.4,91.6,1603.0,survey,,
toddler,mmr,TX,2019,"born 2017, by age 24 months",88.7,85.8,91.3,1271.0,survey,,
toddler,mmr,TX,2020,"born 2018, by age 24 months",92.0,89.3,94.2,1065.0,survey,,
toddler,mmr,TX,2021,"born 2019, by age 24 months",88.8,85.0,91.9,919.0,survey,,
toddler,mmr,TX,2022,"born 2020, by age 24 months",89.4,85.9,92.4,795.0,survey,,
toddler,mmr,TX,2023,"born 2021, by age 24 months",92.2,89.4,94.4,814.0,survey,,
toddler,mmr,TX,2024,"born 2022, by age 24 months",90.3,86.1,93.7,541.0,survey,,
toddler,mmr,US,2018,"born 2016, by age 24 months",90.8,89.8,91.7,15956.0,survey,,
toddler,mmr,US,2019,"born 2017, by age 24 months",90.4,89.3,91.3,17804.0,survey,,
toddler,mmr,US,2020,"born 2018, by age 24 months",92.3,91.5,93.0,18826.0,survey,,
toddler,mmr,US,2021,"born 2019, by age 24 months",91.5,90.6,92.4,17265.0,survey,,
toddler,mmr,US,2022,"born 2020, by age 24 months",90.2,89.1,91.2,17387.0,survey,,
toddler,mmr,US,2023,"born 2021, by age 24 months",90.2,89.4,91.0,17612.0,survey,,
toddler,mmr,US,2024,"born 2022, by age 24 months",91.4,90.2,92.5,9780.0,survey,,
toddler,mmr,UT,2018,"born 2016, by age 24 months",88.5,83.2,92.7,293.0,survey,,
toddler,mmr,UT,2019,"born 2017, by age 24 months",92.0,86.6,95.8,227.0,survey,,
toddler,mmr,UT,2020,"born 2018, by age 24 months",93.8,89.3,96.8,298.0,survey,,
toddler,mmr,UT,2021,"born 2019, by age 24 months",94.7,91.7,96.9,330.0,survey,,
toddler,mmr,UT,2022,"born 2020, by age 24 months",93.1,89.6,95.8,333.0,survey,,
toddler,mmr,UT,2023,"born 2021, by age 24 months",90.3,85.6,94.0,332.0,survey,,
toddler,mmr,UT,2024,"born 2022, by age 24 months",92.2,86.2,96.3,149.0,survey,,
toddler,mmr,VA,2018,"born 2016, by age 24 months",94.3,89.2,97.5,389.0,survey,,
toddler,mmr,VA,2019,"born 2017, by age 24 months",91.2,85.7,95.2,419.0,survey,,
toddler,mmr,VA,2020,"born 2018, by age 24 months",89.6,84.1,93.9,551.0,survey,,
toddler,mmr,VA,2021,"born 2019, by age 24 months",94.9,90.7,97.6,452.0,survey,,
toddler,mmr,VA,2022,"born 2020, by age 24 months",89.6,84.9,93.4,494.0,survey,,
toddler,mmr,VA,2023,"born 2021, by age 24 months",87.6,82.5,91.9,450.0,survey,,
toddler,mmr,VA,2024,"born 2022, by age 24 months",94.7,91.0,97.2,241.0,survey,,
toddler,mmr,VT,2018,"born 2016, by age 24 months",94.1,90.3,96.8,248.0,survey,,
toddler,mmr,VT,2019,"born 2017, by age 24 months",95.6,91.8,97.9,330.0,survey,,
toddler,mmr,VT,2020,"born 2018, by age 24 months",93.0,88.9,96.0,340.0,survey,,
toddler,mmr,VT,2021,"born 2019, by age 24 months",93.5,89.9,96.2,334.0,survey,,
toddler,mmr,VT,2022,"born 2020, by age 24 months",95.5,91.2,98.1,307.0,survey,,
toddler,mmr,VT,2023,"born 2021, by age 24 months",97.1,93.3,99.1,281.0,survey,,
toddler,mmr,VT,2024,"born 2022, by age 24 months",97.4,93.0,99.4,187.0,survey,,
toddler,mmr,WA,2018,"born 2016, by age 24 months",89.3,83.3,93.9,280.0,survey,,
toddler,mmr,WA,2019,"born 2017, by age 24 months",92.0,88.1,94.9,467.0,survey,,
toddler,mmr,WA,2020,"born 2018, by age 24 months",94.7,91.4,97.0,492.0,survey,,
toddler,mmr,WA,2021,"born 2019, by age 24 months",91.8,88.5,94.4,455.0,survey,,
toddler,mmr,WA,2022,"born 2020, by age 24 months",89.0,84.3,92.7,445.0,survey,,
toddler,mmr,WA,2023,"born 2021, by age 24 months",91.9,87.8,95.1,394.0,survey,,
toddler,mmr,WA,2024,"born 2022, by age 24 months",95.5,91.0,98.2,211.0,survey,,
toddler,mmr,WI,2018,"born 2016, by age 24 months",93.4,89.6,96.1,275.0,survey,,
toddler,mmr,WI,2019,"born 2017, by age 24 months",93.0,87.2,96.8,238.0,survey,,
toddler,mmr,WI,2020,"born 2018, by age 24 months",89.1,83.3,93.6,241.0,survey,,
toddler,mmr,WI,2021,"born 2019, by age 24 months",89.3,83.2,93.9,224.0,survey,,
toddler,mmr,WI,2022,"born 2020, by age 24 months",92.3,88.2,95.5,287.0,survey,,
toddler,mmr,WI,2023,"born 2021, by age 24 months",87.2,81.6,91.8,317.0,survey,,
toddler,mmr,WI,2024,"born 2022, by age 24 months",87.7,78.0,94.5,164.0,survey,,
toddler,mmr,WV,2018,"born 2016, by age 24 months",88.7,83.8,92.6,296.0,survey,,
toddler,mmr,WV,2019,"born 2017, by age 24 months",90.5,85.7,94.2,259.0,survey,,
toddler,mmr,WV,2020,"born 2018, by age 24 months",89.7,84.8,93.5,252.0,survey,,
toddler,mmr,WV,2021,"born 2019, by age 24 months",87.9,82.1,92.5,201.0,survey,,
toddler,mmr,WV,2022,"born 2020, by age 24 months",89.9,85.0,93.8,271.0,survey,,
toddler,mmr,WV,2023,"born 2021, by age 24 months",92.3,87.7,95.7,279.0,survey,,
toddler,mmr,WV,2024,"born 2022, by age 24 months",96.6,93.4,98.5,180.0,survey,,
toddler,mmr,WY,2018,"born 2016, by age 24 months",89.2,84.1,93.2,231.0,survey,,
toddler,mmr,WY,2019,"born 2017, by age 24 months",92.2,87.7,95.4,287.0,survey,,
toddler,mmr,WY,2020,"born 2018, by age 24 months",91.4,86.3,95.1,280.0,survey,,
toddler,mmr,WY,2021,"born 2019, by age 24 months",90.6,84.7,94.9,260.0,survey,,
toddler,mmr,WY,2022,"born 2020, by age 24 months",88.3,83.1,92.4,296.0,survey,,
toddler,mmr,WY,2023,"born 2021, by age 24 months",86.4,80.8,91.0,306.0,survey,,
toddler,mmr,WY,2024,"born 2022, by age 24 months",87.5,80.3,93.1,157.0,survey,,
toddler,polio,AK,2018,"born 2016, by age 24 months",87.2,80.9,92.2,228.0,survey,,
toddler,polio,AK,2019,"born 2017, by age 24 months",89.2,83.9,93.3,258.0,survey,,
toddler,polio,AK,2020,"born 2018, by age 24 months",91.2,86.7,94.6,275.0,survey,,
toddler,polio,AK,2021,"born 2019, by age 24 months",86.4,80.3,91.4,287.0,survey,,
toddler,polio,AK,2022,"born 2020, by age 24 months",87.0,82.0,91.2,302.0,survey,,
toddler,polio,AK,2023,"born 2021, by age 24 months",85.6,79.6,90.7,279.0,survey,,
toddler,polio,AK,2024,"born 2022, by age 24 months",81.5,67.8,91.9,126.0,survey,,
toddler,polio,AL,2018,"born 2016, by age 24 months",91.7,87.0,95.2,309.0,survey,,
toddler,polio,AL,2019,"born 2017, by age 24 months",93.9,88.9,97.1,259.0,survey,,
toddler,polio,AL,2020,"born 2018, by age 24 months",92.0,86.1,96.0,232.0,survey,,
toddler,polio,AL,2021,"born 2019, by age 24 months",96.9,94.1,98.6,227.0,survey,,
toddler,polio,AL,2022,"born 2020, by age 24 months",93.1,88.2,96.5,240.0,survey,,
toddler,polio,AL,2023,"born 2021, by age 24 months",88.2,82.5,92.7,270.0,survey,,
toddler,polio,AL,2024,"born 2022, by age 24 months",88.3,80.2,94.1,184.0,survey,,
toddler,polio,AR,2018,"born 2016, by age 24 months",91.9,86.0,95.9,272.0,survey,,
toddler,polio,AR,2019,"born 2017, by age 24 months",90.2,85.0,94.1,390.0,survey,,
toddler,polio,AR,2020,"born 2018, by age 24 months",90.9,86.3,94.4,426.0,survey,,
toddler,polio,AR,2021,"born 2019, by age 24 months",88.6,83.2,92.8,357.0,survey,,
toddler,polio,AR,2022,"born 2020, by age 24 months",90.9,86.6,94.3,323.0,survey,,
toddler,polio,AR,2023,"born 2021, by age 24 months",89.3,84.0,93.4,312.0,survey,,
toddler,polio,AR,2024,"born 2022, by age 24 months",93.2,86.2,97.4,144.0,survey,,
toddler,polio,AZ,2018,"born 2016, by age 24 months",93.4,89.4,96.3,257.0,survey,,
toddler,polio,AZ,2019,"born 2017, by age 24 months",90.3,84.8,94.4,278.0,survey,,
toddler,polio,AZ,2020,"born 2018, by age 24 months",98.3,95.4,99.5,284.0,survey,,
toddler,polio,AZ,2021,"born 2019, by age 24 months",90.5,85.4,94.4,235.0,survey,,
toddler,polio,AZ,2022,"born 2020, by age 24 months",86.4,79.9,91.7,271.0,survey,,
toddler,polio,AZ,2023,"born 2021, by age 24 months",91.9,86.2,95.8,293.0,survey,,
toddler,polio,AZ,2024,"born 2022, by age 24 months",97.0,93.6,98.9,145.0,survey,,
toddler,polio,CA,2018,"born 2016, by age 24 months",91.1,84.7,95.6,306.0,survey,,
toddler,polio,CA,2019,"born 2017, by age 24 months",92.0,86.7,95.7,418.0,survey,,
toddler,polio,CA,2020,"born 2018, by age 24 months",95.3,92.4,97.3,559.0,survey,,
toddler,polio,CA,2021,"born 2019, by age 24 months",93.7,88.6,97.0,537.0,survey,,
toddler,polio,CA,2022,"born 2020, by age 24 months",90.6,86.0,94.2,434.0,survey,,
toddler,polio,CA,2023,"born 2021, by age 24 months",91.2,87.5,94.1,397.0,survey,,
toddler,polio,CA,2024,"born 2022, by age 24 months",87.9,80.9,93.3,193.0,survey,,
toddler,polio,CO,2018,"born 2016, by age 24 months",93.5,88.8,96.6,247.0,survey,,
toddler,polio,CO,2019,"born 2017, by age 24 months",94.4,88.9,97.7,231.0,survey,,
toddler,polio,CO,2020,"born 2018, by age 24 months",95.9,91.6,98.4,296.0,survey,,
toddler,polio,CO,2021,"born 2019, by age 24 months",94.1,90.5,96.7,265.0,survey,,
toddler,polio,CO,2022,"born 2020, by age 24 months",92.8,88.7,95.8,311.0,survey,,
toddler,polio,CO,2023,"born 2021, by age 24 months",90.9,86.8,94.2,302.0,survey,,
toddler,polio,CO,2024,"born 2022, by age 24 months",93.3,87.6,97.0,177.0,survey,,
toddler,polio,CT,2018,"born 2016, by age 24 months",96.2,90.0,99.0,182.0,survey,,
toddler,polio,CT,2019,"born 2017, by age 24 months",91.1,83.2,96.3,184.0,survey,,
toddler,polio,CT,2020,"born 2018, by age 24 months",96.7,92.9,98.8,308.0,survey,,
toddler,polio,CT,2021,"born 2019, by age 24 months",94.6,90.7,97.3,311.0,survey,,
toddler,polio,CT,2022,"born 2020, by age 24 months",96.9,93.0,99.0,248.0,survey,,
toddler,polio,CT,2023,"born 2021, by age 24 months",94.6,90.0,97.6,254.0,survey,,
toddler,polio,CT,2024,"born 2022, by age 24 months",96.5,90.1,99.2,136.0,survey,,
toddler,polio,DC,2018,"born 2016, by age 24 months",94.0,89.5,97.0,293.0,survey,,
toddler,polio,DC,2019,"born 2017, by age 24 months",90.1,84.8,94.2,314.0,survey,,
toddler,polio,DC,2020,"born 2018, by age 24 months",94.9,91.2,97.4,350.0,survey,,
toddler,polio,DC,2021,"born 2019, by age 24 months",91.2,86.6,94.7,327.0,survey,,
toddler,polio,DC,2022,"born 2020, by age 24 months",91.3,86.0,95.2,293.0,survey,,
toddler,polio,DC,2023,"born 2021, by age 24 months",91.1,85.9,94.9,314.0,survey,,
toddler,polio,DC,2024,"born 2022, by age 24 months",81.4,67.9,91.7,212.0,survey,,
toddler,polio,DE,2018,"born 2016, by age 24 months",94.9,90.5,97.7,233.0,survey,,
toddler,polio,DE,2019,"born 2017, by age 24 months",95.3,91.4,97.8,308.0,survey,,
toddler,polio,DE,2020,"born 2018, by age 24 months",94.6,91.1,97.1,248.0,survey,,
toddler,polio,DE,2021,"born 2019, by age 24 months",96.5,93.0,98.6,205.0,survey,,
toddler,polio,DE,2022,"born 2020, by age 24 months",90.6,85.1,94.7,183.0,survey,,
toddler,polio,DE,2023,"born 2021, by age 24 months",93.2,88.0,96.7,179.0,survey,,
toddler,polio,DE,2024,"born 2022, by age 24 months",95.2,89.9,98.2,115.0,survey,,
toddler,polio,FL,2018,"born 2016, by age 24 months",91.5,86.6,95.2,349.0,survey,,
toddler,polio,FL,2019,"born 2017, by age 24 months",91.7,86.6,95.4,374.0,survey,,
toddler,polio,FL,2020,"born 2018, by age 24 months",89.5,83.0,94.4,324.0,survey,,
toddler,polio,FL,2021,"born 2019, by age 24 months",90.5,84.3,94.9,333.0,survey,,
toddler,polio,FL,2022,"born 2020, by age 24 months",91.8,88.0,94.7,390.0,survey,,
toddler,polio,FL,2023,"born 2021, by age 24 months",93.1,88.9,96.1,433.0,survey,,
toddler,polio,FL,2024,"born 2022, by age 24 months",94.1,89.7,97.0,203.0,survey,,
toddler,polio,GA,2018,"born 2016, by age 24 months",93.5,89.1,96.5,334.0,survey,,
toddler,polio,GA,2019,"born 2017, by age 24 months",92.0,86.2,96.0,292.0,survey,,
toddler,polio,GA,2020,"born 2018, by age 24 months",90.2,83.9,94.8,282.0,survey,,
toddler,polio,GA,2021,"born 2019, by age 24 months",93.2,88.2,96.6,273.0,survey,,
toddler,polio,GA,2022,"born 2020, by age 24 months",87.3,78.7,93.6,338.0,survey,,
toddler,polio,GA,2023,"born 2021, by age 24 months",94.0,90.4,96.6,376.0,survey,,
toddler,polio,GA,2024,"born 2022, by age 24 months",89.8,83.3,94.5,193.0,survey,,
toddler,polio,HI,2018,"born 2016, by age 24 months",92.3,87.6,95.7,230.0,survey,,
toddler,polio,HI,2019,"born 2017, by age 24 months",92.9,89.0,95.9,229.0,survey,,
toddler,polio,HI,2020,"born 2018, by age 24 months",89.3,83.5,93.8,268.0,survey,,
toddler,polio,HI,2021,"born 2019, by age 24 months",92.1,88.4,94.9,246.0,survey,,
toddler,polio,HI,2022,"born 2020, by age 24 months",86.4,79.9,91.7,201.0,survey,,
toddler,polio,HI,2023,"born 2021, by age 24 months",93.7,90.1,96.3,238.0,survey,,
toddler,polio,HI,2024,"born 2022, by age 24 months",90.1,84.3,94.5,140.0,survey,,
toddler,polio,IA,2018,"born 2016, by age 24 months",97.8,95.1,99.2,198.0,survey,,
toddler,polio,IA,2019,"born 2017, by age 24 months",94.8,90.6,97.5,228.0,survey,,
toddler,polio,IA,2020,"born 2018, by age 24 months",97.0,93.0,99.0,255.0,survey,,
toddler,polio,IA,2021,"born 2019, by age 24 months",94.8,90.4,97.6,250.0,survey,,
toddler,polio,IA,2022,"born 2020, by age 24 months",92.7,88.0,96.1,271.0,survey,,
toddler,polio,IA,2023,"born 2021, by age 24 months",94.9,90.7,97.5,276.0,survey,,
toddler,polio,IA,2024,"born 2022, by age 24 months",98.5,96.3,99.5,178.0,survey,,
toddler,polio,ID,2018,"born 2016, by age 24 months",94.3,90.3,97.0,190.0,survey,,
toddler,polio,ID,2019,"born 2017, by age 24 months",91.3,87.2,94.6,499.0,survey,,
toddler,polio,ID,2020,"born 2018, by age 24 months",94.9,91.9,97.1,443.0,survey,,
toddler,polio,ID,2021,"born 2019, by age 24 months",90.6,85.6,94.4,306.0,survey,,
toddler,polio,ID,2022,"born 2020, by age 24 months",91.4,86.6,95.0,286.0,survey,,
toddler,polio,ID,2023,"born 2021, by age 24 months",89.2,83.0,94.0,251.0,survey,,
toddler,polio,ID,2024,"born 2022, by age 24 months",89.5,83.3,94.2,175.0,survey,,
toddler,polio,IL,2018,"born 2016, by age 24 months",95.1,91.7,97.5,484.0,survey,,
toddler,polio,IL,2019,"born 2017, by age 24 months",94.9,91.9,97.0,502.0,survey,,
toddler,polio,IL,2020,"born 2018, by age 24 months",93.1,89.6,95.7,542.0,survey,,
toddler,polio,IL,2021,"born 2019, by age 24 months",92.7,89.2,95.4,548.0,survey,,
toddler,polio,IL,2022,"born 2020, by age 24 months",92.7,89.3,95.3,549.0,survey,,
toddler,polio,IL,2023,"born 2021, by age 24 months",94.7,92.2,96.6,601.0,survey,,
toddler,polio,IL,2024,"born 2022, by age 24 months",94.3,89.3,97.5,282.0,survey,,
toddler,polio,IN,2018,"born 2016, by age 24 months",91.9,87.2,95.4,285.0,survey,,
toddler,polio,IN,2019,"born 2017, by age 24 months",93.1,88.9,96.1,304.0,survey,,
toddler,polio,IN,2020,"born 2018, by age 24 months",88.0,82.4,92.6,272.0,survey,,
toddler,polio,IN,2021,"born 2019, by age 24 months",91.7,85.4,96.0,209.0,survey,,
toddler,polio,IN,2022,"born 2020, by age 24 months",92.6,86.7,96.6,232.0,survey,,
toddler,polio,IN,2023,"born 2021, by age 24 months",90.8,85.6,94.7,228.0,survey,,
toddler,polio,IN,2024,"born 2022, by age 24 months",89.4,81.7,94.8,123.0,survey,,
toddler,polio,KS,2018,"born 2016, by age 24 months",89.4,84.1,93.6,301.0,survey,,
toddler,polio,KS,2019,"born 2017, by age 24 months",93.3,88.9,96.4,354.0,survey,,
toddler,polio,KS,2020,"born 2018, by age 24 months",92.5,88.0,95.8,395.0,survey,,
toddler,polio,KS,2021,"born 2019, by age 24 months",92.2,88.0,95.3,358.0,survey,,
toddler,polio,KS,2022,"born 2020, by age 24 months",91.1,86.6,94.5,368.0,survey,,
toddler,polio,KS,2023,"born 2021, by age 24 months",89.7,85.6,93.0,390.0,survey,,
toddler,polio,KS,2024,"born 2022, by age 24 months",88.7,82.8,93.3,220.0,survey,,
toddler,polio,KY,2018,"born 2016, by age 24 months",97.3,91.8,99.4,181.0,survey,,
toddler,polio,KY,2019,"born 2017, by age 24 months",94.1,89.2,97.3,238.0,survey,,
toddler,polio,KY,2020,"born 2018, by age 24 months",93.2,88.5,96.4,278.0,survey,,
toddler,polio,KY,2021,"born 2019, by age 24 months",94.5,89.7,97.5,271.0,survey,,
toddler,polio,KY,2022,"born 2020, by age 24 months",90.8,85.2,94.8,324.0,survey,,
toddler,polio,KY,2023,"born 2021, by age 24 months",91.6,86.9,95.1,333.0,survey,,
toddler,polio,KY,2024,"born 2022, by age 24 months",91.1,83.7,96.0,186.0,survey,,
toddler,polio,LA,2018,"born 2016, by age 24 months",91.5,84.8,96.1,266.0,survey,,
toddler,polio,LA,2019,"born 2017, by age 24 months",89.9,84.2,94.2,399.0,survey,,
toddler,polio,LA,2020,"born 2018, by age 24 months",90.4,85.4,94.2,401.0,survey,,
toddler,polio,LA,2021,"born 2019, by age 24 months",95.1,91.6,97.5,411.0,survey,,
toddler,polio,LA,2022,"born 2020, by age 24 months",92.6,88.6,95.6,433.0,survey,,
toddler,polio,LA,2023,"born 2021, by age 24 months",90.3,83.8,94.9,428.0,survey,,
toddler,polio,LA,2024,"born 2022, by age 24 months",98.7,96.2,99.7,214.0,survey,,
toddler,polio,MA,2018,"born 2016, by age 24 months",95.4,90.5,98.2,267.0,survey,,
toddler,polio,MA,2019,"born 2017, by age 24 months",98.1,94.5,99.6,330.0,survey,,
toddler,polio,MA,2020,"born 2018, by age 24 months",96.9,93.0,98.9,365.0,survey,,
toddler,polio,MA,2021,"born 2019, by age 24 months",96.0,92.8,98.1,295.0,survey,,
toddler,polio,MA,2022,"born 2020, by age 24 months",95.8,92.6,97.9,268.0,survey,,
toddler,polio,MA,2023,"born 2021, by age 24 months",97.1,94.2,98.8,277.0,survey,,
toddler,polio,MA,2024,"born 2022, by age 24 months",93.3,87.6,97.0,175.0,survey,,
toddler,polio,MD,2018,"born 2016, by age 24 months",93.8,89.7,96.7,464.0,survey,,
toddler,polio,MD,2019,"born 2017, by age 24 months",94.7,91.8,96.8,766.0,survey,,
toddler,polio,MD,2020,"born 2018, by age 24 months",95.8,93.6,97.4,837.0,survey,,
toddler,polio,MD,2021,"born 2019, by age 24 months",94.4,91.2,96.7,614.0,survey,,
toddler,polio,MD,2022,"born 2020, by age 24 months",96.1,93.6,97.9,494.0,survey,,
toddler,polio,MD,2023,"born 2021, by age 24 months",94.5,90.1,97.4,525.0,survey,,
toddler,polio,MD,2024,"born 2022, by age 24 months",95.6,91.3,98.2,268.0,survey,,
toddler,polio,ME,2018,"born 2016, by age 24 months",94.0,90.1,96.7,243.0,survey,,
toddler,polio,ME,2019,"born 2017, by age 24 months",93.7,90.2,96.2,259.0,survey,,
toddler,polio,ME,2020,"born 2018, by age 24 months",96.2,92.6,98.3,251.0,survey,,
toddler,polio,ME,2021,"born 2019, by age 24 months",95.5,91.4,98.1,244.0,survey,,
toddler,polio,ME,2022,"born 2020, by age 24 months",96.5,93.1,98.4,223.0,survey,,
toddler,polio,ME,2023,"born 2021, by age 24 months",95.5,92.0,97.8,228.0,survey,,
toddler,polio,ME,2024,"born 2022, by age 24 months",97.1,91.8,99.4,133.0,survey,,
toddler,polio,MI,2018,"born 2016, by age 24 months",94.6,91.2,97.0,291.0,survey,,
toddler,polio,MI,2019,"born 2017, by age 24 months",89.8,84.6,93.7,402.0,survey,,
toddler,polio,MI,2020,"born 2018, by age 24 months",96.6,93.3,98.5,415.0,survey,,
toddler,polio,MI,2021,"born 2019, by age 24 months",96.4,93.7,98.1,375.0,survey,,
toddler,polio,MI,2022,"born 2020, by age 24 months",91.1,84.7,95.5,448.0,survey,,
toddler,polio,MI,2023,"born 2021, by age 24 months",91.0,85.9,94.9,467.0,survey,,
toddler,polio,MI,2024,"born 2022, by age 24 months",93.6,88.8,96.9,251.0,survey,,
toddler,polio,MN,2018,"born 2016, by age 24 months",95.7,91.1,98.3,217.0,survey,,
toddler,polio,MN,2019,"born 2017, by age 24 months",94.2,90.0,97.0,290.0,survey,,
toddler,polio,MN,2020,"born 2018, by age 24 months",92.0,87.3,95.5,328.0,survey,,
toddler,polio,MN,2021,"born 2019, by age 24 months",94.4,89.3,97.6,283.0,survey,,
toddler,polio,MN,2022,"born 2020, by age 24 months",93.8,89.6,96.7,239.0,survey,,
toddler,polio,MN,2023,"born 2021, by age 24 months",93.3,89.6,96.0,278.0,survey,,
toddler,polio,MN,2024,"born 2022, by age 24 months",93.2,87.4,97.0,166.0,survey,,
toddler,polio,MO,2018,"born 2016, by age 24 months",88.4,82.6,92.9,238.0,survey,,
toddler,polio,MO,2019,"born 2017, by age 24 months",88.6,83.6,92.6,384.0,survey,,
toddler,polio,MO,2020,"born 2018, by age 24 months",93.5,88.9,96.7,416.0,survey,,
toddler,polio,MO,2021,"born 2019, by age 24 months",86.8,81.1,91.6,402.0,survey,,
toddler,polio,MO,2022,"born 2020, by age 24 months",94.0,90.3,96.7,390.0,survey,,
toddler,polio,MO,2023,"born 2021, by age 24 months",92.5,89.1,95.2,387.0,survey,,
toddler,polio,MO,2024,"born 2022, by age 24 months",93.8,89.0,96.9,194.0,survey,,
toddler,polio,MS,2018,"born 2016, by age 24 months",94.7,91.0,97.2,307.0,survey,,
toddler,polio,MS,2019,"born 2017, by age 24 months",94.0,89.7,96.9,321.0,survey,,
toddler,polio,MS,2020,"born 2018, by age 24 months",92.2,87.4,95.7,276.0,survey,,
toddler,polio,MS,2021,"born 2019, by age 24 months",91.1,84.9,95.5,324.0,survey,,
toddler,polio,MS,2022,"born 2020, by age 24 months",90.3,84.7,94.4,308.0,survey,,
toddler,polio,MS,2023,"born 2021, by age 24 months",87.4,80.2,92.9,268.0,survey,,
toddler,polio,MS,2024,"born 2022, by age 24 months",90.2,78.1,97.1,160.0,survey,,
toddler,polio,MT,2018,"born 2016, by age 24 months",88.5,82.6,93.1,257.0,survey,,
toddler,polio,MT,2019,"born 2017, by age 24 months",91.8,87.3,95.2,265.0,survey,,
toddler,polio,MT,2020,"born 2018, by age 24 months",94.6,90.7,97.2,233.0,survey,,
toddler,polio,MT,2021,"born 2019, by age 24 months",94.3,89.5,97.3,187.0,survey,,
toddler,polio,MT,2022,"born 2020, by age 24 months",90.2,85.6,93.9,220.0,survey,,
toddler,polio,MT,2023,"born 2021, by age 24 months",90.9,85.2,95.0,219.0,survey,,
toddler,polio,MT,2024,"born 2022, by age 24 months",92.3,87.6,95.7,154.0,survey,,
toddler,polio,NC,2018,"born 2016, by age 24 months",95.0,91.5,97.4,352.0,survey,,
toddler,polio,NC,2019,"born 2017, by age 24 months",91.5,85.2,95.8,292.0,survey,,
toddler,polio,NC,2020,"born 2018, by age 24 months",96.3,92.9,98.4,271.0,survey,,
toddler,polio,NC,2021,"born 2019, by age 24 months",97.7,95.4,99.0,314.0,survey,,
toddler,polio,NC,2022,"born 2020, by age 24 months",96.4,94.3,97.9,459.0,survey,,
toddler,polio,NC,2023,"born 2021, by age 24 months",94.6,91.6,96.8,435.0,survey,,
toddler,polio,NC,2024,"born 2022, by age 24 months",95.5,90.9,98.2,207.0,survey,,
toddler,polio,ND,2018,"born 2016, by age 24 months",93.9,90.0,96.7,227.0,survey,,
toddler,polio,ND,2019,"born 2017, by age 24 months",92.5,88.2,95.6,298.0,survey,,
toddler,polio,ND,2020,"born 2018, by age 24 months",95.0,91.1,97.6,293.0,survey,,
toddler,polio,ND,2021,"born 2019, by age 24 months",93.9,87.3,97.8,263.0,survey,,
toddler,polio,ND,2022,"born 2020, by age 24 months",92.4,87.7,95.8,248.0,survey,,
toddler,polio,ND,2023,"born 2021, by age 24 months",89.1,83.4,93.5,233.0,survey,,
toddler,polio,ND,2024,"born 2022, by age 24 months",92.4,86.2,96.5,151.0,survey,,
toddler,polio,NE,2018,"born 2016, by age 24 months",93.5,88.4,96.9,223.0,survey,,
toddler,polio,NE,2019,"born 2017, by age 24 months",96.8,93.6,98.6,266.0,survey,,
toddler,polio,NE,2020,"born 2018, by age 24 months",94.0,89.9,96.8,279.0,survey,,
toddler,polio,NE,2021,"born 2019, by age 24 months",94.6,91.2,97.0,259.0,survey,,
toddler,polio,NE,2022,"born 2020, by age 24 months",96.2,93.6,98.0,251.0,survey,,
toddler,polio,NE,2023,"born 2021, by age 24 months",91.4,86.5,95.1,256.0,survey,,
toddler,polio,NE,2024,"born 2022, by age 24 months",96.8,93.4,98.8,148.0,survey,,
toddler,polio,NH,2018,"born 2016, by age 24 months",94.0,89.7,97.0,231.0,survey,,
toddler,polio,NH,2019,"born 2017, by age 24 months",96.7,92.5,98.9,244.0,survey,,
toddler,polio,NH,2020,"born 2018, by age 24 months",96.9,93.8,98.7,269.0,survey,,
toddler,polio,NH,2021,"born 2019, by age 24 months",94.3,90.0,97.2,214.0,survey,,
toddler,polio,NH,2022,"born 2020, by age 24 months",99.0,97.1,99.7,189.0,survey,,
toddler,polio,NH,2023,"born 2021, by age 24 months",96.5,93.2,98.5,231.0,survey,,
toddler,polio,NH,2024,"born 2022, by age 24 months",95.5,91.0,98.2,123.0,survey,,
toddler,polio,NJ,2018,"born 2016, by age 24 months",93.9,89.1,97.1,298.0,survey,,
toddler,polio,NJ,2019,"born 2017, by age 24 months",89.4,82.9,94.3,263.0,survey,,
toddler,polio,NJ,2020,"born 2018, by age 24 months",95.7,91.7,98.1,269.0,survey,,
toddler,polio,NJ,2021,"born 2019, by age 24 months",93.7,88.7,97.0,279.0,survey,,
toddler,polio,NJ,2022,"born 2020, by age 24 months",94.7,90.6,97.4,268.0,survey,,
toddler,polio,NJ,2023,"born 2021, by age 24 months",90.8,86.2,94.4,291.0,survey,,
toddler,polio,NJ,2024,"born 2022, by age 24 months",90.4,83.2,95.4,172.0,survey,,
toddler,polio,NM,2018,"born 2016, by age 24 months",93.5,90.2,96.0,395.0,survey,,
toddler,polio,NM,2019,"born 2017, by age 24 months",91.3,86.8,94.7,429.0,survey,,
toddler,polio,NM,2020,"born 2018, by age 24 months",95.7,92.6,97.7,447.0,survey,,
toddler,polio,NM,2021,"born 2019, by age 24 months",96.2,94.0,97.8,374.0,survey,,
toddler,polio,NM,2022,"born 2020, by age 24 months",93.9,90.0,96.6,357.0,survey,,
toddler,polio,NM,2023,"born 2021, by age 24 months",89.0,84.4,92.8,352.0,survey,,
toddler,polio,NM,2024,"born 2022, by age 24 months",95.1,91.4,97.5,186.0,survey,,
toddler,polio,NV,2018,"born 2016, by age 24 months",87.9,82.7,92.2,327.0,survey,,
toddler,polio,NV,2019,"born 2017, by age 24 months",89.1,83.9,93.2,344.0,survey,,
toddler,polio,NV,2020,"born 2018, by age 24 months",95.0,91.4,97.4,378.0,survey,,
toddler,polio,NV,2021,"born 2019, by age 24 months",91.5,87.1,94.9,340.0,survey,,
toddler,polio,NV,2022,"born 2020, by age 24 months",89.0,82.2,94.1,323.0,survey,,
toddler,polio,NV,2023,"born 2021, by age 24 months",90.1,85.7,93.6,352.0,survey,,
toddler,polio,NV,2024,"born 2022, by age 24 months",97.8,95.0,99.2,200.0,survey,,
toddler,polio,NY,2018,"born 2016, by age 24 months",90.2,85.9,93.7,506.0,survey,,
toddler,polio,NY,2019,"born 2017, by age 24 months",94.4,91.7,96.5,648.0,survey,,
toddler,polio,NY,2020,"born 2018, by age 24 months",93.3,90.4,95.5,733.0,survey,,
toddler,polio,NY,2021,"born 2019, by age 24 months",89.7,85.3,93.2,637.0,survey,,
toddler,polio,NY,2022,"born 2020, by age 24 months",94.1,91.2,96.4,624.0,survey,,
toddler,polio,NY,2023,"born 2021, by age 24 months",90.8,86.7,94.1,640.0,survey,,
toddler,polio,NY,2024,"born 2022, by age 24 months",91.1,86.0,94.8,360.0,survey,,
toddler,polio,OH,2018,"born 2016, by age 24 months",92.5,87.4,96.0,283.0,survey,,
toddler,polio,OH,2019,"born 2017, by age 24 months",86.2,79.0,91.9,283.0,survey,,
toddler,polio,OH,2020,"born 2018, by age 24 months",93.3,89.5,96.1,406.0,survey,,
toddler,polio,OH,2021,"born 2019, by age 24 months",92.9,88.4,96.2,384.0,survey,,
toddler,polio,OH,2022,"born 2020, by age 24 months",93.1,89.9,95.5,484.0,survey,,
toddler,polio,OH,2023,"born 2021, by age 24 months",92.3,88.5,95.2,418.0,survey,,
toddler,polio,OH,2024,"born 2022, by age 24 months",92.6,87.4,96.2,237.0,survey,,
toddler,polio,OK,2018,"born 2016, by age 24 months",88.6,84.0,92.3,319.0,survey,,
toddler,polio,OK,2019,"born 2017, by age 24 months",88.8,82.3,93.7,243.0,survey,,
toddler,polio,OK,2020,"born 2018, by age 24 months",92.5,87.7,95.9,194.0,survey,,
toddler,polio,OK,2021,"born 2019, by age 24 months",91.4,84.9,95.8,205.0,survey,,
toddler,polio,OK,2022,"born 2020, by age 24 months",92.5,87.9,95.7,298.0,survey,,
toddler,polio,OK,2023,"born 2021, by age 24 months",89.5,84.7,93.3,236.0,survey,,
toddler,polio,OK,2024,"born 2022, by age 24 months",87.1,76.8,94.3,120.0,survey,,
toddler,polio,OR,2018,"born 2016, by age 24 months",89.9,82.7,95.0,177.0,survey,,
toddler,polio,OR,2019,"born 2017, by age 24 months",92.2,86.4,96.1,195.0,survey,,
toddler,polio,OR,2020,"born 2018, by age 24 months",94.7,90.7,97.4,290.0,survey,,
toddler,polio,OR,2021,"born 2019, by age 24 months",92.9,88.0,96.3,264.0,survey,,
toddler,polio,OR,2022,"born 2020, by age 24 months",90.7,84.9,94.9,220.0,survey,,
toddler,polio,OR,2023,"born 2021, by age 24 months",89.7,84.7,93.6,255.0,survey,,
toddler,polio,OR,2024,"born 2022, by age 24 months",95.3,91.2,97.9,152.0,survey,,
toddler,polio,PA,2018,"born 2016, by age 24 months",95.6,92.2,97.8,580.0,survey,,
toddler,polio,PA,2019,"born 2017, by age 24 months",92.4,87.3,96.0,560.0,survey,,
toddler,polio,PA,2020,"born 2018, by age 24 months",94.2,90.5,96.9,650.0,survey,,
toddler,polio,PA,2021,"born 2019, by age 24 months",94.7,91.7,96.9,641.0,survey,,
toddler,polio,PA,2022,"born 2020, by age 24 months",90.7,86.3,94.2,655.0,survey,,
toddler,polio,PA,2023,"born 2021, by age 24 months",91.6,88.2,94.3,668.0,survey,,
toddler,polio,PA,2024,"born 2022, by age 24 months",92.5,88.2,95.6,359.0,survey,,
toddler,polio,RI,2018,"born 2016, by age 24 months",97.0,94.6,98.6,250.0,survey,,
toddler,polio,RI,2019,"born 2017, by age 24 months",96.3,92.3,98.5,237.0,survey,,
toddler,polio,RI,2020,"born 2018, by age 24 months",97.5,94.4,99.1,225.0,survey,,
toddler,polio,RI,2021,"born 2019, by age 24 months",97.0,92.7,99.1,277.0,survey,,
toddler,polio,RI,2022,"born 2020, by age 24 months",98.5,96.3,99.5,301.0,survey,,
toddler,polio,RI,2023,"born 2021, by age 24 months",96.7,94.0,98.4,354.0,survey,,
toddler,polio,RI,2024,"born 2022, by age 24 months",96.7,91.7,99.1,201.0,survey,,
toddler,polio,SC,2018,"born 2016, by age 24 months",93.8,89.3,96.9,291.0,survey,,
toddler,polio,SC,2019,"born 2017, by age 24 months",91.6,87.1,95.0,288.0,survey,,
toddler,polio,SC,2020,"born 2018, by age 24 months",93.7,89.3,96.7,244.0,survey,,
toddler,polio,SC,2021,"born 2019, by age 24 months",93.7,88.1,97.3,245.0,survey,,
toddler,polio,SC,2022,"born 2020, by age 24 months",90.6,83.3,95.6,243.0,survey,,
toddler,polio,SC,2023,"born 2021, by age 24 months",89.6,84.8,93.4,300.0,survey,,
toddler,polio,SC,2024,"born 2022, by age 24 months",96.1,92.1,98.4,160.0,survey,,
toddler,polio,SD,2018,"born 2016, by age 24 months",88.2,81.9,93.1,235.0,survey,,
toddler,polio,SD,2019,"born 2017, by age 24 months",94.0,89.8,96.8,335.0,survey,,
toddler,polio,SD,2020,"born 2018, by age 24 months",96.5,93.7,98.3,390.0,survey,,
toddler,polio,SD,2021,"born 2019, by age 24 months",95.4,91.6,97.8,318.0,survey,,
toddler,polio,SD,2022,"born 2020, by age 24 months",91.6,86.4,95.4,289.0,survey,,
toddler,polio,SD,2023,"born 2021, by age 24 months",90.1,84.8,94.2,279.0,survey,,
toddler,polio,SD,2024,"born 2022, by age 24 months",95.6,91.1,98.2,145.0,survey,,
toddler,polio,TN,2018,"born 2016, by age 24 months",93.3,88.6,96.5,218.0,survey,,
toddler,polio,TN,2019,"born 2017, by age 24 months",88.6,81.9,93.7,305.0,survey,,
toddler,polio,TN,2020,"born 2018, by age 24 months",96.7,94.0,98.4,410.0,survey,,
toddler,polio,TN,2021,"born 2019, by age 24 months",91.2,86.4,94.8,396.0,survey,,
toddler,polio,TN,2022,"born 2020, by age 24 months",93.3,87.8,96.9,363.0,survey,,
toddler,polio,TN,2023,"born 2021, by age 24 months",94.3,90.6,96.8,336.0,survey,,
toddler,polio,TN,2024,"born 2022, by age 24 months",94.9,91.4,97.3,182.0,survey,,
toddler,polio,TX,2018,"born 2016, by age 24 months",90.6,88.4,92.6,1603.0,survey,,
toddler,polio,TX,2019,"born 2017, by age 24 months",87.7,84.7,90.3,1271.0,survey,,
toddler,polio,TX,2020,"born 2018, by age 24 months",93.5,91.0,95.5,1065.0,survey,,
toddler,polio,TX,2021,"born 2019, by age 24 months",90.9,87.5,93.7,919.0,survey,,
toddler,polio,TX,2022,"born 2020, by age 24 months",91.0,87.6,93.8,795.0,survey,,
toddler,polio,TX,2023,"born 2021, by age 24 months",92.2,89.3,94.6,814.0,survey,,
toddler,polio,TX,2024,"born 2022, by age 24 months",90.2,86.1,93.6,541.0,survey,,
toddler,polio,US,2018,"born 2016, by age 24 months",92.5,91.6,93.4,15956.0,survey,,
toddler,polio,US,2019,"born 2017, by age 24 months",91.5,90.6,92.4,17804.0,survey,,
toddler,polio,US,2020,"born 2018, by age 24 months",93.8,93.1,94.4,18826.0,survey,,
toddler,polio,US,2021,"born 2019, by age 24 months",92.9,92.0,93.7,17265.0,survey,,
toddler,polio,US,2022,"born 2020, by age 24 months",92.1,91.2,92.8,17387.0,survey,,
toddler,polio,US,2023,"born 2021, by age 24 months",92.0,91.3,92.7,17612.0,survey,,
toddler,polio,US,2024,"born 2022, by age 24 months",92.3,91.2,93.3,9780.0,survey,,
toddler,polio,UT,2018,"born 2016, by age 24 months",92.2,87.8,95.5,293.0,survey,,
toddler,polio,UT,2019,"born 2017, by age 24 months",94.1,89.0,97.3,227.0,survey,,
toddler,polio,UT,2020,"born 2018, by age 24 months",95.6,92.4,97.7,298.0,survey,,
toddler,polio,UT,2021,"born 2019, by age 24 months",96.7,94.0,98.4,330.0,survey,,
toddler,polio,UT,2022,"born 2020, by age 24 months",93.6,90.0,96.3,333.0,survey,,
toddler,polio,UT,2023,"born 2021, by age 24 months",93.6,90.6,95.9,332.0,survey,,
toddler,polio,UT,2024,"born 2022, by age 24 months",93.5,86.7,97.6,149.0,survey,,
toddler,polio,VA,2018,"born 2016, by age 24 months",97.0,92.7,99.1,389.0,survey,,
toddler,polio,VA,2019,"born 2017, by age 24 months",89.0,82.4,94.0,419.0,survey,,
toddler,polio,VA,2020,"born 2018, by age 24 months",91.5,86.2,95.3,551.0,survey,,
toddler,polio,VA,2021,"born 2019, by age 24 months",92.2,86.7,96.1,452.0,survey,,
toddler,polio,VA,2022,"born 2020, by age 24 months",92.6,88.5,95.6,494.0,survey,,
toddler,polio,VA,2023,"born 2021, by age 24 months",91.3,86.8,94.8,450.0,survey,,
toddler,polio,VA,2024,"born 2022, by age 24 months",93.3,89.3,96.2,241.0,survey,,
toddler,polio,VT,2018,"born 2016, by age 24 months",93.1,89.1,96.0,248.0,survey,,
toddler,polio,VT,2019,"born 2017, by age 24 months",94.1,89.9,96.9,330.0,survey,,
toddler,polio,VT,2020,"born 2018, by age 24 months",93.0,89.0,95.9,340.0,survey,,
toddler,polio,VT,2021,"born 2019, by age 24 months",96.0,93.1,98.0,334.0,survey,,
toddler,polio,VT,2022,"born 2020, by age 24 months",97.6,95.4,98.9,307.0,survey,,
toddler,polio,VT,2023,"born 2021, by age 24 months",97.1,93.5,99.0,281.0,survey,,
toddler,polio,VT,2024,"born 2022, by age 24 months",97.9,93.1,99.6,187.0,survey,,
toddler,polio,WA,2018,"born 2016, by age 24 months",87.4,80.5,92.8,280.0,survey,,
toddler,polio,WA,2019,"born 2017, by age 24 months",91.5,87.7,94.5,467.0,survey,,
toddler,polio,WA,2020,"born 2018, by age 24 months",95.1,92.2,97.2,492.0,survey,,
toddler,polio,WA,2021,"born 2019, by age 24 months",95.5,92.8,97.4,455.0,survey,,
toddler,polio,WA,2022,"born 2020, by age 24 months",91.7,88.1,94.6,445.0,survey,,
toddler,polio,WA,2023,"born 2021, by age 24 months",92.3,88.1,95.5,394.0,survey,,
toddler,polio,WA,2024,"born 2022, by age 24 months",95.5,92.2,97.8,211.0,survey,,
toddler,polio,WI,2018,"born 2016, by age 24 months",93.0,88.6,96.2,275.0,survey,,
toddler,polio,WI,2019,"born 2017, by age 24 months",90.8,84.5,95.2,238.0,survey,,
toddler,polio,WI,2020,"born 2018, by age 24 months",90.6,84.9,94.9,241.0,survey,,
toddler,polio,WI,2021,"born 2019, by age 24 months",89.0,83.2,93.6,224.0,survey,,
toddler,polio,WI,2022,"born 2020, by age 24 months",91.6,87.2,95.0,287.0,survey,,
toddler,polio,WI,2023,"born 2021, by age 24 months",89.2,84.1,93.3,317.0,survey,,
toddler,polio,WI,2024,"born 2022, by age 24 months",93.4,88.6,96.7,164.0,survey,,
toddler,polio,WV,2018,"born 2016, by age 24 months",92.2,88.2,95.3,296.0,survey,,
toddler,polio,WV,2019,"born 2017, by age 24 months",93.5,88.5,96.8,259.0,survey,,
toddler,polio,WV,2020,"born 2018, by age 24 months",95.0,91.7,97.3,252.0,survey,,
toddler,polio,WV,2021,"born 2019, by age 24 months",93.1,88.1,96.6,201.0,survey,,
toddler,polio,WV,2022,"born 2020, by age 24 months",88.0,82.3,92.5,271.0,survey,,
toddler,polio,WV,2023,"born 2021, by age 24 months",94.7,91.2,97.2,279.0,survey,,
toddler,polio,WV,2024,"born 2022, by age 24 months",96.2,92.6,98.4,180.0,survey,,
toddler,polio,WY,2018,"born 2016, by age 24 months",92.5,88.1,95.7,231.0,survey,,
toddler,polio,WY,2019,"born 2017, by age 24 months",91.1,86.5,94.6,287.0,survey,,
toddler,polio,WY,2020,"born 2018, by age 24 months",93.3,88.9,96.4,280.0,survey,,
toddler,polio,WY,2021,"born 2019, by age 24 months",92.3,86.7,96.2,260.0,survey,,
toddler,polio,WY,2022,"born 2020, by age 24 months",88.7,84.1,92.5,296.0,survey,,
toddler,polio,WY,2023,"born 2021, by age 24 months",88.2,82.3,92.8,306.0,survey,,
toddler,polio,WY,2024,"born 2022, by age 24 months",90.6,84.3,95.0,157.0,survey,,
